chapter	from	witness	verdict	context
preface	imfamiliarity	words	divergent	READER Because of the imfamiliarity of most of us
1	uitfol	tree	divergent	by the verdant fi uitfol tree shall do he
1	Thd	The	fix	the first as possible Thd wicked are not represented
1	finitful	fruitful	fix	is itself neither living finitful nor nutritious but only
1	xmder	under	fix	sinners the same persons xmder another name as in
1	Imows	knows	fix	had said the Lord Imows whither they are going
10	lilie	like	fix	pair or double psalm lilie the first and second
10	fiatures	futures	fix	xx Sam xii The fiatures imply present action and
10	contemporarycomposition	contemporary composition	manual	and perhaps of their contemporarycomposition This expostulation betrays no
10	jy	y	handsoff	seems to point out jy T as the subject
10	jy	iy	handsoff	indignant sorrow The adjective jy means afflicted suffering whether
10	Gx	God	divergent	seek i e seek Gx d in prayer Ps
10	icays	ivays	fix	to the sinner His icays are firm or will
10	icill	zvill	badwitness	for his enemies he icill puf at them as
10	puf	puff	fix	his enemies he icill puf at them as a
10	TtD	tjft	badwitness	follow The Hebrew word TtD to which the older
10	injmy	injury	fix	preceding it denotes injustice injmy to others both by
10	HD		fragment	The word translated sufferer HD tl for Vh is
10	tl	for	handsoff	word translated sufferer HD tl for Vh is peculiar
10	Vh	r	badwitness	sufferer HD tl for Vh is peculiar to this
10	deti	den	fix	the foregoing verse His deti his shelter covert hiding
10	plm	plural	divergent	th second by a plm al proper that of
10	off'ences	offences	fix	no note of human off'ences This is first expressed
10	af&rmation	affirmation	joinnext	a literal and direct af rmation tiiat he does
10	rmation		fragment	literal and direct af rmation tiiat he does not
10	tiiat	he	divergent	and direct af rmation tiiat he does not see
10	ise	dwellings	divergent	continue for ever Ai ise Jehovah Almighty God raise
10	suferei		fragment	thy hand Forget not suferei s or the wretched
10	forgetiulness	forgetfulness	fix	from the imputation of forgetiulness cast upon him by
10	oflFby	off	shrink	last clause to wipe oflFby shewing that he does
10	everently	of	divergent	not only speaks in everently of him but insults
10	iavestigation	investigation	fix	includes the ideas of iavestigation and exaction Thou wilt
10	vdlt	wilt	divergent	the bad man thou vdlt seek for his wickedness
10	vn		fragment	he had said Thou vn t find nothing as
10	hoslile	hostile	fix	the heathen i e hoslile nations from out of
10	Grod's	God's	fix	represents the destruction of Grod's enemies as already past
10	yij	fi	handsoff	those translated to defy yij and earth Y' This
10	cestas	cestas	confirm	Gen viii cEstus and cestas and in that of
100	infiaiite	infinite	fix	praise him for his infiaiite goodness constancy and faithfulness
100	difi	equivalents	divergent	so unlike in English difi er only in a
100	linjJ	vnte	handsoff	construction of the pronoun linjJ we with iyoyl his
100	iyoyl	nto	handsoff	pronoun linjJ we with iyoyl his people in Ps
100	metapljorical	metaphorical	fix	is merely typical or metapljorical is clear from the
100	iniH	sprin	divergent	the verb to thank iniH with its derivative noun
100	SDT		fragment	psalm for thanksgiving n' SDT For good is Jehovah
100	LoKD	Lord	fix	grand theme that the LoKD KEiGNETH Ps xciii xcix
100	KEiGNETH	reigneth	fix	theme that the LoKD KEiGNETH Ps xciii xcix and
101	ercy	Mercy	fix	By David A Psalm ercy and judgment will I
101	urill	I	divergent	which he afterwards adverts urill not set before my
101	knoio	know	fix	evil I will not knoio Crooked froward or perverse
101	translared	translated	fix	Ps XV The verb translared slandering occurs in any
101	ovwithihevQ	landj	divergent	the faithful literally in ovwithihevQ See above on Ps
101	comparePs	symbol	divergent	on Ps xxxiv and comparePs xxxii My eyes are
101	iie	me	divergent	no other Shall serve iie be employed by me
101	morniag	morning	fix	the morning and every morniag See above on Ps
102	tte	the	fix	a later writer in tte case before us than
102	Thoiiwilt	Thou	divergent	being so to do Thoiiwilt arise wilt have mercy
102	sei	set	fix	of the word translated sei time see above on
102	unddust	and	divergent	Ps lxii lxxxv Stones unddust are here put for
102	inNeh	in Neh	split	ruins or rubbish as inNeh iii iv iv The
102	Isiah	Isaiah	fix	the similar expressions of Isiah lix Because Jehovah has
102	prceterita	praeterita	fix	glory These are not prceterita prophetica describing future events
102	destitide	destitute	fix	the prayer of the destitide and has not despised
102	I'his	This	fix	everything impoverished entirely destitute I'his shall be written for
102	ocation	To	divergent	etymology properly denotes sufi ocation To loose literally to
102	shaJt	shalt	fix	shall perish and thou shaJt stand and all of
102	foi-ms	forms	joinnext	the primitive and derivative foi ms of the Hebrew
102	ms		fragment	primitive and derivative foi ms of the Hebrew verb
102	Nin	X	badwitness	art the same giving Nin the same sense with
102	auro'j	o	divergent	sense with the Greek auro'j which is actually used
102	firiished	finished	fix	shall thus endure Be firiished spent consumed as the
103	vv^ith	with	joinnext	manifested in his dealings vv ith his people ver
103	ith		fragment	in his dealings vv ith his people ver He
103	hi'st	first	fix	the inscription in the hi'st clause chiefly consist in
103	psakn	psalm	fix	the writer of the psakn itself a preposterous inversion
103	ihe	the	fix	a preposterous inversion of ihe laws of evidence to
103	anji	any	handsoff	denoting the inside of anji hing and more especially
103	BB	The	divergent	further in Ps xviii BB SS The last word
103	SS	last	divergent	in Ps xviii BB SS The last word in
103	Avhere	where	fix	borrowed from Deut xxix Avhere sicknesses are joined with
103	croicning	crowning	fix	the grave thy life croicning thee with mercy and
103	iin		fragment	the twofold sense of iin i the word translated
103	evii	cvii	fix	lxiii and below Ps evii and compare Isa lviii
103	rtdvfMiav		fragment	Vulgate have desire i' rtdvfMiav desiderium a frequent sense
103	Bicnifies	signifies	fix	cases The participle doing Bicnifies habitual and constant action
103	Mosetf	Moses	fix	known his ways to Mosetf to the children of
103	excejrtion	exception	fix	general without distinction or excejrtion but his own people
103	impai-ted	imparted	joinnext	lxvii The knowledge thus impai ted was experimental or
103	tlae	the	fix	this the terms of tlae description are borrowed from
103	origiiM	original	fix	i Jer iii The origiiM passage is a prohibition
103	trangressions	transgressions	fix	far from us our trangressions The form of expression
103	HiOIl	nps	handsoff	as the like form HiOIl trusted is equivalent to
103	rejoicccZ	rejoiced	fix	Ps cxii the English rejoicccZ to rejoicing c We
103	suph	such	fix	simple copulative and in suph a marked antithesis where
103	Ooer	Over	fix	also Ps xi xlvii Ooer all the original expression
103	cai	nuv	divergent	whole the universe to cai The same phrase is
103	auliendo	audicndo	badwitness	force of a gerund auliendo auscultando by listening to
104	hj^othesis	hypothesis	joinnext	the Babylonish exile This hj othesis he thinks accounts
104	othesis		fragment	Babylonish exile This hj othesis he thinks accounts for
104	eky	sky	fix	and stretches out the eky Compare Gen i Isa
104	b'Trtgff		fragment	New Testament of the b'Trtgff ov as a place
104	ov		fragment	Testament of the b'Trtgff ov as a place of
104	Septuaglnt	Septuagint	fix	observed too that the Septuaglnt version which is quoted
104	satisfactary	satisfactory	fix	version likewise The most satisfactary conclusion is that the
104	confoundmg	confounding	fix	i was the temporary confoundmg of the two in
104	yiJ	f'	handsoff	of this very noun yiJ besides those in which
104	pavticle		nowitness	compare Isa The Hebrew pavticle means from denoting both
104	wallceth	walketh	fix	is the one translated wallceth by the English Bible
104	mtdios	medios	fix	his text ut inter mtdios monies ambulent They water
104	monies	monies	confirm	text ut inter mtdios monies ambulent They water every
104	com	corn	fix	applied in Hebrew to com or grain as that
104	breakiBg	breaking	fix	reference to the literal breakiBg or grinding of the
104	oiy		fragment	explanation of the phrase oiy or birds of heaven
104	reTjuire	require	fix	the connection seems to reTjuire that its precise etymological
104	rochs	rocks	fix	for the wild goats rochs are a refuge for
104	afibrd	afford	fix	most inaccessible to man afibrd shelter and subsistence to
104	vcild	sincere	divergent	are intended for the vcild goats which agrees exactly
104	ndth	with	divergent	not make the day ndth its attendant toils perpetual
104	tnakest	makest	fix	poets among ourselves Thou tnakest darkness and it is
104	doicn	down	fix	in their dens lie doicn The first clause may
104	unlil	until	fix	comes forth to labour unlil evening when the scene
104	ti'Ql	b	handsoff	a single Hebrew word ti'Ql the cognate noun of
104	falseho	falsehood	fix	would either charge with falseho d or consider as
104	Thoti	Thou	fix	when they need it Thoti givest to them they
104	IG	to	handsoff	the manna Exod xvi IG to which there is
104	withdraioest	icithdraweit	badwitness	they are confounded thou withdraioest their breath they expire
104	exjire	expire	fix	Heb xii The verb exjire is used in the
104	Thoii	Thov	badwitness	from which they sprang Thoii sendest thy breath they
104	worJcs	works	fix	shall rejoice in his worJcs The grammatical question is
104	pritise	praise	fix	denote vocal and instrumental pritise The closing words of
105	heaH	heart	fix	Glad shall be the heaH of those who seek
105	tchich	lohich	badwitness	Remember his wondrous deeds tchich he did his miracles
105	sercant	servant	fix	xvi has Israel his sercant He is Jehovah our
105	lialified	Ratified	fix	from the foregoing verse lialified literally cut see above
105	fromnation	from nation	split	And they went about fromnation to nation from Jcinr
105	Jcinr		fragment	fromnation to nation from Jcinr dom to another people
105	rowi		fragment	we might have expected rowi kingdom to kingdom the
105	Jcingdom	day	divergent	by the phrase from Jcingdom to another people which
105	soldjor	sold for	manual	ore them a man soldjor a slave was Joseph
105	rb		fragment	gaolers or the v rb may be indefinitely construed
105	pord	word	fix	the time that his pord came to pass the
105	phasure	plcasitrCy	divergent	his chiefs at his phasure and his elders to
105	chiffs	chiefs	fix	wise The words translated chiffs and elders are those
105	ia	is	fix	fruitful The same verb ia used in the promise
105	signa	signs	fix	a pleonastic phrase for signa alone or an emphatic
105	chamlers	chamlers	confirm	with frogs in the chamlers of their kings That
105	fiy	Jiy	badwitness	He said and the fiy came and gnats or
105	thdr	their	fix	give your rains in thdr season Instead of these
105	yeleh	yelek	fix	arbeh came and the yeleh anc that without number
105	anc	and	fix	came and the yeleh anc that without number The
105	xcith	witk	divergent	or a qualifying term xcith bread He opened a
105	oiies	ones	fix	in triumph his chosen oiies He remembered his promise
105	oi	oipeople	divergent	people c The parallelism oi people and chosen throws
105	synonjrmous	synonymous	fix	or product as a synonjrmous Hebrew word is in
106	vej	V	badwitness	ver in the wilderness vej in Canaan ver and
106	irjoice	rejoice	fix	thy chosen ones to irjoice in the joy of
106	co	co	confirm	here begun is nearly co extensive with the psalm
106	hx	xxx	divergent	Kings viii Compare Isa hx With our fathers not
106	failui		fragment	confession the first denotes failui e to discharge one's
106	co	co	confirm	permitted to be God's co workers The truth of
106	Bebuked	Rebuked	fix	furnish them a passage Bebuked as in Ps civ
106	MeHty	fidelity	divergent	of Jehovah and the MeHty with which he executed
106	destraction	destruction	fix	This relates to the destraction of those followers of
106	ficrst	first	fix	Deut xi From the ficrst of these passages some
106	wicJced	wicked	fix	a flame consumes those wicJced men This relates to
106	Wonderfid	Wonderful	fix	on the Red Sea Wonderfid literally things made wonderful
106	militaiy	military	fix	the breach is a militaiy figure dra vn from
106	dra\vn	drawn	joinnext	is a militaiy figure dra vn from the desperate
106	vn		fragment	a militaiy figure dra vn from the desperate defence
106	Tyriaus	Tyrians	fix	supreme god of the Tyriaus and Moabites as he
106	Aoid	And	fix	and compare Cor xii Aoid they provoked him hy
106	vp	up	fix	Num xxv Then stood vp Ph'mehas and judged and
106	Ph'mehas	Phinehas	fix	xxv Then stood vp Ph'mehas and judged and so
106	xvgioi	vqioi	handsoff	Deut xxxii and the xvgioi of Cor viii The
106	tludr	their	divergent	and over them ruled tludr haters The same nations
106	co	co	confirm	been their happiness to co operate With the last
106	retux'ning	returning	fix	among the indications of retux'ning divine favour here referred
106	Aiid	And	fix	passage Chron xvi has Aiid all the people said
107	vnto	unto	fix	ancient church Give thanks vnto Jehovah for he is
107	eteimity	eternity	fix	is good for unto eteimity is his mercy The
107	IH	r	badwitness	it The ambiguous word IH should probably be taken
107	andfrom	and from	split	west from the north andfrom the sea The Babylonish
107	intei"preters	interpreters	joinnext	way desert which some intei preters explain to mean
107	preters	explain	divergent	desert which some intei preters explain to mean a
107	eiTor	error	fix	the story of the eiTor in the wilderness The
107	darknees		handsoff	Isa xxix Dwelling in darknees and death shade hound
107	erers	no	divergent	exhibits the same suff erers no longer as wanderers
107	ior	for	fix	may here be put ior fell or have the
107	Ivil	Ivii	fix	See above on Ps Ivil With the last clause
107	tke	the	fix	his wonderful works to tke sons of man and
107	offier	offer	fix	only utter thanks but offier them in sacrifice They
107	jcxiv	xxiv	fix	see above on Ps jcxiv but is directly opposite
107	ia	in	fix	he had just mentioned ia the general The form
107	etjmiological	etymological	fix	Hebrew verbs have no etjmiological affinity nor even a
107	yiewed	viewed	fix	which they denote as yiewed by a spectator Now
107	iQ	in	dupe	represents the Hebrew I iQ in its double acceptation
107	ildernesSy		fragment	streams into a v ildernesSy and springs of water
107	vdckedness	wickedness	fix	to saltness for the vdckedness of those dwelling in
107	ord		fragment	no allusion The w ord translated increase is applied
107	com	corn	fix	money but of raising com See above on Ps
107	flocJc	Jlock	divergent	and made like a flocJc families The first verb
108	afready	already	fix	other psalms which have afready been explained The introduction
108	eviii	cviii	fix	of a trilogy Ps eviii cx adapted to the
108	Ood	God	fix	is my heart O Ood fixed is my heart
108	gloi		fragment	the words awake my gloi y for which the
108	xicill	I	divergent	ver is a substitute xicill thank thee among the
108	FW	For	divergent	in the English versions FW great win above the
108	Tfy		nowitness	is the change of Tfy tmto into O' D
108	tmto		nowitness	the change of Tfy tmto into O' D from
108	ansucr	answer	fix	hand and hear or ansucr us See above on
108	anasseh		fragment	belongs Gilead to me anasseh and Ephraim the strength
108	tw	us	divergent	us off c Give tw help from the enemy
108	afi"ords	affords	joinnext	meaning that which he afi ords See above on
108	ords	See	divergent	that which he afi ords See above on Ps
109	vcr	vs	divergent	a promise of thanksgiving vcr According to the theory
109	psa'm	psalm	fix	this is the second psa'm of a Davidic trilogy
109	my'praise	my praise	splitq	A Psalm God of my'praise he not silent The
109	cnsicer	answer	fix	do not refuse to cnsicer but amidst the threats
109	fii-st	first	joinnext	I am prayer The fii st word in Hebrew
109	iey		fragment	deliverance from them T iey lay upon me evil
109	siimer	sinner	fix	right hand of the siimer to accuse him The
109	Je	he	handsoff	and his prayer shall Je Jbr sin The future
109	Jbr	for	divergent	his prayer shall Je Jbr sin The future meaning
109	ivtaxoirriv	itorxo	divergent	The Septuagint version is ivtaxoirriv oversight or supervision corresponding
109	gvilt	guilt	fix	first clause is the gvilt and sin mentioned in
109	ujwn	u'pon	divergent	and it has come ujwn him and he delighted
109	pvmishment	punishment	fix	crime and not the pvmishment He put on cursing
109	finit	fruit	fix	enemies as the direct finit of their own misconduct
109	Sqtans	Satans	fix	the idea of my Sqtans but this would probably
109	ol	of	fix	place of honour but ol protection A poor man
11	refage	refuge	fix	a customary place of refage not for birds but
11	boti	both	fix	not destroyed by giving boti the verbs a present
11	Jehcvah	Jehovah	fix	or temple of holiness Jehcvah or as to Jehovah
11	gramma	grammatical	fix	creatures By an equally gramma tical but less natural
11	Pd	Ps	fix	temple see above on Pd v Eyelids are mentioned
11	eijes	eyes	fix	a poetical parallel to eijes being the nearest equivalent
11	nien		nowitness	will rain on wicked nien snares fire and brimstone
11	jwrtion	portion	fix	a raging wind the jwrtion of their cup The
11	fxom	from	fix	for any copious communication fxom above whether of good
11	heiiold	behold	fix	shall behold or does heiiold the righteous i e
11	foxmd	found	fix	this usage may be foxmd in Gen i iii
11	Uv	liv	fix	Eccles xii Isa vi Uv The face is here
110	ithe	the	fix	the prophetic picture of ithe conquering Messiah The progressive
110	Thv	Thus	fix	above on Ps cviii Thv saith Jehovah or more
110	pov/er	power	joinnext	a participation in his pov er of which the
110	hes	lies	fix	passages already cited it hes at the foundation of
110	HISD	ntslo	divergent	here expressed The word HISD translated rod never means
110	ZOD	uid	divergent	as the synonymous term ZOD sometimes does from which
110	mll		fragment	Thy people are free mll qfferings in the day
110	qfferings		fragment	people are free mll qfferings in the day of
110	veople	people	fix	the first words thy veople shall be willing is
110	Uv	liv	fix	See above on Ps Uv and compare Exod xxv
110	expresess	expresses	fix	upon mere members and expresess that idea by a
110	juventu	juventus	fix	the Latin pubes and juventu when applied to a
110	miT	rmb'	divergent	place where the word miT occurs it evidently means
110	toiil	will	divergent	Sworn hath Jehovah and toiil not repent Thou shalt
110	Bupphed	supplied	fix	the art being constantly Bupphed by the translators That
110	oflice	oflace	badwitness	intended to describe the oflice in itself considered without
110	rd		fragment	version of this word rd iv is retained But
110	co		fragment	vii another word o co oxTjra is substituted shewing
110	oxTjra		fragment	another word o co oxTjra is substituted shewing that
110	ordinai		fragment	not to be mere ordinai y men but kings
110	prateritum	praderitum	badwitness	as an instance of prateritum phropheticum describing what is
110	phropheticum	propheticum	badwitness	an instance of prateritum phropheticum describing what is certainly
110	rms	and	divergent	Others invert the t' rms and understand by head
110	thr	the	fix	most probable meaning of thr first clause is that
110	thfe	the	fix	Uke those wandering in thfe desert Ps cii cvii
111	Hallelnjah	Hallelujah	fix	the return from exile Hallelnjah I will thank Jehovah
111	righteoxisness	righteousness	fix	is referred to his righteoxisness not his justice in
111	rerrhemher	covenant	divergent	fearing him he will rerrhemher to eternity his covenant
111	Mai	Mai	confirm	as in Prov xxxi Mai iii or intended to
111	tiU	till	fix	from the surrounding nations tiU the death of David
111	oa	on	fix	and attested see above oa ver and works of
111	aflEinns	affirms	divergent	ver the second clause aflEinns a general truth attested
112	bt	be	fix	of the upright shall bt blessed The first phrase
112	whont	whom	fix	each successive generation of whont might be expected to
112	endu/reth	endureth	joinnext	house and his righteousness endu reth fot ever Not
112	reth		fragment	and his righteousness endu reth fot ever Not only
112	Jcind	kind	fix	light to the upright Jcind and compassionate and righteous
112	smgular	singular	fix	is familiar where the smgular denotes an ideal individual
112	rememl/rance	remembrance	joinnext	shall he in everlasting rememl rance is grammatical and
112	axcay	away	fix	gnash and shall melt axcay the desire of the
112	vdcked	wicked	fix	The desire of the vdcked is his wish to
113	perpetu	perpetual	fix	this verse implies a perpetu continuation or renewal of
113	prept		nowitness	than to give the prept sition a different meaning
113	sition		fragment	to give the prept sition a different meaning in
113	Bometimes	sometimes	fix	poor in flesh and Bometimes poor in purse See
113	Eallelujah	Hallelujah	fix	joyful mother of children Eallelujah I The common version
113	Cn	tTi	divergent	masoretic accents which require Cn p barren and JT'
113	JT'		fragment	Cn p barren and JT' J the house to
113	ia	is	fix	used The historical allusion ia to Hannah who with
114	Egj'pt	Egypt	fix	of the exodus from Egj'pt By that deliverance he
114	aflinities	affinities	fix	to its obvious etymological aflinities it probably means stammering
114	pre	preeminence	divergent	an allusion to the pre eminence of Hebrew as
114	fii-st	first	joinnext	become so from the fii st See Gen xlix
114	Lorrf	Lord	fix	of The word translated Lorrf is the simple or
114	Mai	Mai	confirm	master See Exod xxiii Mai iii Turning the rock
115	co	co	confirm	declares her resolution to co operate for ever ver
115	I'hey	They	fix	xlvi Jer ii x I'hey have a mouth and
115	piogressive	progressive	fix	other verb denotes all piogressive movements of the body
115	Buch	such	fix	the mere artificers as Buch and fastens it on
115	conti-ast	contrast	joinnext	practical application of the conti ast just presented Since
115	beautiftilly	beautifully	fix	an idea simply but beautiftilly expressed by the repetition
115	thefenrers	the	divergent	us He will bless thefenrers of Jehovah the small
115	Kipgs	Kings	fix	i e nothing Compare Kipgs xviii Jer xvi Kev
115	Kev	Rev	fix	Kipgs xviii Jer xvi Kev xiii xix May Jehovah
115	ag	as	fix	of the people such ag really took place in
115	preposi« tion	preposition	joinnext	Sam xxiv The Hebrew preposi tion strictly means upon
115	tion	strictly	divergent	xxiv The Hebrew preposi tion strictly means upon you
115	compax'e	of	divergent	vi xxx lxxxviii and compax'e Isa xxxviii Silence a
116	Uiik	j	badwitness	of entreaty M for Uiik from Hhi and Ki
116	Hhi	rTJ	divergent	M for Uiik from Hhi and Ki which the
116	Ki		handsoff	Uiik from Hhi and Ki which the common version
116	circimilocution	circumlocution	fix	here expressed by a circimilocution for the purpose of
116	fuhiess	fulness	fix	or resting places implying fuhiess or completeness of repose
116	TDi	b	badwitness	sense and usage of TDi the last verb see
116	J'roin	from	divergent	from death my eye J'roin weeping my foot from
116	hri	Ivi	divergent	are borrowed from Ps hri The second bears some
116	mmsn		fragment	See Gen xliv The mmsn lyfOYd bestowmenls is here
116	lyfOYd		fragment	Gen xliv The mmsn lyfOYd bestowmenls is here used
116	bestowmenls	hestoiomcnts	badwitness	xliv The mmsn lyfOYd bestowmenls is here used to
116	QDil	w	badwitness	formed from the verb QDil to confer or bestow
116	DJlJri		fragment	the noun and pronoun DJlJri is regarded by the
116	thankoflferings	thank	divergent	accompanied or followed the thankoflferings But we read of
116	TaJce	Take	fix	in Ps xviii liii TaJce up as if from
116	tiO	to	fix	of acknowledgment My vows tiO Jehovah will I pay
116	Ki	i	handsoff	the particle of entreaty Ki used in Ps cxv
116	makiag	making	fix	of a purpose by makiag it dependent on divine
116	servaut	servant	fix	servant I am thy servaut the son of thy
116	unlmown	unknown	fix	object in a way unlmown to the older Hebrew
116	Iy	IS	fix	appointed for that purpose Iy vows to Jehovah will
116	eople		fragment	phrase before all his eople Some regard it as
118	eter		nowitness	is good for unto eter uty is his mercy
118	uty		fragment	good for unto eter uty is his mercy The
118	fiilly	fully	fix	verse affirm clearly and fiilly what is more obscurely
118	Il	It	handsoff	above on Ps ii Il is good to confide
118	rinces		fragment	better translation than j rinces because it keeps up
118	il	iB	handsoff	otherwise appear because D il nations had now begun
118	Kestoration	Kestoration	confirm	the period of the Kestoration not excepting the Samaritans
118	thoug	though	fix	Should all nations or thoug all nations should surround
118	luill	I	divergent	Jehovah I declare that luill cut them off This
118	trina	trine	fix	off This completes the trina repetition so characteristic of
118	fy	My	fix	in Ps lvi cxvi fy strength and song is
118	strcoiger	stronger	fix	me for salvation a strcoiger though synonymous expression for
118	withPs	with Ps	split	xxx xlii xlvii l withPs xvii l lxi Joy
118	oi	or	fix	of such a usage oi arrangement elsewhere in the
118	pp	vol	divergent	of Psalms See above pp I will thank thee
118	laj-ing	laying	joinnext	or the act of laj ing it would be
118	niVK		fragment	time The whole phrase niVK in MU save we
118	jlTl		fragment	whom the name i jlTl or i yoiuiw was
118	yoiuiw		fragment	i jlTl or i yoiuiw was afterwards given as
118	Mai	Mai	confirm	this passage or to Mai iii or to both
118	clatise	clause	fix	Neh ix The last clatise has been the subject
118	C'SH	C	badwitness	fat of my festival C'SH and in Chron xxx
118	lyta	l	badwitness	another word for festival lyta is used in precisely
118	sacrilicial	sacrificial	fix	the sacrifice with branches sacrilicial wreaths But this practice
118	prepoposition	preposition	fix	is objected that the prepoposition means as aras and
118	retiurns	returns	fix	the circle of praise retiurns into itself
119	collectton	collection	fix	the psalm in the collectton and especially its juxtaposition
119	ia	in	fix	that it was used ia public worship either as
119	undejiled	undefiled	fix	the second Hebrew word undejiled is derived from the
119	iw		fragment	of the Septuagint a iw ao The essential idea
119	poiutuag	pointing	fix	a slight difference of poiutuag Kings v My ways
119	becatise	because	fix	when I look and becatise I look The act
119	Kebuked	Rebuked	fix	commandments Compare Ps ix Kebuked not merely by word
119	DJl	seem	divergent	surrounding nations The also DJl seems to be inserted
119	DJ	ta	divergent	ending here begin with DJ also and two with
119	pj	b	badwitness	also and two with pj though in different senses
119	clauf	clause	fix	petition in the last clauf e Quicken i e
119	svvsra		fragment	mean to slumber LXX svvsra sv Vulg dormitavit which
119	sv		fragment	to slumber LXX svvsra sv Vulg dormitavit which would
119	unfaithfalnesa	unfaithfulness	fix	clause is that of unfaithfalnesa to God's covenant or
119	iJn	y	badwitness	of the Hebrew verb iJn to be gracious to
119	havenot	I	divergent	Septuagint renders it here havenot forgotten I have cleaved
119	XJrtto		nowitness	with that in ver XJrtto literally in as if
119	Beems	seems	fix	to enlarge the heart Beems especially in this connection
119	TjT		fragment	with the noun C TjT way or its plural
119	ia	in	fix	verb is here used ia its primary sense of
119	Testimoriies	Testimonies	fix	influence is strongly implied Testimoriies as in ver Gain
119	lliO		fragment	the negative term l lliO meaning vanity nonentity and
119	bnt	but	fix	remove or to avert bnt the latter agrees better
119	righteoxisness	righteousness	fix	thy precepts in thy righteoxisness quicken me The first
119	laio	law	fix	I will observe thy laio always tmto eternity and
119	tmto	unto	divergent	observe thy laio always tmto eternity and perpetuity Not
119	ep		fragment	Compare the combination k ep and seek in Chron
119	hifore	hefore	fix	speak of thy testimonies hifore kings and will not
119	eflect	effect	fix	with a fine rhetorical eflect which is further heightened
119	vb	Ti	divergent	require a different combination vb f Wi to convey
119	nifK	I	divergent	the one here used nifK by may mean because
119	alivcj	alive	fix	thy promise Quickens saves alivcj or restores to life
119	Bervative	or	divergent	implies that the con Bervative or restorative effect has
119	tompare	compare	fix	on Ps xliv and tompare Ps xl The first
119	ijot	not	fix	it suggests the idea ijot of a mere passive
119	Bage	Rage	fix	effort to obtain it Bage has seized me from
119	proceedfrom	proceeding	fix	i e arising or proceedfrom because of Forsaking thy
119	HIDK	only	divergent	in this psalm but HIDK that used in ver
119	tiie		nowitness	ver and derived from tiie verb D to say
119	tby	thy	fix	judgments of thy righteousness tby judgments of righteousness thy
119	rtw	am	divergent	by punishment A fellow rtw I to all who
119	Mai	Mai	confirm	Jews and refers to Mai iii iv The necessity
119	stattites	statutes	fix	is the earth thy stattites teach me Since thy
119	DJ		fragment	by the addition of DJ Q a word originally
119	willi	will	fix	the knowledge of God's willi The connection of the
119	trast	trust	fix	takes God's precepts upon trast but then prays that
119	foi		fragment	but not its figurative foi m which seems to
119	icas	was	fix	for me that I icas made to suffer io
119	yjiiH	nit	divergent	begin with the word yjiiH good Thy hands made
119	Compere	Compare	fix	grace for spiritual illumination Compere Deut xxxii Fashioned literally
119	righteouness	righteousness	fix	I know Jehovah that righteouness are thy judgments and
119	ajlicted	afflicted	fix	m faithfulness thou hast ajlicted me or made me
119	faithfulnes	faithfulness	fix	next clause for in faithfulnes we may read as
119	sei		fragment	thy saying to thy sei vanl The optative expression
119	vanl		fragment	saying to thy sei vanl The optative expression oh
119	KJ	H	handsoff	Hebrew particle of entreaty KJ correctly paraphrased in the
119	aitd	and	fix	last clause J V aitd Ijjl does not affect
119	Ijjl	VJ	divergent	clause J V aitd Ijjl does not affect the
119	jterfect	perfect	fix	Let my heart he jterfect in thy statutes to
119	salvtttion	salvation	fix	word OH For thy salvtttion faints my soul for
119	conunand	command	fix	regard to the divine conunand or prohibition See above
119	difi	diflferent	divergent	eight verses begin with difi erent forms of the
119	erent	forms	divergent	verses begin with difi erent forms of the verb
119	xecZ		fragment	The verb translated y xecZ is not the one
119	av		fragment	the whole to i av the universe but the
119	vdll	monies	divergent	destroy me thy testimonies vdll I understand With the
119	Inve	love	divergent	with in How I Inve thy Imv All the
119	Imv	law	divergent	How I Inve thy Imv All the day it
119	enrvties	More	divergent	i More than wy enrvties do thy commandments make
119	pt		fragment	ambiguous Hebrew word D'' pt cannot be expressed by
119	divme	divine	fix	prominently sometimes another The divme judgments in this psalm
119	ehibitions	exhibitions	fix	are always the external ehibitions of the divine righteousness
119	HD	htd	badwitness	either with the exclamation HD how or with the
119	Bhew	show	divergent	path i e to Bhew it I have sworn
119	ia	in	fix	life which is promised ia the Law to those
119	Tke	The	fix	Lev xviii Deut vi Tke free will offerings of
119	yei	yetj	badwitness	snare for me and yei from thy precepts I
119	falfilment	fulfilment	fix	i e for the falfilment of thy promise See
119	ahoays	always	fix	look to thy statutes ahoays The first verb is
119	beasta	beasts	fix	the extirpation of wild beasta Lev xxvi My flesh
119	witii	with	fix	him or deal kindly witii him as in ver
119	rwe	ne	divergent	mere periphrasis for or rwe in ver and elsewhere
119	Eetaining	Retaining	fix	version time to work Eetaining the order of the
119	co	still	divergent	hate The therefore is co ordinate with that in
119	Hll		fragment	forms of the verb Hll y to do T
119	drie	due	fix	to me as is drie to the lovers of
119	lOS		fragment	c The Hebrew word lOS O has here the
119	estaUish	establish	fix	Pa V My steps estaUish hy thy word and
119	Bighteous	Righteous	fix	with different Hebrew words Bighteous art thou O Jehovah
119	judaments	judgments	fix	second adjective agree with judaments although different in number
119	promisQ	promise	fix	the idea of God's promisQ is included in his
119	Hp'ljf	npll	divergent	where two cognate forms Hp'ljf and p T i
119	nc	PSALM	divergent	me happy Seize literally nc as in Ps cxvi
119	pll	p	badwitness	derivatives of the root pll I invoke thee with
119	necesfiity	necessity	fix	heartfelt sense of its necesfiity grant it to me
119	idi	vii	fix	in Sam xxx Job idi The second verb means
119	Iy	My	fix	lxiii lxxvii Lam ii Iy voice hear according to
119	hilp	j	badwitness	which are derivatives of hilp two of Ip three
119	Ip	of	divergent	of hilp two of Ip three of Dip See
119	nm	t	badwitness	form of the verb nm to see Princes persecute
119	DijrT	ti	handsoff	a single Hebrew word DijrT an adverb related to
119	iyy	y	badwitness	less usual synonym of iyy to fear correctly paraphrased
119	sinj	sin	fix	occasion of unbelief or sinj The idea here is
119	iif	ii	handsoff	of remark T that iif and i are treated
119	ccording	to	divergent	may be seen A ccording to thy word thy
119	ic	xc	fix	be traced in Ps ic My lips shall pour
119	iSl	with	divergent	first clause compare ver iSl with the second ver
119	erings	As	divergent	of his worst sufi erings As the preceding verse
119	seitant	servant	fix	short prayer seek thy seitant as by a single
12	frovi	from	fix	for the faithful fail frovi among the sons of
12	DH		fragment	men The adjective n DH whether taken in an
12	Japaes	James	fix	double minded man in Japaes i May Jehovah destroy
12	Ihey	they	fix	us may either mean Ihey are our own at
12	suff'erers	sufferers	fix	of The wretched afflicted suff'erers see above on Ps
12	ynj		fragment	the phrase v H ynj To the common version
12	rf	of	fix	in the workshop laboratory rf the earth i e
12	tV	yi	divergent	as a variation of tV lord or master and
12	Jl		fragment	resemblance and the noun Jl Ptj which occurs nowhere
12	Ptj		fragment	and the noun Jl Ptj which occurs nowhere else
12	foUowi-ng	following	joinnext	whole phrase are the foUowi ng When the vileness
12	ng		fragment	phrase are the foUowi ng When the vileness or
120	nby	n	badwitness	xii The Hebrew verb nby employed in such connections
120	DibyD	nibl	handsoff	root of the noun DibyD ascents in these inscriptions
120	Jli'D		fragment	fifteen steps in Hebrew Jli'D p seven on one
120	Btructure	structure	fix	to a peculiarity of Btructure the repetition of a
120	VD		fragment	be described by ni VD the Hebrew word in
120	diiring	during	fix	intended to be sung diiring the return from Babylon
120	nVyO	iV	divergent	is called an ascent nVyO by Ezra vii But
120	ac.ually	actually	joinnext	turns to it as ac ually present and addresses
120	ually		fragment	to it as ac ually present and addresses it
120	p'eace	peace	fix	her with one hating p'eace The substitution of my
120	litcraUy	literally	fix	here asserted Too long litcraUy much or too much
121	KD	v	badwitness	of the compound particle KD which is elsewhere always
121	ip	up	fix	Let him not give ip to moving thy foot
121	aflBrmed	affirmed	fix	the third verse is aflBrmed in this The position
121	aflairs	affairs	fix	all the occupations and aflairs of life See Deut
122	panegjTic	panegyric	fix	introduction ver comes a panegjTic on Jerusalem as the
122	nii		fragment	The abbreviated relative ni nii has by some been
123	iny	my	divergent	thee do I raise iny eyes the one sitting
123	exxi	cxxi	fix	first clause compare Ps exxi with the second Ps
123	sei	of	divergent	as the eyes of sei wants are turned to
124	KJ	j	handsoff	the last clause represents KJ the particle of entreaty
124	DwV	nib	divergent	hold to be the DwV degrees from which these
124	suallowed	swallowed	fix	alive would they have suallowed us in the kindling
124	theAr	their	fix	lv The plural pronoun theAr refers to the collective
124	vian	man	fix	refers to the collective vian in the preceding verse
124	protid	proud	fix	soul the waters the protid waters The waters are
124	efl'ervescing	effervescing	fix	adjective to mean boiling efl'ervescing Blessed be Jehovah who
124	dra\vn	drawn	joinnext	and earth The conclusion dra vn from the experience
124	vn		fragment	earth The conclusion dra vn from the experience here
125	Kestoration	Restoration	fix	the period of the Kestoration and especially that part
125	pre	pre	confirm	had also a religious pre eminence as the earthly
125	senace	service	fix	tempted to renounce his senace as unprofitable nay as
125	Vfright	Upright	fix	protection had been given Vfright literally straight straightforward as
125	Mai	Mai	confirm	commandments Compare Deut ix Mai ii The workers of
126	imiU'		nowitness	of the usual combination imiU' l J return to
126	Pyy'p	mn'	divergent	resembling it in form Pyy'p tt but meaning to
126	tt		fragment	it in form Pyy'p tt but meaning to return
126	thiyigs	things	fix	Jehovah hath done great thiyigs to these people The
126	Tn		fragment	sower is called S Tn HtC D a drawer
126	HtC		fragment	is called S Tn HtC D a drawer forth
127	xievf	view	divergent	but always with a xievf to the exercise of
128	oliveplants	olive-plants	hyphen	house thy sons as oliveplants around thy table The
129	ttie	the	fix	scourging a figure for ttie manifold suflerings inflicted upon
129	suflerings	sufferings	fix	figure for ttie manifold suflerings inflicted upon Israel by
129	akeady	already	fix	Zion What Jehovah has akeady done for Zion as
129	rov	rod	fix	Septuagint and Vulgate HI rov sxa'n aadi mi priusquam
129	sxa'n	stoTtuadrivui	handsoff	and Vulgate HI rov sxa'n aadi mi priusquam evellatur
129	aadi		fragment	Vulgate HI rov sxa'n aadi mi priusquam evellatur and
129	tt	to	fix	of the verb P tt in the sense of
129	IDS	last	divergent	participle of the verb IDS to bind or gather
129	liJIp	liZIp	handsoff	and may agree with liJIp reaper in the first
13	JJ		fragment	the omission of HU' JJ Until vihen how long
13	vihen	i	divergent	of HU' JJ Until vihen how long Jehovaii wilt
13	Jehovaii		nowitness	Until vihen how long Jehovaii wilt thou forget me
13	lJ		fragment	by giving to H lJ the sense of continuously
13	vjhen	when	fix	heart by day Till vjhen shall my enemy he
13	multipKes	multiplies	fix	multiplication of devices only multipKes his sorrows Or the
13	ommon	common	fix	in my heart The ommon version having sorrow conveys
13	allusi:bn	allusion	joinnext	more probability suppose an allusi bn to the dimness
13	bn		fragment	probability suppose an allusi bn to the dimness of
13	Vrhy	lirfD	divergent	construction with a pronoun Vrhy cannot be literally rendered
13	ZOiDhi		nowitness	ii The last verb ZOiDhi has the same sense
13	Dil	btt	divergent	v ix The verb Dil which occurs above in
13	seijse	sense	fix	English treat in the seijse of dealing with or
130	iVf		fragment	God The common verb iVf li to hear is
130	Mai	Mai	confirm	and compare Nah i Mai iii The question is
130	finiit	fruit	divergent	here represented as one finiit and evidence of pardoned
130	JHy	My	divergent	as in Ps cxix JHy soul waits I wait
130	reliet	relief	fix	that of sufferers for reliet or of convicted sinners
131	Sfing	Song	fix	A Sfing of Ascents By David
131	co	co	confirm	is not called to co operate but to acquiesce
131	requii-ed	required	joinnext	weaned which was here requii ed by no parallelism
131	figui		fragment	singular aptness of the figui e suggested by the
132	Eememher	Remember	fix	A Song of Ascents Eememher O Jehovah for David
132	JS	h	badwitness	the Hebrew word ni JS to be a plural
132	nHj	rT	divergent	of the passive verb nHj to be afflicted or
132	yi	vi	fix	as recorded in Chron yi Who swore to Jehovah
132	foiin	form	divergent	my couch The elliptical foiin of swearing here used
132	eylids	eyelids	fix	my eyes to my eylids slumber This is a
132	dth		fragment	to the sanctuary v dth its enclosures and appendages
132	kxxiv	Ixxxiv	fix	See above on Ps kxxiv Lo we heard it
132	Ej	Ejphrathi	divergent	to mean Ephraim as Ej hrathi means an Ephraimite
132	hrathi		fragment	mean Ephraim as Ej hrathi means an Ephraimite and
132	xe	are	divergent	Ephrathah and Bethlehem Judah xe convertible expressions Sam xv'i
132	xv'i	Xvii	fix	xe convertible expressions Sam xv'i Micah v make Ephrathah
132	neighbournood	neighbourhood	fix	wood or in the neighbournood of Kirjath jearim which
132	Kirjath		fragment	in the neighbournood of Kirjath jearim which name means
132	jearim		fragment	the neighbournood of Kirjath jearim which name means Forest
132	hasjhere	has	divergent	word translated resting place hasjhere its proper meaning as
132	nnd	and	fix	thy ark of strength nnd that into thy strong
132	backy	back	fix	compare Sam vii Turn backy recede from Ms engagement
132	Ms	his	divergent	Turn backy recede from Ms engagement or fail to
132	iu	in	fix	Ps ix For thee iu thy place as thy
132	rP	ib	divergent	last words in Hebrew rP may be also rendered
132	righteotisness	righteousness	fix	word salvation for which righteotisness was substituted there is
132	vor	vs	divergent	counterpart of that in vor and the same with
132	aficc		fragment	or chaplet Compare the aficc avrmv CTifavov of Pet
132	avrmv	nao	handsoff	chaplet Compare the aficc avrmv CTifavov of Pet V
132	CTifavov	VTcvov	badwitness	Compare the aficc avrmv CTifavov of Pet V Some
133	Dil	also	divergent	The idiomatic use of Dil also in the last
133	doxim	down	divergent	of Aaron which runs doxim to the edge of
133	iho		fragment	a beautiful transition to iho good oil i e
133	Tl	TV	handsoff	repetition of the verb Tl and the strong improbability
133	Uteralfy	literally	fix	Even life for evermore Uteralfy life even to eternity
134	Ascevts	Ascents	fix	A Song of Ascevts Behold bless Jehovah all
134	Chion	Chron	fix	necessarily mean all night Chion ix as appears from
134	exxviii	cxxviii	fix	Zion as in Ps exxviii Maker of heaven and
135	thehouse	the house	split	Who are standing in thehouse of Jehovah in the
135	Mahe	Make	fix	for good is Jehovah Mahe music to his name
135	makcth		nowitness	the common version he makcth lightnings for the rain
135	sendelh	scnddh	badwitness	in the Prayer Book sendelh forth lightnings with the
135	OlH	yi	divergent	usage of the verb OlH which is construed elsewhere
135	luill	will	fix	of goodness For Jehovah luill judge his people and
135	adveirb	adverb	fix	in the other an adveirb meaning likewise This kind
135	VH	l	badwitness	in the future form VH requires it to be
135	charactar	character	fix	fate as well as charactar Idolaters shall perish with
135	csxv		nowitness	lxxvi and compare Ps csxv
136	Egv'pt	Egypt	fix	deliverer of Israel from Egv'pt ver his guide in
136	plm	plural	divergent	but is a superlative plm al qualifying that before
136	u'oters	waters	fix	the earth above the u'oters for unto eternity is
136	IIK		fragment	The plural lights Q IIK occurs only here but
136	ybr	for	divergent	mercy To ride literally ybr rules or dominions perhaps
136	Egy	Egypt	handsoff	or the smiter of Egy t i e the
136	Egj		fragment	t i e the Egj ptians Hence the plural
136	ptians		fragment	i e the Egj ptians Hence the plural pronoun
136	Bashati	Bashan	fix	And Og king of Bashati for unto eternity is
136	rcy		fragment	eternity is his m rcy As a heritage literally
136	br	for	divergent	low estate remembered v br unto eternity is his
136	Kemembered	Remembered	fix	being humbled or reduced Kemembered us or for us
136	hm	his	divergent	for unto eternity is hm mercy The first verb
137	efi"ect	effect	joinnext	time and as the efi ect of our so
137	ect		nowitness	and as the efi ect of our so doing
137	illous		fragment	true religion On n illous in the midst of
137	tongiie	tongue	fix	to do Let my tongiie cleave to my palate
137	tt		fragment	is commonly expressed by tt bl a different Hebrew
137	bl		fragment	commonly expressed by tt bl a different Hebrew verb
138	Hv	liv	fix	compare Ps vii xviii Hv lvii ci I will
138	pertbrming	performing	fix	in promising truth in pertbrming See above on Ps
138	strengthenedsi	strengthenedsf	badwitness	of the last clause strengthenedsi me with strength in
138	ilxe	the	divergent	low he sees and ilxe haughty from afar he
138	co	the	divergent	the low or simply co ordinate and therefore he
138	fvrsake	forsake	fix	thy hands do not fvrsake The work begun and
139	lor	For	fix	and what I suffer lor there is not a
139	cio	go	divergent	infinite Whither shall I cio from thy Spirit and
139	Tf	If	fix	one Compare Amos ix Tf I scale the heavens
139	Jfl	If	divergent	or make a bed Jfl make sheol my bed
139	icill	I	divergent	wings of day break icill dwell in the end
139	rai		fragment	objects to the translation rai e the winrfs that
139	winrfs	wings	fix	translation rai e the winrfs that before one can
139	IG	in	handsoff	employed by Ezekiel x IG in a way that
139	overichelms	overwhelms	fix	And say only darkness overichelms me night is the
139	cxxxvui	cxxxviii	fix	danger See Isa Ps cxxxvui According to the usual
139	aSect	affect	fix	verse does not necessarily aSect the sense of this
139	Psakn	and	divergent	my pains and plea Psakn sures and this subjection
139	omniscent	omniscient	fix	God is omnipresent and omniscent or he is the
139	fearfulhj	fearfully	fix	universe thank thee because fearfulhj I am distinguished wonderful
139	worTcs	works	fix	distinguished wonderful are thy worTcs and that my soul
139	JN^ot	Not	joinnext	conviction of the truth JN ot hid was my
139	ot		fragment	of the truth JN ot hid was my frame
139	Itt		fragment	word translated when is Itt hJ the relative pronoun
139	hJ		fragment	translated when is Itt hJ the relative pronoun and
139	foetus	foetus	confirm	of an embryo or foetus The next difficulty lies
139	Wnlten	Written	fix	them had really existed Wnlten and formed are then
139	Ues	lies	fix	in which the difficulty Ues in the particular expressions
139	Hov/ever	However	joinnext	a most valuable privilege Hov ever others may regard
139	ofhlood	of	divergent	man And ye men ofhlood depart from me The
139	aTio	and	divergent	then be strictly parallel aTio take thy name in
139	CTJ	tibis	divergent	gives the Hebrew phrase CTJ D iJ the same
139	iJ		fragment	Hebrew phrase CTJ D iJ the same sense with
139	PtSyr		fragment	with a kindred one PtSyr used by Jeremiah vi
14	unambiguQus	unambiguous	fix	where its sense is unambiguQus The addition of the
14	Kom	Rom	fix	of the words in Kom iii is perfectly legitimate
14	Ux	lix	fix	x xxxvi cxl Isa Ux Under the false impression
14	tmiversal	enemies	divergent	at variance with the tmiversal terms of the preceding
14	Uii	liii	fix	Sam v Isa iii Uii Micah iii For the
14	J'he	The	fix	as in Ps xii J'he plcln or counsel of
14	plcln	plan	fix	in Ps xii J'he plcln or counsel of the
14	lli	TO'Efl	divergent	poor Some however give lli ri its usual sense
14	ri	its	divergent	Some however give lli ri its usual sense of
14	tt		fragment	his people But as tt in every other combination
14	Oy	bjP	divergent	by the optative form Oy of the Hebrew verb
140	originalit	originality	fix	psalms combined with eminent originalit the very structure is
140	DTi	makes	divergent	is the generic term DTi the T r other
140	ik		fragment	the individual designation t ik which seem however to
140	dioell	dwell	fix	all the day they dioell with wars or in
140	TlH	word	divergent	use of the verb TlH is justified by Ps
140	sharj)en	sharpen	joinnext	XXXV Isa liv They sharj en their tongue as
140	waggon	wagon	variant	its etymology denotes a waggon road a track worn
140	Jlead	Head	fix	whose power saves me Jlead is preceded by a
140	ony	my	divergent	shelter to or for ony head The day of
140	Coah	the	divergent	shall be covered c Coah shall be cast upon
141	woid	word	fix	their dainties An evil woid may be strictly understood
141	vil		fragment	sense of an e vil matter which last is
141	unintel- Ugible	unintelligible	joinnext	as to be almost unintel Ugible According to the
141	Ugible	According	divergent	to be almost unintel Ugible According to the English
141	foreignirom	foreign	shrink	from the words but foreignirom the context Of the
141	ypl	pn	divergent	cleaving and the second ypl is expressly used Eccles
141	oi	of	fix	Eccles x in that oi sjjlitting wood some interpreters
141	sjjlitting	splitting	fix	x in that oi sjjlitting wood some interpreters give
141	eftect	effect	fix	mortality or carnage the eftect of which is that
141	Iy	My	fix	several favourite Davidic phrases Iy eyes are unto thee
141	Ln	In	fix	unto thee Ps xxv Ln thee have I confided
141	nni		fragment	the supernumerary H in nni D and HD T
141	HD	n	badwitness	in nni D and HD T T Keep me
141	otm	own	divergent	wicked fall into their otm traps while I at
142	htm	him	fix	I pour out before htm my care my trouble
142	hnowest	kiujwest	divergent	within me and thou hnowest my path in the
142	overwiiebned	overwhelmed	fix	in my spirit's being overwiiebned which may indicate either
142	uoy	way	divergent	Ps cxliii in the uoy that I should go
142	cxU	cxli	fix	the last Ps cxl cxU cxliii Look to the
143	hx	lix	fix	in Ps XXV H hx The way that I
143	righi	right	fix	not merely to be righi but to be safe
143	hx	lix	fix	first clause compare Ps hx cxlii with the second
143	TJtou	Thou	fix	xxiii XXV xxxi cix TJtou wilt quicken me as
143	exxxviii	cxxxviii	fix	me as in Ps exxxviii In thy righteousness as
144	ffe	He	divergent	perpetuated in the Messiah ffe in whom I trust
144	usL	My	divergent	in him I ti usL My people in its
144	fii-st	first	joinnext	and favour With the fii st clause compare Ps
144	hoio	how	fix	Ps cii ciii Jehovah hoio thy heavens and come
144	Liyhten	Lighten	fix	above on Ps xlvi Liyhten lightning and scatter them
144	akeady	already	fix	parts has been explained akeady Whose mouth speaks fraud
144	cZ		fragment	The word translated ra cZ is properly a negative
144	xcill	will	fix	a new song I xcill sing to thee with
144	serrant	servant	fix	one ridding David his serrant from an evil sword
144	reeing		fragment	by a participle at reeing with a noun in
144	Bovcreigns	sovereigns	fix	meant are the theocratical Bovcreigns the royal family of
144	jSo	So	fix	an addition to it jSo that our sons may
144	heum	hewn	divergent	daughters as corner stones heum for the building of
144	JT'JU	r	badwitness	of the Hebrew word JT'JU but its primary sense
144	Kobinson's	Kobinson's	confirm	time of Solomon See Kobinson's Palestine vol i pp
144	pp	pp	confirm	Kobinson's Palestine vol i pp Our garners full affording
144	iin		fragment	the Hebrew word ni iin which means external spaces
144	finits	fruits	fix	for loss of the finits of the earth See
144	NJ	is	divergent	word in question C NJ is applied only to
145	sufl'er	suffer	fix	especially to those who sufl'er The letter nun is
145	Septuagmt	Septuagint	fix	containing seven verses The Septuagmt supplies the omission in
145	iieows	P	handsoff	simple change of W iieows p l to faithful
145	TpJ		fragment	p l to faithful TpJ as in Ps cxi
145	rhnPi		nowitness	words Tib D and rhnPi are still more alike
145	ts	is	fix	to his greatness there ts no search i e
145	ipj	Of	divergent	verb in the singular ipj the beauty of the
145	corupted	corrupted	fix	later date and a corupted taste whereas it only
145	ghry	glory	fix	Ps xlv Honour or ghry as in Ps xix
145	micse	muse	fix	lxv cv I will micse as in Ps lxxvii
145	A'er	v	badwitness	means mighty deeds in A'er The memory of thy
145	goodnes	goodness	fix	memory of thy great goodnes they pour forth and
145	worlcs	icorhs	divergent	are over all his worlcs All literally the all
145	workt	ivorks	divergent	descent from above His workt the things which he
145	saiyits	saints	fix	cxxxix cxl cxli As saiyits or gracious ones are
145	gemnd	gerund	fix	the force of a gemnd hy making known but
145	vp	up	fix	the falling a lifter vp for all the bowed
145	Eighteous	Righteous	fix	here in Deut xxxiii Eighteous is Jehovah in all
145	icaijs	ways	divergent	Jehovah in all his icaijs and merciful in all
145	equently	ascribed	divergent	the rectitude so fi equently ascribed to him Near
145	wvl	loill	divergent	of his fearers he wvl do and their cry
146	Hallehijah	Hallelujah	fix	in the Septuagint Version Hallehijah Praise O my soul
146	rPIl	D	badwitness	of the Hebrew word rPIl so that either may
146	ffis	His	fix	entirely excluding the other ffis thoughts his vain notions
146	hv	liv	fix	helpers Compare Ps xlv hv xcix cxviii The divine
146	dotrn	down	fix	raises up the bowed dotrn Jehovah loves the righteous
146	nj		fragment	English because the verb nj S is almost confined
147	Ijy	by	divergent	with lamentation or complaint Ijy their frequent allusions to
147	militar	military	fix	infantry as forming the militar strength of armies It
147	Uv	liv	fix	it peace See Isa Uv With the last clause
147	seyideth	sendeth	fix	Deut xxxii He that seyideth his commandment upon earth
147	iraters	waters	fix	makes his wind blow iraters flow Sends his word
148	deahags	dealings	fix	but especially in his deahags with his chosen people
148	atfords	affords	fix	heavenly bodies it here atfords a natural transition from
148	hiyn	him	fix	or shining stars Praise hiyn ye heavens of heavens
148	kviii	Ixviii	fix	See above on Ps kviii and compare Deut x
148	oi	Not	divergent	trees and all cedars oi fruitful trees as distinguished
148	cattlle	cattle	fix	wild beast and all cattlle creeping thing and flying
148	tSl		fragment	The Hebrew word K tSl translated creeping thing has
148	ltt		fragment	of the Hebrew D ltt which is especially though
148	fixst	first	fix	heaven shews that the fixst verb relates not merely
148	liaised	Raised	fix	used in Job xvi liaised a horn for his
149	timlrel	timbrel	fix	in the dance with timlrel and harp let them
149	cxivii	cxlvii	fix	pleased or satisfied Ps cxivii With the last clause
149	or'what	or what	splitq	lament their previous degradation or'what Nehemiah calls their affliction
149	Kom	Rom	fix	and compare Deut xxxii Kom xii Heb x This
149	spirituaUsing	spiritualising	fix	to this as a spirituaUsing explanation of the text
15	olxiToi	olxsloi	badwitness	members of God's family olxiToi ro J soD Walking
15	neighbom	neighbour	fix	helped to load his neighbom with reproach Friend and
15	Dj		fragment	be represented by Di Dj rejected i e by
15	IH		fragment	and Vulgate explain J IH to the neighbour and
15	iyi'		fragment	swear to do evil iyi' TD or to do
15	inean	mean	fix	here the phrase must inean he hath sworn to
15	JJoing	Doing	fix	person hath not taken JJoing these things he shall
15	secm-ity	security	joinnext	God's household was itself secm ity against all danger
15	ity		fragment	household was itself secm ity against all danger Compare
15	lOiQM	ttifi	handsoff	For the sense of lOiQM see above on Ps
150	thia	this	fix	richness of meaning to thia closing sentence From he
150	memljers	members	fix	church and all its memljers when through much tribulation
16	irom	from	fix	sacred compositions The derivation irom a noun meaning gold
16	lesides	besides	fix	my good is not lesides thee or beyond thee
16	lQ		fragment	the first person i lQ for T Q i
16	pre	pre	confirm	viii Pet ii The pre eminence of these over
16	pre	pre	confirm	any original or natural pre eminence but by the
16	DH''	dn	divergent	would mean their idols DH'' as if to suggest
16	IHQ	intt	divergent	supreme affection The verb IHQ in its derived form
16	iu	in	fix	The idea is that iu the Lord the Psalmist
16	fleasant	pleasant	fix	fallen to me in fleasant things or pleasant places
16	moveiji	moved	fix	hand shall not be moveiji I have set him
16	iu	in	fix	this confidence is given iu the other clause The
16	distiaguished	distinguished	fix	mean the body as distiaguished from the soul or
16	kiii	lxiii	fix	including both Compare Ps kiii lxxxiv The idea of
16	ia	in	fix	his heart did triumph ia the certainty of God's
16	JFor	For	fix	before it saw corruption JFor thou wilt not leave
16	isible		fragment	Greek Hades the in isible world or state of
16	in''Dn	of	divergent	is a plural form in''Dn the singular TT'DH being
16	TT'DH	pion	divergent	form in''Dn the singular TT'DH being a marginal correction
16	HH	rftltti	divergent	has been disputed whether HH is derived from TVi
16	TVi		fragment	HH is derived from TVi y and means a
16	JlHli	r	badwitness	a pit or from JlHli and means corruption Both
16	nnj	nna	badwitness	the clear analogy of nnj which is of a
16	Xy	n	handsoff	derived from in and Xy The use of this
16	icilt	wilt	fix	causative and means thou icilt make me know point
16	idth	with	fix	of eternal joys or idth thy right hand as
17	ceptance	The	divergent	as necessary to a ceptance The original expression is
17	CAal	evil	divergent	restraint and when the CAal if there be any
17	trangress	transgress	fix	my mouth shall not trangress agrees well enough with
17	theseconstructions	these constructions	split	nor does either of theseconstructions suit the coatext so
17	coatext	context	fix	of theseconstructions suit the coatext so well as the
17	trangressor	transgressor	fix	paths of the violent trangressor The works of man
17	tetm	term	fix	naturally prone The generic tetm man D is often
17	lOli	d	badwitness	an authority The verb lOli translated kept properly means
17	IB		fragment	comes the adjective V IB violent outrageous here used
17	ccmverting	converting	fix	violates the context by ccmverting the first clause into
17	vdlt	wilt	divergent	I know that thou vdlt hear me It is
17	IDhi	from	divergent	I say y from IDhi to say Distinguish thy
17	Unemies	Enemies	fix	wicked of the first Unemies in soul may mean
17	presentdanger	there	divergent	me In this description presentdanger is included whereas if
17	ia	in	fix	yields the same sense ia a more emphatic form
17	meaniug	meaning	fix	in the land The meaniug of the first words
17	suflerer	sufferer	fix	same thing as the suflerer is an ideal person
17	afibrds	affords	fix	the earth although grammatical afibrds a less appropriate sense
17	IDD	tpDM	divergent	ideal person The future IDD means that he is
17	malce	ing	divergent	a causative strictly meaning malce to escape From men
17	ibniD	that	divergent	wrath The difficult expression ibniD is by some understood
17	ibn	n	badwitness	upon it Others give ibn its primary meaning of
17	choichest	choicest	fix	to have reserved his choichest gifts for the ungodly
17	cxxvui	cxxviii	fix	children see Ps cxxvii cxxvui Job xxi The whole
17	Mendship	friendship	fix	and the consciousness of Mendship with him A third
18	pui-poses	purposes	joinnext	the execution of his pui poses as an instrument
18	stmcture	structure	fix	carried out in the stmcture of this psalm one
18	afibction	affection	fix	it as a permanent afibction and expresses a fixed
18	occm		fragment	ever The verb itself occm s nowhere else in
18	afi"ection	affection	joinnext	to denote the reciprocal afi ection of the inferior
18	ection	of	divergent	denote the reciprocal afi ection of the inferior party
18	sro		fragment	being properly expressive of sro yri or parental love
18	yri		fragment	properly expressive of sro yri or parental love The
18	strevgth	strength	fix	love The noun translated strevgth is also peculiar to
18	roch	rock	fix	and security so the roch of the second clause
18	tlje	the	fix	not invoke him as tlje one to be praised
18	munber	numbei	divergent	to wicked men whose munber and violence are indicated
18	yiriT	c'	handsoff	of the original verbs yiriT li yjpll A reflexive
18	yjpll		fragment	original verbs yiriT li yjpll A reflexive or emphatic
18	flre	fire	fix	in his wrath and flre from his mouth devours
18	natm-al	natural	joinnext	fire are mentioned as natm al concomitants and parallel
18	wa'i	ivas	divergent	by the phrase it wa'i inflamed to him in
18	ahoxd	about	divergent	darkness as his covert ahoxd him his shelter darkness
18	vapom		fragment	the whole body of vapom s constituting the visible
18	Ihen	Then	fix	and weapons of destruction Ihen sent he his arrows
18	luorld	world	fix	the foundations of the luorld at thy rebuke Jehovah
18	oftvorthlessness	of	divergent	verse to the floods oftvorthlessness in ver and the
18	talce	take	fix	from above he will talce me he will draw
18	exUv	cxliv	divergent	the parallel passage Ps exUv See also Gen viii
18	Heivillfree	B'	divergent	regarded as another Moses Heivillfree me from my enemy
18	ny	my	fix	understood as simply meaning ny strong enemy but the
18	apppeals	appeals	fix	ended while the other apppeals to past deliverances as
18	Andbrought	And brought	split	above on ver o Andbrought me out into the
18	tvideplace	needy	divergent	me out into the tvideplace he will save me
18	Itsis	It is	manual	abjuration of God's service Itsis of this mortal sin
18	siffht	sight	fix	away or out of siffht The terms of this
18	Iy	My	fix	a confession of corruption Iy iniquity can only mean
18	DrT	for	divergent	the similar term T DrT for the comprehensive use
18	hnng	brbig	divergent	lofty eyes thou wilt hnng doicn Another general description
18	doicn	down	fix	eyes thou wilt hnng doicn Another general description of
18	pebple	peojole	badwitness	x xxxvii The afflicted pebple means the people of
18	prepositioji	preposition	fix	The ellipsis of the prepositioji with which the verbs
18	Iy	My	fix	to some whole species Iy heights those which are
18	ouiland	outland	fix	me the sons of ouiland will lie to me
18	insp'ection	inspection	fix	to personal and ocular insp'ection The verb translated mil
18	ny		fragment	verb to lie Mi ny is used by Moses
18	DSTV	nil	divergent	salvation The first phrase DSTV n which is elsewhere
18	TiVdH	rp	divergent	a kindred phrase T TiVdH vive le roi long
18	difl'erenee	difference	fix	xi But besides the difl'erenee of form in Hebrew
18	pvllD	bbnfa	divergent	to be praised like pvllD in ver above It
18	deKvered	delivered	fix	had not only been deKvered from external foes but
18	Ux	lix	fix	expression see below Ps Ux as translated in the
18	OAvn	own	fix	and thanksgiving to my OAvn people but extend them
18	tv		fragment	a correct hypothesis the tv o forms of the
18	inspu-ed	inspired	joinnext	are equally authentic and inspu ed
19	stUl	still	fix	the second is the stUl more glorious revelation of
19	doctiinal	doctrinal	fix	and their subject The doctiinal Slim of the whole
19	Chifif	Chief	fix	its author To the Chifif Musician a Psalm by
19	Bavid	David	fix	Musician a Psalm by Bavid The form of this
19	worJcqf	work	divergent	of God and the worJcqf his hands is the
19	sucoession	succession	fix	as witnesses in unbroken sucoession There is no speech
19	co	co	confirm	province or domain is co extensive with the earth
19	co	co	confirm	clause It must be co extensive with the earth
19	ineflective	ineffective	fix	it is not an ineflective presence but one to
19	Kuth	Ruth	fix	Ps xxiii and compare Kuth iv Lam i The
19	Tne	The	fix	what required by him Tne other effect enlightening the
19	tban	than	fix	last clause little more tban a tautology the first
19	spme	some	fix	in prose and by spme supposed to mean solid
19	afibrding	affording	fix	apprehensions and affections thus afibrding a transition from the
19	suflixes	suffixes	fix	Eccles xii The plural suflixes have reference to judgments
19	frovi	from	fix	understand Clear thou me frovi hidden ones The word
19	SeeExod	See Exod	split	by a judicial sentence SeeExod xxxiv Num xiv Such
19	DnTj	fc	divergent	ones The Hebrew word DnTj properly denotes proud men
19	refemng	referring	fix	great transgression as if refemng to some one particular
19	d'C	fyc	divergent	my heart he acceptable d'C It is much more
2	difi	necessary	divergent	of the first a difi erence arising partly from
2	erence	arising	divergent	the first a difi erence arising partly from the
2	nll	will	fix	e are imagining and nll continue to imagine vanity
2	cormnon	common	fix	by making them the cormnon object of attack or
2	ftdfilment	fulfilment	fix	in which the gradual ftdfilment reached its culmination From
2	whUe	while	fix	bands The verb too whUe it really implies the
2	fiist	first	fix	very passage As the fiist strophe or stanza of
2	Aiid	PSALM	divergent	one another in ver Aiid in his heat i
2	jfrom	from	fix	as a separate act jfrom that described in the
2	oflSce	office	fix	inauguration or induction into oflSce Jehovah said to me
2	Mai	Mali	unattested	Isa lxiii Hos xi Mai i Kom ix Nor
2	Kom	Rom	fix	Hos xi Mai i Kom ix Nor will any
2	impljdng	implying	fix	the phrase this day impljdng something recent than the
2	Bpeak	speak	fix	that the two verses Bpeak of different stages in
2	co	coextensive	divergent	limits are defined as co extensive with the earth
2	Kevelation	Revelation	fix	in the Book of Kevelation ii xii xix The
2	klnr		fragment	the scene And vow klnr s after all that
2	jes	judges	fix	and your duty jud jes of the earth A
2	Jdngs	kings	fix	equivalent or parallel to Jdngs in the first clause
2	icith	with	fix	sovereign Serve the Lord icith fear religious awe not
2	rjcay	way	divergent	and ye lose the rjcay i e the way
20	Zinn	Zion	fix	his sanctuary and from Zinn sustain thee The mention
20	afibrd	afford	fix	bound by covenant to afibrd them aid See below
20	fiirst	first	fix	word remember in the fiirst clause seems to involve
20	ofiiering	offering	fix	the T T vegetable ofiiering which was burnt upon
20	diiplay	display	fix	name of our God diiplay a banner May Jehovah
20	seerq	seem	fix	his holy heavens might seerq to mean the heavens
20	Hteraly	literally	fix	his right hand which Hteraly rendered is the strengths
20	andtve	and	handsoff	and these in horses andtve in the name of
20	Tiiese	These	fix	clause is entirely gratuitous Tiiese and these is the
20	owrselves	ourselves	fix	mean we have straightened owrselves up Jehovah save Let
20	Yulgate	Vulgate	fix	calling The Septuagint and Yulgate make the king a
20	jjviii	xlviii	fix	See Deut xxxiii Ps jjviii Mat v By taking
21	coiTectness	correctness	fix	the ancient church The coiTectness of the other may
21	authenticiLy	authenticity	fix	one another's genuineness and authenticiLy Jehovah in'thy strength shall
21	in'thy	in thy	splitq	genuineness and authenticiLy Jehovah in'thy strength shall the king
21	exidt	exult	fix	salvation how shall he exidt This verse commences the
21	xinto	unto	fix	heart thou hast given xinto him and the quest
21	Kabbah	Itabbah	badwitness	the Ammonitish king of Kabbah Sam xii but to
21	perpetuitij	perpetuity	fix	him length of days perpetuitij and eternity By disregarding
21	yinrf	find	divergent	greater than that between yinrf and find out in
21	iky	thy	divergent	At the time of iky presence literally thy face
21	oifruit	of	divergent	The same figurative use oifruit occurs in Hos ix
21	preyail	prevail	fix	this they shall not preyail because thou shalt make
22	rtiy	my	divergent	deliverance the words of rtiy roaring In this verse
22	Nl	b	badwitness	descriptive of God's power Nl and may therefore be
22	oi	of	fix	as including the idea oi my strength Why hast
22	aflGirmation	affirmation	fix	expressed by a simple aflGirmation Thou art far from
22	trere	were	fix	thee they trusted and trere not ashamed This last
22	disgi-aceful	disgraceful	joinnext	despised by them and disgi aceful to them The
22	aceful		fragment	by them and disgi aceful to them The people
22	tne	me	divergent	at large All seeing tne mock at me they
22	hiyn	him	fix	him he will save hiyn for he delights in
22	carethfor	carethfor	confirm	upon him for he carethfor you Pet v By
22	bm'den	burden	fix	roll i e thy bm'den or thy care upon
22	ysn	fCn	divergent	of the verse is ysn are always applied elsewhere
22	co-relative	correlative	joinnext	to make the two co relative and understand the
22	pTie	me	divergent	evil doers have beset pTie piercing my hands and
22	IMS	i	divergent	M or IJO for IMS or assume a plural
22	HIO	B	badwitness	deny its existence altogether HIO for D lhiD and
22	lhiD		fragment	altogether HIO for D lhiD and an equally rare
22	IKS	i	divergent	a verb and giving IKS its usual meaning Like
22	ief	and	divergent	and looking with gi ief and wonder at his
22	wii	biO	divergent	which the psalm begins wii and to the word
22	TjSt		fragment	the word hind J TjSt in the title both
22	lifedestroying	life-destroying	hyphen	a general expression for lifedestroying agents See Sam xi
22	co	co	confirm	the plural dogs is co extensive in its meaning
22	proceded	proceeded	fix	from which the prayer proceded not the answer The
22	IsraeKtes	Israelites	fix	spiritual Israel excluding wicked IsraeKtes and including the righteous
22	Ms	his	divergent	I will pay before Ms fearers those who fear
22	hee	thee	fix	who fear him From hee is something more than
22	ll		fragment	be satisfied then sh ll praise Jehovah those who
22	yrom	from	fix	in ver which begins yrom thee and ends with
22	ofl	off	fix	to the temporary casting ofl of the Gentiles they
22	iriimediate	immediate	fix	the psalm and the iriimediate occasion of the praise
22	rtding	ruling	fix	Governor properly a participle rtding the use of which
22	facto	not	handsoff	to govern them de facto not with a providential
22	co	co	confirm	is hereafter to be co extensive with the earth
22	Uis	His	fix	figures of Ps xix Uis righteousness including the faithful
22	atiecting	affecting	fix	other and with that atiecting scene to which there
23	futm		fragment	ministers Eph iv The futm e form I shall
23	merelyybr	merelyybr	confirm	his names sake not merelyybr his own sake nor
23	ITiou	Thou	fix	tokens of his presence ITiou wilt spread be ore
23	bemg	being	fix	witness my enjoyment without bemg able to disturb it
23	aiienec		fragment	disturb it Anointed literally aiienec in allusion to the
24	olxov	olxovftivj	handsoff	indirectly to the Greek olxov Mivri or inhabited earth
24	Mivri	or	handsoff	to the Greek olxov Mivri or inhabited earth This
24	Ms	his	divergent	has not lifted up Ms soul to vanity and
24	swoi		fragment	vanity and has not swoi n to fraud ox
24	SlJi		fragment	original The precise construction' SlJi HU is found in
24	occvirs	carrying	divergent	T T T T occvirs repeatedly in the sense
24	KltS		fragment	mere poetical variation of KltS n Vni and that
24	Vni	t	badwitness	variation of KltS n Vni and that which gives
24	iot	not	fix	then be who has iot set his heart on
24	hiyn	him	fix	description in ver Seeking hiyn in the singular is
24	nr	nt	handsoff	the simple Hebrew phrase nr D Who is this
24	HT	as	handsoff	form S in p HT in which the personal
24	Psabnist	Psalmist	fix	mighty in battle the Psabnist substitutes the single but
24	aafSauS	aufiadd	divergent	be favoured by the aafSauS of the Septuagint retained
25	Db'lVp	EbiSfa	divergent	an inadequate translation of Db'lVp and even in the
25	idll	will	fix	upright is Jehovah therefore idll he guide sinners in
25	IJ		fragment	common version of D IJ meek is too restricted
25	IJ		fragment	natural to take D IJ as a description of
25	Tceepers	keepers	fix	and truth to the Tceepers of his covenant and
25	tp	to	fix	His covenant the commands tp which his promise is
25	rin		fragment	form of the verb rin D is one that
25	jy	rrn	handsoff	pronoun at the end jy rr l may possibly
25	rr		fragment	at the end jy rr l may possibly refer
25	Mai	Mai	confirm	name is great Compare Mai i There is nothing
25	ungrammsCtical	ungrammatical	fix	i There is nothing ungrammsCtical however in the usual
25	yt	yr'	divergent	phrase much transgression T yt D in Ps xix
25	nrind	mind	fix	again to recall to nrind the intimate connection between
25	Jceep	keep	fix	trusted in thee To Jceep is here to keep
26	Ppliter	Psalter	fix	their collocation in the Ppliter makes it not improbable
26	nSmHi	n	badwitness	than the explanation of nSmHi as a participle and
26	uot	not	fix	me that I shall uot fall away hereafter have
26	vrill	will	fix	with hidden men I vrill not go He is
26	Uars	liars	fix	God Men of falsehood Uars or deceivers which appears
26	ia	in	fix	abstaining from all share ia the counsels of the
26	TopubHsh	To	divergent	admits of several constructions TopubHsh thanksgivings with the voice
26	equivaleut	equivalent	fix	as an abstract simply equivaleut to life in English
27	surrouuded	surrounded	fix	A SUFFERER surrouuded by enemies intent on
27	figui-ative	figurative	joinnext	expressed first in a figui ative form as light
27	ative		fragment	first in a figui ative form as light and
27	Kom	Horn	divergent	expression is imitated in Kom viii The noun TI'Q
27	TI'Q	ri	divergent	Kom viii The noun TI'Q is sometimes used as
27	enenies	enemies	fix	my adversaries and my enenies to me it is
27	ajid	and	fix	more pointed and emphatic ajid the absolute use of
27	nSD		fragment	the absolute use of nSD i in the sense
27	xil	xii	fix	by Judges xviii Jer xil Prov xi One thing
27	xf	of	fix	me in the secrecy xf his tent on a
27	Iioill	I	divergent	sacrifices of joyful noise Iioill sing and make music
27	Mij	My	divergent	to thy kind regard Mij help i e the
27	looJc	look	fix	or fully expected to looJc tipon the goodness of
27	tipon	upon	fix	fully expected to looJc tipon the goodness of Jehovah
27	yoXl	ffctf'	divergent	of the third verb yoXl are both determined by
28	aff'ords	affords	fix	That God is such aff'ords a sufficient reason for
28	eandt	exult	divergent	and my heart shall eandt and by my song
29	Tbte	The	fix	Tbte essential idea in this
29	Ln	in	fix	his people but clothed Ln a different costume the
29	Kev	Rev	fix	in the New Testament Kev iv v xix Peter
29	foim	form	fix	xix xxii The plural foim may here arise from
29	DN		nowitness	is here used as DN t hi is elsewhere
29	nifestation		fragment	to one particular ma nifestation of God's majesty to
29	departmre	departure	fix	correctly but with a departmre from the idiomatic form
29	thundef	thunder	fix	this expression always denotes thundef Exod ix is a
29	hbanus	libanus	fix	the range of Anti hbanus here mentioned simply as
29	fre	fire	fix	or with flames of fre The reference to lightning
29	universall	universally	fix	in this verse is universall admitted some even seeing
29	xmll	will	divergent	shake the wilderness Jehovah xmll shake wilderness of Kadesh
29	ee	See	fix	as God's royal residence ee above on Ps V
29	oiJy	only	divergent	to eternity There are oiJy two ways in which
29	Dn		fragment	invariable usage of l Dn to mean Noah's flood
29	ound	of	divergent	consolation and a gi ound of hope to true
3	midtiplied	multiplied	fix	how many or how midtiplied are my foes my
3	jecond	second	fix	verse closes like the jecond and fourth with the
3	occxirs	occurs	fix	vii xviii xxviii It occxirs however more than once
3	fature	future	fix	call or cry The fature form of the verb
3	thp	the	fix	entirely appropriate This construction thp only one which gives
3	ihe	the	fix	To the Lord Jehovah ihe salvation which I need
3	thij	thy	fix	and temporary head On thij people be thy blessing
30	Grod's	God's	fix	ver and calls upon Grod's people to join in
30	thankftdness	thankfulness	fix	which he vows eternal thankftdness ver The occasion and
30	absoulte	absolute	fix	the house as an absoulte phrase can only mean
30	Wc		fragment	or permitted to re Wc by abandoning me to
30	ot-er	over	joinnext	does not properly mean ot er me but as
30	sufiiering	suffering	fix	of confidence Any severe sufiiering is represented in Scripture
30	aflGorded	afforded	fix	in the strongest terms aflGorded by the language The
30	merrvory	memory	fix	give thanks to the merrvory of his holiness The
30	Ms	his	divergent	For a moment in Ms wrath life in his
30	streyigth	strength	fix	established Thou didst confirm streyigth literally make it stand
30	inHezekiah's	eyes	divergent	in Ps lxxxviii and inHezekiah's psalm Isa xxxviii both
30	dumhy	dumb	fix	thee and not he dumhy Jehovah my God I
30	oi	of	fix	ensure it The use oi glory in the first
31	peH"ormance	performance	joinnext	as intended for musical peH ormance in the public
31	ormance	in	divergent	intended for musical peH ormance in the public worship
31	righteusness	righteousness	fix	for ever In thy righteusness deliter me or help
31	deliter	deliver	fix	ever In thy righteusness deliter me or help me
31	u'ilt	wilt	fix	thy name's sake thou u'ilt lead me and Cnduct
31	Cnduct	conduct	fix	u'ilt lead me and Cnduct me or provide for
31	rdii	xxiii	divergent	nature See above Ps rdii for the meaning of
31	Sast	Hast	fix	sees deliverance already present Sast known in the pangs
31	eufiered	suffered	fix	what he has already eufiered On the sinking or
31	Imees	knees	fix	the body as the Imees in Ps cix here
31	xms	was	divergent	all my adversaries I xms a reproach mid to
31	Pf	Ps	fix	them See above on Pf xxii In the second
31	sxv	xxv	fix	See Jer xix xxii sxv xlviii and compare Hos
31	oj	of	fix	I heard the slander oj many terror was all
31	missahib	missabib	fix	and the phrase magor missahib fear round about is
31	finistration	frustration	fix	defeat and disappointment and finistration of the hopes should
31	toasoretic	masoretic	fix	But usage and the toasoretic accents are in favour
31	Jceeping	keeping	fix	or favoured ones faith Jceeping is Jehovah and repaying
31	D''J'IO	warfare	divergent	The predominant usage of D''J'IO is in favour of
32	fijTst	first	fix	occasion to the fifty fijTst psalm The feelings here
32	beginniag	beginning	fix	The phrase at the beginniag Oh the happinesses of
32	weakenmg	weakening	fix	especially applied to the weakenmg effect of time they
32	tiine	time	fix	out In denotes both tiine and cause while I
32	fij	first	divergent	The future in the fij st clause cannot without
32	viidl	vital	fix	translated moisture i e viidl juice analogous to the
32	sdid	said	fix	did not conceal I sdid I will make confession
32	confes- Bion	confession	joinnext	said I will make confes Bion to Jehovah and
32	TDTl	precious	divergent	the true sense of TDTl see above on Ps
32	Ihou	Thou	fix	neither more nor less Ihou art a hiding place
32	wn		fragment	eye shall be u wn thee Some regard these
32	Sb	b	badwitness	title of the psalm Sb as if the instruction
32	abont	about	fix	instruction there promised was abont to be imparted makes
32	pn		fragment	a godly person O pn overtaken in transgression or
32	approachiny	approaching	fix	because of its not approachiny to thee The counsel
32	Mejoicein	Rejoice in	split	verb governs two accusatives Mejoicein Jehovah and exult ye
32	vyicked	wicked	fix	as opposed to the vyicked not the absolutely perfect
33	etjonologists	etymol	divergent	verb according to the etjonologists originally means to dance
33	Kev	ment	divergent	in the New Testament Kev V xiv Play well
33	Grenesis	Genesis	fix	of the creation in Grenesis This is especially apparent
33	Jeho'vah	Jehovah	fix	existence Compare Ps cxix Jeho'vah has annulled the counsel
33	Ihe	The	fix	have nothing to fear Ihe counsel of Jehovah to
33	Ms	his	divergent	creatures can succeed against Ms will no opposition of
33	afl'ect	affect	fix	of the creature can afl'ect the execution of his
34	ia	in	fix	advantage ver and contrasts ia the remainder of the
34	foiTQ	form	divergent	xxxii As to its foiTQ this is the second
34	jfrom	from	fix	Achish king of Gath jfrom whom he had reason
34	ansuered	answered	fix	sought Jehovah and he ansuered me and from all
34	thfe	the	fix	eminence the angel of thfe covenant and of the
34	hajipy	happy	fix	that Jehovah is good hajipy the man who will
34	yc	ye	fix	Ps ii Fear Jehovah yc his saints for there
34	Toung	PSALM	divergent	supplying their own wants Toung lions have lacked and
34	propefly	properly	fix	good The first verb propefly means grown poor or
34	hearkeit	hearken	fix	Isa xl Come sons hearkeit to me the fear
34	Viim	him	fix	whenever they cry to Viim for help he saves
34	octrine	doctrine	fix	in Isa xxxiv The octrine or promise of this
34	afi"orded	afforded	joinnext	proof of which is afi orded by their hatred
34	orded	by	divergent	of which is afi orded by their hatred of
34	as'guilty	as guilty	splitq	be recognised and treated as'guilty the opposite of that
34	punishjueut	punishment	fix	escape from guilt or punishjueut
35	pei-petual	perpetual	joinnext	with a promise of pei petual thanksgiving ver jSy
35	petual		fragment	a promise of pei petual thanksgiving ver jSy David
35	jSy	David	divergent	pei petual thanksgiving ver jSy David Oppose Jehovah my
35	UVh	tnb	divergent	passive form however that UVh means to fight its
35	huclder	buckler	fix	defence The shield and huclder seem to have been
35	cdya		fragment	identical with the Scythian cdya ig or battle axe
35	ig	or	handsoff	with the Scythian cdya ig or battle axe But
35	bliish	blush	fix	hack and made to bliish the devisers of my
35	eftorts	efforts	fix	in their hopes and eftorts The optative meaning of
35	Tl	ifih	handsoff	by the unambiguous form Tl in ver below The
35	jnerely	merely	fix	and viewing the case jnerely in itself apart from
35	afl		fragment	a prediction or the afl rmation of a general
35	rmation		fragment	prediction or the afl rmation of a general truth
35	xcithout	cause	divergent	me their pit fall xcithout cause they digged for
35	netpit	net-pit	hyphen	appears to be their netpit i e their pit
35	diteh	ditch	fix	making a pit or diteh Let ruin come upon
35	HKiti		fragment	is simpler to let HKiti B qualify the verb
35	Tn'm	him	divergent	qualify the verb let Tn'm fall with ruin i
35	hhnself	himself	fix	from one stronger than hhnself and the sufferer and
35	eveii	even	fix	in English by translating eveii the sufferer c But
35	bereavevient	bereavement	fix	me evil for good bereavevient to my sold If
35	iJ	The	divergent	the later word D iJ The last clause is
35	uertt	went	divergent	I went on or uertt about as a mourner
35	ief	as	divergent	with the deepest gi ief as for a friend
35	ITfp	j	badwitness	i The Hebrew word ITfp means squalid dirty in
35	beha		fragment	not silent With his beha iour to them in
35	iour	to	divergent	silent With his beha iour to them in their
35	D''D	D	badwitness	him The obscure word D''D has been variously explained
35	hii	liii	fix	criminals and smitten Isa hii i e afflicted But
35	Dy		fragment	with the cognate form Dy T HD Sam iv
35	HD	n	badwitness	cognate form Dy T HD Sam iv ix smitten
35	JRestore	Restore	fix	wilt thou look on JRestore my soul from their
35	hoio	how	fix	specially applied to time hoio much time how long
35	tibove	above	fix	of their species See tibove on Ps xxxiv My
35	sowZ	soul	divergent	xxxiv My lonely solitary sowZ See above on Ps
35	pre	pre	confirm	vii xxv and was pre eminently true of the
35	ioill	will	fix	land words of deceits ioill they devise The or
35	sufl'ered	suffered	fix	ought not to be sufl'ered to rejoice in the
35	ndw	now	fix	present they do so ndw and will do so
35	nKH	nan	divergent	in the last clause nKH seems to be a
35	Arotcse	PSALM	divergent	those of ver above Arotcse thee and awake for
35	covenantkeeping	covenant keeping	split	my sovereign and my covenantkeeping God for the vindication
35	yhich	which	fix	let not the events yhich befall me justify them
35	theni	them	fix	verse before us Let theni be ashamed and blush
35	rejoiceis	rejoicers	fix	and blush together the rejoiceis in my evil let
35	Contetnpt	Contempt	fix	and compare Job viii Contetnpt disgrace ignominy Making great
35	siyig	sing	fix	Let them shout or siyig and rejoice the desirers
35	thxj	thy	fix	all the day long thxj praise The and connects
36	of'human	of human	splitq	contains a strong description of'human depra ity ver The
36	depra		fragment	a strong description of'human depra ity ver The second
36	ity		fragment	strong description of'human depra ity ver The second contrasts
36	diflers	differs	fix	ver The first part diflers from the rest in
36	Dh		fragment	first word in Hebrew Dh J is a passive
36	TtitX	Tin	divergent	The usual combination is TtitX DW a dictum of
36	DW	fcfctt	divergent	usual combination is TtitX DW a dictum of Jehovah
36	Tn	Hrn	divergent	substituted in Sam xxiii Tn DS and the man
36	DS	tiO	divergent	in Sam xxiii Tn DS and the man there
36	rT		fragment	also in Prov xxx rT Di i both which
36	nirT	rrrr	divergent	but familiar version of nirT D in the English
36	yt	Ehb	divergent	of the next phrase yt l is determined by
36	rhUV	rrirp	divergent	the same preposition after rhUV can only indicate the
36	obiect	object	fix	can only indicate the obiect of address the saying
36	sytitax	syntax	fix	possible modification of this sytitax at all justified by
36	diflerent	different	fix	his eyes By a diflerent interpunction this sense may
36	fabe	false	fix	falsehood and deceit for fabe and deceitful adds to
36	snme	same	fix	his stand is the snme that occurred before in
36	Kighteousness	Righteousness	fix	thou wilt save Jehovah Kighteousness here means rectitude in
36	mxjuntains	mountains	fix	we obtain the sense mxjuntains of strength i e
36	precioiis	inccious	divergent	protecting and providing How precioiis is thy mercy God
36	afibrds	affords	fix	very fact that it afibrds protection to mankind meaning
36	tdlt	wilt	divergent	of thy pleasures thou tdlt water them or give
36	som	source	divergent	spring fountain head or som ce of life a
36	xxviiL	xxviii	fix	applications in Ps x xxviiL above Those knowing thee
36	consequenjce	consequence	fix	and as a necessary consequenjce loving thee since genuine
36	theybo	the	shrink	xxxv The mention of theybo suggests the ideas of
37	selfmih	self	shrink	means to heat one's selfmih anger It occurs only
37	abnost	almost	fix	the original verb being abnost always construed witb a
37	witb	with	fix	being abnost always construed witb a preposition Evil doers
37	erb	verb	fix	Prov ii x The erb feed in Hebrew as
37	reqii,ests	requests	joinnext	will give thee the reqii ests of thy heart
37	Tiii	viii	fix	future retribution Compare Eccles Tiii Pet iii Heb x
37	ieir		fragment	on Ps vii T ieir how often coupled with
37	fbr	for	fix	of a distinct form fbr the comparative degree which
37	iu	in	fix	etymology and its use iu Sam iv xiv Kings
37	hroJcen	broken	fix	the wicked shall he hroJcen The ambiguity of our
37	IViey	They	divergent	inheritance See Pet i IViey shall not be ashamed
37	D''l	d	badwitness	same sense by explaining D''l itself to media pastures
37	smohe	smoke	fix	by the mention of smohe in the same connection
37	erence		fragment	reason for the di erence of condition mentioned in
37	fluctuatipns	fluctuations	fix	fall in this life fluctuatipns and reverses are to
37	dxoellfor	dwell for	manual	and do good and dxoellfor evermore This is the
37	ungodlji	ungodly	fix	the fate of the ungodlji And the seed of
37	iatellectual	intellectual	fix	true religion in its iatellectual and moral aspects with
37	Eis	His	fix	in the right way Eis steps shall not swerve
37	Xzod	God	fix	at the bar of Xzod who will not and
37	wafe	was	fix	he was not he wafe no more there was
37	vjas	ivas	fix	of him and he vjas not found or as
37	cormnon	common	fix	the divine interposition The cormnon version for the end
37	tt	ri	divergent	the impossibility of making tt mean of that man
37	wTOUght	wrought	fix	righteous far from being wTOUght out hj themselves is
37	hj	by	divergent	from being wTOUght out hj themselves is from Jehovah
38	sorc	sore	fix	A SUFFERER in sorc distress of mind and
38	indica'ted	indicated	fix	description of the sufferings indica'ted by the general terms
38	flace	place	fix	there is no sound flace i e no spot
38	asserf	passed	handsoff	intolerable Gone over literally asserf i e surpassed exceeded
38	oy		fragment	he refers to his oy n foolishness or folly
38	TJ		fragment	much or unto extremity TJ D is originally a
38	bov)ed	bowed	joinnext	the words here translated bov ed down and moiirning
38	moiirning	mourning	fix	bov ed down and moiirning For my loins are
38	arej	are	fix	Isa v both verbs arej applied to the lion
38	effiect	effect	fix	however he describes the effiect upon his own feelings
38	easticard	eastward	fix	example Gen ii where easticard is in Hebrew from
38	tcait	ivait	fix	or life have laid tcait or laid snares for
38	rej^roofs	reproofs	joinnext	no replies The meaning rej roofs is a secondary
38	Becaui		fragment	in the next verse Becaui e for thee waited
38	Ip	pia	divergent	for life and as Ip i Jli means my
38	Jli		fragment	and as Ip i Jli means my enemies of
38	niay	may	fix	of falsehood W n niay mean my enemies of
38	Il''K	Ps	divergent	it Compare U S Il''K in Ps xvii above
39	yny	my	divergent	silenced with dumbness held yny peace from good and
39	icas	was	fix	good and my sorrow icas stirred The first clause
39	mg	my	fix	then spake I with mg tongue His compulsory silence
39	mij	my	divergent	Within me literally in mij inner part or inside
39	seerded	seemed	fix	outward indications Without all seerded calm and cool within
39	bnrn	burn	fix	transition The fire will bnrn or is about to
39	spajce	spake	fix	the laconic phrase I spajce I did what I
39	knovj	know	fix	manner Make me to knovj Jehovah my end and
39	HD	tlft	divergent	cease The indefinite pronoun HD has then the same
39	HD'		fragment	in the compound phrase HD' y until what point
39	oi	of	fix	in its primary sense oi duration or continued existence
39	Iiri	nn	divergent	the previous use of Iiri and its frequent usage
39	inay	may	fix	of feeling And now inay be strictly understood in
39	imbeUever	unbeliever	fix	of eminence the impious imbeUever See above on Ps
39	U'os	was	divergent	does not mean I U'os dumb i e at
39	bemg	being	fix	the judgments of God bemg sometimes represented as a
39	iJiou	thou	handsoff	With rebukes for iniquity iJiou dost chasten mtin and
39	mtin	many	divergent	iniquity iJiou dost chasten mtin and waste like the
39	JinDhA	tin	divergent	deduction of meanings in JinDhA is first argument then
39	condenmation	condemnation	fix	argument then conviction then condenmation then punishment See above
39	pomt	point	fix	come back to the pomt from which he started
39	nnt	not	fix	to my weeping be nnt silent for a stranger
39	lD		fragment	The parallel term li lD means one who has
39	aiu	away	divergent	than my fathers Look aiu ay from me and
39	upbefore	up before	manual	and let me cheer upbefore I go hence and
4	Chxon	Chron	fix	temple music in particular Chxon xv The psalm is
4	ect	him	divergent	of performance or dii ect him to perform this
4	senge	sense	fix	here used its emphatic senge as signifying men of
4	ajid	and	fix	and seek a lie ajid know be assured t
4	hiynself	himself	fix	hath set apart for hiynself for his own service
4	IDn	ion	handsoff	Hebrew word derived from IDn love to God or
4	godhj	PSALM	divergent	is altogether probable neither godhj nor any other single
4	ivUl	will	divergent	sovereign The Lord Jehovah ivUl hear in wj calUrKj
4	wj	my	divergent	Jehovah ivUl hear in wj calUrKj when I call
4	calUrKj	calling	divergent	ivUl hear in wj calUrKj when I call unto
4	hbn	him	divergent	when I call unto hbn The terms of the
4	wdll	will	fix	assured hope that it wdll be answ ered The
4	answ^ered	answered	joinnext	that it wdll be answ ered The address to
4	Lafic	Rage	handsoff	and his own feelings Lafic and sin not i
4	anrirtj	angry	divergent	the precept Be ye anrirtj and sin not seems
4	rar		fragment	difficult The English word rar e not only conveys
4	Saij	Say	fix	in the next clause Saij in your heart to
4	tipon	upon	fix	say in your heart tipon your bed i e
4	riyhteonsness	righteousness	fix	or sacrifice sacrifices of riyhteonsness i e righteous sacrifices
4	sayiny	a	divergent	advantages Many there are sayiny Who will shew us
4	yood	good	fix	Who will shew us yood This may be in
4	oif	of	fix	to the anxious fears oif his companions in misfortune
4	askmg	asking	fix	that they are continually askmg Who will shew us
4	yood	good	fix	Who will shew us yood who will shew us
4	obtaiu	obtain	fix	and how we may obtaiu it In contrast with
4	liyht	light	fix	Lift upon us the liyht of thy countenance O
4	snch	such	fix	destitute he possessed in snch a measure that the
4	yiven	given	fix	temporal advantages Thou hast yiven gladness in my heart
4	Terbial	joy	handsoff	either to the pro Terbial joy of harvest and
4	Ahne	Alone	fix	perfect keeping with ver Ahne may be connected with
4	ij		fragment	occasion of the psalm ij e sentiment is so
4	cUseof	case of	split	unforced application to the cUseof every suffering believer and
40	icnto	clined	divergent	he lowed or inclined icnto me and heard my
40	truk	trust	fix	shall fear and shall truk in Jehovah In this
40	Xy	y	handsoff	see and ear i Xy and INly' The ear
40	Tlxoughts	Thoughts	fix	above Ps ix xxvi Tlxoughts purposes and in this
40	inlpossible	impossible	fix	know it to be inlpossible The idea conveyed by
40	offcriny	offering	fix	Burnt offering and sin offcriny thou hast not asked
40	com	corn	fix	those secondary offerings of com oil wine and incense
40	animnl	animal	fix	great kinds of offering animnl and vegetable The parallel
40	hooJc	book	divergent	the volume of the hooJc it is written of
40	qf	of	fix	Law of Moses Written qf me is by some
40	pre	pre	confirm	all genuine obedience is pre eminently true of that
40	Jcnowest	knowest	fix	not restrain Jehovah thou Jcnowest or hast known The
40	jayytki'		fragment	to the Greek t jayytki' o iai to announce
40	iai	good	divergent	Greek t jayytki' o iai to announce good news
40	clauso	clause	fix	allusion to the last clauso of ver as if
40	seemg	seems	fix	a prayer as it seemg to be in the
40	viithhold	withhold	fix	that thou wilt not viithhold c Here again there
40	aTjove	above	fix	must be emphatic See aTjove on Ps ii Thy
40	overtaJcen	overtaken	fix	number my sins have overtaJcen me and I am
40	reiuard	reward	fix	common version or a reiuard of their shame seems
40	ine	me	divergent	think respecting or concerning ine i e remember me
41	Avisely	wisely	fix	Happy the man acting Avisely towards the poor as
41	rospered		fragment	alive he shall be rospered in the land and
41	tyS	nr	divergent	Prospered the Hebrew verb tyS orignally means led straight
41	ll	nrfco	divergent	in the Hebrew Bible ll K only differs from
41	Imow	know	divergent	will do so I Imow him too well to
41	fiddition	addition	fix	includes but something in fiddition The construction his heart
41	occurence	occurrence	fix	Hebrew idiom of perpetual occurence In our idiom it
41	iTJ		fragment	of the Hebrew word iTJ I a modified form
41	obj'ect	object	fix	explicit by mentioning the obj'ect of their plots namely
41	oi	of	fix	not unfrequent idiomatic sense oi thing affair Sam x
41	cleaveih	cleaveth	fix	English Bible renders it cleaveih fast unto him and
41	bountj	bounty	fix	and subsisting on my bountj while he omits the
41	spitefal	spiteful	fix	as distinguished from these spitefal enemies He here resumes
41	thi	this	fix	help me up from thi bed of weakness and
41	Kom	Rom	fix	down in Mat v Kom xii Compare Pet ii
41	Kom	Rom	fix	Paul's directions Prov xxv Kom xii Lastly the rule
41	knoun	known	fix	By this have I knoun that thou hast delighted
41	yir	firm	fix	Hebrew verbal adjective meaning yir sure certain true It
41	tnie	true	divergent	use right good and tnie itself for the same
41	isdivided	is divided	split	into which the Psalter isdivided See below on Ps
42	dtical		fragment	These were a Le dtical family of singers Chron
42	waterbrooks	water-brooks	hyphen	want Streams of water waterbrooks See above on Ps
42	whUe	while	fix	the time of saying whUe it is said Or
42	Joelii	Joel ii	split	lxxi cxv and compare Joelii The words of Shimei
42	tximult	tumult	fix	with festive noise or tximult This is the only
42	hese	These	fix	of the preterite forms hese things not his former
42	dmvn	down	divergent	Why art thou cast dmvn my soul and why
42	vrilt	wilt	fix	wilt thou he Why vrilt thou persevere in this
42	AUeghanies	Alleghanies	fix	like the Alps the AUeghanies c In either case
42	jyrayer	prayer	fix	song with me a jyrayer to the God of
43	Jlead	plead	fix	Ps x xxvi And Jlead my cause literally strive
43	iil		fragment	The word nations D iil being constantly applied to
43	Kev	Rev	fix	disgust or loathing Compare Kev iii Why do I
43	shalll	shall	handsoff	go or more exactly shalll mmt I go i
43	mmt	I	handsoff	or more exactly shalll mmt I go i e
43	diflerent	different	fix	e go about in diflerent directions The verb is
43	insuflicient	insufficient	fix	itself would have been insuflicient to express the whole
43	crrt	art	fix	the supreme God Why crrt thou cast doun literally
43	doun	down	fix	Why crrt thou cast doun literally why tcilt thou
43	tcilt	wilt	fix	cast doun literally why tcilt thou deject thyself implying
43	wpon	upon	fix	xlii Within me literally wpon me as if his
44	psabn	psalm	fix	sense in which the psabn is ascribed to the
44	totheir	to their	split	have given them up totheir enemies ver Yet Israel
44	suord	sword	fix	For not with heir suord did they possess the
44	tlicmselves	themselves	fix	and spoliation Spoiled for tlicmselves not merely for their
44	auduleutiy	towards	divergent	lying or acting fi auduleutiy towards another See also
44	unfaithftdness	unfaithfulness	fix	In spite of his unfaithftdness Israel still claimed to
44	havds	hands	fix	God and spread our havds io a strange God
44	u'e	we	divergent	Because for thee have u'e been kilted all the
44	atiection	affection	fix	as well as warm atiection Such an address would
44	afflictiori	affliction	fix	word translated suffering or afflictiori is generic and includes
44	Hise	Rise	fix	deep depression and debasement Hise a help for us
45	entirel	entirely	fix	reader seem to be entirel secular in theme and
45	veiy	very	fix	it is so this veiy fact affords a cogent
45	subjetit	subject	manual	have respect to the subjetit or contents and that
45	soiuj	song	handsoff	See below ver A soiuj of loves would seem
45	impljang	implying	fix	as a spiritual adultery impljang a conjugal relation between
45	ih	in	fix	bubbling up of water ih a fountain It is
45	overfloiuing	overflowing	fix	accents My heart is overfloiuing with a good word
45	iiriter	writer	fix	ready scribe or rapid iiriter Ezra vii Although particular
45	jpoured	poured	fix	of man grace is jpoured into thy lips therefore
45	Orace	Grace	fix	of delightful captivating speech Orace in Hebrew as in
45	woBDS	words	fix	and wondered at the woBDS OF GRACE proceeding out
45	Uii	liii	fix	prosper as in Isa Uii but it seems best
45	fami- Uarly	familiarly	joinnext	or as we say fami Uarly to go ahead
45	Uarly	to	divergent	as we say fami Uarly to go ahead By
45	occm's	occurs	fix	where the Hebrew phrase occm's it is evident that
45	combm	combinations	divergent	are in the familiar combm ii ons on account
45	yeracity	veracity	fix	of truth i e yeracity as opposed to fraud
45	humilityrighteousness	humility-righteousness	hyphen	literal translation would be humilityrighteousness right asserted in humility
45	arroios	arrows	fix	and to conquer Thine arroios are sharp nations under
45	ungi-ammatical	ungrammatical	joinnext	are forced if not ungi ammatical constructions and by
45	ammatical		fragment	forced if not ungi ammatical constructions and by far
45	digiiity	dignity	fix	and especially of royal digiiity See above on Ps
45	eady	manifested	divergent	to him as ah eady manifested and familiar The
45	D''ilD	a	divergent	as a contraction of D''ilD a word meaning strings
45	alsa	also	fix	Ps xliv lxviii See alsa Judges V and Isa
45	Ux	lix	fix	to that in Isa Ux according to their deeds
45	mves	wives	fix	specially applied to the mves of kings particularly those
45	pre	pre	confirm	Messiah and as such pre eminent among the nations
45	hv	liv	fix	for example Isa xlvii hv Jer xlvi Hear daughter
45	Icind	kind	fix	before us utters a Icind of nuptial exhortation to
45	mamage	marriage	fix	to the law of mamage in Gen ii and
45	mconsistent	inconsistent	fix	king desire c is mconsistent with the form of
45	Urst	first	fix	harsh construction of the Urst words and the constant
45	dau(.hter	daughter	joinnext	the nations or the dau hter of Tyre even
45	hter	of	divergent	nations or the dau hter of Tyre even the
45	cowj	her	divergent	virgins behind her her cowj anions brought unto thee
45	soTia	sons	divergent	bUt between fathers and soTia in particular Nor does
45	Geh	Gen	fix	and distinguished offspring See Geh xxiv Ruth iv This
46	paiiicular	particular	fix	its origin to any paiiicular historical occasion of which
46	whicn	which	fix	stronghold or fortified place whicn figure is expressly used
46	beeii	been	fix	He has proved literally beeii found i e by
46	TTie	The	fix	Zech xiv Rev xxii TTie city of God i
46	Ood	God	fix	for us is the Ood of Jacob Selah This
47	TVTiat	What	divergent	power over other nations TVTiat h has done is
47	Mai	Mai	confirm	Whom he loved See Mai i and compare Ps
47	IIDT	l	badwitness	is a single word IIDT which means to praise
47	maachil	maschil	fix	is God Perform a maachil i e sing and
47	icith	with	fix	version sing ye praises icith understanding which is also
47	aXarg	Uare	handsoff	that of the Septuagint aXarg avviTu the Vulgate psallite
47	avviTu	owsjibg	divergent	of the Septuagint aXarg avviTu the Vulgate psallite sapienter
48	shir	shir	confirm	the addition of song shir which commonly denotes a
48	knoum	known	fix	in her palaces is knoum for a refuge In
48	kxvi	lxxvi	fix	See below on Ps kxvi For lo the kings
48	ioon	soon	fix	in Isa lv As ioon as they saw the
48	ia	in	fix	Palestine ii The comparison ia the last clause is
48	ia	in	fix	is a common one ia Scripture to denote intense
48	ISelah	Selah	fix	confirm it to eternity ISelah What they had heard
48	chm	church	divergent	with respect to the chm ch of which the
48	Ihy	thy	fix	See Chron xx As Ihy name O God so
48	aijd	and	fix	of this particular deliverance aijd as a type or
48	Ht	nt	handsoff	construction of the pronoun Ht this is our God
49	iinus	coincidence	handsoff	The inscription to the iinus of Korah is consistent
49	com	compare	fix	See below Ps and com are Isa i The
49	bi-other	brother	joinnext	rich man and his bi other The soul or
49	fu'st	first	fix	usual construction of the fu'st words when he sees
49	miay	may	fix	die and perish there miay be an intentional allusion
49	Likeuise	Likcicisc	badwitness	the wise and foolish Likeuise or more hterallj together
49	hterallj	literally	fix	foolish Likeuise or more hterallj together at the same
49	jdelds	yields	fix	here retained because it jdelds a good sense and
49	mth	with	fix	of man's real frailty mth his imaginary permanence As
49	rifiii	j	badwitness	the corresponding Greek word rifiii It here includes all
49	hfosCs	beasts	divergent	it rather signifies wild hfosCs It is bettc therefore
49	bettc	better	fix	wild hfosCs It is bettc therefore to give it
49	tbeir	their	fix	a permanent enjoyment of tbeir present pleasures when about
49	whofolloio	wlio	badwitness	case before us They whofolloio them their imitators their
49	oss	folly	divergent	that notwithstanding the gi oss folly of such sinners
49	roifMaivu	tioiuuIpw	divergent	its synonyme in greek roifMaivu we have no exact
49	anotter	another	fix	to himself or to anotter as the person most
49	eonjunction	in	divergent	Ps xxx di The eonjunction in the first clause
49	eff'ects	effects	fix	includes all the sensible eff'ects of riches as a
49	WhUe	While	fix	anything i e nothing WhUe the words therefore certainly
49	iopraise	to	handsoff	to thank and then iopraise in general See above
49	doefet	doest	fix	praise thee because thou doefet good to thyself Or
49	iu	in	fix	progenitors or his predecessors iu the same way of
49	undentandeth	understandeth	fix	is in honour ani undentandeth not is likened to
49	yh''		nowitness	in a single letter yh'' in consequence of which
5	agjain	again	fix	same ground afresh asking agjain to be protected from
5	Kefiinoth	Neginoth	fix	instruments in general as Kefiinoth in the title of
5	ol	of	fix	sung to an accompaniment ol flutes or wind instruments
5	cryiny	crying	fix	the voice of my cryiny or my cry for
5	railriSia	na	divergent	a specimen of that railriSia or freedom of speech
5	Hcb	Heb	fix	as the Old Testament Hcb iv x John ii
5	vdll	will	divergent	only opposed to God's vdll but repugnant to his
5	riyhteousness	righteousness	fix	me safely in thy riyhteousness i e in the
5	straiyht	straight	fix	may not triumph make straiyht be ore my face
5	is'less	is less	splitq	variance with scriptural usage is'less suited to the context
5	lQ	their	divergent	Ps xxx i cxli lQ from their plans i
5	theip	their	fix	presence and down from theip present exaltation For they
50	risiny	rising	fix	the earth from the risiny of the sun unto
50	Crod	God	fix	next word the Mighty Crod but a substantive in
50	accompamdng	accompanying	fix	as a religious rite accompamdng solemn compacts See Gen
50	ical	or	divergent	symbol of the t ical or ceremonial system And
50	rectit}ide	rectitude	joinnext	witnesses of God's judicial rectit ide or he hi
50	iiself		fragment	ide or he hi iiself and not a delegated
50	icill	I	divergent	Let me speak or icill speak the peculiar form
50	Irutes'm	brutes	handsoff	the second leasts or Irutes'm general See above on
50	metonjTny	metonymy	fix	and by a natural metonjTny that which lives and
50	exhortaton	exhortation	fix	This is not an exhortaton to offer thanks or
50	uvrds	words	fix	and hast cast my uvrds behind thee The very
50	Kom	Rom	fix	thou not thyself c Kom ii If thou sawest
50	thrj	thy	fix	with adulterers has been thrj portion The first clause
50	TIiou	Thou	fix	broken or reformed hereafter TIiou wilt sit and against
50	refen-ed	referred	joinnext	precedes and the imagining refen ed to was a
50	fiom	Irom	badwitness	words are all borrowed fiom ver to which there
51	ordy	only	divergent	it To thee thee ordy have I sinned and
51	crinie	crime	fix	Even murder the highest crinie that can be committed
51	farts	parts	fix	the inward or secret farts and in the hidden
51	siocerity	sincerity	fix	me heavenly wisdom Truth siocerity reality as opposed to
51	answws	answers	fix	i The last verb answws to the English whiten
51	sutFering	suffering	fix	apparent neglect of his sutFering servants his refusal to
51	impurit	impurity	fix	involves a confession of impurit and of dependence on
51	pm		fragment	for its removal A pm e heart ia a
51	ia	is	fix	A pm e heart ia a familiar Scriptural figure
51	interrrupted	interrupted	fix	but from grace and interrrupted by his yielding to
51	aivaij	away	divergent	xlix Cast me not aivaij from thy presence and
51	Sjnrit	Spirit	fix	presence and thy Holy Sjnrit take not from me
51	ayain	again	fix	unless we arbitrarily supply ayain or for ever seems
51	sjnrit	spirit	fix	and with a willing sjnrit uphold me The first
51	aesires	desires	fix	to God's will he aesires and hopes to be
51	transgressrs	transgressors	fix	Then will I teach transgressrs thy ways and sinners
51	lij		fragment	imperative open thou my lij s The exact form
51	afibrding	affording	fix	to praise thee by afibrding an occasion and empower
51	burntoffering	burnt-offering	hyphen	I give it in burntoffering thou delightest not He
51	oi	of	fix	the first the sense oi thank offerings which are
51	JeriLsalem	Jerusalem	fix	build the walls of JeriLsalem From his own personal
51	burntoffering	burnt-offering	hyphen	with sacrifices of righteousness burntoffering and holocaust then shall
52	Do'eg	Doeg	fix	Ps iv h When Do'eg the Edomite came and
52	particulardivine	particular divine	split	the mighty God The particulardivine name here used therefore
52	signiiicant	significant	fix	used therefore is peculiarly signiiicant See above on Ps
52	periodicstyle	periodic style	split	conclusion from it In periodicstyle the connection of the
52	swallotvinrf	swallowing	fix	words literally words of swallotvinrf or deglutition The second
52	tongice	tongue	fix	or even a deceitful tongice But it adds to
52	personæ	personae	fix	foregoing context The enallage personæ may be avoided by
52	Mis	His	fix	above on Ps xl Mis strength or more exactly
52	oi		nowitness	in the adverbial sense oi for ever and ever
52	neare	nearer	fix	thee but with the neare antecedent will wait for
53	uponMahalath		nowitness	To the Chief Musician uponMahalath Maschil hy David Between
53	Tyy		fragment	of ly iniquity for Tyy J deed or act
53	almogt	almost	fix	places by two verbs almogt identical in form ID
53	compresed	compressed	fix	where two verses are compresed into one and the
54	IJ		fragment	of the reflexive participle IJ DDD which remains unchanged
54	DDD		fragment	the reflexive participle IJ DDD which remains unchanged in
54	Jzidge	Judge	fix	expression might or power Jzidge me do me justice
54	miiy'	mffli	divergent	reading in the text miiy' which the modern critics
55	iu	in	fix	will suffer to wander iu my thinking i e
55	oui	English	divergent	be expressed thus in oui idiom hoiTor hath covered
55	hoiTor	oh	divergent	thus in oui idiom hoiTor hath covered me so
55	bnt	but	fix	the place of action bnt the act itself My
55	ob\'ious	obvious	joinnext	the other is more ob ious and simple and
55	ious	and	divergent	other is more ob ious and simple and is
55	hnithemselves	but	divergent	is not their tongue hnithemselves Divide their tongue i
55	icill	I	divergent	and if it is icill bear it and if
55	ol	of	fix	denoting the official estimation ol the priest in certain
55	mysSlf	myself	fix	whom I value as mysSlf More probably however it
55	riytfiw	y	badwitness	the ancient versions LXX riytfiw Vulg dux Acquaintance seems
55	rf		fragment	masoretic reading S J rf i but the best
55	Dto	frifc	divergent	reading in the text Dto which instead of a
55	SJteol	Sheol	fix	or impending over them SJteol the grave the state
55	nccossary	necessary	fix	sin and as a nccossary consequence cannot feai God
55	feai	fear	fix	a nccossary consequence cannot feai God The grammatical structure
55	Pd	Ps	fix	prosperity See above on Pd x xvi c And
55	doion	down	fix	God wilt bring them doion to the pit of
55	ofhlood	of	divergent	pit of corruption men ofhlood and fraud shall not
55	nntiO	nnri	handsoff	The next word is nntiO a derivative of the
55	oi	of	fix	or destroy The sense oi pit as if derived
55	ri		fragment	as in the Septuagint ri MiOiueuai and Vulgate dimidiabunt
55	MiOiueuai		fragment	in the Septuagint ri MiOiueuai and Vulgate dimidiabunt The
56	Jonath	Jonath	handsoff	the Chief Musician Upon Jonath elem rehokim By David
56	elem		fragment	Chief Musician Upon Jonath elem rehokim By David Michtam
56	rehokim		fragment	Musician Upon Jonath elem rehokim By David Michtam When
56	Jonath	Jonath	handsoff	in the obscure phrase Jonath elem rehokim in which
56	elem		fragment	the obscure phrase Jonath elem rehokim in which the
56	rehokim		fragment	obscure phrase Jonath elem rehokim in which the first
56	proljably	probably	fix	I am afraid and proljably belonging to the dialect
56	icord	word	fix	I will praise his icord in God I have
56	tcill		nowitness	in the English Bible tcill not fear what flesh
56	icords	words	fix	All the day my icords they icrest against me
56	icrest	wrest	fix	day my icords they icrest against me are all
56	jjaiV	pain	divergent	means strictly vex or jjaiV but is here used
56	injmy	injury	fix	evil tending to my injmy They will gather they
56	svill	will	fix	combine against me They svill hide themselves or their
56	inteiTogative	interrogative	fix	it for deliverance The inteiTogative construction commonly adopted ought
56	icandcrings	wanderings	fix	See Gen xxvii My icandcrings thou least told put
56	Yery	very	fix	country designated by this Yery word The Land of
56	oj	of	fix	more than the land oj his banishment or exile
56	wanderiny	wandering	fix	by the word for wanderiny Tj or lij which
56	Tj	ia	divergent	the word for wanderiny Tj or lij which is
56	lij	Tia	divergent	for wanderiny Tj or lij which is almost identical
56	iXi	naa	divergent	with that for bottle iXi The latter strictly means
56	memorj'	memory	fix	figurative expression for the memorj' itself Compare Mai iii
56	Mai	Mai	confirm	the memorj' itself Compare Mai iii Then shall my
56	ene^nies	enemies	joinnext	iii Then shall my ene nies turn back in
56	nies		fragment	Then shall my ene nies turn back in the
56	crj'	cry	fix	I shall call or crj' as follows this I
56	uvrd	word	divergent	will j raise his uvrd But on the whole
56	thanksgiviny	thanksgiving	fix	vows I will pay thanksgiviny unto thee The first
57	tashheth	tashheth	confirm	The enigmatical inscription Al tashheth destroy not reappears in
57	vn		fragment	prayer in his o vn behalf This psalm is
57	similiarity	similarity	fix	Hence too the striking similiarity in sentiment and form
57	mercifid	merciful	fix	one before it Be mercifid unto me O God
57	GodvMl	God	handsoff	the devourer reviles Selah GodvMl send his mercy and
57	Tphrase	phrase	fix	on Ps lvi The Tphrase pressed doum is borrowed
58	tashheth	tashheth	confirm	the Chief Musician Al tashheth By David Michtam See
58	mesimng	meaning	fix	is a plural noun mesimng equities or rectitudes See
58	oi	of	fix	term but the object oi the verb judge as
58	sofis	sons	fix	address to them as sofis of man reminds them
58	iyiiquities	iniquities	fix	responsibility Nay in heart iyiiquities ye practise in the
58	inMicah	in Micah	split	or contrive it as inMicah ii leaving the execution
58	hirih	birth	fix	go astray from their hirih speaking lies The first
58	pioison	poison	fix	subject G There is pioison to them like ihe
58	ihe	the	fix	pioison to them like ihe poison of a serpent
58	jc	furor	divergent	ancient versions m i jc furor and agi ees
58	agi		fragment	i jc furor and agi ees well with the
58	ees		fragment	jc furor and agi ees well with the popular
58	emphaticallyy		fragment	say like but more emphaticallyy sf like As to
58	sf		fragment	like but more emphaticallyy sf like As to the
58	lause		fragment	in the second i lause of ver all that
58	mxitterers	mutterers	fix	properly means whisperers or mxitterers in allusion to familiar
58	originalh'	originally	fix	commonly supposed to signify originalh' tying knots with a
58	fiom	from	fix	lions not mere whelps fiom which they are distinguished
58	TUQdiD	mean	divergent	Some understand it to TUQdiD for themselves i e
58	etymolog	etymology	fix	tradition and a doubtful etymolog The point of comparison
58	inidst	midst	fix	men away in the inidst of their employments This
58	nnnatural	unnatural	fix	speech will seem less nnnatural if we sQppose the
58	sQppose	suppose	fix	less nnnatural if we sQppose the process of cooking
58	WTath	wrath	fix	the tempest of divine WTath carries you away whether
58	xei^geance	vengeance	joinnext	because he has seen xei geance his steps he
58	geance		fragment	he has seen xei geance his steps he shall
58	Orod	God	fix	these earthly representatives of Orod are so unfaithful there
58	jother	other	fix	the justice exercised by jother beings See above on
59	suiferer	sufferer	fix	substantially the same A suiferer complains of treacherous and
59	niin	ruin	divergent	and confidently anticipates their niin ver In the second
59	tashheth	tashheth	confirm	the Chief Musician Al tashheth By David Michtam When
59	ot	for	divergent	me strong ones n ot for my transgression and
59	aiid	and	fix	respond to my petition aiid see my danger and
59	Uiiquity	iniquity	fix	not all traitors of Uiiquity Selah The accumulation of
59	lijjs	lips	fix	swords are in their lijjs for who is hearing
59	wdcked	wicked	fix	the language of these wdcked foes who are then
59	tmto	unto	divergent	impotent malignity His strength tmto thee will I keep
59	VTp	i	divergent	the text M for VTp and read my strength
59	luait	wait	fix	the enemy's will I luait wpon thee According to
59	wpon	upon	fix	enemy's will I luait wpon thee According to the
59	G'of	God	fix	ix xviii xlvi My G'of with his mercy will
59	icill	will	fix	will meet me God icill make me to gaze
59	primraiy	primary	fix	prevent me in the primraiy and proper sense of
59	hythy	by	divergent	forget make them wander hythy power and bring them
59	T'hey	They	fix	speak without committing sin T'hey shall he taken caught
59	rvrath	wrath	fix	of concerning Consume in rvrath consume them and let
59	knoio	know	fix	more and let them knoio that God is ruling
59	nnto	unto	fix	is ruling in Jacob nnto the ends of the
59	ia	in	fix	city The first word ia Hebrew is a simple
59	findmg	finding	fix	not being satisfied not findmg what they seek they
59	suflering	suffering	fix	morning as emblems of suflering and relief Compare the
6	diff'ers	differs	fix	same time this psalm diff'ers wholly from the others
6	rehukc	rebuke	fix	not in thine anger rehukc me and do not
6	oflender	offender	fix	and reproof of an oflender in words but are
6	Jcr	Jer	fix	punishment like that in Jcr x but for its
6	sufliering	suffering	fix	The description of his sufliering is then interrupted by
6	veorld	world	fix	it meaning the unseen veorld or state of the
6	efl'ect	effect	fix	will be answered The efl'ect is like that of
6	Buflferer's	sufferer's	fix	a whisper in the Buflferer's ear while still engrossed
6	vdth	with	divergent	ear while still engrossed vdth his distresses to assure
6	viy	my	divergent	terror shall he all viy enemies The desire that
60	ibutary	to	divergent	this country was ti ibutary to the king of
60	Kobinson's	Robinson's	fix	Israel and Edom See Kobinson's Palestine vol ii p
60	dift'erent	different	fix	might easily arise from dift'erent modes of computation and
60	iis	us	divergent	thou wilt restore to iis thy favour or our
60	prosi)erity	prosperity	joinnext	favour or our previous prosi erity Clear as the
60	erity		fragment	or our previous prosi erity Clear as the marks
60	TJiov	Thou	divergent	object Compare Isa lviii TJiov hast made the earth
60	lliou	Thou	divergent	removal of the cause lliou hast made thy people
60	ralljang	rallying	fix	a signal as a ralljang point and an assurance
60	DJJ	Dp	divergent	thy engagements The word DJJ translated banner means anything
60	Ihe	The	fix	into his very citadel Ihe fenced city literally city
60	pp	pp	confirm	Robinson's Palestine vol ii pp The past tense in
60	offf	off	fix	thou not cast us offf But it seems better
60	afibrds	affords	fix	the deliverance which man afibrds The causal particle or
60	stz'ongly	strongly	fix	but the latter is stz'ongly recommended by its occurrence
61	Daoid	David	fix	an instrumental accompaniment of Daoid The peculiar form of
61	Ood	God	fix	xxxvi For thou O Ood hast heard or hearkened
61	ujjon	upon	fix	first clause strictly means ujjon and suggests the idea
61	preserveing	preserving	fix	messengers or agents in preserveing his Anointed So will
62	TJ		fragment	the first word C TJ is characteristic of the
62	oi	of	fix	its strict exclusive sense oi only See above on
62	micch	much	fix	from my firm position micch or greatly The adverbial
62	yuu	you	fix	murder him all of yuu combined against a single
62	considt	consult	fix	from his elevation they considt to thrust him and
62	deliyht	delight	fix	to this end they deliyht in falsehood with his
62	irill	will	fix	with their mouths they irill bless and in their
62	tiiey	they	fix	or with their heart tiiey will curse Selah The
62	ny	my	fix	its source and author ny high place refuge or
62	vn		fragment	upon which my o vn strength rests my hiding
62	mvself	myself	fix	protection that I hide mvself from all my enemies
62	meabs	means	fix	The word translated wealth meabs strictly strength or power
62	whenwealth	when wealth	split	some understand it here whenwealth increases take no notice
62	mto	unto	fix	unto God and that mto thee O Lord belongeth
62	prononn	pronoun	fix	sense or application The prononn T in ver may
62	dd		fragment	the psalms of Da dd and indicates a growing
63	Bimilarity	similarity	fix	with the strong internal Bimilarity of this psalm to
63	vvj	my	divergent	might be translated here vvj Mighty One The very
63	intei-pretation	interpretation	joinnext	the obvious and usual intei pretation or when restored
63	pretation		fragment	obvious and usual intei pretation or when restored to
63	marrov	marrow	fix	xxviii G As with marrov and fatness shall my
63	fZ		fragment	soul he satisfied ar fZ with lips of rejoicing
63	moiith	mouth	fix	of rejoicing shall my moiith praise thee He continues
63	rejoicinr		fragment	every kind Lips of rejoicinr s may denote either
63	Wheji	When	fix	above on Ps v Wheji I rememler thee upon
63	rememler	remember	fix	Ps v Wheji I rememler thee upon my bed
63	tJwc	thee	divergent	My soul cleaves after tJwc thy right hand holds
63	seekino	seeking	fix	they still persist in seekino it they will do
63	constiaiction	construction	fix	sense by a different constiaiction they shall come to
63	ior	for	fix	the common Hebrew word ior foxes but is used
63	thiswere	this were	split	xxv Sam xi If thiswere the true grammatical construction
64	favom-ite	favourite	joinnext	wicked men is a favom ite expression of David's
64	ite		fragment	men is a favom ite expression of David's See
64	hx	lix	fix	on Ps hi lvii hx Strung their arrow literally
64	jperfect	perfect	fix	Ps x xi The jperfect the sincere and upright
64	Iruit	fruit	fix	because it is the Iruit of mutual discourse and
64	hx	lix	fix	us Compare Ps X hx They search out iniquities
64	imvard	inward	fix	consummate plan and the imvard thought and heart of
64	VH	p	badwitness	on others have become VH their own When they
64	owti	own	fix	upon them comes their owti tongue all shall flee
64	menfear	men fear	split	Num xvi And all menfear and pronounce if God's
64	eifect	effect	fix	heart Having described the eifect of the divine interposition
64	afl'ect	affect	fix	shews how it will afl'ect the righteous In Jehovah
65	Bij	By	divergent	Chief Musician A Psalm Bij David A Song i
65	righteousyiess	righteousness	fix	compound term like humility righteousyiess in Ps xlv meaning
65	Hapjyy	Happy	fix	mentioned in the first Hapjyy he whom thou wilt
65	hrivg	bring	fix	thou wilt choose and hrivg him near i e
65	indi		fragment	former was only an indi ddualization of the church
65	ddualization		fragment	was only an indi ddualization of the church or
65	Fearfid	Fearful	fix	church or chosen people Fearfid things in righteousness thou
65	laiid	land	fix	their trust Earth or laiid and sea are put
65	metaphoricall	metaphorically	fix	earth He is then metaphoricall represented as girded or
65	teiTQS	terms	handsoff	he adds in express teiTQS the tumult of nations
65	thtis	thus	fix	prepare their corn for thtis thou dost prepare it
65	futm		fragment	the transition to the futm e is entirely natural
66	thanksgi		fragment	pledge or promise of thanksgi ing ver The resemblance
66	tojhee	to	handsoff	shall thine enemies lie tojhee Here begin as some
66	worhs	works	fix	dispensation Go see the worhs of God fearful in
66	hj	by	divergent	would have been expressed hj come The meaning may
66	ll		fragment	place where the word ll yDD occurs He turned
66	yDD		fragment	where the word ll yDD occurs He turned the
66	obvions	obvious	fix	him There is an obvions allusion to the crossing
66	ridiuff	riding	fix	to be that of ridiuff on us as a
66	esistible	impulse	divergent	spoke from some in esistible impulse and thus suggesting
66	faraihar	familiar	fix	and hastily uttered was faraihar to the ancients may
66	itw	praise	divergent	I called and high itw exaltation was under my
66	DDi	here	divergent	cxlix the Hebrew word DDi is probably a noun
66	Bni	But	divergent	in the next verse Bni verily God hath heard
67	compai		fragment	on Ps lxii and compai e Isa ii The
67	restriciton	restriction	fix	most explicit manner all restriciton The earth or land
67	entirelygratuitous	license	divergent	as a future is entirelygratuitous and therefore ungranimatical Correctly
67	ungranimatical	ungrammatical	fix	is entirelygratuitous and therefore ungranimatical Correctly rendered it affords
68	resemblence	resemblance	fix	of Jehovah ver The resemblence of this last part
68	HD	ffiQip	divergent	change of the imperative HD into a future D'lpl
68	D'lpl	E	badwitness	HD into a future D'lpl shewing that this verse
68	waa	wax	fix	wilt drive them as waa is melted before fire
68	erhh		fragment	the wicked shall j erhh before God The form
68	Mai	Mai	confirm	and compare Isa xl Mai iii The common version
68	oriihans	orphans	fix	glorious visitor Father of oriihans and judge of widows
68	ifihabit	inhabit	fix	enjoyments only rebels still ifihabit a dry land or
68	itseJf	itself	fix	and the version Sinai itseJf is unauthorised by usage
68	theopany	theophany	fix	terrible phenomena attending the theopany at Sinai See Exod
68	Tlty	Thy	fix	it was most needed Tlty flock hath dwelt therein
68	orafilicted	or	divergent	a sufferer a wretched orafilicted one The Lord will
68	heticeen	between	fix	When ye He down heticeen the borders ye shall
68	oj	of	fix	be like the wings oj a dove covered with
68	Ezekel	Ezekiel	manual	only here and in Ezekel xl where it is
68	obsciire	obscure	fix	where it is equally obsciire and the cognate forms
68	winereeling	wine-reeling	hyphen	hills Compare the phrase winereeling Ps lx The plural
68	rejyetition	repetition	fix	strictly means thousands of rejyetition or reduplication i e
68	Capticred	Captured	fix	Ps xviii xciii cii Capticred a captifity i e
68	captifity	captivity	fix	xciii cii Capticred a captifity i e taken captive
68	amoncr	among	fix	the conqueror are distributed amoncr his followers To receive
68	otlaer	other	fix	bestow gifts on the otlaer are correlative ideas and
68	nj	upon	divergent	Mighty God will heap nj on us our salvation
68	ts	are	divergent	which this anticipation re ts are indicated or betrayed
68	iiith	with	fix	construction God loads us iiith salvation Surely God will
68	hereused	here used	split	means only and is hereused to denote that this
68	ooun	crown	divergent	The hairy scalp or ooun of hair is merely
68	Px-ov	Prov	joinnext	kind of personification Compare Px ov xvi But this
68	ov		fragment	of personification Compare Px ov xvi But this figure
68	ymH	fmn	divergent	of text by reading ymH as in Ps lviii
68	ynDJn	ynfrn	badwitness	lviii The original verb ynDJn must have the same
68	nq	no	fix	for this there is nq authority in usage Others
68	tonr/ue	tongue	joinnext	the whole clause the tonr ue of thy dogs
68	ue		fragment	whole clause the tonr ue of thy dogs shall
68	viy	my	divergent	God the goings of viy God my king in
68	ov		fragment	of the Greek h ov meaning the whole of
68	vaog	vaog	confirm	enclosure as distinguished from vaog the sacred edifice Into
68	yZocA	flock	divergent	beasts is that translated yZocA in ver above but
68	Ic	In	fix	celebrate the Lord Selah Ic view of the conquests
69	SUFFEREE	sufferer	fix	A SUFFEREE describcs his own condition
69	describcs		nowitness	A SUFFEREE describcs his own condition ver
69	Chiist	Christ	fix	various traits meet in Chiist That he is not
69	roh	rob	fix	what I did not roh then must I restore
69	fij	first	divergent	he took nothing at fij st yet afterwards he
69	oj	of	fix	for thee Lord Jehovah oj Hosts let not them
69	revillngs	revilings	fix	of this zeal the revillngs of thy revilers have
69	revilingsto	revilings to	split	even that was for revilingsto me even that became
69	natm-al	natural	joinnext	weeping and fasting as natm al concomitants were not
69	constr-uction	construction	joinnext	likewise admits of this constr uction and I wept
69	uction		fragment	admits of this constr uction and I wept my
69	saclccloth	sackcloth	fix	on as my clothing saclccloth and was to them
69	sorup	songs	handsoff	the gate they imagine sorup lampoons or satires they
69	waUQV	swallow	divergent	let not the deep waUQV me and let not
69	shttt	shut	fix	the well or pit shttt its mouth upon me
69	ms	me	fix	there is distress to ms I am distressed make
69	Eomans	Romans	fix	with this verse The Eomans were accustomed to give
69	tke	the	fix	from being confined to tke Old Testament is distinctly
69	mrath	wrath	fix	the heat of thy mrath thy hot wrath overtake
69	eVauX		fragment	has a Greek word eVauX g meaning a place
69	boiTowed	borrowed	fix	is Mosaic being evidently boiTowed from Exod xxxii The
69	vjill	will	fix	for their punishment I vjill praise the name of
69	hearJcening	hearkening	fix	is the same For hearJcening habitually listening is Jehovah
69	jmsoners	prisoners	fix	believing poor and his jmsoners those imprisoned in affliction
7	selfdestroyers	self-destroyers	hyphen	forced to act as selfdestroyers ver At the same
7	Ctish	Cush	fix	of the words of Ctish the Benjamite It is
7	fnend	friend	fix	I have repaid my fnend one at peace with
7	tfanslate	translate	fix	here referred to and tfanslate the second clause yea
7	enemifi	enemy	fix	can be established An enemifi or by poetic licence
7	thg	the	fix	or by poetic licence thg enemif whether Saul or
7	enemif	enemy	fix	by poetic licence thg enemif whether Saul or the
7	enemj	enemy	fix	Saul or the ideal enemj referred to in verse
7	commayided	commanded	fix	benefit Judgment hast thou commayided or ordained Let that
7	Ayid	And	fix	put it into execution Ayid the congregation of nations
7	nghteous	righteous	fix	i e judges the nghteous The first would be
7	angi		fragment	justice and God is angi y every day The
7	info	into	fix	it deep and fallen info the pit he is
7	oum	own	divergent	it And on his oum crown his violence including
70	ioremmdi	to	divergent	To remind i e ioremmdi Godi of the Psalmist's
70	Godi	remind	divergent	remind i e ioremmdi Godi of the Psalmist's necessities
70	Uii	liii	fix	See above on Ps Uii and compare p O
70	sustitution	substitution	fix	as significant is the sustitution of Elohim in the
70	tmimportant	unimportant	fix	the omission of the tmimportant phrase to me They
71	u'as	was	fix	object of contemptuous astonishment u'as I or have I
71	Uii	Hi	divergent	compare Deut xxviii Isa Uii Cor iv Filhd shall
71	Filhd	Filled	fix	Isa Uii Cor iv Filhd shall my mouth be
71	salvatioyi	salvation	fix	the cause of his salvatioyi the salvation of which
71	JlT	cmma	divergent	to give the noun JlT iJ its usual sense
71	iJ	used	divergent	give the noun JlT iJ its usual sense of
71	tJcy	thy	fix	have reason to declare tJcy wondrous works See above
71	faithfukiess	faithfulness	fix	thy truth veracity and faithfukiess will play to thee
72	ojypressor	oppressor	fix	break in pieces the ojypressor To judge them is
72	childi	taken	divergent	as his sons or childi en They shall fear
72	moicn	mown	fix	down like rain upon moicn grass like showers the
72	Euphiates	Euphrates	fix	the Mediterranean and the Euphiates that of the Messiah
72	rnvard	reward	fix	Sheba and Seba a rnvard shall bring near The
72	off'ering	offering	fix	denoting specially a vegetable off'ering and the other the
72	paj		nowitness	is not the mere paj ment of tribute or
72	oflering	offering	fix	gifts but a religious oflering It is also worthy
72	ffings	Kings	fix	Sheba's visit to Jerusalem ffings x is another stroke
72	boiTowed	borrowed	fix	this prophetic picture evidently boiTowed from the times of
72	Idufjs	kings	divergent	to him shall all Idufjs how ov rostrate themselves
72	ov	or	fix	shall all Idufjs how ov rostrate themselves all nations
72	IMessiah	Messiah	fix	nations over whom the IMessiah was to reign is
72	ciAal	civil	fix	applied either to the ciAal service of a sovereign
72	suferer	sufferer	fix	of the second the suferer to whom there is
72	live'i	lives	fix	ami the souls or live'i of the needy he
72	atitude	and	divergent	token of his gi atitude and willing subjection to
72	heplentij	be	divergent	be translated there shall heplentij of corn in the
72	ef	of	fix	in the second clause ef ver is borrowed from
72	ienominatio	In	divergent	David A potiori fit ienominatio In like manner the
72	manj'	many	fix	the omission of so manj' psalms undoubtedly composed by
73	vnih	with	divergent	above on Ps together vnih the fact that where
73	smitlen	smitten	fix	mankind they are not smitlen or afflicted The use
73	liiyh	high	divergent	of others From on liiyh proudly with arrogant contempt
73	T'liey	They	fix	from a superior position T'liey set their mouth in
73	Thej'	They	fix	of the foregoing verse Thej' speak as if they
73	xuaters	waters	fix	his people hither and xuaters of fulness are wrung
73	luicked	wicked	fix	it Lo these are luicked men and yet they
73	eterj^ity	eternity	joinnext	they are prosperers of eterj ity perpetually prospered and
73	ity		fragment	are prosperers of eterj ity perpetually prospered and at
73	tJte	the	fix	Until I come to tJte sanctuaries of God I
73	mside	made	fix	thou hast let or mside them fall into destruction
73	iiith	with	fix	ceased they are consumed iiith terrors He here expresses
73	aivaJcen	awaken	fix	transitive and means to aivaJcen except perhaps in Job
73	ITT	WHS	divergent	contraction T S for ITT and that the sense
73	ahoays	always	fix	translated still properly means ahoays and denotes that there
73	toujnurs	toujour	badwitness	usage of the French toujnurs In the last clause
73	bonam	or	divergent	of the sum num bonam or chief good The
73	sovereignt	sovereignty	fix	combination expressive of God's sovereignt self existence and covenant
74	praj's	prays	fix	The church praj's for deliverance from extreme
74	Moschil	Maschil	fix	described in Jer lii Moschil By AsopJi Why O
74	AsopJi	Asaph	divergent	Jer lii Moschil By AsopJi Why O God ha
74	pei		fragment	and not merely the pei former can only be
74	implving	implying	fix	Cast of a verb implving abhorrence and disgust See
74	eopJe	people	fix	namely us or thy eopJe its omission adds to
74	AVhy	Why	fix	in the other clause AVhy is thy wTath to
74	wTath	wrath	fix	clause AVhy is thy wTath to continue smoking The
74	primarj'	primary	fix	of adding to the primarj' idea of distress or
74	ayainst	against	fix	and terror At or ayainst thy people literally in
74	amony	among	fix	thy people literally in amony them See below on
74	figm-ative	figurative	joinnext	Land of Promise The figm ative form of the
74	ative		fragment	of Promise The figm ative form of the description
74	Iount	Mount	fix	point of the theocracy Iount Zion may be understood
74	Jehoval	Jehovah	fix	was the inhabitation of Jehoval which is therefore here
74	perpel^cal	perpetual	joinnext	thy steps to the perpel cal ruins all the
74	IViine	Thine	divergent	or destroyed done mischief IViine adversaries have roared in
74	fixst	first	fix	is described in the fixst clause by a figure
74	OTV	iVlto	divergent	the tent of meeting OTV lyto not merely the
74	lyto	b	badwitness	tent of meeting OTV lyto not merely the tent
74	knoicn	known	fix	earthly residence He is knoicn or shall he known
74	Qhereof	thereof	fix	xxviii xxxix The suffix Qhereof has no grammatical antecedent
74	bunied	burned	fix	at once they have bunied all the assemblies of
74	vvdth	with	divergent	held Deut xii Others vvdth less probability suppose that
74	ograg	hor	divergent	the ancient versions LXX ograg Vulg di s festos
74	sjTiagogues	synagogues	fix	Babylonish exile before which sjTiagogues are commonly supposed to
74	Avhich	which	fix	the gift of prophecy Avhich seemed to cease at
74	withdraio	withdraw	fix	strongly Why wilt thou withdraio thy hand and thy
74	midd	midst	fix	right hand From the midd of thy bosom draw
74	loorhing	working	fix	my king of old loorhing salvations in the midst
74	signihes	signifies	fix	or prediction The participle signihes continued action and extends
74	varietv	variety	fix	form implying fulness and varietv See above on Ps
74	marufested	manifested	fix	the sea as specially marufested in the passage of
74	sm-face	surface	joinnext	monsters but on the sm face v here the
74	primaiy	primary	fix	bodies of water The primaiy historical allusion here is
74	hou	Thou	fix	subject to God's power hou and no other as
74	Ulou	thou	divergent	earth summer and winter Ulou hast formed them This
74	Bemcmher	Remember	divergent	causes which produce it Bemcmher this an enemy has
74	iirst	first	fix	good sense in the iirst clause greedy beast but
74	meamng	meaning	fix	and the last as meamng flock The only meaning
74	AercZ	herd	divergent	lxviii Greedy herd literally AercZ of appetite See above
74	ia	in	fix	which is always included ia the sense of the
74	obstract	abstract	fix	by making it an obstract darkness or supposing the
74	DQn	cfcn	divergent	of cruelty This word DQn here as elsewhere comprehends
74	vaeaxis	means	divergent	The word translated oppressed vaeaxis strictly broken bruised or
75	tashheth	tashheth	confirm	the Chief Musician Al tashheth A Psalm by Asaph
75	hich		fragment	the one to v hich the psalm itself seems
75	tashheth	tashheth	confirm	by the phrase al tashheth or destroy not See
75	Tiiy	Thy	fix	certainty of its occurrence Tiiy name is near a
75	Pb	Ps	fix	Hebrew see above on Pb ix xxvi xl lxxi
75	vjith	with	fix	verb in which case vjith the neck may mean
75	DHn	fi	divergent	last word in Hebrew DHn admits of two entirely
75	Petræa	Petraea	fix	to Idumæa and Arabia Petræa The essential idea is
75	acinaW		fragment	God is judge or acinaW y judging this one
75	oj	of	fix	drink all the wicked oj the earth or land
75	intei-preters	interpreters	joinnext	a doubtful etymology Some intei preters explain the phrase
75	preters		fragment	doubtful etymology Some intei preters explain the phrase it
75	idth	with	fix	the phrase it foams idth nine but this construction
75	fidl	full	divergent	It the wine is fidl of mixture i e
76	ts	is	fix	broken Known in Judah ts God in Israel great
76	Salein	Salem	fix	same interpreters identify the Salein of Gen xiv with
76	bootfi	booth	fix	tabernacle properly means a bootfi or shed composed of
76	hOittle	battle	fix	buckler and sword and hOittle Selah Some translate the
76	meanmg	meaning	fix	Hebrew is a participle meanmg illuminated made to shine
76	sj-mbols	symbols	joinnext	As mountains are standing sj mbols of states and
76	mbols		fragment	mountains are standing sj mbols of states and kingdoms
76	pajiicle	particle	fix	chariot and horse The pajiicle at the beginning is
77	Jeduihun	Aiduthun	badwitness	choir or family of Jeduihun By Asaph A Psalm
77	aftairs	affairs	fix	be the crisis of aftairs in the reign of
77	itnto	unto	fix	of Habakkuk My voice itnto God I will raise
77	iconder	wonder	fix	is from antiquity thy iconder a collective and abstract
77	wondrouyi	wondrous	fix	abstract expression for thy wondrouyi works For the origin
77	hnovon	known	divergent	wonders thou hast made hnovon in the nations thy
77	tvifh	with	divergent	xv Thou hast redeemed tvifh the arm thy people
77	beautifiul	beautiful	fix	uttered their voice a beautifiul description of the thunder
77	vihirlwind	whirlwind	fix	thunder was in the vihirlwind lightnings made the world
77	yuide	guide	fix	Hab iii Thou didst yuide like a flock thy
78	pre	pre	confirm	taken place of the pre eminence in Israel from
78	TheAsaph		nowitness	l lii l c TheAsaph meant as we have
78	tiquity	By	divergent	utter riddles from an' tiquity By a parable we
78	Almightg	Almighty	fix	and said Will the Almightg be able to set
78	everj'thing	everything	fix	this who can do everj'thing Lo he smote the
78	icroth	wroth	fix	Jehovah heard and was icroth and fire was kindled
78	corii	corn	fix	xvi It is called corii of heaven as a
78	comiag	coming	fix	their food but as comiag from the place where
78	OlX	E	badwitness	required another Hebrew word OlX but distributively in the
78	anslated	victual	divergent	exception The word ti anslated victual denotes specially provision
78	eveiy	every	fix	satisfy the appetite of eveiy individual another expression borrowed
78	Ayid	PSALM	divergent	only to the manna Ayid let it fall in
78	dnd	and	fix	and were sated exceedingly dnd thus their desire he
78	eiTor	error	fix	the forty years of eiTor in the wilderness by
78	Enck	Rock	divergent	that God was their Enck and the Mighty the
78	sufl'ering	suffering	fix	these times of peculiar sufl'ering that the people as
78	xed		fragment	heart was not fi xed or constant with him
78	futm		fragment	the error as still futm e and saying as
78	Notwitstanding	through	handsoff	the sins of Israel Notwitstanding all these favours and
78	woi		fragment	on ver The last woi d in Hebrew is
78	mea		nowitness	occurs Ezek ix it mea ns to set a
78	ns		fragment	Ezek ix it mea ns to set a mark
78	eneyny	enemy	fix	distress or from the eneyny The psalmist still confounds
78	ypt		fragment	who set in Er ypt his signs and his
78	Egj'ptian	Egyptian	fix	that it means the Egj'ptian dog fly which Philo
78	Eg^-pt	Egypt	joinnext	xxi and that of Eg pt from Gen x
78	pt	from	divergent	and that of Eg pt from Gen x And
78	com'se	course	fix	their tents means of com'se those of the Canaanites
78	pre	pre	confirm	now assigned the visible pre eminence to Judah who
78	snpphes	supplies	fix	usage is that which snpphes hills or mountains The
78	vi'iih	with	divergent	following and watching them vi'iih tender care one of
78	rt		fragment	his integrity of he rt and in the skill
79	imwked	invoked	fix	thy name have not imwked This is commonly explained
79	kv	lxv	divergent	above on Ps xxiii kv lxxiv Remember not against
79	iniqitities	iniquities	fix	not against us the iniqitities of former generations make
79	IHD	ijfr	divergent	fathers The verb hasten IHD may be either imperative
79	themo	theme	fix	Ps lxxviii the great themo of which is the
79	xrdi	xxxii	divergent	avenging blood from Deut xrdi Let the sighing of
79	JTlD	mto	divergent	an obvious derivative from JTlD death bearing perhaps the
79	equent	repetition	divergent	idiomatic term denoting fi equent repetition or abundance See
79	thi-own	thrown	joinnext	The following words though thi own into the first
8	Gittir	Gitti	fix	be the feminine of Gittir which always means a
8	Gittiih	Gittith	fix	than that which derives Gittiih from the same root
8	tosignify	to signify	split	would have been used tosignify precisely the same thing
8	joyoua	joyous	fix	prefixed are of a joyoua character which agrees well
8	Fsalm	Psalm	fix	The ascription of this Fsalm to David as its
8	shouJdst	shouldst	fix	word signifies that thou shouJdst remember him think of
8	waa	was	fix	the glory of creation waa referred to the foregoing
8	pre	pre	confirm	Hence the description is pre eminently true of him
8	criptive		fragment	the air is de criptive of the same objects
8	confovmded	confounded	fix	is not to be confovmded with the coercive rule
80	pealm	psalm	fix	This pealm was probably occasioned by
80	ori	on	divergent	like a flock sitting ori the cherubim shine forth
80	pre	pre	confirm	account of his historical pre eminence and his being
80	Josqyh	Joseph	fix	According to another view Josqyh denotes the ten tribes
80	Kachel	Rachel	fix	of the sons of Kachel and from the jealousy
80	confii		fragment	from invalidating seems to confii m the application of
80	thefr	their	fix	the whole psalm to thefr overthrow and deportation by
80	jcamp	camp	fix	the head of the jcamp of Ephraim as he
80	Kteral	literal	fix	restoration includes that of Kteral return The church prays
80	ine	names	divergent	The accumulation of di ine names involves an appeal
80	vjere	were	fix	on Isa xxvii Covered vjere the mountains with its
80	KJ	i	handsoff	is used to represent KJ the Hebrew particle of
80	intemipted	interrupted	fix	perish The prayer is intemipted for a moment by
80	riyht	right	fix	the man of thy riyht hand on the son
81	kv	lxv	divergent	See above on Ps kv and compare Deut xxxii
81	commcnly	commonly	fix	in this it is commcnly supposed to be intransitive
81	liaise	Raise	fix	tutelary God of Jacob liaise the song and beat
81	Nima	Num	fix	day of another month Nima ix and that when
81	pre	pre	confirm	on account of his pre eminence during the residence
81	agi-ees	agrees	joinnext	implication heathen race This agi ees better with the
81	ees		fragment	heathen race This agi ees better with the figurative
81	monar	mortar	fix	carrying of bricks and monar and the pot or
81	themjorth	sent	divergent	verb strictly means sent themjorth i e to walk
81	Trw		fragment	hardness corresponding to the Trw ueig of the New
81	ueig		fragment	corresponding to the Trw ueig of the New Testament
81	natm-al	natural	joinnext	and honey by a natm al and primitive association
82	jadge	judge	fix	judge is about to jadge The idea is that
82	novm	noun	divergent	an adverb or a novm or both i e
82	exemplies	exemplifies	fix	lviii The last clause exemplies one of the most
82	ect	exhortation	divergent	followed by a dii ect exhortation to do well
82	icicked	loicked	badwitness	from the hand of icicked men free him The
82	pre	pre	confirm	were bound to be pre eminently just and faithful
83	Py	By	fix	A Song A Psalm Py Asaph To the general
83	mimor	mizmbr	badwitness	To the general description mimor there is here prefixed
83	shir	shir	confirm	a more specific one shir which designates the composition
83	fortyeighth	forty-eighth	hyphen	of battle and the fortyeighth after the triumphant return
83	ib	ih	badwitness	the triumph of Judah ib ver Compare the similar
83	ord		fragment	others have to w ord or speech The use
83	considtation	consultation	fix	is they make their considtation crafty For the meaning
83	Edam	Edom	fix	continued The tents of Edam and the Ishmaelites Moab
83	Suera	Stsera	badwitness	to Midian as to Suera as to Jabin in
83	orpasturegrounds	or	divergent	for ourselves the dwellings orpasturegrounds of God This relates
83	kxiv	lxxiv	fix	on Ps xxiii lxv kxiv My God make them
83	hoii		fragment	The simple pronoun t hoii is explained and amplified
83	coa onant	covenant	joinnext	God and as the coa onant God of Israel
83	onant	God	divergent	and as the coa onant God of Israel
84	ov	or	fix	the Chief Musician On ov according to the Giitith
84	Giitith	Gittith	fix	ov according to the Giitith By orfor the Sons
84	orfor		nowitness	to the Giitith By orfor the Sons of Korah
84	oi	of	fix	and for the meaning oi the Gittith on Ps
84	dwellmgs	dwellings	fix	to me are thy dwellmgs O Jehovah God of
84	aviiahle	amiable	fix	by the English versions aviiahle in the sense of
84	aimahle	aimable	fix	sense of the French aimahle lovely But the usage
84	divellhigs	dwellings	fix	Ps xlv The plural divellhigs has reference to the
84	joyM	joyful	fix	elsewhere always denotes a joyM shout or song but
84	rf	of	fix	thine altars Jehovah God rf Hosts my King and
84	PX	tia	divergent	supposes the Hebrew particle PX to indicate the object
84	vjill	will	fix	into God's household They vjill still praise because they
84	hB,ve	have	joinnext	strength in thee who hB ve highways in their
84	ve		fragment	in thee who hB ve highways in their heart
84	nowvery	now very	split	v Chron xiv is nowvery commonly abandoned for the
84	cms		fragment	of suffering To the cms lacrymarum is opposed the
84	finiition	fruition	fix	attain to the full finiition of that union with
84	ollows	follows	fix	of the verb that ollows see our shield but
84	a'vocative	a	divergent	xv Its position as a'vocative is certainly unusual but
85	Eorah	Korah	fix	hy the Sons of Eorah A Psalm On the
85	withdraio	withdraw	fix	as pardon Thou didst withdraio all thy vjrath thou
85	vjrath	wrath	fix	didst withdraio all thy vjrath thou didst turn from
85	turu	turn	fix	has the phrase to turu away the face of
85	ot	at	fix	wilt thou be angry ot us Wilt thou draw
85	nS	refers	divergent	the strict sense of nS the particle with which
86	urretched	wretched	fix	and answer me for urretched and needy am The
86	ofKorah	of Korah	split	inscribed to the Sons ofKorah by supposing that the
86	erers	among	divergent	the needy denote sufi erers among God's people See
86	TDH	pcn	divergent	that he is a TDH saint or gracious one
86	toioards	toioards	confirm	in but to or toioards thee as if implying
86	rfay	day	fix	Luke xviii All the rfay is a common idiomatic
86	ofthis	in	divergent	and the second clause ofthis the form of which
86	boiTOwed	borrowed	fix	of which however is boiTOwed from Ps XXV Here
86	borowed	borrowed	fix	the whole description is borowed from Exod xxxiv Give
86	hang	lying	divergent	vi Lowest or lower hang under subterraneous The expression
86	proffc	proud	divergent	he here speaks of proffc ones and before the
86	eady	granted	divergent	shall have been ah eady granted
87	bnt	but	fix	psalm a religious lyric bnt a song i e
87	oi	of	fix	with any great degree oi probability is that of
87	Seluh	Selah	fix	O City of God Seluh Glorious or honourable things
87	aad	and	fix	I will mention Rahab aad Babylon as knowing me
87	luas	was	fix	with Ethiopia This one luas born there Interpreters are
87	br		fragment	go out free literally br ree i e as
87	indi%dduals	individuals	joinnext	the New Testament to indi dduals is here applied
87	dduals		fragment	New Testament to indi dduals is here applied to
87	pm		fragment	emphatic form for the pm ose of connecting it
87	Hig/iest	Highest	joinnext	to it He the Hig iest or the Highest
87	iest		fragment	it He the Hig iest or the Highest himself
87	tltee	thee	fix	the closing words in tltee be referred to God
88	afl"orded	afforded	joinnext	of these facts is afl orded by the supposition
88	orded	by	divergent	these facts is afl orded by the supposition that
88	Levit'		fragment	suppose that they were Levit' s adopted into that
88	theeimiplies	thee	divergent	in Ps lxxvii Before theeimiplies that his cries were
88	witth	with	fix	become as a man witth no strength With the
88	ajlict	afflict	fix	verb to oppress or ajlict is applied in historical
88	jilaced	placed	fix	me literally put or jilaced me See above on
88	evei		fragment	invoke thee O Jehovah evei y day I spread
88	iconders	wonders	fix	on Isa xiv Do iconders literally wonder as in
88	TIio	The	divergent	terrors have destroyed me TIio image in the first
88	inflamations	inflammations	fix	Indignations literally heats or inflamations but always applied to
88	toffether	together	fix	at once or all toffether The figure of overwhelming
89	vxilt	wilt	fix	to the heavens thou vxilt fix c is inadequately
89	xed	fixed	fix	make thy faithfulness as xed and stable as the
89	sicell	swell	fix	exception Thou rulest the sicell of the sea in
89	tjje	the	fix	strength or strong arm tjje active exertion of thy
89	Hermonin	llermon	badwitness	create them Tabor and Hermonin thy name rejoice The
89	hnovnng	knowing	fix	lxxxv Happy the people hnovnng joyful noise Jehovah in
89	sf	of	fix	denotes any loud expression sf exultation either by voice
89	htm	him	fix	iniquity shall not afflict htm The verb in the
89	Jnd	And	fix	the hand of God Jnd my faithfulness and my
89	hes	lies	fix	stronghold where my safety hes Also I as mj
89	mj	my	fix	hes Also I as mj first horn will give
89	withdraio	withdraw	fix	mercy I will not withdraio from him and will
89	Compai	Compare	fix	terms or its conditions Compai e the form of
89	customaiy	customary	fix	of nature as the customaiy standard of duration It
89	rts	all	divergent	grammatical however to translate rts the moon it the
89	thj	thy	fix	place The covenant of thj servant i e thy
89	lifled	lifted	fix	disdainful wonder Thou hast lifled the right hand of
89	hcLst	hast	fix	hand of his foes hcLst caused to triumph all
89	sjTnbol	symbol	fix	right hand is the sjTnbol of exerted strength and
89	oirock	of	divergent	to the ordinary usage oirock in Hebrew as an
89	Jobvii	Job vii	split	compare Ps lxxviii cxix Jobvii xiv The last clause
89	adverTsially	adverbially	fix	in Ps cxxvii used adverTsially in the sense of
89	heanng	bearing	fix	of thy servants my heanng in my bosom all
89	difi"erent	different	joinnext	by referring it to difi erent antecedents I whom
89	erent	antecedents	divergent	referring it to difi erent antecedents I whom thine
9	luhhen	labben	divergent	Chief Musician Al muth luhhen This enigmatical title has
9	dd's		fragment	of one of Da dd's enemies and at the
9	ooZ		fragment	time an appellative denoting ooZ in which sense it
9	ulamoth	alamoth	fix	for al muth read ulamoth a musical term occurring
9	ybr	for	divergent	explain labben to mean ybr Ben or the children
9	sovg	song	fix	praise or celebrate in sovg see above on Ps
9	caitse	cause	fix	and thereby maintained my caitse and my right This
9	nationSf	nations	fix	enemies Thou hast rebuked nationSf not merely individuals but
9	ns	us	fix	reasons as before require ns to prefer Jehovah as
9	Jcnowers	knoioers	badwitness	times to come the Jcnowers of thy name those
9	co	co	confirm	of Israel and indeed co extensive with the earth
9	inqtiisitor	inquisitor	fix	blood or as an inqtiisitor of blood he has
9	isthe	is the	split	murders The cry meant isthe cry of suffering and
9	ifrom	from	fix	or reflection is clear ifrom Ps xix and Lam
9	forgetfu	forgetful	fix	the grave all nations forgetfu of God The enemies
9	tUfe	the	fix	back retreating failing is tUfe same as in ver
9	iP		fragment	readings humble and afflicted iP y J and Uy
9	Uy		fragment	iP y J and Uy y is not essential
9	com	course	divergent	the wicked is of com se to be condemned
90	apr	an	divergent	made the ground of apr yer with which the
90	eady	stated	divergent	and circumstances as ah eady stated its resemblance to
90	oj	of	fix	is called the Man oj God Chron viii Instead
90	yVom	from	divergent	and land and indeed yVom eternity to eternity thou
90	dinne	divine	fix	attribute denoted by the dinne name here employed This
90	bnt	but	fix	and more comprehensive sense bnt in favour of the
90	flomish	flourish	fix	means not merely to flomish in the wide sense
90	efl	unremitted	divergent	wrath itself is the efl ect of sin And
90	ect	of	divergent	itself is the efl ect of sin And this
90	Tionymous		fragment	word translated anger though Tionymous is not identical with
90	Hii	liii	fix	above on Ps xiv Hii The sense is no
90	iy		fragment	reverence for God demands iy wrath the same word
90	ungi-ammatical	ungrammatical	joinnext	wisdom is forced and ungi ammatical without an arbitrary
90	ammatical		fragment	is forced and ungi ammatical without an arbitrary change
90	hoio	how	fix	aposiopesis in the question hoio long is like that
90	dec	etc	fix	that we may rejoice dec is really involved in
90	plui-al	plural	joinnext	as in ver The plui al forms in the
90	ovra	own	divergent	i e in their ovra experience And let the
91	Imighty	he	divergent	shadow of the A Imighty he is lodged The
91	OQ		fragment	arbitrary change of pointing OQ i for IQ or
91	IQ	flaa	divergent	pointing OQ i for IQ or suppose a sudden
91	foider's	fowler's	fix	free thee from the foider's snare from the plague
91	ptestilence	pestilence	fix	parallelism requires plague or ptestilence to be taken as
91	shaltfind	shaltfind	confirm	under his wings thou shaltfind shelter shield and buckler
91	coverinrf	covering	fix	cover or provide a coverinrf for thee Find shelter
91	noctm^nal	nocturnal	joinnext	i e nightly or noctm nal terror There is
91	nal		fragment	e nightly or noctm nal terror There is no
91	rowi		fragment	both clauses properly means rowi i e arising or
91	ditferent	different	fix	because it is wholly ditferent in form and etymology
91	thoustnke	thou	shrink	they bear thee lest thoustnke ayainst the stone thy
91	ayainst	strike	divergent	bear thee lest thoustnke ayainst the stone thy foot
91	youny	young	fix	tread thou shalt trample youny lion and drayon These
91	drayon	dragon	fix	trample youny lion and drayon These are commonly supposed
91	u'ill	will	fix	on me and I u'ill rescue him I will
91	hiyh	high	fix	will set him on hiyh because he knows my
91	hiyh	high	fix	escape Set him on hiyh i e beyond the
91	Hx	lix	fix	on Ps xviii XX Hx lxix Knows my name
91	embaiTassments	embarrassments	fix	extricate him from his embaiTassments and dangers and lest
91	lenyth	length	fix	favour him myself With lenyth of days will I
92	Sonfjf	Song	fix	A Psalm A Sonfjf For the Sabbath Day
92	luith	with	fix	on lyre on meditation luith a harp The first
92	othir	other	fix	to great in the othir clause With this verse
92	contiasts	contrasts	fix	fresh oil He now contiasts his own experience with
92	mj	my	fix	eye has looked upon mj enemies of those rising
92	accessor	accessory	fix	against me expresses the accessor idea of rebellion against
92	ac		fragment	addition of ma t ac ors evil doers shews
92	ors		fragment	of ma t ac ors evil doers shews that
92	sprotd	sprout	fix	a palm tree shall sprotd like a cedar in
92	tMy	they	fix	particularly mentioned Still shall tMy bear fruit in old
92	jtist	just	fix	Deut xxxii The epithet jtist denotes the essential rectitude
93	snre	sure	fix	testimonies are sure very snre to thy house suits
94	unad\ised	unadvised	joinnext	figure for excessive and unad ised speech See above
94	ised		fragment	for excessive and unad ised speech See above on
94	TJtter	Utter	fix	and compare Ps xix TJtter in words speak talk
94	DJ		fragment	form of the verb DJ to say occurring only
94	Widoio	Widow	fix	the subject of complaint Widoio and stranger they kill
94	hx	lix	fix	in Ps x xiv hx The divine names are
94	naankind	mankind	fix	whole nations or all naankind and individual olFenders Reprover
94	olFenders	offenders	fix	all naankind and individual olFenders Reprover the one reproving
94	ith		fragment	in my defence V ith in conflict or contention
94	wercy	mercy	fix	My foot slips thy wercy O Jehovah holds me
94	icpon	upon	fix	T T They crowd icpon the soul of the
94	wickediiess	wickedness	fix	iniquity and in their wickediiess he will destroy them
95	roch	rock	fix	us shout unto the roch of our salvation The
95	bdi	lxii	divergent	xviii and compare Ps bdi xcii xciv Let us
95	eflbrt	effort	fix	be reached by exhausting eflbrt To whom belongs the
95	Jcneel	kneel	fix	and bend let us Jcneel before Jehovah our Maker
95	singlar	singular	fix	Your heart in the singlar number because the people
95	fii	word	divergent	saw my work The fii st word in Hebrew
95	DJl	ta	divergent	demanded but they likewise DJl saw my work i
95	knoio	know	fix	and they do not knoio my ways The first
96	aiTangement	arrangement	fix	at artificial subdivision and aiTangement are either wholly arbitrary
96	bhJ	ba	divergent	it a diminutive of bhJ El analogous to godlings
96	carrj'ing	carrying	fix	of taking up and carrj'ing See above on Ps
96	nne	ine	handsoff	exhibition of the di nne majesty Compare Ps ii
96	rowi		fragment	inhabitants Before him literally rowi his face The parallel
96	rectitmle	rectitude	fix	judge the peoples in rectitmle The object of address
97	xcri	and	divergent	on Ps x iii xcri and compare Judges v
97	lastlsa	last	shrink	Ps and with the lastlsa xl lxvi See also
97	oj	of	fix	servers i e worshippers oj a graven image Boasting
97	Idoh	Idols	fix	favour of material images Idoh nothings or nonentities as
97	worshipiied	worshipped	fix	preterite worship or have worshipiied but the imperative construction
97	iraXiv	naXtv	divergent	understood as saying again iraXiv of him what is
97	iu	in	fix	borrowed from Ps xlviii iu the note upon which
97	eavth	earth	fix	High above all the eavth greatly art thou exalted
97	jnan	man	fix	sown for the just jnan and for right hearted
98	itseK	itself	fix	psalm tolD stands by itseK as a complete inscription
98	saine	same	fix	his engagements See the saine combination in Ps xcii
98	TIDTD	IfrTft	divergent	reason of the title TIDTD See above on ver
98	ful	acclamation	divergent	described is the jo ful acclamation at the accession
98	ichat	what	fix	the sea thunder and ichat fills it the land
98	duelling	dwelling	fix	the land and those duelling on it The last
98	figm-ative	figurative	joinnext	Ps xlvii in highly figm ative poetry but also
98	ative		fragment	xlvii in highly figm ative poetry but also in
99	betweeii	between	fix	sitting on or dwelling betweeii the cherubim see above
99	hou	Thou	fix	person He instead of hou But this may be
99	HHhJ	uB	divergent	in Hebrew and as HHhJ is not elsewhere a
99	habituall	habitually	fix	it permanence by a habituall pure administration of justice
99	Ms	his	divergent	of worship Not at Ms footstool as the mere
99	amovg	among	fix	his priests and Samuel amovg those calling on his
99	answerlthem	answer them	split	our God thou didst answerlthem a forgiving God wast
