2	420	63	4	9. *In all their enmity ||| V. 9. *In all their enmity	Prophecies, p. J56.) ||| Prophecies, p. 156.)	Judges 10: 16. 1 I: 7 ||| Judges 10 : 16. 11 : 7	omni tribulations eorum non est ||| omni tribulatione eorum non est
2	445	65	1	to be evident *(pffenbar)* ||| to be evident (*offenbar*)
2	470	66	4	1. *Thus saith Jehovah* ||| V. 1. *Thus saith Jehovah*	*The heavens* («re) *my throne* ||| *The heavens* (are) *my throne*	*the place of my rest!* ||| *the place of my rest?*	monarchy. Pa.ulus ||| monarchy. Paulus
2	480	66	1	7. *Before she travailed* ||| V. 7. *Before she travailed*
2	490	66	0	
2	500	66	2	24. *And they shall go forth ||| V. 24. *And they shall go forth	indefinitely, *(*they i. e. men/ without defining them ||| indefinitely, 'they i. e. men,' without defining them
2	30	40	2	the finite verb, ||| the finite verb.	Thesaurus, torn. n. p. 720 ||| Thesaurus, tom. ii. p. 720
2	80	43	1	whose cry is in the ships. ||| whose cry is in the ships,
2	130	46	3	*and we shall be) like ]* ||| *and we shall be) like?*	*they will fall prostrate,* ||| they will fall prostrate.	' be inflamed or reddened7 ||| 'be inflamed or reddened'
2	180	49	6	and usage^e. The accents ||| and usage. The accents	Vitringa's ^explanation of the phrase ||| Vitringa's explanation of the phrase	(and the ^aifeHibjection would by parity ||| (and the same objection would by parity	the idea. £o here, the north ||| the idea. So here, the north	as m the case supposed ||| as in the case supposed	to say, some live in Europe ||| to say, 'Some live in Europe
2	230	51	1	thou shall not add ||| thou shalt not add
2	280	54	0	
2	330	57	1	making *holy* the predicate arid *name* ||| making holy the predicate and name
2	380	60	2	usual and proper one of *Jar, because* ||| usual and proper one of *for, because*	explain it to mean 05 *at first* ||| explain it to mean *as at first*
2	430	63	1	that name from everlasting-: or as Hitzio- under- O *'* O stands ||| that name from everlasting; or as Hitzig understands
1	1	1	0	
1	2	1	0	
1	3	1	1	The prophet first describes ||| The Prophet first describes
1	4	1	0	
1	5	1	0	
1	7	1	2	it, *and a waste,* (it is a ||| it, and a waste (it is a	followed by Doderlein and Lowth ||| followed by Döderlein and Lowth
1	8	1	3	expressing not resemblance but identity, like a besieged city ||| identity, 'like a besieged city	or by reading *'* so is the besieged city (Gesen. Lex. Man.) ||| or by reading 'so is the besieged city' (Gesen. Lex. Man.)	*daughter of Baby on,* where ||| daughter of Babyon, where
1	9	1	0	
1	10	1	3	or of what use *to me) 1 saith Jehovah* ||| or of what use *to me)? saith Jehovah*	*buttocks and lambs and he-goats* ||| *bullocks and lambs and he-goats*	that ye come, &ic., who hath ||| that ye come, &c., who hath
1	11	1	5	sabbath &ic., I cannot ||| sabbath &c., I cannot	bear iniquity' &ic.) and Umbreit ||| bear iniquity' &c.) and Umbreit	nee conventum) copied by Vitringa ||| nec conventum) copied by Vitringa	old and. common version ||| old and common version	abominable incense to me ' ||| abominable incense to me?'
1	12	1	1	*your hands are full of blood* ||| *Your hands are full of blood*
1	13	1	0	
1	14	1	0	
1	15	1	3	interrogative: *l* Shall ||| interrogative : ' Shall	of J;he interrogative particle ||| of the interrogative particle	to punishment (turn agite ||| to punishment (tum agite
1	16	1	6	spolccn or ordained it ||| spoken or ordained it	caused to le devoured by the sword ||| caused to be devoured by the sword	so musset ihr das Schwerdt ||| so müsset ihr das Schwerdt	metropolis),^// of justice ||| metropolis), full of justice	Nor'dh. § 967. 1. ||| Nordh. § 967. 1.	scelus estjugulare Falernum ||| scelus est jugulare Falernum
1	17	1	0	
1	18	1	4	and will take, away all thine ||| and will take away all thine	(auf s lauterste) ||| (auf's lauterste)	(adjliquidum), and the clause ||| (ad liquidum), and the clause	Seeker and Lowth ||| Secker and Lowth
1	19	1	2	to *fa* old home ||| to its old home	(qui reducentur ad earn) ||| (qui reducentur ad eam)
1	20	1	2	resumed. *i* And the fragments ||| resumed. ' And the fragments	at the beginning 50 *that,* ||| at the beginning *so that,*
1	21	1	0	
1	23	2	2	interpretation. ||| CHAPTER II.	gentiles were s,o eagerly ||| gentiles were so eagerly
1	24	2	0	
1	25	2	3	but *lout fixed,* established ||| but *fixed*, established	telling why t^ey looked to Zion ||| telling why they looked to Zion	the wrong sense 772*any persons* ||| the wrong sense *many persons*
1	26	2	5	J. D. Mich, werden sich aufmachen ||| J. D. Mich. werden sich aufmachen	(Lu. Vitr. Ges. Ew- etc.) ||| (Lu. Vitr. Ges. Ew. etc.)	*c* concerning his ways,' ||| 'concerning his ways,'	Pax me certa duels placidos ||| Pax me certa ducis placidos	*(en. 1*: 635 ||| (Æn. 7: 635
1	27	2	1	viz. illicit -ini£££QlJIse with ||| viz. illicit intercourse with
1	28	2	5	(Renders.), *but* (Hendew. Ew.) ||| (Henders.), but (Hendew. Ew.)	others *mere than the east* ||| others more than the east	(Calv. Vitr. Engt Vs. they please ||| (Calv. Vitr. Eng. Vs. they please	alliances by marriage^with the heathen ||| alliances by marriage with the heathen	to understand the ftjts, i. e. ||| to understand the fruits, i. e.
1	29	2	2	rendering it 0/50 (E. V.) ||| rendering it *also* (E. V.)	in the middle of the sentence ||| in the middle of the sentence.
1	30	2	0	
1	31	2	4	inspires (E. V, *for fear ||| inspires (E. V. *for fear	(Sept. Pesh. Hg.).-^Lowth, on the authority ||| (Sept. Pesh. Hg.).—Lowth, on the authority	efe&t which it has wrought ||| effect which it has wrought	vs. 12-16. 'This enumeration ||| vs. 12–16. This enumeration
1	32	2	1	but of s^gciniejj§, selected from ||| but of specimens, selected from
1	33	2	1	Arabic Vs. I Kings ch. 10 ||| Arabic Vs. 1 Kings ch. 10
1	34	2	3	(J. H. Mich. Doderlein. Ros.) ||| (J. H. Mich. Döderlein. Ros.)	brings Us back from details ||| brings us back from	pride of men be brought ἰοιυ ||| pride of men be brought low
1	35	2	1	by Gesenius (wenner sich *erhebt* ||| by Gesenius (wenn er sich *erhebt*
1	36	2	1	a plural noun deprived, by doubling ||| a plural noun derived, by doubling
1	37	2	2	Judg. 15: 8, H) ||| Judg. 15 : 8, 11)	(Bergkliifte), and Hendewerk ||| (Bergklüfte), and Hendewerk
1	39	3	0	
1	40	3	4	Hitz. Stütze und Stutzpunkt ||| Hitz. Stütze und Stützpunkt	*one stay after another* (Hk.)? ||| one stay after another (Hk.),	prophet., and divine and elder ||| phet, and divine and elder	viz. the warriors, etc) is clear ||| viz. the warriors, etc.) is clear
1	41	3	2	and the skilful artificer^ and the expert ||| and the skilful artificer, and the expert	(Sept. πρεσβύτερον Lu. Aeltesten) ||| (Sept. πρεσβύτερον. Lu. Aeltesten)
1	42	3	6	artiurn peritum), Knobel ||| artium peritum), Knobel	(gute WafFenschmiede) ||| (gute Waffenschmiede)	(kundigen des Gefliisters) ||| (kundigen des Geflüsters)	but character, non ratione ||| but character, 'non ratione	£ And tyranny shall rule ||| ' And tyranny shall rule	for *childish per sons,* ||| for childish persons,
1	43	3	6	the Septuagint *ἐμπαίκται* the Vulgate ||| ἐμπαίκται, the Vulgate	the Vulgate *cffoeminati,* ||| effoeminati,	(Hitzig, sttirmen. ||| (Hitzig, stürmen.	Gesenius,lossturmen. ||| Gesenius, losstürmen.	Hendewerk, wiithet. ||| Hendewerk, wüthet.	On contempt of old age. as a sign ||| old age, as a sign
1	44	3	4	J. H. Mich, cognatum ||| J. H. Mich. cognatum	of headship or chieftain ship ||| of headship or chieftain-ship	in rendering *ttnvhen,* and regarding ||| in rendering it when, and regard-	contains the refisal of the invitation ||| contains the refusal of the invitation
1	45	3	3	Ewald *Under.* Saadias ||| Ewald *binder.* Saadias	being called a *rum, for Jerusalem ||| being called a ruin, for Jerusalem	Here as in ch.l: 16 ||| Here as in ch.1 : 16
1	46	3	3	Mad ame d'Arblay, in her Memoirs ||| Mad-ame d'Arblay, in her Memoirs	IS. The explanation of ||| 18. The explanation of	evil. *f* They have treated ||| evil. ' They have treated
1	47	3	1	for the. thing done by his hands ||| for the thing done by his hands
1	48	3	2	(dieu leyden verleyden u) ||| (die u leyden verleyden u)	deine Fiihrer verfuhren dich ||| deine Führer verführen dich
1	49	3	0	
1	50	3	0	
1	51	3	3	mean *little suns* corresponding to ||| mean *little suns*, corresponding to	Hartmann's Hebraerinn am Putztische ||| Hartmann's Hebräerinn am Putztische	for the neck, Halsbande) ||| for the neck, Halsbände)
1	52	3	1	version of the last word, *Crispin g-pins,* ||| version of the last word, *crisping-pins,*
1	53	3	4	Knobel (Ueberwurfe) ||| Knobel (Ueberwürfe)	instead of a fall robe ||| instead of a full robe	but stench in generator perhaps with ||| but stench in general, or perhaps with	Cocceius^s (lacerum) ||| Cocceius (lacerum)
1	54	3	5	(all lieu du beau teint ||| (au lieu du beau teint	le hale) ||| le hâle)	Luther: dein Pobel ||| Luther : dein Pöbel	Ges. deine Manner ||| Ges. deine Männer	(which maybe either the preterite ||| (which may be either the preterite
1	55	3	4	Gesenius (verodet), Hitzig ||| Gesenius (verödet), Hitzig	(earnestly accost him), *faying, we will eat* ||| (earnestly accost him), saying, we will eat	the reproach of widowhood' ||| the 'reproach of widowhood'	Barnes a participle, *talcing away;* ||| Barnes a participle, taking away;
1	57	4	0	
1	58	4	0	
1	59	4	1	The women before mentioned) ||| (the women before mentioned)
1	60	4	0	
1	61	4	1	glorious there is protection/ ||| glorious there is protection,'
1	62	5	0	
1	63	5	0	
1	64	5	2	Virg. Georg. 2: ||| Virg. Georg. 2: 112.)	and built a toiverin the midst ||| and built a tower in the midst
1	65	5	0	
1	66	5	5	to put ^specific figurative sense ||| to put a specific figurative sense	4. This Verse shows ||| This verse shows	the object of the action) *1 Why ||| the object of the action) ? Why	and it Lore wild grapes ||| and it bore wild grapes	could have been done* The question ||| could have been done ? The question
1	67	5	6	refers to ch. 12: 1. 50: 2, an ||| refers to ch. 12: 1. 50: 2, and	participle, *what I ®m about to do,* ||| participle, what I am about to do,	*remove its hedge find it shall become a pasture* ||| remove its hedge and it shall become a pasture	4 breaking down I will break down.' ||| ' breaking down I will break down.'	•extremely common ||| extremely common	which occurs in ch. 1: 12\*—On the sense ||| which occurs in ch. 1: 12.—On the sense
1	68	5	2	i. e. that rain no rain upon it ||| i. e. that they rain no rain upon it	the church, considered a whole ||| the church, considered as a whole
1	69	5	4	as *Gerechllgkeit* and ||| as *Gerechtigkeit* and	sins included in die general ||| sins included in the general	*Woo, to the joiners* ||| *Woe to the joiners*	*field they bring together.,* literally ||| *field they bring together,* literally
1	70	5	3	(Henderson. *fine;* Barnes ||| (Henderson, fine ; Barnes	meaning, (for the want off ||| meaning, 'for the want of,'	omit it altogether. but the particle ||| omit it altogether. But the particle
1	71	5	4	wine in flames them ||| wine inflames them	Est qui nee veteris pocula ||| Est qui nec veteris pocula	Nee partem solido clemere de die ||| Nec partem solido demere de die	sic ducam carmine, donee ||| sic ducam carmine, donec
1	72	5	4	the sentence: (With harp ||| the sentence : 'With harp	the subject—( Harp and viol ||| the subject—' Harp and viol	understood. *c* Harp and viol ||| understood. ' Harp and viol	Hab.'l: 5. ||| Hab.'1 : 5.
1	73	5	4	and *1 knew not,* are phrases ||| and *I knew not*, are phrases	Ew. Hendew. Renders. Hitz. ||| Ew. Hendew. Henders. Hitz.	as the cause of ruin, {his exact ||| as the cause of ruin, this exact	The German *Holle* (originally *Hohle,* ||| The German *Hölle* (originally *Höhle,*
1	74	5	1	*so that every man is humbled,* &tc. ||| so that every man is humbled, &c.
1	75	5	0	
1	76	5	1	(Durell, Seeker, Lowth, Ewald) ||| (Durell, Secker, Lowth, Ewald)
1	77	5	1	by perseverance^is substantially given ||| by perseverance, is substantially given
1	78	5	4	light and light for darkness*> ||| light and light for darkness,	*putting litter for sweet* ||| putting bitter for sweet	Prov. 2: 13. EC. 2: 13. ||| Prov. 2: 13. Ec. 2: 13.	(qui nigrum in Candida ||| (qui nigrum in candida
1	79	5	1	*devours chaff* (or stubble). ||| devours chaff (or stubble),
1	80	5	0	
1	81	5	1	appear to form a link be-" tween ||| appear to form a link be-tween
1	82	5	0	
1	83	5	0	
1	84	5	3	is not che shall embraces (Vulg. ||| is not 'he shall embrace' (Vulg.	nor he shall let it go' in sport ||| nor 'he shall let it go' in sport	as* for the light/ but the others ||| as for the light,' but the others
1	86	6	1	composition was Jong posterior ||| composition was long posterior
1	87	6	0	
1	88	6	3	and Michaelis called one of the chief princes ||| and Michael is called one of the chief princes	(Num. 21: 6, 8. Dent. 8: 15) ||| (Num. 21: 6, 8. Deut. 8: 15)	to the version *above* Aim, which may ||| to the version *above him,* which may
1	89	6	2	things that natur?lly exist in pairs ||| things that naturally exist in pairs	paraphrase is, *l* with two he covered ||| paraphrase is, ' with two he covered
1	90	6	0	
1	91	6	3	*it filled, itself,* given to the last verb ||| it filled itself, given to the last verb	then I said. *Woe is me,* ||| then I said, Woe is me,	*lam ruined* or *destroyed.* ||| I am ruined or destroyed.
1	92	6	0	
1	93	6	1	Non dicit Dominus quern ire praecipiat ||| Non dicit Dominus quem ire praecipiat
1	94	6	4	£ whom shall I send ||| ' whom shall I send	and who will go *for us ¥* ||| and who will go *for us ?'*	Ego et Pater unurn sumus ||| Ego et Pater unum sumus	*but ~know not.* ||| *but know not.*
1	95	6	5	(nee tamen intelligetis) ||| (nec tamen intelligetis)	(auditeaudientes/Videte visionem) ||| (audite audientes, videte visionem)	Michaelis *sufficients sime)* ||| Michaelis *sufficientissime*)	cites it as *& proverb ||| cites it as a *proverb*	of ^Ischylus employs a like expression ||| of Æschylus employs a like expression
1	96	6	2	labours. *i* Deus sic praecipit ||| labours. ' Deus sic praecipit	their eyes have shut themselves/—or must ||| their eyes have shut themselves,'—or must
1	97	6	3	it has closed theidibyes.' ||| it has closed their eyes.'	translate ... by/ee?; ||| by *feel*;	And he said. Until that cities ||| And he said, Until that cities
1	98	6	3	less message; blithe common explanation ||| less message ; but the common explanation	Ewald, *(* a great vacancy ||| Ewald, 'a great vacancy	with a jg^siiliffl. and gxjgflgian, of the threat- ||| with a repetition and extension of the threat-
1	99	6	3	fulfilled, ftot once for all ||| fulfilled, not once for all	a mere rabbinical conceit, waa ||| a mere rabbinical conceit. [Hebrew]	of the causeway leading to-it ||| of the causeway leading to it
1	101	7	0	
1	102	7	1	Isaiah himself notexcepted (ch. 20 ||| Isaiah himself not excepted (ch. 20
1	103	7	4	(Lowth, Barnes) % ||| (Lowth, Barnes),	against Syria a»d Israel ||| against Syria and Israel	Isaiah *\s* ^sent. to free&lt;? tft« king ||| Isaiah is sent to free the king	to Isaiah($on of AmozjGo out ||| to Isaiah son of Amoz, Go out
1	104	7	4	in the same valley? south of the Jaffa ||| in the same valley, south of the Jaffa	Winer's Realworterbuch s. v. Teiche ||| Winer's Realwörterbuch s. v. Teiche	but for the factthat the name ||| but for the fact that the name	is that the. danger isjspoj£jr, that the fire ||| is that the danger is over, that the fire
1	105	7	5	firebrands—*(*the tails of these two ||| firebrands—'the tails of these two	with d^i??s— *(* smoking in the anger ||| —' smoking in the anger	of the king's terror—*l* fear not ||| of the king's terror—' fear not	faint in the anger etc'.' ||| faint in the anger etc.'	nor let -thy heart be soft ||| nor let thy heart be soft
1	106	7	2	*into Judah* or *against it* ||| *into Judah,* or *against it*	Vulgate (suscitemus earn) ||| Vulgate (suscitemus eam)
1	107	7	3	4: 7, *Tabcel* is named ||| 4 : 7, *Tabeel* is named	*a* for I, *b* for *m,* ||| *a* for *l*, *b* for *m*,	or come *lo^* pass ||| or come to pass
1	108	7	4	complete the measure. *i* ||| complete the measure. (no "i")	introduction of another -race by ||| introduction of another race by	by Shalmaneser, about the sixth year ||| by Shal-meneser, about the sixth year	of this clause, has been ||| of this clause has been
1	109	7	3	as in the *Stabat Mater OR* Cowper's ||| Stabat Mater or Cowper's	Tiglath-pileser and.Shalmaneser are excluded ||| Tiglath-pileser and Shalmeneser are excluded	the deportation by Shalmaneser are included ||| the deportation by Shalmeneser are included
1	110	7	7	six and Jive instead of eleven ||| six and *five* instead of *eleven*	*six, ten, and Jive,* ||| *six, ten, and five,*	*days* after *sixty-Jive!* ||| *days* after *sixty-five!*	to read *six or Jive* ||| to read *six or five*	that *sixty-Jive* itself is here put ||| that *sixty-five* itself is here put	so *schon und herrlich* ||| so *schön und herrlich*	Aben Ezra's—*e* it shall not come ||| Aben Ezra's—' it shall not come
1	111	7	3	it interrogative-:—* ||| it interrogative—'	*Gldubet ihr nicht, so bleibet ||| Gläubet ihr nicht, so bleibet	thy own satisfaction), *a sign from Jehovah ||| thy own satisfaction) a sign from Jehovah
1	112	7	4	2 Kings 19:. 29) ||| 2 Kings 19 : 29)	exhibition (Pliischke) ||| exhibition (Plüschke)	as.a paragogic imperative ||| as a paragogic imperative	equivalent to» adverbs ||| equivalent to adverbs
1	113	7	3	God is not lo try him ||| God is not to try him	the offered attestation, הלאות is not ||| the offered attestation. הלאות is not	and she calls Ms name Immanuel ||| and she calls his name Immanuel
1	114	7	3	*shall le forsaken* (i. e. desolate) ||| shall be forsaken (i. e. desolate)	of Judah.—Mil interpreters appear ||| of Judah.—All interpreters appear	Faber, Pluschke, Gesenius ||| Faber, Plüschke, Gesenius
1	115	7	3	yet it s%ems very improbable ||| yet it seems very impro-	the application 6f a symbolical name ||| the application of a symbolical name	as we shall see be low, is wholly ||| as we shall see below, is wholly
1	116	7	1	(Gen. 3: 15)r rendered more definite ||| (Gen. 3 : 15), rendered more definite
1	117	7	4	should^be born of a virgin ||| should be born of a virgin	could distingmsji_good from evil ||| could distinguish good from evil	the reference of vs. 15, 16> to> any person ||| the reference of vs. 15, 16, to any person	The essence the theory is this ||| The essence of the theory is this
1	118	7	5	The minor variations o( ||| The minor variations of	the particular child, in tended ||| the particular child intended	Grotius, Clericus, ai}d Barnes ||| Grotius, Clericus, and Barnes	this very prophet (eh. 7: 3 ||| this very prophet (ch. 7: 3	aggravates the -difficulty which ||| aggravates the difficulty which
1	119	7	6	Rabbins and oth^s, to a prophecy ||| Rabbins and others, to a prophecy	was a" *sign* to Moses ||| was a sign to Moses	the promise that the^tillage interrupted ||| the promise that the tillage interrupted	years could. afford no encouragement ||| years could afford no encouragement	is that J, H. Michaelis ||| is that J. H. Michaelis	£he passage as a promise ||| the passage as a promise
1	120	7	0	
1	121	7	1	the expression, i^will only be necessary ||| the expression, it will only be necessary
1	122	7	2	(man w,ird nennen seinen Namen) ||| (man wird nennen seinen Namen)	and could riot be asserted here ||| and could not be asserted here
1	123	7	6	the person mentioned, לדעתו is explained ||| the person mentioned. ... is explained	Junius, and Clericus?refer it ||| Junius, and Clericus refer it	that he may ~know. ||| that he may know.	others at about^ three years ||| others at about three years	namely, Immanuelrthe child whose birth ||| namely, Immanuel, the child whose birth	the land> of whose two kings ||| the land, of whose two kings
1	124	7	3	which i&lt;? contrary to usage ||| which is contrary to usage	which (3f course implies ||| which of course implies	against.Judah. The wasting ||| against Judah. The wasting
1	125	7	3	sentence so a^ to make it ||| sentence so as to make it	less indefinite b) specifying ||| less indefinite by specifying	in 2 Kings 23: 29,1f not ||| in 2 Kings 23: 29, if not
1	126	7	3	the service of the 'kingdoms of the countries ||| the service of the kingdoms of the countries	the whole teta of this foreign ascendency ||| the whole term of this foreign ascendency	Judah was Infested by Assyrian ||| Judah was infested by Assyrian
1	127	7	7	of later date • by Hitzig ||| of later date ; by Hitzig	being introductory wit. Vitringa ||| being introductory to it. Vitringa	threatening in v. 1\*5 ||| threatening in v. 15	Aiting's translation of ||| Alting's translation of	Houbigant, Seeker, Lowth ||| Houbigant, Secker, Lowth	Hitzig, Mau- •rer, Hendewerk ||| Hitzig, Mau-rer, Hendewerk	which the Clause contains ||| which the clause contains
1	128	7	4	especially Assyrian's'and Egyptians ||| especially Assyrians and Egyptians	vexatious impositions • are expressed ||| vexatious impositions are expressed	*of the rivers of Egypt, and to '* (or ||| of the rivers of Egypt, and to (or	but to the ajinoying and oppressive ||| but to the annoying and oppressive
1	129	7	4	products, *i* thorns and shrubbery ||| products, ' thorns and shrubbery	(the razor) *take, away.* ||| (the razor) take away.	Aben Ezra arid Abarbenel ||| Aben Ezra and Abarbenel	in the sense of *in* ' will shave ||| in the sense of in— ' will shave
1	130	7	3	the place of hiring — a razor hired ||| the place of hiring—' a razor hired	phrase £ rem turpiculam ||| phrase ' rem turpiculam	arbitrary and capricious,' but destructive ||| arbitrary and capricious, but destructive
1	131	7	2	from the abundance of the, making ||| from the abundance of the making	*of milk., he shall eat butter* ||| of milk, he shall eat butter
1	132	7	2	of poverty (Barnes), but of a ||| of poverty (Barnes); but of a	as if he had said, *i* this is what ||| as if he had said, 'this is what
1	133	7	1	(or *shall a mail) go thither* ||| (or *shall a man*) go thither
1	134	7	2	chapter xn., and Robinson's ||| chapter XII., and Robinson's	as its subject—the fear of thorns ||| as its subject—'the fear of thorns
1	136	8	4	*To Makershalal-hash-baz* ||| To Maher-shalal-hash-baz	on account of the \*\* prefixed, which *f* ||| prefixed, which,	*will take, to witness for me* ||| will take to witness for me	run that rec:deth it ||| run that readeth it
1	137	8	1	Call hisgname Maher-shalal-hash-baz ||| Call his name Maher-shalal-hash-baz
1	138	8	3	names *Shear-jashub* and *Makershalal-hash-baz.* ||| names *Shear-jashub* and *Maher-shalal-hash-baz.*	only needless but. according to Ewald ||| only needless but, according to Ewald	though adopted by CEcolampadius ||| though adopted by Œcolampadius
1	139	8	2	(זס further) *saying,* ||| (or *further*) *saying.*	to me again (or further) saying, ||| to me again (or further) saying.
1	140	8	2	that. both these kingdoms ||| that both these kingdoms	with it, se£ Robinson's Palestine ||| with it, see Robinson's Palestine
1	141	8	2	O immanuel! ||| O Immanuel!	subjoins a threatening, against Judah ||| subjoins a threatening against Judah
1	142	8	6	(w) *with us,* ||| (is) with us,	the object of address,*l* thy land ||| the object of address, ' thy land	have said, f *but* God is with us ||| have said, ' but God is with us	terra nihitominus erit tua ||| terra nihilominus erit tua	(seyd bose ihr Volker!) ||| (seyd böse ihr Völker!)	Seeker and Lowth ||| Secker and Lowth
1	143	8	1	the hand can not be justified ||| the hand can-not ·be justified (i.e. "cannot")
1	144	8	2	*and for* « *snare to the* ||| and for a snare to the	Eccles. vm. 11,-1) ||| Eccles. viii. 11, 1)
1	145	8	2	but that to some, in either house ||| but that to some in either house	(Vide supra ch. 1: ].) ||| (Vide supra ch. 1 : 1.)
1	146	8	1	that hideth hu face ||| that hideth his face
1	147	8	3	verse— 'land my children trust ||| verse—'I and my children trust	*are* alter *given me* ||| are after given me	*given me*—*{* I and my children ||| given me—' I and my children
1	148	8	3	*wizards*.(wise or knowing ones) ||| wizards (wise or knowing ones)	of *instead*—*(* Should a people ||| of instead—' Should a people	or *in behalf of. i* When you ||| or in behalf of. 'When you
1	149	8	4	is: omitted by the Vulgate ||| is omitted by the Vulgate	Quern Deus vult perdere ||| Quem Deus vult perdere	ninflj *Slackness* ||| *blackness*	Luther (Morgenrothe) ||| Luther (Morgenröthe)
1	150	8	0	
1	151	8	1	from above or below. • *4'* ||| above or below. (no such text follows)
1	152	8	1	This darkness is to be dispelled—/or (there shall) ||| dispelled—*for* (there shall)
1	154	9	1	*The, people* (just described ||| *The people* (just described
1	155	9	0	
1	156	9	0	
1	157	9	2	but. gives the preposition ||| but gives the preposition	refers it to the rod—*(* with which ||| refers it to the rod—'with which
1	158	9	0	
1	159	9	0	
1	160	9	2	the *melee.* The phrase ||| the *mêlée.* The phrase	*Wonder")* — *Counsellor* ||| *Wonder)*—*Counsellor*
1	161	9	2	indefinitely—*he* (i. e. any  *shall call his name* ||| (i. e. any one) shall call his name	*everlasting father, a. prince of peace* ||| an everlasting father, a prince of peace
1	162	9	3	themselves is changed, *s^z* is either ||| themselves is changed. פלא is either	*wonderfully wise,* (Hendewerk) ||| wonderfully wise (Hendewerk)	(or possessor) *of eternity.* i. e. ||| (or possessor) of eternity, i. e.
1	163	9	0	
1	164	9	0	
1	165	9	0	
1	166	9	1	(Luke I: 32-34) ||| (Luke 1 : 32–34)
1	167	9	0	
1	168	9	1	in this particular part of it*':* ||| in this particular part of it ?
1	169	9	0	
1	170	9	2	connects the noun with what follows, ||| connects the noun with what follows.	in the stability of their condition, ||| in the stability of their condition.
1	171	9	1	(Seeker), or irnm (Lowth) ||| (Secker), or ... (Lowth)
1	172	9	1	sense of *over* or *above. l* Then he exalted ||| sense of over or above. 'Then he exalted
1	173	9	1	Calvin (a pleine bouche) ||| Calvin (à pleine bouche)
1	174	9	0	
1	175	9	0	
1	176	9	2	that it, breaks the strophical ||| that it breaks the strophical	(seine zu begliickenden) ||| (seine zu beglückenden)
1	177	9	1	Ewald (vom Bosen), DeWette ||| Ewald (vom Bösen), DeWette
1	178	9	0	
1	179	9	1	the same thing as ... the other ||| the same thing as ביום in the other
1	180	9	2	as proposed by Seeker and approved ||| as proposed by Secker and approved	turned lack and still his hand ||| turned back and still his hand
1	181	9	0	
1	183	10	2	Vatablus, and Minister (jubent scribere) ||| Vatablus, and Munster (jubent scribere)	laborem scribentibus}. ||| laborem scribentibus).
1	184	10	0	
1	185	10	1	oppression and in justice (Jarchi) ||| oppression and in-justice (Jarchi)
1	186	10	4	grief *(alas* I) on God's part ||| grief (alas !) on God's part	connect trie particle ||| connect tne particle	equivalent to *hie, ille, ipse,* ||| equivalent to hic, ille, ipse,	Seeker reads ||| Secker reads
1	187	10	2	will 1 send him ||| will I send him	populum quern duriter tractare ||| populum quem duriter tractare
1	188	10	1	no *so will think* (will not ||| *not so will think* (will not
1	189	10	1	Grotius, Doderlein and others ||| Grotius, Döderlein and others
1	190	10	4	I Sam. 23: 17 ||| 1 Sam. 23: 17	breit (des Gotzen) ||| breit (des Götzen)	phrase *Gotzen-Lander.* ||| phrase *Götzen-Länder.*	sense of *from* (de)? which ||| sense of *from* (de), which
1	191	10	1	(Yes, even there) *will 1 visit* ||| (Yes, even there) *will I visit*
1	192	10	3	in Jerusalem, that I will ||| in Jerasalem, that I will	at the fountain, I Sam. 29: 1 ||| at the fountain, 1 Sam. 29: 1	Thesaurus, torn. 1. p. 172. ||| Thesaurus, tom. 1. p. 172.
1	193	10	1	£o himself the two most ||| to himself the two most
1	194	10	1	that he was—c *like a mighty man* ||| that he was—' *like a mighty man*
1	195	10	3	Fliigels), which is itself construed ||| Flügels), which is itself construed	Gesenius (briistet), and the ||| Gesenius (brüstet), and the	form of the original, cpn is variously ||| form of the original. [Heb.] is variously
1	196	10	1	the last clause—*c* as if ||| the last clause—' as if
1	197	10	0	
1	198	10	3	the idea *ofjlre* is denoted ||| the idea of *fire* is denoted	*"Qyog, Horns,* probably derived ||| Ὧρος, *Horus*, probably derived	*his saints,* i. e, the pious Jews ||| *his saints*, i. e. the pious Jews
1	199	10	1	Is a proverbial one, meaning ||| is a proverbial one, meaning
1	200	10	0	
1	201	10	1	*pauperis es-t numerare pecus* ||| pauperis est numerare pecus
1	202	10	0	
1	203	10	3	mentioned in ch. 7: f3 ||| mentioned in ch. 7: 3	at various times £hd ||| at various times and	(aufhoren).—The verb ||| (aufhören).—The verb
1	204	10	3	*shall be. like the sand* ||| shall be like the sand	—*Israelis* taken in the Septuagint ||| —Israel is taken in the Septuagint	as the commontancestor, thus keeping ||| as the common ancestor, thus keeping
1	205	10	1	28: ]£, 18. Dan. 11 ||| 28: 15, 18. Dan. 11
1	206	10	1	in the midst of ail the earth ||| in the midst of all the earth
1	207	10	2	He shall smile thee ||| He shall smite thee	smitten, the necessaryqualification ||| smitten, the necessary qualification
1	208	10	1	changes *and.* to *but* ||| changes *and* to *but*
1	209	10	1	the Syro-Grecian kino-s, ||| the Syro-Grecian kings,
1	210	10	3	Seeker IB^ *^zv on account ||| Secker ... on account	sense *of fat* or *fatness*? and suppose ||| sense of fat or fatness, and suppose	it was lo pass ||| it was to pass
1	211	10	0	
1	212	10	2	(I Sam. 13: 3, 5 etc.) ||| (1 Sam. 13 : 3, 5 etc.)	*In Gcba they have taken up* ||| In Geba they have taken up
1	213	10	1	Geba and Gibeab of Saul ||| Geba and Gibeah of Saul
1	214	10	1	*Anata,)* a sacerdotal city ||| *Anâta,* a sacerdotal city
1	215	10	4	of Gebimflee (or cause to flee ||| of Gebim flee (or cause to flee	will he shake, his hand ||| will he shake his hand	of Zion (I. e. Mount Zion ||| of Zion (i. e. Mount Zion	phrase, hitt of Jerusalem ||| phrase, hill of Jerusalem
1	216	10	1	*Behold, the. Lord, Jehovah of Hosts,* ||| Behold, the Lord, Jehovah of Hosts,
1	217	10	3	the *fire,* of v. 17 ||| the *fire* of v. 17	J. D. Michaels, to Nebuchadnezzar ||| Michaelis, to Nebuchadnezzar	with *Jehovah* understood ||| with *Jehovah* understood.
1	218	11	1	vs. J4-16. ||| vs. 14–16.
1	220	11	0	
1	221	11	2	Philistines (-2 Kings 18:8) ||| Philistines (2 Kings 18 : 8)	Kuinol, Cube) takes ||| Kuinöl, Cube) takes
1	222	11	3	we speak of *smelling to* or οΓ ἃ thing ||| or *of* a thing	restricted. I jThe sight of the eyes ||| restricted. The sight of the eyes	*of the Lord* (L e. afforded by religion) ||| (i. e. afforded by religion)
1	223	11	1	*convict* but by J. H. Michaelis ||| *convict*—but by J. H. Michaelis
1	224	11	1	young lion and failing together ||| young lion and fatling together
1	225	11	4	enjoyed by God's ^people— ||| enjoyed by God's people—	(Pliny, Nat. Hist, xviii. 30.) ||| (Pliny, Nat. Hist. xviii. 30.)	straw implies not only /i cohabitation ||| straw implies not only cohabitation	his carnivorous habits./' Vitringa ||| his carnivorous habits. Vitringa
1	226	11	4	the hole of the asp, and, on the den ||| the hole of the asp, and on the den	*cerastes") shall the weaned child* ||| *cerastes) shall the weaned child*	but in his Thesaurus. he admits ||| but in his Thesaurus, he admits	(der kaum Entwohnte) ||| (der kaum Entwöhnte)
1	227	11	4	given in the last clause, ||| given in the last clause.	*has been filled,* with that knowledge ||| has been filled with that knowledge	is the reformed church. ||| is the reformed church,	oppressors ||| oppressors.
1	228	11	1	but to the deliverance from Egypt, ||| but to the deliverance from Egypt.
1	229	11	1	nor governed bji *show* understood ||| nor governed by *show* understood
1	230	11	0	
1	231	11	1	unto the Lord to Jerusalem., and presents ||| unto the Lord to Jerusalem, and presents
1	232	11	1	(I Kings 14: 30. 15: 16) ||| (1 Kings 14: 30. 15: 16)
1	233	11	3	Hainan is called ||| Haman is called	is that proposed by Seeker ||| is that proposed by Secker	Ephraim wird aufhoren ||| Ephraim wird aufhören
1	234	11	1	in a hostile manner, rno is ||| in a hostile manner. סָרָה is
1	235	11	1	perhaps the Syrians) *Edom and Moab* ||| perhaps the Syrians) —*Edom and Moab*
1	236	11	2	the *Sinus HeroopoKtanut,* to distinguish ||| the *Sinus Heroopolitanus*, to distinguish	retained in the English Version ||| retained in the English Version.
1	237	12	0	
1	238	12	0	
1	239	12	0	
1	241	13	2	judgment of tire learned world ||| judgment of the learned world	One half of Aris tophanes and Shakspeare ||| One half of Aristophanes and Shakspeare
1	242	13	1	while It removes all discrepan ||| while it removes all discrepan
1	243	13	0	
1	244	13	0	
1	245	13	0	
1	246	13	2	aperite)—Doderlein (ut veniant ||| aperite)—Döderlein (ut veniant	—by JEschylus ||| —by Æschylus
1	247	13	1	(or gathering themselves) I *Jehovah* ||| (or gathering themselves) ! *Jehovah*
1	248	13	1	reads rranb^ybr *the battle or for battle.* ||| reads למלחמה *for the battle* or *for battle.*
1	249	13	1	overwhelming *as ifh* were an act ||| overwhelming *as if* it were an act
1	250	13	2	divinitus constitutae opportunities ||| divinitus constitutae opportunitates	die tumult and alarm ||| the tumult and alarm
1	251	13	3	prose (Gen. 43 f 33) ||| prose (Gen. 43 : 33)	or *Libyans. 1* Their faces ||| or *Libyans.* 'Their faces	Thesaurus, torn. 2, p. 743 ||| Thesaurus, tom. 2, p. 743
1	252	13	1	Nam et Intro suspensus patibulo ||| Nam et latro suspensus patibulo
1	253	13	0	
1	254	13	2	*Jinster auf, und der Mond* ||| finster auf, und der Mond	is employed by Henderson ||| is employed by Henderson.
1	255	13	2	Winer's Realworterbuch ||| Winer's Realwörterbuch	ending it with *seltene Schdtze.* ||| ending it with *seltene Schätze.*
1	256	13	0	
1	257	13	0	
1	258	13	0	
1	259	13	2	the pride, of the Chaldees. shall be like ||| the pride, of the Chaldees, shall be like	The same Hebrew word/i is applied ||| The same Hebrew word is applied
1	260	13	3	Thesaurus, torn. 2. p. 719 ||| Thesaurus, tom. 2. p. 719	Winer's Realworterbuch ||| Winer's Realwörterbuch	(Gesen. Lehrg. p. 668) ||| (Gesen. Lehrg. p. 688)
1	261	13	0	
1	262	13	1	shall be Jilted with howls ||| shall be filled with howls
1	263	13	1	the Septuagint render^ it ||| the Septuagint renders it
1	264	13	1	it may be remarked (I) that even ||| it may be remarked (1) that even
1	265	13	0	
1	267	14	1	as the names of different per sons ||| persons
1	268	14	1	(Stamme), and seems to refer ||| (Stämme), and seems to refer
1	269	14	2	has ceased for ever",' but ||| has ceased for ever, but	this song over the ~kwg of Babylon ||| this song over the king of Babylon
1	270	14	1	or tax-gatherer, ^rna is derived ||| or tax-gatherer. מַדְהֵבָה is derived
1	272	14	2	die game Erde ||| die ganze Erde	εὐφροσύνης It is a curious ||| εὐφροσύνης. It is a curious
1	273	14	1	ninus has *skepest,* which might ||| ninus has *sleepest*, which might
1	274	14	3	with the German *Holle,* from ||| with the German *Hölle*, from	from *Hbhle* hollow ||| from *Höhle* hollow	restore the old word *Holle* ||| restore the old word *Hölle*
1	275	14	0	
1	276	14	3	namlich entgegen dem von oben ||| nämlich entgegen dem von oben	kommenden Chaldaer-konige.' ||| kommenden Chaldäer-könige.'	the mighty ones (Machtigen) ||| the mighty ones (Mächtigen)
1	277	14	2	*construct™ praegnans* (Gesen. ||| constructio praegnans (Gesen.	clause, "p&w, like the English ||| clause. גאון, like the English
1	278	14	3	(gebettet ist unter dir mit Gewi'irm) ||| (gebettet ist unter dir mit Gewürm)	and his *upper bed.''*—The expression ||| and his *upper bed.'*—The expression	Von Colin makes the clause ||| Von Cölln makes the clause
1	279	14	1	I will sit in the. mount of meeting ||| I will sit in the mount of meeting
1	280	14	2	urged. I. The first is ||| urged. 1. The first is	of the ground is concerned, l?ut ||| of the ground is concerned, but
1	281	14	1	aller Gotter) ||| aller Götter)
1	282	14	3	cloud-heights', I will make ||| cloud-heights ; I will make	2 Mace. 9: 12 ||| 2 Macc. 9: 12	simplicity, *i* non morabimur ||| simplicity, 'non morabimur
1	283	14	0	
1	284	14	1	Junius and Tr^pellius understand ||| Junius and Tremellius understand
1	285	14	2	within their palaces, rv?3 is not used ||| within their palaces.  בית is not used	Henderson's version *He in state* ||| Henderson's version *lie in state*
1	286	14	1	Nebuchadnezzar,.to whom they exclusively ||| Nebuchadnezzar, to whom they exclusively
1	287	14	2	*Thou shah not be joined* ||| Thou shalt not be joined	and Jill the face of the world ||| and fill the face of the world
1	288	14	3	usage, wba may agree either with ||| usage. ... may agree either with	construction to Von Kolln, objects ||| construction to Von Kölln, objects	rejects the other half *(not}.* ||| rejects the other half (not).
1	289	14	1	universal manner, "pi and ||| universal manner. ‎נין and
1	290	14	2	demergam earn in profundum ||| demergam eam in profundum	lutum ut earn perdam ||| lutum ut eam perdam
1	291	14	1	who *havefactum est}* ||| who have *factum est,*
1	292	14	1	what the purpose F, which ||| what the purpose is, which
1	293	14	3	his burden from off his lack ||| his burden from off his back	the second *(.Assyria is broken* etc.) ||| the second (Assyria is broken etc.)	atque ecclesiae suspicio igitur ||| atque ecclesiae . . . . . . suspicio igitur
1	294	14	3	who shall turn it back! ||| who shall turn it back ?	strengthen the last ve"rb ||| strengthen the last verb	(zuriickschrecken) has the opposite effect ||| (zurückschrecken) has the opposite effect
1	295	14	2	vide supra, ch. 13: I. ||| vide supra, ch. 13: 1.	O Philistia, allofthee (or all Philistia) ||| O Philistia, all of thee (or all Philistia)
1	296	14	1	mean *the whole of thee.* perhaps with reference ||| mean *the whole of thee,* perhaps with reference
1	297	14	0	
1	298	14	1	The true solution Is that ||| The true solution is that
1	299	14	2	relinquam loco, nee ejus ||| relinquam loco, nec ejus	amplius rneminero; est enim ||| amplius meminero; est enim
1	301	15	1	still greater evils. [blank] THIS chapter ||| CHAPTER XV. (heading omitted before "THIS chapter is occupied")
1	303	15	1	altered name of *Hesbdn.* ||| altered name of *Hesbân.*
1	304	15	0	
1	305	15	3	^art of Isaiah ||| part of Isaiah	*is crying etc..* as in Judges ||| is crying etc. as in Judges	its guardians or protectors- ||| its guardians or protectors.
1	306	15	1	domitura bourn in trimatu ||| domitura boum in trimatu
1	307	15	1	*locuscavitatis* (Gesenius Thes. ||| *locus cavitatis* (Gesenius Thes.
1	308	15	0	
1	309	15	2	over the brook ofjhe willows ||| over the brook of the willows	translates it *Rabcnbach* (Ravenbrook) ||| translates it *Rabenbach* (Ravenbrook)
1	310	15	1	travellers at Mab and Medeba ||| travellers at Mâb and Medeba
1	312	16	2	to have taken refuge, Petra, it is true ||| to have taken refuge. Petra, it is true	as the *ruler of the earth)* in token ||| as the *ruler of the earth,* in token
1	313	16	0	
1	314	16	2	entitled to the preference, מעברות ||| entitled to the preference. מעברות	with rnsa, £ the daughters ||| with בנות, ' the daughters
1	315	16	1	consumed are the tr ampler s out of the land ||| sumed are the tramplers out of the land
1	316	16	0	
1	317	16	0	
1	318	16	4	comparison of Psalm xvm with ||| comparison of Psalm XVIII with	with 2 Sam. xxu, in ||| with 2 Sam. XXII, in	parallel name *A.r-Moab.* ||| parallel name Ar-Moab.	(nichts als betriibt) ||| (nichts als betrübt)
1	319	16	0	
1	320	16	1	(e. g. Josh. 11; 7) ||| (e. g. Josh. 11 : 7)
1	321	16	1	noun ("הדרך "p^) *'ls* not ||| noun (...) is not
1	322	16	2	mult (Getiimmel), Ewald that ||| mult (Getümmel), Ewald that	(den wilden Larm) ||| (den wilden Lärm)
1	323	16	3	of Seeker, that ||| of Secker, that	*man sieht* and *sick muhet.* ||| *man sieht* and *sich mühet.*	For the first, Knobej ||| For the first, Knobel
1	324	16	2	but *with, including,* ||| but with, including.	Henderson regards them; as the work ||| Henderson regards them as the work
1	326	17	1	and 1 Sam. J5: 26 ||| and 1 Sam. 15: 26
1	327	17	2	lusu quodam singular! Providentiae ||| lusu quodam singulari Providentiae	by Nebuchadnezzar, not withstanding which ||| by Nebuchadnezzar, notwithstanding which
1	328	17	1	saith Jehovah of Hosts, ||| saith Jehovah of Hosts.
1	329	17	0	
1	330	17	1	(or) Jive in the branches ||| (or) *five* in the branches
1	331	17	1	as a prediction, bs fwia occurs ||| as a prediction. ... occurs
1	332	17	2	pretation (Gotzenhainer) ||| pretation (Götzenhainer)	utterly destroyed, עזובת is variously ||| utterly destroyed. ... is variously
1	333	17	0	
1	334	17	0	
1	335	17	2	in certain parts, iitt is variously ||| in certain parts. הוי is variously	present tense, "pan most frequently ||| present tense. המון most frequently
1	336	17	1	would *^QQ from it* still further ||| would flee *from it* still further
1	337	17	4	sicut turbo cor am tempestate ||| sicut turbo coram tempestate	*A.t evening-tide, and behold terror* ||| At evening-tide, and behold terror	at the season of evening, ||| at the season of evening.	*about* (urn), Ewald ||| about (um), Ewald
1	338	17	0	
1	339	18	2	the mention of Gush in v. 1 ||| the mention of Cush in v. 1	*hark I* by Augusti ||| *hark!* by Augusti
1	340	18	0	
1	341	18	4	that of Doderlein, Hensler ||| that of Döderlein, Hensler	and that of August!; ||| and that of Augusti;	explanations, rfjten is translated ||| explanations. [Heb.] is translated	and therefore masculine, ta11 is variously ||| and therefore masculine. [Heb.] is variously
1	342	18	2	*AH ye inhabitants of the world ||| All ye inhabitants of the world	but according to Doderlein, Hitzig ||| but according to Döderlein, Hitzig
1	343	18	1	of time, *l* during the heat and dewy cloud i. e. ||| of time, 'during the heat and dewy cloud' i. e.
1	346	19	0	
1	347	19	0	
1	348	19	1	ch. 13: J. ||| ch. 13 : 1.
1	349	19	2	the intensive form here used can not have ||| can-not (i.e. "cannot") have	*(dominorum grams* dominationis) ||| (dominorum gravis dominationis)
1	350	19	1	to press, ^n"1?]^^ is explained ||| to press.
1	351	19	0	
1	353	19	5	with the article prefixed, "roan cannot ||| with the article prefixed. חכמי cannot	in the ancient world (I Kings 4: 30 ||| in the ancient world (1 Kings 4: 30	of the singular number, "^o does not mean ||| of the singular number. מלכי does not mean	quod factum A.. 1562 ||| quod factum A. 1562	inotum est in Gallia ||| motum est in Gallia
1	354	19	5	(Seeker); but the word ||| (Secker); but the word	conditional by J. H. Michael is (wenn sie wissen) ||| conditional by J. H. Michaelis (wenn sie wissen)	now almost wholly disappeared, ix-3 is explained ||| now almost wholly disappeared. ... is explained	Vulgate renders it *emarcucrunt.* ||| Vulgate renders it emarcuerunt.	*deceive,* riss is not to be read ||| deceive. ... is not to be read
1	355	19	3	of a judicial infliction, ||| of a judicial infliction.	with Seeker, on the authority ||| with Secker, on the authority	to wander from it; or. assuming ||| to wander from it; or, assuming
1	356	19	1	that vs. li-15 do to vs. 1-3 ||| that vs. 11–15 do to vs. 1–3
1	357	19	2	(as in Ex. J5: 15) ||| (as in Ex. 15: 15)	before us *to Jive towns or cities.* ||| before us to *five towns* or *cities.*
1	358	19	0	
1	359	19	4	(Gliickstadt) ||| (Glückstadt)	the Hebrew *Bethshcmesh* (dwelling ||| the Hebrew *Bethshemesh* (dwelling	Paraphrase: the city of Bethshemesh ||| Paraphrase: ' the city of Bethshemesh	to be destroyed/ This ||| to be destroyed.' This
1	360	19	1	proposed by Calvin? ||| proposed by Calvin,
1	361	19	0	
1	362	19	1	(salvalorem et principem) ||| (salvatorem et principem)
1	363	19	0	
1	364	19	2	those of a more, spiritual nature ||| those of a more spiritual nature	the same ellipsis in this very ||| the same ellipsis in this very chapter (v. 23).
1	365	19	0	
1	366	19	1	a party to a triple union, ||| a party to a triple union.
1	367	19	0	
1	369	20	0	
1	370	20	4	Amoz saying, Go, and thou ||| Amoz, saying, Go, and thou	thy shoe thou shalt putt off ||| thy shoe thou shalt pull off	Kimchi, Staudlin, and ||| Kimchi, Stäudlin, and	cited 1 Sam. 19; 24. ||| cited 1 Sam. 19: 24.
1	371	20	2	And Jehovah said, A.S my servant ||| And Jehovah said, As my servant	hath gone naked, and barefoot ||| hath gone naked and barefoot
1	372	20	2	(t. e. *the captives} ||| (i. e. the captives)	und vertrieoene Mohrenland ||| und vertriebene Mohrenland
1	373	20	1	whom they trusted for deliverance, ascis ||| whom they trusted for deliverance. [Heb.] is
1	374	20	0	
1	376	21	0	
1	377	21	1	represented as prevailing, b before ||| represented as prevailing.
1	378	21	0	
1	379	21	1	then *a. pair* in general ||| then a *pair* in general
1	380	21	4	on the watch-tower. Lord, I am standing ||| on the watch-tower, Lord, I am standing	of observation) lam stationed all ||| of observation) I am stationed all	as when a lion roareih. ||| as when a lion roareth.	wild beasts approaching ||| wild beasts approaching.
1	381	21	2	*and says. Fallen, fallen* ||| *and says, Fallen, fallen*	pondence is sufficiently exact, ||| pondence is sufficiently exact.
1	382	21	1	the same now called *Dumah Eljandilon* the confines ||| called *Dumah Eljandil* on the confines
1	383	21	2	inquire) inquire; return, come. ||| inquire, inquire; return, come.	Bauer, and Rosemmjller ||| Bauer, and Rosenmüller
1	384	21	3	For 3^?5 tne ancient versions ||| the ancient versions	adopted by Henderson requires a change ||| adopted by Henderson, requires a change	blood-thirsty enemy, niasiBj ||| blood-thirsty enemy.
1	386	22	0	
1	387	22	1	it is riot absolutely necessary ||| it is not absolutely necessary
1	388	22	2	may be applied to either, w is not to ||| may be applied to either.  ... is not to	*from* (using) *the bow,* Ewald ||| from (using) the bow. Ewald
1	389	22	1	(or *weep Utterly) ||| (or *weep bitterly*)
1	390	22	1	direction of the movement, nu) may ||| direction of the movement.  שו may
1	391	22	0	
1	392	22	0	
1	393	22	0	
1	394	22	0	
1	395	22	2	be forgiven.3 ||| be forgiven.'	to things and per sons now forgotten ||| to things and persons now forgotten
1	396	22	0	
1	397	22	2	with violence, מטלטל is by some rendered ||| with violence. מטלטל is by some rendered	lating ina—*[ike a man* ||| lating גבר—*like a man*
1	398	22	5	like a ball (thrown} into ||| like a ball (thrown) into	shame of thy masters house ||| shame of thy master's house	κακοῖς$* of./Eschylus ||| of Æschylus	same proposition: *l* the chariots ||| same proposition : ' the chariots	(£ there shall thy splendid ||| (' there shall thy splendid
1	399	22	0	
1	400	22	1	a seat *par eminence.* ||| a seat *par éminence.*
1	401	22	3	as their sole support, צאצאים ||| as their sole support.  (period, not comma)	etymology of 4 צפצת the analogy of Ezek. ||| and the analogy of Ezek.	(Jer. 48: 12. Lain. 4: 2) ||| (Jer. 48: 12. Lam. 4: 2)
1	403	23	1	to the Lord, v. J 8. ||| to the Lord, v. 18.
1	404	23	1	mention of the Chaldees in v. 18 ||| mention of the Chaldees in v. 13
1	405	23	4	neque etiam banc prophetiam ||| neque etiam hanc prophetiam	nisi quatenus ilia conformitas ||| nisi quatenus illa conformitas	leprosy in ch. 22. and ||| leprosy in ch. 22, and	waste—?io house, no entrance ||| waste—no house, no entrance
1	406	23	3	verb (zerstort hat man) ||| verb (zerstört hat man)	first, 50 *that there is no house left to enter.* ||| first, so that there is no house left to enter.	by Calvin (ut nori sit commeatus ||| by Calvin (ut non sit commeatus
1	407	23	5	drawn front the apparent incongruity ||| drawn from the apparent incongruity	which is that of JL D. Michaelis ||| which is that of J. D. Michaelis	as in chap. i: 2, Hendewerk ||| as in chap. 1 : 2, Hendewerk	in tile sense of *exalting* ||| in the sense of exalting	the idea of depopulation ||| the idea of depopulation.
1	408	23	7	man von Egypten h'drete ||| man von Egypten hörete	wenn man von Tyrus h'oren wird ||| wenn man von Tyrus hören wird	as a particle of comparison, (Vide supra ||| as a particle of comparison. (Vide supra	of the isle (or coast), The mother country ||| of the isle (or coast). The mother country	refuge in her distant colonies, J. D. Michaelis ||| refuge in her distant colonies. J. D. Michaelis	when besieged by Alexander^ sent their old men ||| when besieged by Alexander, sent their old men	not cross the sea on foot, Umbreit replies ||| not cross the sea on foot. Umbreit replies
1	409	23	2	in ch. 22: 2; as an incidental proof ||| in ch. 22 : 2, as an incidental proof	an abstract and a concrete term, ||| an abstract and a concrete term.
1	410	23	0	
1	411	23	0	
1	412	23	0	
1	413	23	0	
1	414	23	1	(quomodocunque ilia explicentur) ||| (quomodocunque illa explicentur)
1	415	23	0	
1	416	23	2	before Johovah} to eat to ||| before Johovah, to eat to	when in actual service, PTIS ||| when in actual service. עתיק,
1	417	24	1	chapters (xxiv—xxvn) are now universally ||| chapters (xxiv—xxvii) are now universally
1	418	24	2	Jerusalem by Nebuchadnezzar Rosenmüller, in the first ||| Nebuchadnezzar. Rosenmüller	of approaching changes Gesenius pronounces ||| approaching changes. Gesenius
1	419	24	1	into literal expressions, "psfn is not ||| into literal expressions.  [period, not comma]
1	420	24	2	usual form psn hi order to assimilate ||| in order to assimilate	of the earth languish,' ||| of the earth languish.
1	421	24	3	synonymous with the^'us *gentium* ||| synonymous with the *jus gentium*	*and there are few men left,* ||| *and there are few men left.*	date of the prophecy, oax is taken ||| date of the prophecy. אשם is taken
1	422	24	5	Gesenius in forms us that this verse ||| Gesenius informs us that this verse	(J. D. Michael is) nor palm-wine ||| (J. D. Michaelis) nor palm-wine	the city of am fusion ||| the city of confusion	*A. cry for wine in the streets* ||| A cry for wine in the streets	(vollcnds lahm und matt) ||| (vollends lahm und matt)
1	423	24	1	aesthetical sneers of certain critics, ||| aesthetical sneers of certain critics.
1	424	24	1	to do so still, B-nx has been ||| to do so still.  ... has been
1	425	24	3	of misery, צדוק is not an epithet ||| of misery.  צדיק is not an epithet	(a song of') *praise or honour ||| (a song of) praise or honour	the ancient art of hunting, פחד ||| the ancient art of hunting.  פחד
1	426	24	2	is now commonly abandoned, ||| is now commonly abandoned.	extravagant and overstrained ||| extravagant and overstrained.
1	427	24	2	doctrines of Zoroas.ter. It is not ||| doctrines of Zoroas-ter (i.e. Zoroaster)	gathered with a gatnenng as prisoners ||| gathered with a gathering as prisoners
1	429	25	2	more agreeable to usage, trite strictly ||| more agreeable to usage. אודה strictly	is especially referred to. the next verse ||| is especially referred to, the next verse
1	430	25	4	would here be out of place, ||| would here be out of place.	*(Sensus hie est: ||| (Sensus hic est:	acervum, hoc earn est totam ||| acervum, hoc eam est totam	Lowth, Doderlein, Dathe ||| Lowth, Döderlein, Dathe
1	431	25	0	
1	432	25	2	that catastrophe was brought about, ||| that catastrophe was brought about.	the object of the violence^ but not ||| the object of the violence, but not
1	433	25	7	on Mount Zion. he now shows ||| on Mount Zion, he now shows	bestowed upon the nations, to-wc properly ||| bestowed upon the nations. שמנים properly	adjective, tfnaiB means the lees ||| adjective. שמרים means the lees	strained or filtered, t^n^ from ||| strained or filtered. ממחים from	a source of m^ral influence ||| a source of moral influence	described as beinothe *surface* ||| described as being the surface	a sign of mournino ||| a sign of mourning,
1	434	25	2	chosen in order lo assimilate ||| chosen in order to assimilate	which hjj prefers ||| which he prefers
1	435	25	0	
1	436	25	4	As the name *British)* in our own ||| As the name *British,* in our own	trampling under foot, ttito is commonly ||| trampling under foot. ‹heb› is commonly	a city *Madmenahj* which may ||| a city *Madmenah,* which may	(or *devices} of his hands.* ||| (or *devices*) *of his hands.*
1	437	25	3	to the pool or dunghill, ארבות has been ||| to the pool or dunghill. ארבות has been	the fact that a is pr warily ||| the fact that ארב pr(i)marily	גאותוn that before it ||| גאותו in that before it
1	439	26	1	introduction to chap, xxiv.) ||| introduction to chap. xxiv.)
1	441	26	0	
1	442	26	5	against the textual tradition: second ||| against the textual tradition ; second	of this whole prediction, *^y* strictly ||| of this whole prediction. עד strictly	the Babylonian tyranny, "rass. ||| the Babylonian tyranny. פעמי,	denotes *straight-ness^* the plural ||| denotes straightness, the plural	(was our) souVs desire ||| (was our) soul's desire
1	443	26	1	Lowth takes ... the sense of *laws* ||| in the sense of *laws*
1	444	26	1	(den zu erfiabenen Gott) ||| (den zu erhabenen Gott)
1	445	26	2	good sense, lab תשפת literally means ||| good sense. תשפת לנו literally means	welfare, w, though omitted ||| welfare. בם, though omitted
1	446	26	3	sed hie simpliciter docet ||| sed hic simpliciter docet	ex Dei rnanu adeptos ||| ex Dei manu adeptos	finem donee plena felicit ||| finem donec plena felicit
1	447	26	0	
1	448	26	0	
1	449	26	3	strength of the expression! ||| strength of the expression.	in this place. A. like ex- ||| in this place. A like ex-	(Beschworung) ||| (Beschwörung)
1	450	26	1	corresponding English 05, is properly ||| corresponding English *as*, is properly
1	451	26	2	eagerly adopted by Gesenius. who, not content ||| Gesenius, who	for failure, disappointment, bafi is ||| for failure, disappointment.
1	452	26	6	that dwell in the dust* I) ||| that dwell in the dust !)	a multitude of corpses The explanation ||| a multitude of corpses. The explanation	*Awake,* etc. is a joyful ||| Awake etc. is a joyful	approved by Grotius. Ewald, Umbreit ||| approved by Grotius, Ewald, Um-breit	and that it departs. from the acknowledged ||| and that it departs from the acknowledged	to preference, when. the strict ||| to preference, when the strict
1	453	26	2	both here and in v. IS, not only ||| both here and in v. 18, not only	The first, is, that the prophet ||| The first is, that the prophet
1	454	26	2	instead of being *Tclassisch* as a proof ||| instead of being *klassisch* as a proof	*Idassisch* as a proof that the doctrine ||| *klassisch* as a proof that the doctrine
1	455	26	1	is of no exegetical importance, ||| is of no exegetical importance.
1	457	27	2	viz. a hard one. a great one ||| viz. a hard one, a great one	intended to convey. Orjf a ||| intended to convey. Or if a
1	458	27	0	
1	459	27	3	Schnurrer. and others ||| Schnurrer, and others	begin with *1 Jehovah keep it* ||| begin with *I Jehovah keep it*	as meaning *l* sing in the name ||| as meaning ' sing in the name
1	460	27	0	
1	461	27	1	followed by some later writers who explain ||| followed by some later writers, who explain
1	462	27	3	paraphrased as follows; it is not ||| phrased as follows: it is not	(i. e. bum them out of her) ||| (i. e. burn them out of her)	peace let him make, with me ||| peace let him make with me
1	463	27	3	as thorns and briers, i^sa commonly ||| as thorns and briers.  ... commonly	they shall Jill the face ||| they shall fill the face	be filled with fruit, ^n does not mean ||| be filled with fruit.  ... does not mean
1	464	27	0	
1	465	27	2	in the day of the east wind, ||| in the day of the east wind.	The construction. *this is all the fruit* ||| The construction, this is all the fruit
1	466	27	2	demolition of an altar, lapj ||| demolition of an altar. לא יקמו	a dwelling Broken up and forsaken ||| a dwelling broken up and forsaken
1	467	27	0	
1	468	27	2	(fur unseren Geschmack anstössig) ||| (für unseyen Geschmack anstössig)	Assyria and egypt may be either put ||| Assyria and Egypt may be either put
1	470	28	0	
1	471	28	0	
1	472	28	2	*(yalidus et fortis Dominus)* ||| (validus et fortis Dominus)	change *of hand to fat.* ||| change of *hand* to *fist.*
1	473	28	1	like a first-ripe Jig, which he ||| like a first-ripe fig, which he
1	474	28	2	but *while, yet,* which renders ||| but *while yet,* which renders	that the iin in v. I ||| that the הוי in v. 1
1	475	28	3	preferred to Lowth's (« *beauteous crown ||| Lowth's (*a beauteous crown*	spirit of judgment to him thatsitteth ||| to him that sitteth	but God himself ||| but God himself.
1	476	28	0	
1	477	28	1	seeing or seer {or sight ||| seeing or seer for sight
1	479	28	5	Quern docebit scientiaml ||| Quem docebit scientiam?	et quern intelligere faciet audituml ||| et quem intelligere faciet auditum?	ablactatos a lade, avulsos ||| ablactatos a lacte, avulsos	regard v. ] 0 as a description ||| regard v. 10 as a description	making v- 10 a direct continuation ||| making v. 10 a direct continuation
1	480	28	0	
1	481	28	2	should not he taken ||| should not be taken	stumbling and faj!ing ||| stumbling and falling
1	482	28	2	on the scoffer's boast, שאול is here ||| boast. שאול is here	that two are blended here, nth is ||| blended here. חֹזֶה is
1	483	28	0	
1	484	28	2	The re&ge and the hiding-place ||| The refuge and the hiding-place	rather the exception than the rule ||| rather the exception than the rule.
1	485	28	4	instead off/, in order to avoid ||| instead of *it*, in order to avoid	it shall take, you ||| it shall take you	scourge shouTCrfill them ||| scourge should fill them	with distress: another, that the effect ||| with distress; another, that the effect
1	486	28	2	For lilce Mount Perazim ||| For like Mount Perazim	whole c^se to the double slaughter ||| whole clause to the double slaughter
1	487	28	1	Jehovah of Hosts} against ||| Jehovah of Hosts, against
1	488	28	2	that his threatening? would never ||| that his threatenings would never	with due regard to lime and place ||| with due regard to time and place
1	489	28	5	Henderson, asirisb means ||| Henderson.  ... means	27. jFor *not with ||| V. 27. For not with	turned upon cummin: for ||| turned upon cummin ; for	the Georgics (I: 157) ||| the Georgics (1 : 157)	position of that verse ||| position of that verse.
1	490	28	2	(or *horses') he does not crush it.* ||| (or horses) he does not crush it.	of the latter, thai the husbandman ||| of the latter, that the husbandman
1	492	29	2	Ezekiel (43: 15. 16) ||| Ezekiel (43 : 15, 16)	the two explanations οἱ the Hebrew word ||| the two explanations of the Hebrew word
1	493	29	3	as a noun- Here again ||| as a noun.  Here again	(ch. xxviii xxxi) ||| (ch. xxviii—xxxi)	with the context, to o-we ||| with the context, to give
1	494	29	1	twittering of birds. X ||| twittering of birds.
1	495	29	0	
1	496	29	2	refer to *Arid* as itself a feminine ||| refer to *Ariel* as itself a feminine	*Nihil hie video ||| *Nihil hic video
1	497	29	1	and your heads the seers, hath he covered ||| and your heads, the seers, hath he covered
1	498	29	1	favoured by the accents,^s to take ||| favoured by the accents, is to take
1	499	29	2	therefore I will add etc, ||| therefore I will add etc.	implies negation ||| implies negation.
1	500	29	4	phrased by Luther \*(ttfie *seyd ihr* ||| phrased by Luther*(*wie seyd ihr*	*so verkehrtl).* ||| *so verkehrt?).*	reckoned as belonging to it. or as ||| reckoned as belonging to it, or as	10: 18« The metaphors ||| 10 : 18. The metaphors
1	501	29	1	the deaf hear the words of the look ||| the deaf hear the words of the book
1	502	29	0	
1	503	29	1	Seeker and Lowth read ||| Secker and Lowth read
1	504	29	0	
1	506	30	2	mentioned as an aggravation ||| mentioned as an agravation	accumulating guilt, ||| accumulating guilt.
1	507	30	3	as downward, הלכים is commonly ||| as downward. הלכים is commonly	shadow of Egypt for confusion,* ||| shadow of Egypt for confusion.	ambassadors arrive at Hanes,* ||| ambassadors arrive at Hanes.
1	508	30	2	had done inch. 13: L. ||| had done in ch. 13: 1.	22: 1. 23: I. ||| 22: 1. 23: 1.
1	509	30	3	burden of the beasts I what ||| burden of the beasts ! what	*leacna et leo violentus* ||| leaena et leo violentus	*(Leu und Lowe),* ||| (Leu und Löwe).
1	510	30	1	similar precaution in ch. 8; J ||| similar precaution in ch. 8 : 1
1	511	30	4	tion after the event, tons ||| tion after the event.  אֹתָם	*is It, lying* ||| *is it, lying*	the present *(non mdetis),* ||| the present (non videtis),	spirit of their acts It is ||| spirit of their acts.  It is
1	512	30	0	
1	513	30	0	
1	514	30	3	vessel of the potters, ||| vessel of the potters.	This overwhelming judgment would be ||| This overwhelmning judgment would be	fliegen, fliehen, fluchtigen ||| fliegen, fliehen, flüchtigen
1	515	30	3	no two of [hem should remain ||| no two of them should remain	(Jarchi: pr^P1)' But tms *ls* certainly ||| (Jarchi: ...). But this is certainly	of the Prophet's words, ron elsewhere ||| of the Prophet's words. ... elsewhere
1	516	30	4	his denunciations said. ||| his denunciations said,	(ruhrt sich nicht) ||| (rührt sich nicht)	scarcely less& arbitrary ||| scarcely less arbitrary	he cites (ch. 21 r 13. ||| he cites (ch. 21 : 13.
1	517	30	3	proposed by Doderlein, and approved ||| proposed by Döderlein, and approved	in Jerusalem, ikon shalt weep no more ||| in Jerusalem, thou shalt weep no more	God would feed them, Jarchi re ||| God would feed them. Jarchi re-
1	518	30	3	*And, thine ears shall hear ||| And thine ears shall hear	from behind thee, saying. This is the way ||| from behind thee, saying, This is the way	going behind their flocffiC, or nurses ||| going behind their flocks, or nurses
1	519	30	2	thou shall scatter them ||| thou shalt scatter them	ments ©f the golden calf ||| ments of the golden calf
1	520	30	1	of the Latin *aro* to plough, ||| of the Latin *aro* to plough.
1	521	30	0	
1	522	30	2	echoes from afar), מרחוק is by ||| echoes from afar). ... is by	has *Rauchsdule* (column of smoke) ||| has *Rauchsäule* (column of smoke)
1	523	30	0	
1	524	30	4	trotter a travers champs ||| trotter à travers champs	majesty of his voice and the descent ||| majesty of his voice, and the descent	accompanying circumstances, rro may be ||| accompanying circumstances. נַחַת may be	of the winds as *scattered;* ||| of the winds as scatterers ;
1	525	30	3	including the other, nrn originally ||| including the other.  חָתַת originally	authority of Seeker's conjecture ||| authority of Secker's conjecture	present *(schldgt),* but even if ||| present (schlägt) ; but even if
1	526	30	3	(recht vest und stark auf den Riicken geleget) ||| den Rücken geleget	that follow, *laities of shaking,* ||| that follow, *battles of shaking,*	been subject to oppression, trips may agree ||| been subject to oppression.
1	527	30	1	Gesenius (Brandstatte), Ewald ||| Gesenius (Brandstätte), Ewald
1	529	31	1	die wisdom, either of Egypt ||| the wisdom, either of Egypt
1	530	31	1	is rendered by *Montana pknitudinc.* ||| is rendered by Montanus *plenitudine.*
1	531	31	2	The feminine suffix. refers not to ||| The feminine suffix refers not to	his idols of silver and his idols oj ||| his idols of silver and his idols of
1	532	31	1	by no mail's sword ||| by no man's sword
1	534	32	1	or 'n supposing ||| or in supposing
1	535	32	1	as the word occurs no where else ||| as the word occurs no-[line break]where else
1	536	32	2	threatened evil, nsflj bs> ||| threatened evil. [period, not comma]	Tremble ye careless (ivomeii) ||| Tremble ye careless (women)
1	537	32	1	his hypothesis, עפל? originally means ||| his hypothesis. ... originally means
1	538	32	0	
1	539	32	1	these thing? can come to pass ||| these things can come to pass
1	541	33	1	the peoples flee-, at thy rising ||| the peoples flee ; at thy rising
1	542	33	5	like the running of locusts ||| vourer; like the running of locusts	addresses the enemy collectively, חסיל ||| addresses the enemy collectively. חסיל	thoroughly, nut leaving a tree ||| thoroughly, not leaving a tree	in 1 Mace. 4: 23 ||| in 1 Macc. 4: 23	(ya etre magnifie) ||| (va être magnifié)
1	543	33	1	to the people, pn, according ||| to the people.  חסן, according
1	544	33	2	Thesaurus s. v,) Some, however ||| Thesaurus s. v.) Some, however	renders it *Rohrdommel* The messengers ||| renders it Rohrdommel. The messengers
1	545	33	2	(I Chron. 5: 16) ||| (1 Chron. 5: 16)	Lowth follows Seeker and the Targum ||| Lowth follows Secker and the Targum
1	546	33	2	has *scdratos.* ||| has *scelratos.*	*of the devouring fire Who of us is afraid of* ||| *of the devouring fire? Who of us is afraid of*
1	547	33	3	can dwell with (this) devouringJirel Who of us ||| can dwell with (this) devouring fire? Who of us	quis commorabitur nostrum 1 ignis ||| quis commorabitur nostrum? ignis	ignis dcvorat etc. ||| ignis devorat etc.
1	548	33	2	evil'},* e. from conniving at it ||| *evil* i. e. from conniving at it	by a larger space than usual making this the beginning ||| by a larger space than usual, making this the beginning
1	549	33	2	This does not. denote exalted station ||| This does not denote exalted station	quis me hie allegorias sequi ||| quis me hic allegorias sequi
1	550	33	0	
1	551	33	4	legis verba ponderous, doctor parvulorum ||| legis verba ponderans, doctor parvulorum	*(wer zdhlte, wer wog)&lt;* ||| (wer zählte, wer wog),	*scribe,* that it can not be regarded ||| that it cannot be regarded	*The farce* (or *determined) ||| The fierce (or determined)
1	552	33	3	*A people deep of lipfrom hearing* ||| A people deep of lip from hearing	Clericus *(e pro/undo ||| Clericus (e profundo	equivalent to 50 as *not to hear* ||| equivalent to so as not to hear
1	553	33	2	according lo Henderson ||| according to Henderson	*A. place of rivers,* ||| A place of rivers,
1	554	33	0	
1	556	34	1	of vs. 1-4. but applies ||| of vs. 1–4, but applies
1	557	34	2	see the note on ch. J 1: 15 ||| see the note on ch. 11 : 15	*praeteritum prophcticum,* ||| praeteritum propheticum,
1	558	34	6	They shall riot lie unburied ||| They shall not lie unburied	a battle-field *olentcs agros.* ||| a battle-field olentes agros.	(or *by} their blood,* ||| (or by) their blood,	proposed by PfeifFer in his ||| proposed by Pfeiffer in his	described as having: stretched out ||| described as having stretched out	heavens like a O curtain ||| heavens like a curtain
1	559	34	1	a withered (Jig) from a Jig-tree ||| a withered (fig) from a fig-tree
1	560	34	2	he might find, in his copy ||| he might find in his copy	anticipation *(ivie zum voraus)* ||| anticipation (wie zum voraus)
1	561	34	1	6. *A. sword (is) to Jehovah ||| V. 6. *A sword (is) to Jehovah
1	562	34	2	to the slaughter (Jer. 50; 27. ||| (Jer. 50 : 27.	burning long, ft^na neither means ||| burning long. נחליה neither means
1	563	34	3	read here *iht streams of Rome* ||| read here *the streams of Rome*	The original form of expression. ||| The original form of expression,	*the smoke, of the country* ||| *the smoke of the country*
1	564	34	3	Gesenius and Ewald1 with the older ||| Gesenius and Ewald with the older	not be a thorough fare for caravans ||| not be a thorough-fare for caravans	great spite *(verrath grossen Hass)* ||| great spite (verräth grossen Hass)
1	565	34	3	connexion with building"- (Zech. 1: 16) ||| connexion with building (Zech. 1: 16)	Edom is pro fusely covered ||| Edom is profusely covered	the Vulgate (perpendiculuni) ||| the Vulgate (perpendiculum)
1	566	34	2	absolute *(as to her nobles'),* ||| absolute (*as to her nobles*),	added Augustus explanation ||| added Augusti's explanation
1	567	34	3	but as possibly entitled lo consideration ||| but as possibly entitled to consideration	has in several places., (See ||| has in several places.. (See	13. *And- her palaces* ||| And her palaces
1	568	34	1	*A. court* (or *grass-plot) ||| *A court* (or *grass-plot)
1	569	34	4	but not *& pun* (Barnes) ||| but not a *pun* (Barnes)	and supp'ose the Kal ||| and suppose the Kal	*eerie* (Cocceius) ||| *certe* (Cocceius)	the *strix* or varnpyre ||| the *strix* or vampyre
1	570	34	2	substantive obo jections of the most ||| substantive ob-jections of the most	Taking Gesenius'"s ||| Taking Gesenius's
1	571	34	1	must of course he something doleful ||| must of course be something doleful
1	572	34	2	translates the next verb *rircumfodit* ||| circumfodit	after the Vulgate *(fovei)* ||| (fovet)
1	573	34	3	*(Non est cur in Us magnopere ||| (Non est cur in iis magnopere	busto insult at armentum ||| busto insultat armentum	it has commanded and his spirit ||| it has commanded; and his spirit
1	575	35	3	that ["hitzig makes the use ||| that Hitzig makes the use	revenge and blood thirsty hatred ||| revenge and blood-thirsty hatred	hypotheses refute each other, *t* The best ||| hypotheses refute each other. The best
1	576	35	0	
1	577	35	3	unto it* (die desert) ||| unto it (the desert)	*(bluhen ja bluhen),* ||| (blühen ja blühen)	by Calvin and the Eno-lish Version ||| by Calvin and the English Version
1	578	35	2	the following: verse ||| the following verse	considered as O *J* including ||| considered as including
1	579	35	1	*(ullionem adducet retributionis)* ||| (ultionem adducet retributionis)
1	580	35	0	
1	581	35	1	quotes from Camp bell's travels ||| quotes from Campbell's travels
1	582	35	1	essential idea is that of wild and solitary animals, rua and ||| ... and solitary animals. נוה and
1	583	35	0	
1	584	35	2	theuncircumcised (Ezek. 44: 9) ||| the uncircumcised (Ezek. 44: 9)	a *trace of later Judaism.* ||| a *trace of later judaism.*
1	585	35	2	as equivalent to ||| as equivaleut to	are ignorant or foolish, n^ix is translated ||| are ignorant or foolish. אוילים is translated
1	586	35	3	Tremellius *(violenta* /era) ||| Tremellius (violenta fera)	(50 *gehen sie erldst* ||| (so gehen sie erlöst	*(nur Erloste gehen dort ||| (nur Erlöste gehen dort
1	587	35	2	*TEternel aura paye la rancon.* ||| *l'Eternel aura payé la rançon.*	a *monstrum interpretation^* that Forerius ||| a *monstrum interpretationis*, that Forerius
1	588	35+36	2	ut tarn suo tempore ||| ut eam suo tempore	<chapter heading omitted> ||| CHAPTER XXXVI.
1	589	36	1	the length of Hezekiah^s life ||| the length of Hezekiah's life
1	590	36	3	appears to he that of showing ||| appears to be that of showing	Hezekiah. Sennacherib king of Assyria ||| Hezekiah, Sennacherib king of Assyria	The substance οἱ this statement ||| The substance of this statement
1	591	36	2	*And, the king of Assyria sent ||| And the king of Assyria sent	and being probably de tained longer ||| and being probably detained longer
1	592	36	2	that thou hast rebelled against met ||| against me?	Grand Seignior, GrandMonarque, and ||| Grand Seignior, Grand Monarque, and
1	593	36	2	word, of lips, i. e. mere talk ||| word of lips, i. e. mere talk	member *(Isay* you have ||| member (*I say* you have
1	594	36	4	horses, ifthou be able ||| horses, if thou be able	reposed thyself on Egypt. with respect ||| reposed thyself on Egypt, with respect	as Knobel imagines. of assimilation ||| as Knobel imagines, of assimilation	no such inference was. drawn ||| no such inference was drawn
1	595	36	2	fortress of Jerusalem 1 doth not ||| fortress of *Jerusalem? doth not*	the king of Assyria] (2 Chr. ||| *the king of Assyria?* (2 Chr.
1	596	36	3	That *Tie stood and called,* ||| That *he stood and called,*	*Hearken 7not to Hezekiah ||| *Hearken not to Hezekiah	man his own Jig-tree ||| man his own fig-tree
1	597	36	4	gods of Hamath and Arpad 1 where ||| gods of Hamath and Arpad? where	gods of Sepharvaim 1 and ||| gods of Sepharvaim? and	of my Tiandl In the rapidity ||| of my hand? In the rapidity	(who have delivered!), ||| (who have delivered?),
1	598	36	0	
1	599	37	5	sackcloth and went into the house ||| sackcloth, and went into the house	(I Kings 8: 29) ||| (1 Kings 8: 29)	God would hear this prayers ||| God would hear the prayers	2, *And he sent Eliakim* ||| V. 2. *And he sent Eliakim*	(den (iltcsten Priestern) ||| (den ältesten Priestern)
1	600	37	6	himself *the son of Amoz* In the parallel ||| the son of Amoz. In the parallel	the usual collocation.. ||| the usual collocation,	to God in his extremity, GiO quaintly says ||| Gill quaintly says	speech, to take it m pieces ||| to take it in pieces	not strength to bring forth*, ||| not strength to bring forth.	*(that they might say to him)r* ||| (that they might say to him),
1	601	37	1	*If per adventure Jehovah thy God ||| If peradventure Jehovah thy God
1	602	37	1	*Fasium.* He might have gone ||| *Fäsium.* He might have gone
1	603	37	1	Umbreit *(Buberi),* ||| Umbreit (*Buben*),
1	604	37	0	
1	605	37	1	*Tirhakah king oj Ethiopia* ||| Tirhakah king of Ethiopia
1	606	37	3	The English Version makes« the last construction ||| The English Version makes the last construction	common version *o-iven,* but confines ||| common version *given,* but confines	the speaker's arrogance, fiB'nnnb strictly ||| the speaker's arrogance. ... strictly
1	607	37	3	the note on cli. 11: 15. ||| the note on ch. 11 : 15.	in Telassarl ||| in Telassar?	preferred by hitzig ||| preferred by Hitzig
1	608	37	2	*Tel-has ha,* in all which ||| Tel-hasha, in all which	identical with the *Aw a* of ||| identical with the Avva of
1	609	37	1	The singular pronoun *(it)t* ||| The singular pronoun (it),
1	610	37	0	
1	611	37	2	as Bahr and Hengstenberg suppose ||| as Bähr and Hengstenberg suppose	the later Jews *shechinah.,* which word ||| the later Jews she-chinah, which word
1	612	37	5	Bow thine car, O Jehovah ||| Bow thine ear, O Jehovah	in his saying *tycs* in one ||| in his saying eyes in one	in his *Lehrgebaudc* ||| in his Lehrgebäude	which occupies the verysame position ||| which occupies the very same position	that the *stghol* in ||| that the seghol in
1	613	37	2	4 ,אשר שלחו*which he has sent* ||| אשר שלחו, i. e. *which he has sent*	king of Babylon in eh. ||| king of Babylon in ch.
1	614	37	1	identify ihern practically with the ||| identify them practically with the
1	615	37	0	
1	616	37	2	make the construction easy, צל may ||| make the construction easy.  אל may	which might be differently pointed but by ||| which might be differently pointed, but by
1	617	37	2	the Holy One of Israeli ||| the Holy One of Israel?	73y the hand of thy servants ||| By the hand of thy servants
1	618	37	0	
1	619	37	0	
1	620	37	0	
1	621	37	3	*and thou shall be,* ||| and thou shalt be	*thou shouldt'st be.* ||| thou shouldest be	literally, *th green of herbage.* ||| literally, the green of herbage.
1	622	37	3	that t'ley were unable ||| that they were unable	(I Sam. 18: 16 ||| (1 Sam. 18: 16	by which thou earnest ||| by which thou camest
1	623	37	2	that which groweth ofitsdf, ||| that which groweth of itself,	sow ye, and, reap, and plant ||| sow ye, and reap, and plant
1	624	37	3	A mere serious objection is ||| A more serious objection is	are so many arid various ||| are so many and various	continue till he came, (See above ||| continue till he came. (See above
1	625	37	0	
1	626	37	3	skepticism *(Zwtifelsucht)* ||| skepticism (Zweifelsucht)	and eighty and jive thousand ||| and eighty and five thousand	instead of *thousands},* ||| instead of thousands),
1	627	37	1	ihe parallel passage (2 Kings ||| the parallel passage (2 Kings
1	628	37+38	3	Thesaurus, torn. II. p. 892 ||| Thesaurus, tom. II. p. 892	*fflergilus* instead of *Sharezer,* ||| *Nergilus* instead of *Sharezer,*	<chapter heading omitted> ||| CHAPTER XXXVIII.
1	629	38	1	la either case, the general idea ||| In either case, the general idea
1	630	38	2	Jerome understands by *(he wall* ||| Jerome understands by *the wall*	*Moslirn)* is justified ||| *Moslim*) is justified
1	631	38	1	*And, the word of Jehovah was* ||| *And the word of Jehovah was*
1	632	38	0	
1	633	38	0	
1	634	38	1	altogether incontestable, המעלות may either ||| altogether incontestable. המעלות may either
1	635	38	1	into the gates of the, grave ||| into the gates of the grave
1	636	38	1	for supposing, this last to be ||| for supposing this last to be
1	637	38	0	
1	638	38	0	
1	639	38	3	sense of *thou wilt make, an end of me* ||| thou wilt make an end of me	*hint before me,* i. e. viewed him ||| him before me	for making /ear, or *pain,* ||| for making *fear*, or *pain*,
1	640	38	2	like a twittering swallow?) ||| like a twittering swallow,)	descriptive of a bird or birds, ||| descriptive of a bird or birds.
1	641	38	0	
1	642	38	1	and completed, ^^nn is not an infinitive ||| and completed. ... is not an infinitive
1	643	38	2	to expect the promised blessing, ||| to expect the promised blessing.	was to save him still, ||| was to save him still.
1	644	38	5	(or *cake) of Jigs, and ||| (or cake) of figs, and	(or *let him. live),* i. e. ||| (or let him live), i. e.	spoken by the Prophet himself, מרח ||| spoken by the Prophet himself. מרח	still, *what is the sign* The construction ||| still, what is the sign? The construction	*And Hezekiah. said to Isaiah* ||| And Hezekiah said to Isaiah
1	645	38+39	2	the chief of my people. Thus saith Jehovah ||| the chief of my people, Thus saith Jehovah	added by a kind of after thought ||| added by a kind of after-thought
1	646	39	0	
1	647	39	1	recorded by Herodotus, PSS has been ||| recorded by Herodotus. נכת has been
1	648	39	3	may have its usual! and ||| may have its usual and	to suppose with Clericus> that a part ||| to suppose with Clericus, that a part	said, AH that is in my house ||| said, All that is in my house
1	649	39	1	(oh. 14: 1. 21: 10) ||| (ch. 14: 1. 21: 10)
1	650	39	4	in the palace of the king oj Babylon ||| in the palace of the king of Babylon	and 507i in reference ||| and *son* in reference	courts. \*the latter explanation ||| courts. The latter explanation	by a counter argument of equal strength ||| by a counter-argument of equal strength
1	651	39	1	magis offidum nostrum requirit ||| magis officium nostrum requirit
1	652	39	1	same writer: that this ||| same writer; that this
1	6	1	1	have not been pressed', and they ||| have not been pressed, and they
1	22	1+2	3	agrees in sense with theTme given above ||| agrees in sense with the one given above	in total, instantaneous^ irrecoverable ruin ||| in total, instantaneous, irrecoverable ruin.	<missing heading> ||| CHAPTERS II, III, IV.
1	38	2+3	2	these, general expressions to Egypt ||| these general expressions to Egypt	<!-- heading omitted --> THIS chapter continues ||| CHAPTER III.
1	56	3+4	1	liceat turaulo scripsisse CATONIS ||| liceat tumulo scripsisse CATONIS
1	85	5+6	5	translates it *in condavibus* ||| translates it *in conclavibus*	terrain Israeliticam terrebit ||| terram Israeliticam terrebit	des tenebres all ciel ||| des ténébres au ciel	only to aggra- V^te the guilt ||| only to aggravate the guilt	<missing heading> ||| CHAPTER VI.
1	100	6+7	6	the verse i^referred to the land ||| the verse is referred to the land	affords a better sense.. ||| affords a better sense.	(missing heading before "HERE begins") ||| CHAPTER VII.	subjection to _4assyria and other foreign ||| subjection to Assyria and other foreign	supposes vs. 1—16:to contain a promise ||| supposes vs. 1-16 to contain a promise	one of them is soon, to perish ||| one of them is soon to perish
1	135	7+8	1	<!-- blank between paragraphs --> ||| CHAPTER VIII.
1	153	8+9	2	(blank between paragraphs) ||| CHAPTER IX.	neighbours, vs. 7-11 ||| neighbours, vs. 7–11.
1	182	9+10	3	Assyrians, vs. 1—4, He then turns ||| Assyrians, vs. 1–4. He then turns	is introduced as" boasting ||| is introduced as boasting	—by a" mighty axe ||| —by a mighty axe
1	219	11	0	
1	240	12+13	3	*made, known,* caused to be known ||| made known, caused to be known	of *$^ to 'know.* ||| to *know.*	<missing heading before "HERE begins"> ||| CHAPTERS XIII, XIV.
1	266	13+14	2	between them and their oppressors............, they are ||| between them and their oppressors, they are	<missing chapter heading> ||| CHAPTER XIV.
1	271	14	2	Kimchi. Calvin, and Vatablus ||| Kimchi, Calvin, and Vatablus	clauses. *1* As for him ||| clauses. ' As for him
1	300	14+15	1	<!-- blank lines --> ||| CHAPTERS XV, XVI.
1	302	15	1	*and Dibon* (/!o) *the high places* ||| *and Dibon* (to) *the high places*
1	311	15+16	1	In fact be realized, vs. 1—6 ||| in fact be realized, vs. 1–6
1	325	16+17	1	(blank, between paragraphs) ||| CHAPTER XVII.
1	344	18	4	thereon shall winter* '. ||| thereon shall winter.	For alike combination ||| For a like combination	vide supra, ch. J4: 19 ||| vide supra, ch. 14: 19	the general meaning Οἱ the verse ||| the general meaning ot the verse
1	345	18+19	3	says Gesenius. is fond ||| says Gesenius, is fond	<!-- missing --> ||| CHAPTER XIX.	which contains threatening (vs. 1-17) ||| which contains threatenings (vs. 1-17)
1	352	19	1	state of the -country. ||| state of the country.
1	368	19+20	1	affliction. ||| ... [missing chapter heading] CHAPTER XX.
1	375	20+21	2	<!-- heading missing --> ||| CHAPTER XXI.	that the first of these (vs. J—10) ||| (vs. 1–10)
1	385	21+22	0	
1	402	22+23	0	
1	428	24+25	1	(blank, between paragraphs) ||| CHAPTER XXV.
1	438	25+26	3	to confide therein, vs. 1—4 ... oppressors............ of his people ||| oppressors of his people (no ellipsis in print)	shall this so?ig be sung ||| shall this song be sung	whenever it took place. [heading omitted] ||| CHAPTER XXVI.
1	440	26	3	is a rode of ages ||| is a rock of ages	Jah Jehovah est rupes saeculorutn ||| Jah Jehovah est rupes saeculorum	frequently a *beth esscntiae* ||| frequently a beth essentiae
1	456	26+27	2	(ses massacres) ||| (ses massacrés)	<missing heading before "THIS chapter"> ||| CHAPTER XXVII.
1	469	27+28	1	<!-- blank lines --> SAMARIA, the crown ||| CHAPTER XXVIII.
1	478	28	0	
1	491	28+29	0	
1	505	29+30	0	
1	528	30+31	5	Lowth connects ^7?^ Wltn ^ an(^ renders it ||| Lowth connects ... with ... and renders it	All^usti takes the final ||| Augusti takes the final	as a suffix *(Ids Tophet)* ||| as a suffix (his Tophet)	<chapter heading omitted> ||| CHAPTER XXXI.	fire of his wrath, vs. 6-9 ||| fire of his wrath, vs. 6-9.
1	533	31+32	1	to destroy his enemies.s Compare ||| to destroy his enemies. Compare
1	540	32+33	0	
1	555	33+34	1	of the whole sentence, אז marks ||| of the whole sentence. אז marks
1	574	34+35	3	A CHEAT and glorious change ||| A GREAT and glorious change	respublica Judaeorum in ilia terra ||| respublica Judaeorum in illa terra	<missing heading before "A GREAT"> ||| CHAPTER XXXV.
2	1	40	5	shall eventually be fu!611ed ||| shall eventually be fulfilled	individuals and nations. vs. 12-17 ||| individuals and nations, vs. 12-17	The sp^fcific application ||| The specific application	men. of nations, and of rulers ||| men, of nations, and of rulers	ch. 35: 3. 4. ||| ch. 35: 3, 4.
2	2	40	0	
2	3	40	1	clear the way of Jehovah make straight ||| clear the way of Jehovah—make straight
2	4	40	2	expressed by *level* To a general ||| expressed by *level.* To a general	irregularity of course, o^a\*), according ||| irregularity of course. רְכָסִים, according
2	5	40	0	
2	6	40	1	has an *(esthetic* sense ||| has an *æsthetic* sense
2	7	40	2	(instead of /or), preferred by Gesenius ||| (instead of *for*), preferred by Gesenius	of the ' higher criticism. Koppe ||| of the 'higher criticism.' Koppe
2	8	40	1	What shall I cry' (i. e. ||| 'What shall I cry' (i. e.
2	9	40	2	Gall'ia civiiates fama perfertur ||| Galliæ civitates fama perfertur	Lowth, Gesenius. and others ||| Lowth, Gesenius, and others
2	10	40	1	a *beth essentia,* corresponding ||| a *beth essentiæ,* corresponding
2	11	40	1	a violation could be. justified ||| a violation could be justified
2	12	40	3	used in that sense in? Samuel 6 ||| used in that sense in 1 Samuel 6	28: 15; arid even Ex. ||| 28 : 15; and even Ex.	version, *fcetas,* which ||| version, *fœtas,* which
2	13	40	3	hypothesis, is, JNo one ||| hypothesis, is, No one	two fingers.'WIn every other place ||| two fingers."—In every other place	in his Lehrgebaude (p. 675) ||| in his Lehrgebäude (p. 675)
2	14	40	3	inadvertently inserts a *mdkkeph* ||| inadvertently inserts a makkeph	more closely 10 the form ||| more closely to the form	Vulgate, *molem terra,* ||| Vulgate, molem terræ.
2	15	40	2	thejgst verb as a preterite ||| the last verb as a preterite	Both tenses seem to have used ||| Both tenses seem to have been used
2	16	40	5	or *can 1—*Ewald, rejecting ||| or *can ?*—Ewald, rejecting	*scirefacict eum.* ||| *scire faciet eum.*	*(uber)* the path of judgment ||| *(über)* the path of judgment	object: taught^him the path ||| object: taught him the path	in that of a'way conducting ||| in that of a way conducting
2	17	40	5	and on the Psalms, vol. n. p. 459 ||| vol. ii. p. 459	other nations: *(* With which ||| other nations: ' With which	*or who hath first given to him. ||| given to him,	with Isaiah 33: IS, in the Earlier ||| Isaiah 33 : 18	15. JLo, *nations as a drop ||| V. 15. Lo, nations as a drop
2	18	40	3	*in the bucket (im Elmer)* ||| in the bucket (im Eimer)	specifically fine minute dust, ||| specifically fine minute dust.	*quern tollit tollens;* ||| quem tollit tollens ;
2	19	40	0	
2	20	40	3	*coram eo.* The etymological distinction ||| coram eo.—The etymological distinction	*(quasi nihilum):* which seems ||| (quasi nihilum) ; which seems	English Version, Clericus. Vitringa ||| English Version, Clericus, Vitringa
2	21	40	1	significant, as a preparation ||| significant. as a preparation
2	22	40	1	(et sunt catenae argcnteae aurifabri) ||| (et sunt catenae argenteae aurifabri)
2	23	40	1	his Lehrgebaude (p. 821) ||| his Lehrgebäude (p. 821)
2	24	40	5	Will you not know I will you not hear ||| Will you not know? will you not hear?	have ye not known I have ye not heard ||| have ye not known? have ye not heard?	in v. 28? that it rather proves ||| in v. 28, that it rather proves	do you not know I have you not heard ||| do you not know? have you not heard?	o wollt ihrnicht horen ||| o wollt ihr nicht hören
2	25	40	3	*(since the creation), of* indicate the source ||| (*since the creation*), or indicate the source	inhabitants (arc) as grasshoppers ||| inhabitants (are) as grasshoppers	*he that silteth,* is substantially ||| *he that sitteth*, is substantially
2	26	40	4	the essential idea being that *ofbestiolae* (Calvin) ||| the essential idea being that of *bestiolae* (Calvin)	*(das Wohnzelt).—Whh* this ||| *(das Wohnzelt).*—With this	this v,erse compare ch. 42: 5. ||| this verse compare ch. 42: 5.	not yet planted etc.; riot only ||| not yet planted etc.; not only
2	27	40	0	
2	28	40	1	in the stars themselves, "ttss ||| in the stars themselves.
2	29	40	3	hast thou not heard ] The God ||| hast thou not heard ? The God	(with respect} to his ||| (with respect) to his	in the presenter potential form ||| in the present or potential form
2	31	40	0	
2	32	40+41	1	mind let us enter into solemn debate ||| mind . . . . . . . let us enter into solemn debate
2	33	41	2	]: 27, and the Earlier Prophecies ||| 1 : 27, and the Earlier Prophecies	The enallao-e ||| The enallage
2	34	41	1	*by means of Ins* sword ||| by means of his sword
2	35	41	1	as meaning *lam God;* ||| as meaning *I am God ;*
2	36	41	0	
2	37	41	1	My servant (art) thou I have chosen ||| My servant (art) thou, I have chosen
2	38	41	4	less objectionable than the future, but ||| than the future. but	my faithful right hand.* The truesense is ||| The true sense is	to be personified,.—a supposition ||| personified,—a supposition	as though they werenot), and destroyed ||| they were not), and destroyed
2	39	41	3	*Fear not, thouworm Jacob* ||| *Fear not, thou worm Jacob*	*(qui mortui estls ex Israel)* ||| *(qui mortui estis ex Israel)*	*men Of number* ||| *men of number*
2	40	41	4	(or *edges'); thou shalt thresh ||| (or edges) ; thou shalt thresh	and hills like, the chaff ||| and hills like the chaff	*I will male e for thee,* ||| I will make for thee,	rough"h rollers joined together ||| rough rollers joined together
2	41	41	1	Prophecies, p. 272, According ||| Prophecies, p. 272. According
2	42	41	3	change described, ^tb; ||| change described.  יָשִׂימוּ	esse fortissimo. ||| esse fortissima.	It is better therefore to O give the word ||| It is better therefore to give the word
2	43	41	1	compare Judg. 5: 8 ||| compare Judg. 5 : 8.
2	44	41	0	
2	45	41	1	but *I first, I. e.* ||| but *I first*, i. e.
2	46	42	1	my Spirit upon him: judgment ||| my Spirit upon him; judgment
2	47	42	1	which De "V^Stte" proposes is, ||| which De Wette proposes is,
2	48	42	0	
2	49	42	0	
2	50	42	0	
2	51	42	2	after *sty (?wn accipiet ||| (*non accipiet*	exclusive u^e but as a source ||| exclusive use but as a source
2	52	42	5	and a dim uiclc he will not quench ||| and a dim wick he will not quench	ly the truth will he bring forth judgment ||| by the truth will he bring forth judgment	which last is denoted b^ the other ||| which last is denoted by the other	means faint or dim; se that in order ||| means faint or dim ; so that in order	tenderness and mildness.. The only way ||| tenderness and mildness. The only way
2	53	42	4	that I should not he delivered to the ||| that I should not be delivered to the	that lam a king ||| that I am a king	cause came 1 into the world ||| cause came I into the world	How perfectly 'does this august ||| How perfectly does this august
2	54	42	3	neither he remiss nor precipitate ||| neither be remiss nor precipitate	Asia Minor *(3.* D. Michaelis) ||| Asia Minor (J. D. Michaelis)	Thus saith ihc mighty (God) ||| Thus saith the mighty (God)
2	55	42	3	as a *pluralis majestalicus,* ||| pluralis majestaticus	is limited in usage to the former, ||| limited in usage to the former.	to change *]keep* into ||| to change keep into
2	56	42	0	
2	57	42	2	that it lias no relation ||| that it has no relation	as prisoners in dark dun geons ||| as prisoners in dark dungeons
2	58	42	0	
2	59	42	1	9. *The, first* (or *former) things* ||| *The first* (or *former*) *things*
2	60	42	0	
2	61	42	2	a passive *(lei the desert ||| (let the desert	the whole we rid shall praise him ||| the whole world shall praise him
2	62	42	1	*(peritus bellattir)* ||| (peritus bellator)
2	63	42	3	clause, *utparturientem viptram desolabo* ||| ut parturientem viperam desolabo	Bochart-rt attempts a compromise ||| Bochart attempts a compromise	Hendewerk. as well as in ||| Hendewerk, as well as in
2	64	42	4	(or *lakes') will I dry up.* ||| (or lakes) will I dry up.	the heavens (ch. ]3: 10) ||| the heavens (ch. 13 : 10)	(or *done them}* ||| (or done them)	maybe translated ||| may be translated
2	65	42	2	as a dative—*(*these are the words ||| as a dative—' these are the words	I have made them and have, not forsaken them ||| I have made them and have not forsaken them
2	66	42	2	Lowth one *'perfectly instructed.* ||| Lowth one *perfectly instructed.*	anc' understood as meaning ||| and understood as meaning
2	67	42	0	
2	68	42	3	and in homes of confinement ||| and in houses of confinement	by Vitringa *(a tcrgo)* ||| by Vitringa (a tergo)	Ewald *(zuruckwarts),* ||| Ewald (zurückwärts),
2	69	42	5	(See the Earlier Prophecies, p. -20.) ||| (See the Earlier Prophecies, p. 20.)	used for the construct *(Jury of his anger)* ||| used for the construct (fury of his anger)	qualifying I'BX *(excanu'cscentid* ||| qualifying ... (excandescentiâ	or *lay upon the, heart,* ||| or lay upon the heart,	see above, p. 42 ||| see above, p. 42.
2	70	43	1	truths, the Prophet, introduces several ||| truths, the Prophet introduces several
2	71	43	1	that in eh. XLII, as well as here ||| that in ch. XLII, as well as here
2	72	43	3	When tlwu passest through the waters ||| When thou passest through the waters	thou shall not be scorched ||| thou shalt not be scorched	meaning *(burn thysclj),* which is unnecessary ||| (burn thyself), which is unnecessary
2	73	43	0	
2	74	43	2	merely lo the past ||| merely to the past	with respect, to enumeration ||| with respect to enumeration
2	75	43	3	Every one of them is colled by ||| Every one of them is called by	the reflexive sense, *thai calls himself,* ||| the reflexive sense, *that calls himself,*	office is declared lobe that of turning ||| office is declared to be that of turning
2	76	43	2	Who among them (5. e. ||| Who among them (i. e.	what follows, HEN is here ||| what follows. ... is here
2	77	43	2	the former could becked as witnesses ||| the former could be cited as witnesses	*that ye may 'know* depends upon ||| *that ye may know* depends upon
2	78	43	3	*and there is not (.mong you ||| and there is not among you	*it is 1 that have told* ||| it is I that have told	from the day lam He ||| from the day I am He
2	79	43	7	form implies negation............. A similar ||| form implies negation.  A similar	(or *math to descend) ||| (or made to descend)	in the ships tht ir shout ||| in the ships their shout	protection vouch safed by Jehovah ||| protection vouchsafed by Jehovah	translating it as future (7 *will send) ||| translating it as future (I will send)	the Bab)lonians but to the deportation ||| the Babylonians but to the deportation	a twofold explanation, viz ||| a twofold explanation, viz.
2	81	43	3	like a wick/c) they are quenched ||| like a wick) they are quenched	is future, as ibis verb denotes ||| is future, as this verb denotes	event in v. 14: because ||| event in v. 14; because
2	82	43	0	
2	83	43	2	oh Jacob* 4 *for thou hast been ||| oh Jacob; for thou hast been	not called upon me, so as to be ||| not called upon me so as to be
2	84	43	1	the *zebahi?n* or animal sacrifices ||| the *zeba-him* or animal sacrifices
2	85	43	3	30 r 23.) ||| 30 : 23.)	25. J, I *am he blotting ||| V. 25. *I, I am he blotting	judge one another}; state ||| judge one another) ; state
2	86	43	0	
2	87	44	0	
2	88	44	0	
2	89	44	2	Ewald *(Frommchen).* ||| Ewald (*Frömmchen*).	bles?ing of Jehovah ||| blessing of Jehovah
2	90	44	1	making the panicle itself comparative ||| making the particle itself comparative
2	91	44	4	Rev. 1: 18. 2: 8, 22: 13 ||| Rev. 1 : 18. 2 : 8. 22 : 13	included in the usual and. strict sense ||| included in the usual and strict sense	(I Cor. 8:5) exist only ||| (1 Cor. 8 : 5) exist only	(or *caii) call as I have done,* ||| (or *can*) *call as I have done*
2	92	44	2	quo nihil antiquiiis aut majus ||| quo nihil antiquius aut majus	have 1 not since then ||| have I not since then
2	93	44	1	analogy of J Sam. 5^2: 8 ||| analogy of 1 Sam. 22 : 8
2	94	44	5	to no use (or profit)'? ||| to no use (or profit) ?	and *who made theml* ||| and who made them?	shall be ashamed., and the workmen ||| shall be ashamed, and the workmen	to tne maker of the image ||| to the maker of the image	Vitringa, Rosenmiiller, Hitzig ||| Vitringa, Rosenmüller, Hitzig
2	95	44	2	emendation of the masorctic pointing ||| emendation of the masoretic pointing	to this line: *itti ||| to this line: illi
2	96	44	6	and then make, it ||| and then make it	he markclh it off ||| he marketh it off	(Montanus: *Jilo tincto* ||| (Montanus : filo tincto	*(Rothtlstein)* and Lowth ||| (Röthelstein) and Lowth	*(red ochre* I) ||| (red ochre !)	—Jerome and Rosenmiiller seem ||| —Jerome and Rosenmüller seem
2	97	44	2	for himstlf among the trees ||| for himself among the trees	versions, *constructioncs quam non* ||| versions, *constructiones quam non*
2	98	44	2	Umbreit's sugo-gestion, that the last clause ||| Umbreit's sug-gestion	and what lie deemeth firm ||| and what he deemeth firm
2	99	44	4	Olim tmncus eram ficulnus ||| Olim truncus eram ficulnus	Quum faber, incortus scamnum ||| Quum faber, incertus scamnum	Aha, lam warm, I have seen fire ||| Aha, I am warm, I have seen fire	of Schilling, that the skin ||| of Schelling, that the skin
2	100	44	1	they will not under stand, for he hath ||| they will not understand, for he hath
2	101	44	1	carry out the writers purpose ||| carry out the writer's purpose
2	102	44	1	ancient versions, arid by some ||| ancient versions, and by some
2	103	44	2	*Sing, oh heavens, fur Jehovah hath done ||| Sing, oh heavens, for Jehovah hath done	every/ tree in it ||| every tree in it
2	104	44	3	making all. stretching the heavens ||| making all, stretching the heavens	(or, who was with me?* Some refer ||| (or, who was with me ?). Some refer	question, *v:ho (is) with me?* ||| question, who (is) with me?
2	105	44	2	securing their accomplishment, חקים has here ||| securing their accomplishment.  ... has here	*(thou shall be inhabited)* ||| (thou shalt be inhabited)
2	106	44	3	Thatof Jer. 50: 33. 51: 36 ||| That of Jer. 50 : 38. 51 : 36	Thou shall be built ||| Thou shalt be built	Thou shall be founded ||| Thou shalt be founded
2	107	44	2	intelligitur *pastor mens;* ||| intelligitur *pastor meus ;*	Moller's attempt to set aside ||| Möller's attempt to set aside
2	108	44	0	
2	109	45	1	the chapter opens, indirect continuation ||| the chapter opens, in direct continuation
2	110	45	1	*delumbo* and *dumbis.* ||| *delumbo* and *elumbis.*
2	111	45	1	will I call thee ly thy name ||| will I call thee by thy name
2	112	45	0	
2	113	45	4	some make y^ a collective. ||| some make אֶרֶץ a collective,	What art thou doing 1 ||| What art thou doing ?	and Ewald *(O* I) does not ||| and Ewald (O !) does not	affection. — Tire word ||| affection.—The word
2	114	45	5	*what art than doing* ||| what art thou doing	*And (shall) thy work (say ofthee) ||| (say of thee)	the same as in eh. 10:15 ||| as in ch. 10 : 15	*(what begettest thou 1)* ||| (what begettest thou ?)	*forth 1)* is not only incorrect ||| forth ?) is not only incorrect
2	115	45	0	
2	116	45	1	ch. 41: 2, 25. 4\*2: 6. ||| ch. 41 : 2, 25. 42 : 6.
2	117	45	2	verb, the *Saueans* shall pass over ||| verb, the *Sabeans* shall pass over	(Ezra 4:20) arid in Neh. ||| (Ezra 4 : 20) and in Neh.
2	118	45	0	
2	119	45	1	*God of Israelis a Saviour;* ||| *God of Israel is a Saviour;*
2	120	45	1	and cultivator of eh. 44: 12—16. ||| and cultivator of ch. 44: 12–16.
2	121	45	1	a land, of darkness ||| a land of darkness
2	122	45	4	7: 16. ΟΡ. 11, with Jer. ||| 7 : 16. Ob. 11, with Jer.	45: 28. Ez. 6: 8.) ||| 45 : 23. Ez. 6 : 8.)	Yea, let. them consult together ||| Yea, let them consult together	Have not? Jehovah? and there is no other ||| Have not I Jehovah? and there is no other
2	123	45	2	22. *Tarn unto me and be saved ||| Turn unto me and be saved	(See 1 Thess. i: 9. ||| (See 1 Thess. 1 : 9.
2	124	45	2	truth (aus dem uniruglichen Munde) ||| truth (aus dem untrüglichen Munde)	corresponding to the kinds οἱ submission ||| corresponding to the kinds of submission
2	125	45+46	3	plural רבעוף maybe regularly construed ||| may be regularly construed	(or *glory") all ||| (or glory) all	to be explained themselves ||| to be explained themselves.
2	126	46	1	Nebo stooping: their images ||| Nebo stooping ; their images
2	127	46	1	Ps. 20: 9): and that the other ||| Ps. 20 : 9) ; and that the other
2	128	46	2	carriages'), the things which ||| carriages), the things which	adjective agreeing w7ith ||| adjective agreeing with
2	129	46	2	borne by them, but Jehovah ||| borne by them ; but Jehovah	or admit of it ||| or admit of it.
2	131	46	3	children (I Cor. 14: 20) ||| children (1 Cor. 14 : 20)	consider the pi-oofs of his ||| consider the proofs of his	these extremes, n'nnx does not ||| these extremes. אחרית does not
2	132	46	8	(See above7 p. 106.) ||| (See above, p. 106.)	(see Jer. 49: 22. Ezek, ||| (see Jer. 49 : 22. Ezek.	(Hos. 8:1, Hab, 1: 8, Jer. 48: 40) 7 ||| (Hos. 8: 1. Hab. 1: 8. Jer. 48 : 40),	but rapacity and fierceness, Knobel ||| but rapacity and fierceness. Knobel	the *enallage personae,* but this is ||| the enallage personae ; but this is	nias as in ch, 44: 2 ||| as in ch. 44 : 2	as in ch, 22: 1 K 37: 26 ||| as in ch. 22 : 11. 37 : 26	those far from righteousness,* By an easy ||| those far from righteousness. By an easy
2	133	47	0	
2	134	47	0	
2	135	47	6	mean *virgin, daughter of Babel* ||| mean virgin daughter of Babel	sis construct form ||| its construct form	French *filk,* ||| French fille,	die Earlier Prophecies, p. 616 ||| the Earlier Prophecies, p. 616	*a throne* But there is ||| a throne. But there is	causal particle: *i* sit on the ||| causal particle : ' sit on the
2	136	47	6	would be inadmissible, *Daughter of Chasdim* ||| would be inadmissible. *Daughter of Chasdim*	we read of the *'inhabitants of Chasdim,* ||| we read of the *inhabitants of Chasdim,*	still more exact.—.For *thou shalt not add* ||| still more exact.—*For thou shalt not add*	(or *continue} to be called,* ||| (or *continue*) *to be called,*	and *only* remarkable 'from its combination ||| and only remarkable from its combination	Matth. 24: 41.) ||| Matth. 24 : 41.)—
2	137	47	2	and *-padscar,* and agrees with Maurer ||| and *paciscor,* and agrees with Maurer	inexorable vengeance. D ||| inexorable vengeance.
2	138	47	2	sorrow arid despondency ||| sorrow and despondency	made to ask (ch. JO: 8) ||| made to ask (ch. 10 : 8)
2	139	47	3	twice (Lam. 4: 1.6. ||| twice (Lam. 4 : 16.	(I Kings 11: 19) ||| (1 Kings 11 : 19)	(Compare Gen, 49: 26. ||| (Compare Gen. 49 : 26.
2	140	47	2	nihil wbis ejus corruptius ||| nihil urbis ejus corruptius	moribus, nee ad irritandas ||| moribus, nec ad irritandas
2	141	47	3	Rosenmüller. Ewald, Umbreit ||| Rosenmüller, Ewald, Umbreit	Jerusalem (Lam. I: 1. ||| Jerusalem (Lam. 1 : 1.	word Visas. *Bereavement.* and ||| word ... . *Bereavement* and
2	142	47	4	phrase *I shall not ~know* in ||| phrase *I shall not know* in	Lowth's change of the iriterpunction ||| Lowth's change of the interpunction	*and widowhood!},* because the first ||| *and widowhood !*), because the first	*notwithstanding* as in ch. 5: 25. ||| *notwithstanding,* as in ch. 5 : 25.
2	143	47	1	on the gods themselves. The construction ||| on the gods themselves.—The construction
2	144	47	1	I arn what no one else is ||| I am what no one else is
2	145	47	3	in Ps. 73: 34 and elsewhere ||| in Ps. 78 : 34 and elsewhere	*(nescis ortum ejus).* in which ||| (nescis ortum ejus), in which	Michael is and others ||| Michaelis and others
2	146	47	4	into one English period^ ||| into one English period,	as in Gen. 3\*2: 21 ||| as in Gen. 32: 21	*crashing fall, &* common metaphor ||| crashing fall, a common metaphor	adopts Seeker's hint ||| adopts Secker's hint
2	147	47	2	(see above on v. 1); the other assertion ||| (see above on v. 1), the other assertion	clause •wholly foreign from the usage ||| clause wholly foreign from the usage
2	148	47	0	
2	149	47	1	approved by Rosenmüller: but the other ||| approved by Rosenmüller; but the other
2	150	47	2	Tt suggests the additional idea ||| It suggests the additional idea	or both may he included ||| or both may be included
2	151	47+48	1	now. of events which have never ||| now, of events which have never
2	152	48	2	continues his discourse, Because the verb ||| continues his discourse. Because the verb	(Compare ch. 51: I and Ps. ||| (Compare ch. 51 : 1 and Ps.
2	153	48	1	the same hebrew phrase with ||| the same Hebrew phrase with
2	154	48	4	*and upon (he God of Israel rely,* ||| and upon the God of Israel rely,	the sense of *although: i* not in truth ||| the sense of although: 'not in truth	in its ordinary sense of /or, *because,* ||| in its ordinary sense of for, because,	fectly: for they are still ||| fectly; for they are still
2	155	48	1	since *Ikneiv,* or the last ||| since *I knew,* or the last
2	156	48	2	—/ *have made thee to hear new ||| —*I have made thee to hear new*	—*And ((things) kept* (in reserve) ||| —*And (things) kept* (in reserve)
2	157	48	3	not as a synonyme. but an equivalent ||| not as a synonyme, but an equivalent	different.—*-Likewise of old* ||| different.—*Likewise of old*	see below, ch. 60: 11.) ||| see below, ch. 60: 11 )
2	158	48	2	(or I *knew thou, wouldest)* ||| (or *I knew thou wouldest*)	*(or prolong} my nose,* ||| (or *prolong*) *my nose*,
2	159	48	2	The more obvious construction which would make it ||| construction, which	to be produced, 50 *as not to cut thee off,* ||| to be produced, so as not to cut thee off,
2	160	48	3	honour.—.For *how will it be profaned?* ||| honour.—For how will it be profaned?	my called ; lam He, I am ||| my called ; I am He, I am	the First, aho I the last ||| the First, also I the last
2	161	48	5	in Latin *(me vocante(e),* ||| in Latin (me vocante),	original creation (J *called),* ||| original creation (I called),	1 Kings 17: I.) ||| 1 Kings 17 : 1.)	see above, ch. 40: *'22.* ||| see above, ch. 40 : 22.	makes them mean that he (Cyrus) ||| makes them mean that ' he (Cyrus)
2	162	48	2	own way prosperous^ i. e. ||| own way prosperous, i. e.	refer the suffix *(if)* to ||| refer the suffix (it) to
2	163	48	2	his knowledge or his agency: that he was ||| his knowledge or his agency ; that he was	from what follows. *And now.* ||| from what follows.—*And now.*
2	164	48	3	struction, t-hat the Spirit is said ||| struction, that the Spirit is said	43: 14), *lam Jehovah thy God* ||| 43 : 14), I am Jehovah thy God	am teaching thee to profit}.* ||| am teaching thee to profit).
2	165	48	5	*(wenn du dock),* ||| (wenn du doch)	making (/"a secondary sense ||| making *if* a secondary sense	*aures ct animum.* ||| aures et animum	Rosenmüller, Hitzig. Hendewerk ||| Rosenmüller, Hitzig, Hendewerk	Grammar $ 605, and Nordheimer ||| Grammar § 605, and Nordheimer
2	166	48	1	version, Peeree'and *Righteousness.* ||| version, *Peace'* and *Righteousness.*
2	167	48	5	the antecedent of the1 pronoun ||| the antecedent of the pronoun	off nor destroyed}. ||| off nor destroyed).	shall not be cut off}* or conditional ||| shall not be cut off ) or conditional	conditional (7m *name should not ||| conditional (his name should not	be cut off}. Nor is this ||| be cut off ). Nor is this
2	168	48	2	song. The whole1 phrase means ||| song. The whole phrase means	adopted by J. D. Michael is and Augusti ||| adopted by J. D. Michaelis and Augusti
2	169	48+49	0	
2	170	49	1	as in ch. 41: I, he turns ||| as in ch. 41 : 1, he turns
2	171	49	4	cause to believe^the grand theme ||| cause to believe, the grand theme	in favour of the reference of|#iis verse ||| in favour of the reference of this verse	as to con- 1 cealment ||| as to concealment	for ages to the nations^— ||| for ages to the nations,—
2	172	49	2	In^his same character both Israel ||| In this same character both Israel	Michaelis to expunge the word ||| Michaelis, to expunge the word
2	173	49	3	cb. 40: 10, viz. that of recompense ||| ch. 40 : 10, viz. that of recompense	(or *u-ho formed me)* ||| (or *who formed me*)	restore from exile.; for how ||| restore from exile ; for how
2	174	49	3	*thai Israel may not be ||| that Israel may not be	or *carried of.* ||| or carried off.	might se^m to fail ||| might seem to fail
2	175	49	4	would be gratuitous: much ||| would be gratuitous ; much	usual sense of tribe,( ||| usual sense of tribe,	such as should be: saved.' ||| such as should be saved.'	as some suppose, that I the heathen ||| as some suppose, that the heathen
2	176	49	3	exceedingly obscure and difficult, בזה ||| exceedingly obscure and difficult. בזה	homage—.Kings shall sec (not ||| homage—.Kings shall see (not	prostrate.— *For (he sake of Jehovah ||| prostrate.—For the sake of Jehovah
2	177	49	2	Paul says to the Corinthians, u We ||| Paul says to the Corinthians, " We	(Compare ch. 40: JO, 11. ||| (Compare ch. 40: 10, 11.
2	178	49	0	
2	179	49	1	decisive than it is. their comparatively ||| decisive than it is, their comparatively
2	181	49	1	*(the north)* is undisputed: for although ||| (the north) is undisputed ; for although
2	182	49	2	*Smites* spoken of in Gen. ||| *Sinites* spoken of in Gen.	that the *Smites* must have been ||| that the *Sinites* must have been
2	183	49	2	so called from *Syenc,* as Michaelis ||| so called from *Syene,* as Michaelis	The really decisiveground, assumed by ||| The really decisive ground, assumed by
2	184	49	2	sibility of su^li a prediction ||| sibility of such a prediction	such as Langles, Lassen ||| such as Langlès, Lassen
2	185	49	0	
2	186	49	0	
2	187	49	2	Mic. 6: 7 The precise force ||| Mic. 6 : 7.—The precise force	almost unmeaning. Doderlein ||| almost unmeaning. Döderlein
2	188	49	1	Gesenius foreign oppressors............, Knobel ||| nius foreign oppressors, Knobel
2	189	49	2	as Doderlein correctly says ||| as Döderlein correctly says	OtheTTgive it the supposititious ||| Others give it the supposititious
2	190	49	1	as in I Kings 19:7 ||| as in 1 Kings 19 : 7
2	191	49	0	
2	192	49	1	Vitringa, Lowth, Gesenius; ||| Vitringa, Lowth, Gesenius,
2	193	49	4	literally made ^great ||| literally made great	essential to the writers purpose ||| essential to the writer's purpose	22. 77ms *saith the Lord ||| 22. *Thus saith the Lord	my hand, and I u-ill set up ||| my hand, and I will set up
2	194	49	5	analogy of Num. U: 12 and Ruth ||| analogy of Num. 11 : 12 and Ruth	uses *•f-rrn* as an equivalent ||| uses *arm* as an equivalent	*.Arm,* however, is a favourite ||| *Arm,* however, is a favourite	ibr *hand,* without the least ||| for *hand,* without the least	shall thry bow to thee ||| shall they bow to thee
2	195	49	2	מז the last clause ||| In the last clause	meaning *that or for.* ||| meaning that or for,
2	196	49	4	of the promise, nip^ and ||| of the fulfilment of the promise.	(Num. 31:11, 12, 27, 3*2.) ||| (Num. 31 : 11, 12, 27, 32.)	follows J. D. michaelis in explaining ||| follows J. D. Michaelis in explaining	delivered? "i es, and more ||| delivered ? Yes, and more
2	197	49+50	3	they be drunken-, and all flesh ||| they be drunken ; and all flesh	see above, ch. I: 24, 41: 14 ||| see above, ch. 1 : 24, 41 : 14	their deliverance, vs. 2. 3. ||| their deliverance, vs. 2, 3.
2	198	50	4	*Thus saith Jihovah.* ||| Thus saith Jehovah.	with ch. 49: I.— ||| with ch. 49 : 1.—	one of *a-hat place* i. e. ||| one of what place i. e.	distinguished O from each other ||| distinguished from each other
2	199	50	1	but had wilfully forsaken h«r husband ||| but had wilfully forsaken her husband
2	200	50	0	
2	201	50	2	custom of divorce, arid then by ||| custom of divorce, and then by	from redemption 1 and is there ||| from redemption ? and is there
2	202	50	0	
2	203	50	0	
2	204	50	3	me the ear,* 5. e. he will waken ||| me the ear, i. e. he will waken	in the morning lie will waken ||| in the morning he will waken	have it, *(*thirsting for the words ||| have it, ' thirsting for the words
2	205	50	2	My Lack I gave to ||| My back I gave to	is said lo have contended ||| is said to have contended
2	206	50	0	
2	207	50	6	The justifier is of course Jehovah"! ||| The justifier is of course Jehovah.	his people.— ^6 *will stand* ||| his people.—*We will stand*	(or *kt us stand) together,* ||| (or *let us stand*) *together*,	application of the Hebrew verb (See ||| application of the Hebrew verb. (See	me, *kt us stand up together.-The* ||| me, *let us stand up together.*—The	rendered in the maro-in of the English ||| rendered in the margin of the English
2	208	50	1	expressed by it,—The last clause ||| expressed by it.—The last clause
2	209	50	4	who wallceth in darkness and there ||| who walketh in darkness and there	whoso walltcth in darkness and hath ||| whoso walketh in darkness and hath	an answer to it. *(* Who among you ||| an answer to it. ' Who among you	exclude the interrogation altogether, the same ||| exclude the interrogation altogether,—the same
2	210	50	1	*he who''* which is scarcely ||| he who," which is scarcely
2	211	50	3	with the dramatic form of the context, both£ before ||| both before	than the *terminus ad quern.* ||| terminus ad quem.	*Lo, allof you kindling fire ||| Lo, all of you kindling fire
2	212	50	4	all of you 'kindling, ||| all of you kindling,	rally from jjie corresponding ||| rally from the corresponding	in Scripture^ while the ||| in Scripture, while the	nemo hie necessario cogitat ||| nemo hic necessario cogitat
2	213	50	1	Cappellus and Seeker, the last ||| Cappellus and Secker, the last
2	214	50+51	4	as previously promised, i? ||| as previously promised, is	from the gentiles, vs. 4-6, ||| from the gentiles, vs. 4–6.	after righteousness,* i. e, ||| after righteousness, i. e.	which is given by the Targum ||| which is given by the Targum :
2	215	51	1	(I Tim. 6:11.2 Tim. 2: 22) ||| (1 Tim. 6: 11. 2 Tim. 2: 22)
2	216	51	2	mention of Abraham in this clause-, that ||| mention of Abraham in this clause, that	caused him to increase&e), ||| caused him to increase),
2	217	51	1	over the vague evasive, present form ||| over the vague evasive present form
2	218	51	1	closely copied in Ezekiel3l:9 ||| closely copied in Ezekiel 31 : 9
2	219	51	1	in the Lehrgebaude § 124 ||| in the Lehrgebäude § 124
2	220	51	3	i. e. fix. establish ||| i. e. fix, establish	by Calvin *(patefaciam) 3* Cocceius ||| by Calvin (patefaciam), Cocceius	from *"^*. meaning 'I will ||| (Hebrew), meaning 'I will
2	221	51	2	*1* it goes forth from my mouth ||| 'it goes forth from my mouth	from my mouth/ as in ch. 48 ||| from my mouth,' as in ch. 48
2	222	51	4	in ch. 40: ^6 ||| in ch. 40: 26	which appears to mean like any body else.' ||| appears to mean ' like any body else.'	mean *quemadmodumprobus,* making ||| mean quemadmodum probus, making	Rückert (50 *wie* so) ||| Rückert (so wie so)
2	223	51	1	used by Isaiah elsewhere (ch, 7:8) ||| (ch. 7 : 8)
2	224	51	5	said to *~know it,* ||| know it,	have7e not God's law ||| have not God's law	8..For *like the* ||| 8. For like the	awake, gut on strength ||| awake, put on strength	immemorial emblem of Egypt ||| immemorial emblem of Egypt.
2	225	51	1	who art. thou, that thou ||| who art thou, that thou
2	226	51	2	when your oppressors............ threatened to destroy ||| when your oppressors threatened to destroy	(in die Hdlle zu sendcn) ||| (in die Hölle zu senden)
2	227	51	0	
2	228	51	1	to say, *House thyself! rouse thyself!* ||| to say, *Rouse thyself! rouse thyself!*
2	229	51	0	
2	231	51	4	agree with Seeker and Lowth ||| agree with Secker and Lowth	*oppressors............,* as in ch. 49: 26 ||| oppressors, as in ch. 49 : 26	their Macedonian oppressors............ by the valour ||| their Macedonian oppressors by the valour	thus represented as its meaning ||| thus represented as its meaning.
2	232	52	0	
2	233	52	1	to meet the objection drat ||| to meet the objection that
2	234	52	2	themselves *(be loosed},* which is ||| themselves (*be loosed*), which is	from tyranny and persecution ||| from tyranny and persecution.
2	235	52	1	here or in Lev. C25: 39, 47 ||| here or in Lev. 25 : 39, 47
2	236	52	0	
2	237	52	1	or their foreign oppressors............, as in ch. ||| or their foreign oppressors, as in ch.
2	238	52	10	as meaning his foreign oppressors............, notwithstanding ||| oppressors, notwithstanding	Michael is and Doderlein ||| Michaelis and Döderlein	(make them to hoivfy, ||| (make them to howl),	employed by jEschylus ||| employed by Æschylus	laetis ulalare triumphis ||| laetis ululare triumphis	adopted by gesenius in his Lexicon ||| adopted by Gesenius in his Lexicon	copied by Ezekiel (>]6: 20, 23) ||| copied by Ezekiel (36: 20, 23)	Gesenius gives a. somewhat different ||| Gesenius gives a somewhat different	construction, {they shall know ||| construction, 'they shall know	in other words that I who promised ||| in other words 'that I who promised
2	239	52	1	the analogy of nah. 2:1 ||| the analogy of Nah. 2 : 1
2	240	52	0	
2	241	52	4	to the people within.-r- Ewald ||| to the people within.— Ewald	when prefixed to (he infinitive ||| when prefixed to the infinitive	much mere in cases like ||| much more in cases like	The direct construct/on of the verb ||| The direct construction of the verb
2	242	52	3	nudamquc, lacessere pugnam ||| nudamque lacessere pugnam	a strong ha^d (Ez. 20: 34) ||| a strong hand (Ez. 20 : 34)	subjunctive form, 50 *that all nations see,* ||| subjunctive form, so that all nations see,
2	243	52	0	
2	244	52	2	eminently *dngsdich andpedaniisch.* ||| eminently *ängstlich* and *pedantisch*.	usage^e of the word ||| usage of the word
2	245	52	2	(Ex. 14: ]9, 20) ||| (Ex. 14 : 19, 20)	etwas Zeitraubcndes" ||| etwas Zeitraubendes,"
2	246	52	1	from Egypt; arid if this is ||| from Egypt ; and if this is
2	247	52	1	that ch. 5-2: 7 to 54 ||| that ch. 52 : 7 to 54
2	248	52	0	
2	249	52	1	Isaiah by Staudlin, and ||| Isaiah by Stäudlin, and
2	250	52	1	hypothesis may he mentioned Eckermann's ||| hypothesis may be mentioned Eckermann's
2	251	52	2	he sprinkle many nations: concerning him ||| he sprinkle many nations ; concerning him	tion, thoitgh it does not yield ||| tion, though it does not yield
2	252	52	4	As a single people bad despised ||| As a single people had despised	oil. or blood, as a purifying rite ||| oil, or blood, as a purifying rite	Knobel), is indirect opposition ||| Knobel), is in direct opposition	uniform Hebrew7 usage ||| uniform Hebrew usage
2	253	52+53	0	
2	254	53	2	our report 1 and the arm ||| our report? and the arm	as meaning that which we have heard;' ||| as meaning ' that which we have heard;'
2	255	53	0	
2	256	53	2	like the tender plant, before him ||| like the tender plant before him	root from a dry ground • he had no form ||| root from a dry ground; he had no form
2	257	53	1	i e a comely person ||| i. e. a comely person
2	258	53	2	ceases from among«T men ||| ceases from among men	Maurer. and Umbreit ||| Maurer, and Umbreit
2	259	53	1	J. H. Mich a el is and Rosenmüller ||| J. H. Michaelis and Rosenmüller
2	260	53	0	
2	261	53	2	jEschylus.—Instead of the construct ||| Æschylus.—Instead of the construct	but the true deriva lion is no doubt ||| but the true deriva tion is no doubt
2	262	53	2	(Compare ch. 6: 10. J9: 22. ||| (Compare ch. 6 : 10. 19 : 22.	Jer. 8: 22. oO: 17. ||| Jer. 8 : 22. 50 : 17.
2	263	53	0	
2	264	53	4	for his people, (See John ||| for his people.   (See John	John 10: 11-16 and 1 Peter ||| John 10 : 11–18 and 1 Peter	to fall upon,- assail, the sufferer ||| to fall upon, assail, the sufferer	but in_his___Soul, or rather ||| but in his soul, or rather
2	265	53	1	Tremellius *exigebatur pocna.* ||| Tremellius exigebatur poena.
2	266	53	0	
2	267	53	5	or takejuuKay to execution ||| or taken away to execution	From the combination oft| ||| From the combination of	*indicia causa citraque judicium.* ||| indictâ causâ citraque judicium.	Luther^ Cal- 4 ||| Luther, Cal-	declare his {posterity or spiritual seed ||| declare his posterity or spiritual seed
2	268	53	1	Ps. 88: 6 and Lain. 3: 54 ||| Ps. 88 : 6 and Lam. 3 : 54
2	269	53	0	
2	270	53	2	Jehovah, arid suppose the sense ||| Jehovah, and suppose the sense	more Agreeable to our idiom ||| more agreeable to our idiom
2	271	53	1	(L John 1: 7) ||| (1 John 1 : 7)
2	272	53	1	*(felicissimc executus est),* ||| (felicissime executus est)
2	273	53	6	passive sense, che shall be satiated ||| passive sense, ' he shall be satiated	mirifice laetabitur sapientid sua ||| mirifice laetabitur sapientiâ suâ	upon the part of others j ||| upon the part of others ;	practical experi-, mental knowledge ||| practical experi- mental knowledge	of the MessiaJ^'sV righteousness ||| of the Messiah's righteousness	in the following worgjjP—I ||| in the following words.
2	274	53	2	Gesenius supposes ihe adjective ||| Gesenius supposes the adjective	ut ea eccpiet ||| ut ea expiet
2	275	53	1	Indeed the s#me sense ||| Indeed the same sense
2	276	53	0	
2	277	53	1	that tfitts Cleans to take away ||| means to take away
2	278	53	2	(Ezek. 18: ^0) ||| (Ezek. 18 : 20)	ch. 56: 9 to 57: II, which ||| ch. 56 : 9 to 57 : 11, which
2	279	54	1	the married (wornaii), saith Jehovah ||| the married (woman), saith Jehovah
2	281	54	1	the God, of all the earth ||| the God of all the earth
2	282	54	1	thee, and («s) a wife of youth ||| thee, and (as) a wife of youth
2	283	54	2	reader to *t:* mark the ||| reader to " mark the	Weib betrubten Herzens ||| Weib betrübten Herzens
2	284	54	3	that the. passage was written ||| that the passage was written	and renders it. *Hove thee.* ||| and renders it, I love thee.	previously offended. This verse ||| previously offended.—This verse
2	285	54	3	for a camel lo go through ||| for a camel to go through	(Matt. 24: 37. i Pet. 3: 20) ||| (Matt. 24 : 37. 1 Pet. 3 : 20)	see ch. 5:6, 8: II, ||| see ch. 5 : 6, 8 : 11,
2	286	54	2	As if he had said. ||| As if he had said,	or J *swear;* ||| or *I swear ;*
2	287	54	0	
2	288	54	2	*And 1 wiH make thy battlements* ||| *And I will make thy battlements*	(or *pinnacles) rub)/, and thy* ||| (or *pinnacles) ruby, and thy*
2	289	54	2	*"bequemer"* and Knobel ||| " bequemer," and Knobel	Heb. 8 r 11. ||| Heb. 8 : 11.
2	290	54	1	clause and Doderlein in the second ||| clause and Döderlein in the second
2	291	54	0	
2	292	54	1	as a concession, {let them gather.' ||| as a concession, 'let them gather.'
2	293	54	2	for its work, }. e. fitted ||| for its work, i. e. fitted	*work* (Lowth). *by his labour* ||| work (Lowth), by his labour
2	294	54	1	shall rise with thee in judgment thou shall condemn ||| thou shalt condemn
2	295	54	1	designation of Jehovah's servants ||| designation of 'Jehovah's servants.'
2	296	55	0	
2	297	55	4	land of their oppressors............. In like ||| land of their oppressors.  In like	Gesenius *(aufl),* ||| Gesenius (auf !),	De Wette *(ha* I), etc. ||| De Wette (ha !), etc.	exiles (heu. alas!) ||| exiles (heu, alas !)
2	298	55	2	*And. he,* after the universal expression ||| *And he,* after the universal expression	(euer Ermuhetes) ||| (euer Ermühetes)
2	299	55	1	*rather (vielmehr hort).* ||| rather (vielmehr hört).
2	300	55	0	
2	301	55	1	Cocceius refers the suffixes ||| Coccejus refers the
2	302	55	0	
2	303	55	1	such a promise ao;es after his decease ||| such a promise ages after his decease
2	304	55	3	(See John 17: I, 5. ||| (See John 17 : 1, 5.	*(who hath glorified ihee);* ||| (who hath glorified thee) ;	noverant, saltern fide ||| noverant, saltem fide
2	305	55	0	
2	306	55	0	
2	307	55	1	his way. and the unrighteous man ||| his way, and the unrighteous man
2	308	55	2	with Seeker, Houbigant, and Lowth ||| with Secker, Houbigant, and Lowth	seen in ch. 10: 11. The ||| seen in ch. 10 : 11.—The
2	309	55	1	(See ch'. 35: 1, 2. ||| (See ch. 35 : 1, 2.
2	310	55+56	2	*ff>* Pass away> or be abolished ||| *off,* pass away, or be abolished	(or *justice*') and do right- ||| (or *justice*) and do right-
2	311	56	1	against the calling1 of the gentiles ||| against the calling of the gentiles
2	312	56	0	
2	313	56	0	
2	314	56	0	
2	315	56	1	all ye beasts in the forest I ||| all ye beasts in the forest !
2	316	56	0	
2	317	56	1	Ez. 3: 17. *33: 1.* ||| Ez. 3 : 17. 33 : 7.
2	318	56	2	in the next verse. The last word ||| in the next verse.—The last word	for a time of great enjoyment ||| for a time of great enjoyment.
2	319	57	0	
2	320	57	2	mjeans strictly in default ||| means strictly *in default*	(or *enter into peace}* ||| (or *enter into peace*)
2	321	57	1	analogous to *reguicscat in pace!* ||| analogous to *requiescat in pace!*
2	322	57	3	*a seed of falsehood]* This retorts ||| *a seed of falsehood?* This retorts	contempt of the •apostates on themselves ||| contempt of the apostates on themselves	(or *terebinths),.under every green tree ||| (or terebinths), under every green tree
2	323	57	1	their beds or channels, According to Vitringa ||| their beds or channels. According to Vitringa
2	324	57	3	Shall 1 for these things ||| Shall I for these things	Most writers rmd here a play ||| Most writers find here a play	(*smooth* and *portion)*: but Ewald ||| (smooth and portion) ; but Ewald
2	325	57	3	thou hast 'uncovered (thyself ||| thou hast uncovered (thyself	phrase by Doderlein ||| phrase by Döderlein	S. G. $ 234.) ||| S. G. § 234.)
2	326	57	5	By *the 'king* some understand ||| By the king some understand	as a kind of auxiliary. ||| as a kind of auxiliary,	her false ^ods could weary ||| her false gods could weary	is employed as it. is here ||| is employed as it is here	*dcsperatum est,* a form of speech ||| desperatum est, a form of speech
2	327	57	6	shouldest He 1 and me thou ||| shouldest lie? and me thou	(because) *1 hold my peace* ||| (because) I hold my peace	that thou wilt not fear met ||| that thou wilt not fear me?	as in Ps. 10: I. ||| as in Ps. 10 : 1.	The imao-e is identical with ||| The image is identical with	identical with T T O that presented ||| identical with that presented
2	328	57	4	thy righteous doom: Ewald ||| thy righteous doom ; Ewald	making *thy ivories* mean *thy idols* ||| making thy works mean thy idols	shall take, away, and the (one) ||| shall take away, and the (one)	*will they save thee* which is altogether ||| will they save thee ? which is altogether
2	329	57	3	69: 37, 33. Matt. 5: 5. ||| 69 : 37, 38. Matt. 5 : 5.	cast up, dear the way ||| cast up, clear the way	49: 11. 6-2: 10. ||| 49 : 11. 62 : 10.
2	331	57	2	exiles.—Vitringa-a finds here a specific ||| exiles.—Vitringa finds here a specific	his influences *covering;* the earth ||| his influences covering the earth
2	332	57	2	*(respirationes concede).* ||| (respirationes concedo)	has been veI7 variously understood ||| has been very variously understood
2	333	57	4	Narrandi nullus hie finis est ||| Narrandi nullus hic finis est	and restore, comforts unto him ||| and restore comforts unto him	them.—/ *will guide him* ||| them.—*I will guide him*	mention of con- I O solation ||| mention of consolation
2	334	57	2	it *fed quiescere,* in reference ||| *feci quiescere,*	between this, verse and the supplication ||| between this verse and the supplication
2	335	57	2	like (he troubled sea ||| like the troubled sea	ingeniously removes by adding ' any more ||| ingeniously removes by adding, 'any more
2	336	57+58	1	Cumque sit hibemis agitatum ||| Cumque sit hibernis agitatum
2	337	58	0	
2	338	58	2	importunate solicitation: delight in the knowledge ||| importunate solicitation ; delight in the knowledge	thou wilt not know (it) ] Behold ||| thou wilt not know (it) ? Behold
2	339	58	1	as at other times, Maurer, Hitzig ||| as at other times.  Maurer, Hitzig
2	340	58	4	as in I Kings 1:31, Jarchi's ||| as in 1 Kings 1 : 31. Jarchi's	" crives a much better sense ||| " gives a much better sense	reading of the Hebrew." o ||| reading of the Hebrew." <no trailing "o">	exact translation very difficult ||| exact translation very difficult.
2	341	58	3	(I Kings 21: 27-29) ||| (1 Kings 21 : 27–29)	Deut. 15: 12)- Grotius ||| Deut. 15: 12). Grotius	with Special reference ||| with special reference
2	342	58	2	foreign construction. *that ye break* ||| foreign construction, *that ye break*	thine own fle&h thou shalt not ||| thine own flesh thou shalt not
2	343	58	0	
2	344	58	1	Then shall thou call ||| Then shalt thou call
2	345	58	4	translates the whole phrase, if thou wilt ||| translates the whole phrase, 'if thou wilt	restat meridies quern expectat ||| restat meridies quem expectat	Jerome-'s translation ||| Jerome's translation	Seeker's emendation ||| Secker's emendation
2	346	58	3	thy strength)^* derives some countenance ||| *thy strength*), derives some countenance	expressions of hosea with respect ||| expressions of Hosea with respect	And they shall build from thcc ||| And they shall build from thee
2	347	58	8	or *ad quiescendum* ||| *quietem, or ad quiescendum*  (printed "quietem"; transcription "(juietem")	Hitzig and maurer, the former ||| Hitzig and Maurer, the former	Sabbath to (Jo thy pleasure ||| Sabbath to do thy pleasure	honour it by riot doing ||| honour it by not doing	trodden down arid trampled ||| trodden down and trampled	(was dir gefdlli) ||| (was dir gefällt)	Ilitzig observes a climax ||| Hitzig observes a climax	of the Holy One. Jehovah ||| of the Holy One, Jehovah
2	348	58	2	to find one's *pleasure,* on the Sabbath ||| to find one's pleasure on the Sabbath	Then shall thou be happy ||| Then shalt thou be happy
2	349	59	0	
2	350	59	5	so as not to hear,* t« \*3 ||| so as not to hear.	version, *rather (vieltnehr),* ||| rather (vielmehr)	*(sondern viclmehr)* is entirely gratuitous ||| (sondern vielmehr)	usage.—Seeker proposes to read ||| Secker proposes	as Lowth translates it. *that he doth not hear* ||| translates it, that he doth not hear
2	351	59	0	
2	352	59	1	Hensler and Doderlein apply it ||| Hensler and Döderlein apply it
2	353	59	2	as in the English Bible. To the objection ||| as in the English Bible.—To the objection	*any poisonous serpent,'* and J. D. Michaelis ||| any poisonous serpent," and J. D. Michaelis
2	354	59	8	Their feet to coil will run ||| Their feet to evil will run	the sense of trouble (MtiAe) ||| the sense of trouble (Mühe)	the oppressors............ themselves ||| the oppressors themselves	that it awaits themselves, but most ||| that it awaits themselves ; but most	with respect lo them than this ||| with respect to them than this	did not hesitate lo rob ||| did not hesitate to rob	which he adds lo ihis extraordinary ||| which he adds to this extraordinary	and 15 of this chapter ||| and 15 of this chapter.
2	355	59	5	In Border to vary the expression ||| In order to vary the expression	written *in their ruts,* ||| written in their ruts.	as groundless as Vitiinga's specific ||| as groundless as Vitringa's specific	J, D. Michaelis explains the expression ||| J. D. Michaelis explains the expression	Cyrus's attack on Croesus ||| Cyrus's attack on Croesus !
2	356	59	4	Lowth, Koppe, Doderlein, and Bauer ||| Lowth, Koppe, Döderlein, and Bauer	compare Dent. 28: 29 ||| compare Deut. 28 : 29	and Zeph. 1: L7. ||| and Zeph. 1 : 17.	we moan (we) moan', we wait ||| we moan (we) moan; we wait
2	357	59	2	and to turn lack from ||| and to turn back from	for (ruth has fallen in the street ||| for truth has fallen in the street
2	358	59	2	he became rare *(wurde selteii)* ||| he became rare (*wurde selten*)	colloquial use of *desole* in French ||| colloquial use of *désolé* in French
2	359	59	2	consciousness of doing^ right ||| consciousness of doing right	the word fury (5. e. ardent zeal) ||| the word fury (i. e. ardent zeal)
2	360	59	2	had arisen from amonothemselves according ||| had arisen from among themselves according	the one laid clown by Clericus ||| the one laid down by Clericus
2	361	59	2	the fpnn of expression ||| the form of expression	oppressors.............—Jubb proposes ||| oppressors.—Jubb proposes
2	362	59	4	hut purely grammatical ||| but purely grammatical	as equivalent to our *as*—50 ||| as equivalent to our as—so	The sense will then be. ||| The sense will then be,	All that need be added is. ||| All that need be added is,
2	363	59	2	it appear natural to s:ay ||| it appear natural to say	I will punish the Gentiles/ ||| I will punish the Gentiles,'
2	364	59	0	
2	365	59	4	quasi flumus viohntus ||| quasi fluvius violentus	viohntus quern Spiritus Domini ||| violentus quem Spiritus Domini	Ewald *for.* and the like ||| Ewald for, and the like	the sense of consuming^ which he ||| the sense of consuming, which he
2	366	59	4	as noun and adjective: the incongruity ||| as noun and adjective ; the incongruity	signum praeftrt ||| signum praefert	against him., or the still ||| against him, or the still	(ch. *S:* 7, 8. 28: 15) ||| (ch. 8 : 7, 8. 28 : 15)
2	367	59	1	succession and dependence, b is not ||| succession and dependence. ‎ is not
2	368	59	2	the promise to noah (Gen. 9: 9) ||| the promise to Noah (Gen. 9 : 9)	God's covenants and promises, ברית denotes ||| God's covenants and promises. בְּרִית denotes
2	369	59+60	5	56: 6-8. 53: 12. ||| 56 : 6–8. 58 : 12.	participation in the light. v. 3. ||| participation in the light, v. 3.	All this shah certainly ||| All this shall certainly	at the appointed time, v. 22 ||| at the appointed time, v. 22.	<blank between paragraphs> ||| CHAPTER LX.
2	370	60	1	Hitzig gravely. represents it as certain ||| Hitzig gravely represents it as certain
2	371	60	1	Instead of *upon thee* noyes has ||| Instead of *upon thee* Noyes has
2	372	60	6	cut off from aH historical ||| cut off from all historical	principles of interpretation/7 ||| principles of interpretation,"	the Gentiles, tbepast and the future ||| the Gentiles, the past and the future	*and sec; all* ||| and see ; all	TO-^S 5 which last ||| ‑צַד, which last	*at thy side,* i, e. near thee, ||| at thy side, i. e. near thee.
2	373	60	4	as lie no less confidently ||| as he no less confidently	Then shah thou see ||| Then shalt thou see	Michaelis, Doderlein, Justi ||| Michaelis, Döderlein, Justi	His iibi me rebus quaedam ||| His tibi me rebus quaedam
2	374	60	5	thinks that thou shctlt see ||| thinks that *thou shalt see*	as a " lastige Tautologie." ||| " lästige Tautologie."	who have *confines;* ||| who have *conflues ;*	*thou shall look and brighten up.* ||| *thou shalt look and brighten up.*	to things or persons.—the first ||| to things or persons,—the first
2	375	60	0	
2	376	60	5	the father of Shebn. ||| the father of Sheba.	as an entrepot of Indian commerce ||| as an entrepôt of Indian commerce	abundance (I Kings 10: 2) ||| abundance (1 Kings 10 : 2)	so tall that they over top and overshadow ||| so tall that they overtop and overshadow	ascribed to the west; O but it may well ||| ascribed to the west ; but it may well
2	377	60	0	
2	378	60	3	an idea which Lowth finely, hut perhaps ||| but perhaps	an evil omen, and hy parity of reasoning ||| and by parity	disposal of the restored Jews There shall be ||| restored Jews. . . . . There shall be
2	379	60	0	
2	381	60	1	is wholly ungrammatical since the preceding ||| is wholly ungrammatical, since the preceding
2	382	60	2	ich dich wiedcr) ||| lieb ich dich wieder)	Eicbhorn supposed the expectation ||| Eichhorn supposed the expectation
2	383	60	3	Rosenmüller has *exercilus* ||| Rosenmüller has *exercitus*	the verb in Nab. 2: 8 ||| the verb in Nah. 2 : 8	before the gales are closed ||| before the gates are closed
2	384	60	3	*The glory of Lebanon to thcc shall come* ||| The glory of Lebanon to thee shall come	Ps. 99: 5. 132: *1)* ||| Ps. 99 : 5. 132 : 7)	Jehovah (I Chron. 28: 2. ||| Jehovah (1 Chron. 28 : 2.
2	385	60	2	oppressors............, then shall bow down ||| oppressors, they shall bow down	(adorabunf vestigia pedum tuoruni) ||| (adorabunt vestigia pedum tuorum)
2	386	60	2	of her oppressors............ will acknowledge ||| of her oppressors will acknowledge	and as such can not be expressed ||| and as such cannot be expressed
2	387	60	2	And thou shall suck the milk ||| And thou shalt suck the milk	As if he had said, for the brass ||| As if he had said, 'for the
2	388	60	7	a change in kind, 5. e. from bad ||| a change in kind, i. e. from bad	but in degree, i. e» from good ||| but in degree, i. e. from good	ch. 30: 26. Zech, 14: 20 ||| ch. 30 : 26. Zech. 14 : 20	1 Cor. 3: 12, 15 *i* 41.— ||| 1 Cor. 3 : 12. 15 : 41.—	other terms in English, (Compare Ezek. ||| other terms in English. (Compare Ezek.	as meaning, {I will change ||| as meaning, ' I will change	Thou shall call, as in many ||| Thou shalt call, as in many
2	389	60	2	to saying, thou shall no more have ||| thou shalt no more have	Compare ch. 4: 3. 33: -24. ||| ch. 4 : 3. 33 : 24.
2	390	60	1	wider version, *earth.,* is the ||| wider version, earth, is the
2	391	60	1	the Bible.—/ *will hasten it,* ||| the Bible.—*I will hasten it,*
2	392	60+61	0	
2	393	61	1	*(nothgedrungeii)* to regard Isaiah ||| (nothgedrungen) to regard Isaiah
2	394	61	1	Jews *(hie aliquid ||| Jews (*hic aliquid*
2	395	61	1	governing noun, *l* Jehovah's year of grace ||| governing noun, ' Jehovah's year of grace
2	396	61	1	*(Putzfur Schmutz)* ||| (*Putz für Schmutz*)
2	397	61	0	
2	398	61	0	
2	399	61	2	*If hath pleased them verily ||| It hath pleased them verily	the gospel (I Pet. 1: 3) ||| the gospel (1 Pet. 1 : 3)
2	400	61	1	that confusion was their portion.' etc. ||| that confusion was their portion,' etc.
2	401	61	0	
2	402	61	1	all that see. them shall acknowledge ||| all that see them shall acknow-
2	403	61	0	
2	404	62	2	They shall he recognised by kings ||| They shall be recognised by kings	and in the same. manner ||| and in the same manner
2	405	62	2	the Vulgate has *Justus ejus et salvator ||| justus ejus et salvator ejus	them *justum tuurn, inclytum tuum.* ||| justum tuum, inclytum tuum.
2	406	62	2	and by Noyes *(shall give, thee)* ||| (shall give thee)	the purpose of exhibiting it toothers ||| the purpose of exhibiting it to others
2	407	62	6	means a *diadtm of royalty* ||| means a *diadem of royalty*	called to thee* (shall thou be called) ||| called to thee (shalt thou be called)	employed as proper names/' ||| employed as proper names."	at the same lime to render ||| at the same time to render	translation is, *l* a young man ||| translation is, 'a young man	thy sons shall marry tbt-e,' ||| thy sons shall marry thee,'
2	408	62	3	means thou shall be inhabited ||| means thou shalt be inhabited	*On thy watts, oh Jerusalem ||| On thy walls, oh Jerusalem	by an ecclesiastical o-ne ||| by an ecclesiastical one
2	409	62	1	thy corn any more, as food ||| thy corn any more as food
2	410	62	1	he seems to think, considerable ||| he seems to think considerable
2	411	62	0	
2	412	62	0	
2	413	62	1	and thou shall be called Derushah ||| and thou shalt be called Derushah
2	414	63	1	distantly future dispersion.5' ||| distantly future dispersion."
2	415	63	1	The Vulgate version *(gradient)* ||| The Vulgate version (gradiens)
2	416	63	3	my fury*', *and their juice ||| my fury, and their juice	in literal terms. *l* Of the nations ||| in literal terms. 'Of the nations	as meaning to sprinkle, ||| as meaning to sprinkle.
2	417	63	2	suggested: as many expressions ||| suggested ; as many expressions	*And Hook, and there is none keeping ||| And I look, and there is none keeping
2	418	63	0	
2	419	63	2	89: 34: but it is simpler ||| 89 : 34 ; but it is simpler	as in I Sam. 15: 29 ||| as in 1 Sam. 15 : 29
2	421	63	0	
2	422	63	3	to *the angel of Ms face* ||| to *the angel of his face*	Jehovah (I Kings 22: 19) ||| Jehovah (1 Kings 22 : 19)	his person (Heb. I: 3) ||| his person (Heb. 1 : 3)
2	423	63	2	analogous deliverances. O ||| analogous deliverances.	the three divine per sons ||| the three divine per-sons
2	424	63	1	supplying *Itst they say* before ||| supplying *lest they say* before
2	425	63	0	
2	426	63	0	
2	427	63	1	term of the *manege,* although ||| term of the *manége,* although
2	428	63	4	meaning *l* will bring him ||| meaning ' will bring him	thus didst thou had thy people ||| thus didst thou lead thy people	(I Kings 8: 13.) ||| (1 Kings 8: 13.)	the Vulgate *(multitude),* ||| the Vulgate (multitudo),
2	429	63	3	which are restrained ] ||| which are restrained ?	igkeit halt sich hart ||| igkeit hält sich hart	said, thou and thou alone ||| said, ' thou and thou alone
2	431	63	0	
2	432	63	1	omitting the niakkeph and reading ||| omitting the makkeph and reading
2	433	63	2	involved in ibis construction ||| involved in this construction	oppressors............. This is the sense ||| oppressors. This is the sense
2	434	63+64	0	
2	435	64	0	
2	436	64	1	thou earnest down, the mountains ||| thou camest down, the mountains
2	437	64	2	to the older race of Israelites, עולם ||| race of Israelites. [Hebrew]	a long time, and for ever, sura has been ||| a long time, and for ever. [Hebrew] has been
2	438	64	1	ways) forever, that we might be saved ||| ways) for ever, that we might be saved
2	439	64	0	
2	440	64	1	we the day and thou ||| we the clay and thou
2	441	64	0	
2	442	64	0	
2	443	64+65	0	
2	444	65	0	
2	446	65	0	
2	447	65	2	Zeph. I: 5.) Ewald approves ||| Zeph. 1 : 5.) Ewald approves	in quo explicando versamnr ||| in quo explicando versamur
2	448	65	3	these (are) a s?noke in my wrath ||| these (are) a smoke in my wrath	the English words, *lam holy thee.* ||| the English words, I am holy thee.	assume that of b, *lam holy to thee.* ||| assume that of ל, I am holy to thee.
2	449	65	0	
2	450	65	2	(M al. 3: 16) ||| (Mal. 3 : 16)	construction.—/ *will not rest* ||| construction.—*I will not rest*
2	451	65	1	at first *(zuersi),* ||| at first (*zuerst*),
2	452	65	0	
2	453	65	2	presented hy the Prophet ||| presented by the Prophet	1 will do so, or will act ||| I will do so, or will act
2	454	65	0	
2	455	65	3	are Vitringa and Rosenmüller: but ||| Rosenmüller; but	30: II), and referred ||| 30 : 11), and referred	*Gad* and *Menij* ||| Gad and Meni,
2	456	65	1	Lesser Evil Fortune or 111 Luck ||| Lesser Evil Fortune or Ill Luck
2	457	65	0	
2	458	65	0	
2	459	65	3	and from, brokenness of spirit ||| and from brokenness of spirit	ye shall howl* These verses ||| ye shall howl. These verses	(see above, ch, 8: 21 ||| (see above, ch. 8 : 21
2	460	65	2	to be used, 50 *may the Lord ||| to be used, so may the Lord	bear the sense of 50. ||| bear the sense of so.
2	461	65	0	
2	462	65	0	
2	463	65	1	shall not be remembered, and shall not ||| shall not be remembered. and shall not
2	464	65	1	and if Jerusalem arid Zion ||| and if Jerusalem and Zion
2	465	65	2	where lie claims creative ||| where he claims creative	example of the ancient version?. ||| example of the ancient versions.
2	466	65	4	understand the sense to he that ||| understand the sense to be that	old will he considered as dying ||| old will be considered as dying	16-19 may then he regarded ||| 16-19 may then be regarded	shall not plant and another cat ||| shall not plant and another eat
2	467	65	5	with (hern. The sense ||| with them. The sense	speaking and I will hear, ||| speaking and I will hear.	Ps. Mo: 18, 19.) ||| Ps. 145 : 18, 19.)	on the u-ual hypothesis ||| on the usual hypothesis	audiam and *cjcaudiam.* ||| audiam and exaudiam.
2	468	65	6	diminutive term *Ldmmlein.* ||| diminutive term *Lämmlein.*	of the verb *comedcnt.* ||| of the verb *comedent.*	supplies *continue (bleibc),* ||| supplies *continue (bleibe),*	Michaelis arid Gesenius suppose ||| Michaelis and Gesenius suppose	too lar^e a concession ||| too large a concession	as in ch. 11: 9^;:orif they be referred ||| as in ch. 11 : 9; or if they be referred
2	469	65+66	5	pp. 224—227.- ||| pp. 224-227.	rites of idolatry, v. *'3.* They ||| rites of idolatry, v. 3. They	carnal Israel fearfully rewarded, vs. 5, (5. ||| rewarded, vs. 5, 6.	dispensation is not to he temporary ||| is not to be temporary	astonished world, vs. 23, 24 ||| astonished world, vs. 23, 24.
2	471	66	4	sibility in a"ny other case ||| sibility in any other case	to consist in assuming"- that the passages ||| to consist in assuming that the passages	unless the first ru I verse of the second ||| unless the first verse of the second	That, there is any proof of it ||| That there is any proof of it
2	472	66	4	it as proving that a parly of the ||| a party of the	we may now coin-pare another ||| we may now compare another	(John 2: 20. Malt. 24: I) ||| (John 2 : 20. Matt. 24 : 1)	(1 Chron. 23: 2. ||| (1 Chron. 28 : 2.
2	473	66	6	my oitn hand made ||| my own hand made	2 Cor. (3: 16.) ||| 2 Cor. 6 : 16.	(Ps. 34: 19. 13S: G.) ||| (Ps. 34 : 19. 138 : 6.)	Ex. 2: '25. ||| Ex. 2 : 25.	by clung I Sam. 4: 13 ||| by citing 1 Sam. 4 : 13	Hos. 3:5. II: 10, 1 1.) ||| Hos. 3 : 5. 11 : 10, 11.)
2	474	66	1	in the Pentateuch, nbria is the participle ||| in the Pentateuch. ... is the participle
2	475	66	4	several expressions: but a question ||| several expressions ; but a question	etc. Low th and Ewald understand ||| etc. Lowth and Ewald understand	at irj temple built in Babylonia ||| at the temple built in Babylonia	restored Jews arid their temple ||| restored Jews and their temple
2	476	66	4	my eyes, (.nd that which ||| my eyes, and that which	which 1 delight not in. they chose ||| which I delight not in they chose	the Vulgate *illuslones* ||| the Vulgate illusiones	the same but somewhat, stronger ||| the same but somewhat stronger
2	477	66	0	
2	478	66	6	cannot take precedence οἱ the strict one ||| cannot take precedence of the strict one	Matt. 10: 2v>. 1 Thess. ||| Matt. 10 : 22. 1 Thess.	*and Casting you out* ||| and casting you out	*for my names sake* ||| for my name's sake	A voice of tumult from (he city! ||| A voice of tumult from the city!	A voice from the ternpJe! ||| A voice from the temple!
2	479	66	9	lamentation, liu lo the tumult ||| lamentation, but to the tumult	the rushing sound of jinnies ||| the rushing sound of armies	Even A ben Ezra says ||| Even Aben Ezra says	interpretations of the versebefore us ||| interpretations of the verse before us	as Cretins imagines ||| as Grotius imagines	the destruction οἱ Gog and Magog ||| the destruction of Gog and Magog	there is so Air a difficulty ||| there is so far a difficulty	many such lo go up ||| many such to go up	judgments! maurer as usual ||| judgments! Maurer as usual
2	481	66	1	Who hath heard such a thing 1 ||| Who hath heard such a thing ?
2	482	66	2	she has also brought forth, ||| she has also brought forth.	not cause to bring forth 1 saith ||| not cause to bring forth ? saith
2	483	66	4	the nefl heavens ||| the new heavens	consoJaticns, that ye may milk ||| consolations, that ye may milk	The Taro-um takes ||| The Targum takes	milk out and enjoy yourselves* may be regarded ||| milk out and enjoy yourselves, may be regarded
2	484	66	7	paraphrase *(zum Gtmss)* ||| paraphrase (zum Genuss)	so will I comfort yrit ||| so will I comfort you	shall ye be. comforted ||| shall ye be comforted	(der seine Mutter trostet) ||| (der seine Mutter tröstet)	always *710 man,* ||| always no man,	The difficulty might if it were ||| The difficulty might, if it were	spirit of a man (rfes ||| spirit of a man (des
2	485	66	2	translating *become, green like the young grass* ||| become green like the young grass	reads *as afire,* with the Septuagint ||| reads as a fire, with the Septuagint
2	486	66	1	*(Zorncsgluth),* ||| (*Zornesgluth*),
2	487	66	3	borrowed.—A much surer clew O to the primary ||| borrowed.—A much surer clew to the primary	described in ch. 65: 3; 5, the gardens ||| described in ch. 65 : 3, 5, the gardens	conveyed by the translation /or, i. e. ||| conveyed by the translation *for*, i. e.
2	488	66	3	the Latin *quidam,nescio quern.* ||| quidam, nescio quem.	according to the masoretic Ken ||| according to the masoretic Keri	have *unatoj* in accordance ||| have unam, in accordance
2	489	66	0	
2	491	66	1	*I will assemble',* both which ||| *I will assemble;* both which
2	492	66	0	
2	493	66	2	though lie still translates ||| though he still translates	gentcs, in mare, in Africam ||| gentes, in mare, in Africam
2	494	66	0	
2	495	66	0	
2	496	66	1	accordingly inserts it. peculiar form ||| accordingly inserts it. The peculiar form
2	497	66	0	
2	498	66	1	the new earth which I am making ||| the new earth, which I am making
2	499	66	0	
2	501	66	0	
