chapter	ours	witness	votes	polled	verdict
1	potiori	potiori	3	4	confirm
1	denominatio	denomi	3	3	reject
1	ggnffiaj	general	3	4	reject
1	fiV	n	2	4	reject
1	fy	ezek	4	4	reject
1	Mai	Mai	4	4	confirm
1	filii	filii	4	4	confirm
1	degeneres	degeneres	4	4	confirm
1	contemtim	contemtim	4	4	confirm
1	irritaverunt	irritaverunt	4	4	confirm
1	ils	ils	4	4	confirm
1	ont	ont	4	4	confirm
1	irrite	irrite	4	4	confirm
1	parmepris	parmepris	3	4	confirm
1	ibrm	form	3	3	reject
1	percutiemini	percutiemini	4	4	confirm
1	Euripides	Euripides	4	4	confirm
1	Ovid	Ovid	4	4	confirm
1	vix	vix	4	4	confirm
1	habet	habet	4	4	confirm
1	nobis	nobis	4	4	confirm
1	abiit	abiit	2	2	confirm
1	morbum	morbum	2	2	confirm
1	tumour	tumour	4	4	confirm
1	pressed'	pressed	3	3	realword?
1	ventum	ventum	3	4	confirm
1	Eng	Eng	4	4	confirm
1	sicut	sicut	4	4	confirm
1	vastitate	vastitate	4	4	confirm
1	hostili	hostili	4	4	confirm
1	veritatis	veritatis	4	4	confirm
1	loc	loc	4	4	confirm
1	custodiae'	custodiae	3	4	reject
1	Tingstad	Tingstad	4	4	confirm
1	Comm	Comm	4	4	confirm
1	rniis	them	2	2	reject
1	ic	c	2	4	reject
1	advenitis	advenitis	4	4	confirm
1	appareatis	appareatis	4	4	confirm
1	conspectu	conspectu	4	4	confirm
1	I	j	2	4	realword?
1	tr	r	2	4	reject
1	ferre	ferre	4	4	confirm
1	pravitatem	pravitatem	4	4	confirm
1	quae	quae	4	4	confirm
1	vos	vos	4	4	confirm
1	conjungitis	conjungitis	4	4	confirm
1	ic	c	3	4	reject
1	ic	tc	2	4	reject
1	solennes	solennes	4	4	confirm
1	indictiones	indictiones	4	4	confirm
1	potero	potero	4	4	confirm
1	vana	vana	4	4	confirm
1	res	res	4	4	confirm
1	conventum	conventum	3	4	confirm
1	frustra	frustra	4	4	confirm
1	vergeblich	vergeblich	4	4	confirm
1	Fiirst	Fiirst	3	4	confirm
1	odi	odi	4	4	confirm
1	animo	animo	4	4	confirm
1	Christol	Christol	4	4	confirm
1	facta	facta	4	4	confirm
1	mihi	mihi	4	4	confirm
1	superfuerunt	superfuerunt	4	4	confirm
1	mihi	mihi	4	4	confirm
1	oneris	oneris	4	4	confirm
1	incumbunt	incumbunt	4	4	confirm
1	mihi	mihi	4	4	confirm
1	oneris	oneris	4	4	confirm
1	burthen	burthen	4	4	confirm
1	zur	zur	4	4	confirm
1	I	j	2	4	realword?
1	caedibus	caedibus	4	4	confirm
1	plenae	plenae	4	4	confirm
1	Fabricius	Fabricius	4	4	confirm
1	Theol	Theol	4	4	confirm
1	causa	causa	4	4	confirm
1	causa	causa	4	4	confirm
1	e	i	4	4	realword?
1	inno	inno	4	4	confirm
1	Musculus	Musculus	4	4	confirm
1	corruptum	corruptum	4	4	confirm
1	aequum	aequum	3	4	confirm
1	facite	facite	3	3	confirm
1	iniquum	iniquum	4	4	confirm
1	discoloured	discoloured	4	4	confirm
1	agite	agite	3	3	confirm
1	nos	nos	4	4	confirm
1	castigari	castigari	4	4	confirm
1	patiamur	patiamur	4	4	confirm
1	enim	enim	4	4	confirm
1	Jehova	Jehova	4	4	confirm
1	wollt	wollt	4	4	confirm
1	ihr	ihr	4	4	confirm
1	gehorchen	gehorchen	4	4	confirm
1	sav	iav	2	4	reject
1	audieritis	audieri	4	4	reject
1	spolccn	spoken	3	4	reject
1	musset	miisset	4	4	reject
1	Schwerdt	Schwerdt	4	4	confirm
1	verzehren	verzehren	4	4	confirm
1	tex	sx	2	4	reject
1	undergone	undergone	4	4	confirm
1	f	p	2	4	realword?
1	urbs	urbs	3	4	confirm
1	civitas	civitas	4	4	confirm
1	iveaJccned	weakened	4	4	reject
1	scelus	scelus	3	4	confirm
1	estjugulare	est	3	3	reject
1	dem	dem	4	4	confirm
1	Waisen	Waisen	4	4	confirm
1	halten	halten	4	4	confirm
1	kein	kein	4	4	confirm
1	Gericht	Gericht	4	4	confirm
1	deine	deine	4	4	confirm
1	Vorgesetzten	Vorgesetzten	4	4	confirm
1	widersetzlich	widersetzlich	3	3	confirm
1	deine	deine	4	4	confirm
1	Herren	Herren	4	4	confirm
1	Narren	Narren	3	3	confirm
1	Arbeit	Arbeit	4	4	confirm
1	nehmen	nehmen	4	4	confirm
1	purum	purum	3	3	confirm
1	puritatem	puritatem	4	4	confirm
1	adjliquidum	adjliquidum	2	2	confirm
1	justae	justae	3	4	confirm
1	puritati	puritati	4	4	confirm
1	restituam	restituam	4	4	confirm
1	counsellors	counsellors	4	4	confirm
1	jri	there	2	3	reject
1	reducentur	redu	4	4	reject
1	personae	perso	3	3	reject
1	zu	zu	3	4	confirm
1	Schanden	Schanden	3	3	confirm
1	Terebinthen	Terebinthen	4	4	confirm
1	Res	Res	4	4	confirm
1	butm	butm	4	4	confirm
1	jbn	bn	2	4	reject
1	versa	versa	4	4	confirm
10	Oreb	Oreb	3	4	confirm
10	there	where	4	4	realword?
10	counsellors	counsellors	4	4	confirm
10	Minister	munster	3	4	realword?
10	scribere	scribere	3	4	confirm
10	Ppn	Ppn	2	4	confirm
10	ndvog	novog	3	4	reject
10	statuta	statuta	4	4	confirm
10	vanitatis	vanitatis	4	4	confirm
10	laborem	laborem	4	4	confirm
10	scribentibus	scribentibus	4	4	confirm
10	inra	laro	2	4	reject
10	Schriftgelehrte	Schriftgelehrte	4	4	confirm
10	Mai	Mai	4	4	confirm
10	Verus	Verus	3	4	confirm
10	arceant	arceant	4	4	confirm
10	pauperes	pauperes	4	4	confirm
10	judicio	judicio	4	4	confirm
10	vel	vel	4	4	confirm
10	efficiant	efficiant	3	4	confirm
10	cadant	cadant	4	4	confirm
10	causa	causa	4	4	confirm
10	facerent	facerent	3	4	confirm
10	causae	causae	3	3	confirm
10	humilium	humilium	3	3	confirm
10	Avhom	whom	4	4	reject
10	bx	n	2	3	reject
10	fleeing	fleeing	4	4	confirm
10	Musculus	Musculus	4	4	confirm
10	sns	s	2	4	reject
10	or	for	4	4	realword?
10	Asshur	Asshur	4	4	confirm
10	Assur	Assur	4	4	confirm
10	veni	veni	4	4	confirm
10	vae	vae	3	3	confirm
10	vobis	vobis	4	4	confirm
10	Assyrii	Assyrii	4	4	confirm
10	dir	dir	4	4	confirm
10	Assyrien	Assyrien	4	4	confirm
10	trie	tne	3	4	reject
10	UaavQioig	aoovqiotg	2	4	reject
10	ille	ille	3	4	confirm
10	ipse	ipse	3	3	confirm
10	eorum	eorum	4	4	confirm
10	ast	est	2	4	realword?
10	populum	populum	4	4	confirm
10	excandescentiae	excandescentiae	4	4	confirm
10	ofForerius	ofForerius	3	4	confirm
10	populum	populum	3	3	confirm
10	tractare	tractare	2	3	confirm
10	decrevi	decrevi	3	3	confirm
10	pre	pre	4	4	confirm
10	sLwwJls	sl	2	4	reject
10	albrte	alone	4	4	reject
10	Calno	Calno	4	4	confirm
10	Carchemish	Carchemish	4	4	confirm
10	prcbably	pro	4	4	reject
10	Carchemish	some	4	4	reject
10	Chaboras	Chaboras	4	4	confirm
10	Cercusium	Cercusium	4	4	confirm
10	Tiglath	Tiglath	4	4	confirm
10	Calno	Calno	4	4	confirm
10	Seleucia	se	3	4	reject
10	Kimchiwith	Kimchiwith	3	3	confirm
10	Canneh	Canneh	4	4	confirm
10	Qrontes	orontes	4	4	reject
10	Epiphania	Epiphania	4	4	confirm
10	Abulfeda	Abulfeda	4	4	confirm
10	Arvad	Arvad	4	4	confirm
10	a	s	3	4	realword?
10	Antioch	Antioch	3	4	confirm
10	Rabba	Rabba	4	4	confirm
10	Epiphania	Epiphania	4	4	confirm
10	Emissa	Emissa	4	4	confirm
10	Carchejnish	carchemish	4	4	reject
10	Calno	Calno	4	4	confirm
10	Calno	Calno	4	4	confirm
10	Carchemish	sin	4	4	reject
10	Carchemish	Carchemish	4	4	confirm
10	Calno	Calno	4	4	confirm
10	nicht	nicht	4	4	confirm
10	nicht	nicht	4	4	confirm
10	anglice	anglice	4	4	confirm
10	regna	regna	3	4	confirm
10	nihili	nihili	3	3	confirm
10	idoli	idoli	4	4	confirm
10	Gotzen	Gotzen	3	3	confirm
10	eo	eo	4	4	confirm
10	requirebat	requi	4	4	reject
10	substituitur	substituitur	4	4	confirm
10	requirit	requirit	4	4	confirm
10	veritas	veritas	4	4	confirm
10	rei	rei	3	4	confirm
10	as	is	2	2	realword?
10	etc	etc'	3	4	realword?
10	Idov	Idov	2	4	confirm
10	idolis	idolis	4	4	confirm
10	simulacris	simulacris	4	4	confirm
10	psa	psa	2	4	confirm
10	Chebar	Chebar	4	4	confirm
10	Oreb	Oreb	4	4	confirm
10	Thesauro	Thesauro	3	3	confirm
10	oflooking	of	2	3	reject
10	instructissima	instructissima	4	4	confirm
10	eorum	eorum	4	4	confirm
10	fixa	fixa	4	4	confirm
10	eorum	eorum	4	4	confirm
10	D	i	2	4	realword?
10	veritatis	veritatis	3	4	confirm
10	t	b	2	4	realword?
10	b	n	3	4	realword?
10	moenia	moenia	4	4	confirm
10	sicut	sicut	4	4	confirm
10	colliguntur	colliguntur	4	4	confirm
10	reciperem	reciperem	3	4	confirm
10	auferrem	auferrem	4	4	confirm
10	wie	wie	4	4	confirm
10	aufrafft	aufrafft	4	4	confirm
10	nsox	and	2	4	reject
10	Fiirst	Fiirst	3	4	confirm
10	abigeret	abigeret	4	4	confirm
10	divagans	divagans	3	3	confirm
10	pipiendum	pipiendum	3	4	confirm
10	zum	zum	3	4	confirm
10	Gezirp	Gezirp	3	3	confirm
10	pipio	pipio	3	3	confirm
10	Richardson's	Richardson's	3	3	confirm
10	Ctesias	Ctesias	4	4	confirm
10	Berosus	be	4	4	reject
10	Diodorus	Diodorus	4	4	confirm
10	Trogus	Trogus	4	4	confirm
10	xBm	ixsn	2	4	reject
10	bs	bs	2	4	confirm
10	trotzen	trotzen	3	3	confirm
10	briistet	briistet	3	4	confirm
10	D	a	2	2	realword?
10	rs	rs	3	4	confirm
10	pluralis	pluralis	4	4	confirm
10	majestaticus	majestaticus	4	4	confirm
10	sraft	bx	2	4	reject
10	pinguia	pinguia	4	4	confirm
10	rnn	rnn	4	4	confirm
10	ardebit	ardebit	4	4	confirm
10	ardendo	ardendo	4	4	confirm
10	ofjlre	of	4	4	reject
10	igne	igne	4	4	confirm
10	Qyog	qqoq	2	4	reject
10	sume	isaiah	4	4	reject
10	Rosenmuller	rosenmiiller	2	4	realword?
10	Fiirst	Fiirst	3	4	confirm
10	harvestfields	harvest	4	4	reject
10	Musculus	Musculus	4	4	confirm
10	intra	intra	4	4	confirm
10	rbs	n	2	4	reject
10	London	London	4	4	confirm
10	Polyglott	Polyglott	4	4	confirm
10	fleeing	fleeing	4	4	confirm
10	bbb	oob	2	3	reject
10	bbtt	of	2	4	reject
10	Hezel	Hezel	3	3	confirm
10	JM	i	2	4	reject
10	orshall	or	3	4	reject
10	erit	erit	4	4	confirm
10	terrore	terrore	4	4	confirm
10	profugus	profugus	4	4	confirm
10	wie	wie	3	4	confirm
10	einer	einer	3	3	confirm
10	hinschmachtet	hinschmachtet	3	3	confirm
10	Ohnmacht	Ohnmacht	4	4	confirm
10	ligni	ligni	4	4	confirm
10	reliqua	reliqua	4	4	confirm
10	ligna	ligna	4	4	confirm
10	Horace	Horace	4	4	confirm
10	nos	nos	4	4	confirm
10	numerus	numerus	4	4	confirm
10	sumus	sumus	4	4	confirm
10	Cicero	Cicero	4	4	confirm
10	appendantur	appendantur	4	4	confirm
10	numerentur	numerentur	3	4	confirm
10	pecuniae	pecuniae	3	3	confirm
10	Ovid	Ovid	4	4	confirm
10	pauperis	pauperis	4	4	confirm
10	es	est	4	4	realword?
10	pecus	pecus	2	2	confirm
10	prae	prae	3	3	confirm
10	paucitate	paucitate	4	4	confirm
10	numerabuntur	numerabuntur	3	4	confirm
10	Brentius	Brentius	4	4	confirm
10	Hagg	Hagg	4	4	confirm
10	pergat	pergat	4	4	confirm
10	August	augusti	4	4	realword?
10	aufhoren	aufhoren	4	4	confirm
10	hd	and	4	4	reject
10	commontancestor	common	4	4	reject
10	eo	eo	4	4	confirm
10	darunter	darunter	3	3	confirm
10	convertentur	convertentur	4	4	confirm
10	consummatio	consummatio	3	4	confirm
10	mit	mit	4	4	confirm
10	Gerechtigkeit	Gerechtigkeit	4	4	confirm
10	fibs	ribs	3	4	realword?
10	abgemessen	abgemessen	4	4	confirm
10	consummatum	consumma	4	4	reject
10	ri	nbs	3	4	reject
10	Asshur	Asshur	4	4	confirm
10	smile	smite	3	4	realword?
10	Syro	Syro	4	4	confirm
10	necessaryqualification	necessary	4	4	reject
10	verbs	verb	4	4	realword?
10	Rosenmiiller	rosenmuller	3	4	realword?
10	nst	to	2	4	reject
10	cn	cn	2	4	confirm
10	nd	sovereign	4	4	reject
10	Oreb	orel	2	4	reject
10	Oreb	Oreb	3	3	confirm
10	scutica	scutica	4	4	confirm
10	Horace	Horace	4	4	confirm
10	Syro	Syro	4	4	confirm
10	Antiochus	Antiochus	4	4	confirm
10	Epiphanes	Epiphanes	4	4	confirm
10	Cyprus	Cyprus	4	4	confirm
10	anb	anb	2	2	confirm
10	rav	rav	2	3	confirm
10	lo	to	4	4	realword?
10	Lachish	Lachish	4	4	confirm
10	Aiath	Aiath	2	2	confirm
10	Migron	Migron	4	4	confirm
10	Michmash	Michmash	4	4	confirm
10	Aiath	Aiath	4	4	confirm
10	Deir	Deir	4	4	confirm
10	Diwan	Diwan	4	4	confirm
10	Migron	Migron	4	4	confirm
10	Migron	Migron	3	3	confirm
10	Migron	Migron	4	4	confirm
10	Gibeah	Gibeah	4	4	confirm
10	Michmash	Michmash	4	4	confirm
10	Mukhmas	mukh	4	4	reject
10	Jeba	Jeba	4	4	confirm
10	Michmash	mich	4	4	reject
10	Geba	Geba	3	3	confirm
10	Gcba	geba	4	4	reject
10	Geba	Geba	4	4	confirm
10	Jeba	Jeba	4	4	confirm
10	Michmash	Michmash	4	4	confirm
10	Geba	Geba	3	3	confirm
10	Geba	Geba	4	4	confirm
10	pp	pp	4	4	confirm
10	Geba	Geba	4	4	confirm
10	Gibeab	gibeah	4	4	reject
10	sedes	sedes	4	4	confirm
10	nostra	nostra	4	4	confirm
10	Geba	Geba	4	4	confirm
10	tob	b	2	4	reject
10	diversorium	diversorium	4	4	confirm
10	diverterunt	diverterunt	4	4	confirm
10	Ajath	Ajath	4	4	confirm
10	Migron	Migron	4	4	confirm
10	Michmash	Michmash	4	4	confirm
10	Geba	Geba	4	4	confirm
10	Ramah	Ramah	4	4	confirm
10	Gibeah	Gibeah	4	4	confirm
10	Ramah	Ramah	3	3	confirm
10	Gibeah	Gibeah	4	4	confirm
10	Jeba	Jeba	4	4	confirm
10	pp	pp	4	4	confirm
10	Nablus	Nablus	4	4	confirm
10	Ramah	Ramah	4	4	confirm
10	Ramah	Ramah	4	4	confirm
10	Geba	Geba	4	4	confirm
10	Ramah	Ramah	4	4	confirm
10	Gibeah	Gibeah	4	4	confirm
10	Ramah	Ramah	4	4	confirm
10	Gibeah	Gibeah	4	4	confirm
10	Gallim	Gallim	3	3	confirm
10	Laishah	Laishah	3	3	confirm
10	Anathoth	Anathoth	4	4	confirm
10	Gallim	Gallim	4	4	confirm
10	neighbourhood	neighbourhood	4	4	confirm
10	Gibeah	Gibeah	4	4	confirm
10	Stadt	Stadt	3	4	confirm
10	Gallim	Gallim	3	3	confirm
10	Rosenmuller	rosenmiiller	2	3	realword?
10	Augustiread	grotius	3	3	reject
10	gallim	gallim	3	4	confirm
10	Laish	Laish	4	4	confirm
10	Laish	Laish	4	4	confirm
10	Laish	Laish	4	4	confirm
10	Laishah	Laishah	4	4	confirm
10	Laishah	Laishah	4	4	confirm
10	Laishah	Laishah	3	4	confirm
10	Laishah	Laishah	3	3	confirm
10	Laish	Laish	4	4	confirm
10	Gallim	Gallim	4	4	confirm
10	Anathoth	Anathoth	4	4	confirm
10	Anata	Anata	3	4	confirm
10	Anathoth	Anathoth	4	4	confirm
10	Ramleh	Ramleh	4	4	confirm
10	Anathoth	Anathoth	4	4	confirm
10	echoes	echoes	4	4	confirm
10	Bethany	Bethany	4	4	confirm
10	clivity	clivity	4	4	confirm
10	Anathoth	Anathoth	4	4	confirm
10	niras	by	4	4	reject
10	Anathoth	Anathoth	3	3	confirm
10	paupercula	paupercula	4	4	confirm
10	Anathoth	Anathoth	4	4	confirm
10	Madmenah	isaiah	4	4	reject
10	Madmen	Madmen	4	4	confirm
10	Madmannah	Madmannah	4	4	confirm
10	confortamini	confortamini	4	4	confirm
10	fleeing	fleeing	4	4	confirm
10	Anathoth	Anathoth	4	4	confirm
10	Lydda	Lydda	4	4	confirm
10	r	s	2	4	realword?
10	counsellors	counsellors	4	4	confirm
10	C	r	2	4	realword?
10	oso	d	2	3	reject
11	Bauer	Bauer	2	2	confirm
11	scientiae	scientiae	3	3	confirm
11	pietatis	pietatis	3	3	confirm
11	forti	forti	4	4	confirm
11	tude	tude	4	4	confirm
11	odours	odours	4	4	confirm
11	Hensler	Hensler	4	4	confirm
11	Kuinol	Kuinol	4	4	confirm
11	irmn	irmn	2	4	confirm
11	Vanderpalm	Vanderpalm	4	4	confirm
11	Nihil	Nihil	4	4	confirm
11	nisi	nisi	4	4	confirm
11	pietatem	pietatem	3	4	confirm
11	spirabit	spirabit	3	3	confirm
11	odour	odour	4	4	confirm
11	Rosenmiiller	rosenmuller	2	4	realword?
11	odour	odour	4	4	confirm
11	feits	isaiah	4	4	reject
11	a	n	2	4	realword?
11	rumours	rumours	4	4	confirm
11	Kokba	Kokba	4	4	confirm
11	Kozba	Kozba	4	4	confirm
11	L	i	4	4	realword?
11	rpsi	n	2	4	reject
11	rumours	rumours	4	4	confirm
11	undoubt	undoubt	4	4	confirm
11	edly	edly	4	4	confirm
11	Aelian	Aelian	4	4	confirm
11	fia	da	2	4	reject
11	s	a	2	2	realword?
11	Maimonides	Maimonides	4	4	confirm
11	hordei	hordei	4	4	confirm
11	stipulam	stipulam	4	4	confirm
11	bubus	bubus	3	4	confirm
11	gratissimam	gratissimam	2	3	confirm
11	plures	plures	3	3	confirm
11	gentium	gentium	4	4	confirm
11	depulsus	depulsus	4	4	confirm
11	lacte	lacte	4	4	confirm
11	der	der	4	4	confirm
11	kaum	kaum	4	4	confirm
11	Entwohnte	entwohn	4	4	reject
11	iah	ion	2	4	reject
11	lafiid	daftd	2	3	reject
11	bji	by	4	4	reject
11	ausstrecken	ausstrecken	4	4	confirm
11	Parthia	par	4	4	reject
11	Pharusis	Pharusis	4	4	confirm
11	Patures	Patures	4	4	confirm
11	Adrichomius	Adrichomius	4	4	confirm
11	Jablonsky	Jablonsky	4	4	confirm
11	s	b	2	4	realword?
11	Elymais	Elymais	4	4	confirm
11	Orontes	Orontes	4	4	confirm
11	refugee	refugees	4	4	realword?
11	merismus	merismus	4	4	confirm
11	parallage	parallage	4	4	confirm
11	elliptica	elliptica	4	4	confirm
11	C	s	2	3	realword?
11	pre	pre	4	4	confirm
11	Jephtha	Jephtha	4	4	confirm
11	Baasha	Baasha	4	4	confirm
11	Jehoash	Jehoash	4	4	confirm
11	ib	ib	4	4	confirm
11	der	der	4	4	confirm
11	Neid	Neid	4	4	confirm
11	aufhoren	aufhoren	4	4	confirm
11	rno	rno	2	4	confirm
11	Ammon	amnion	4	4	realword?
11	Rosenmiiller	rosenmuller	2	2	realword?
11	S'nnn	mnn	2	3	reject
11	Rosenmiiller	rosenmuller	3	4	realword?
11	Suez	Suez	4	4	confirm
11	Elaniticus	Elaniticus	3	4	confirm
11	Gyndes	Gyndes	4	4	confirm
11	intepretations	intepretations	4	4	confirm
11	munita	munita	4	4	confirm
12	or	for	4	4	realword?
12	Jcnoivn	known	4	4	reject
12	hs	s	3	4	reject
12	rvixa	of	2	2	reject
13	facto	facto	4	4	confirm
13	Rosenmuller	rosenmiiller	2	4	realword?
13	foreseen	foreseen	4	4	confirm
13	unbiassed	unbiassed	4	4	confirm
13	Horace	Horace	4	4	confirm
13	Virgil	Virgil	4	4	confirm
13	Plaideurs	Plaideurs	4	4	confirm
13	Racine	Racine	4	4	confirm
13	Aris	Aris	4	4	confirm
13	tophanes	tophanes	4	4	confirm
13	Shakspeare	Shakspeare	4	4	confirm
13	antitheocratic	antitheocratic	4	4	confirm
13	oQapa	soapa	2	4	reject
13	visio	visio	3	4	confirm
13	Christologie	Christologie	4	4	confirm
13	caliginosum	caliginosum	4	4	confirm
13	ingrediantur	ingrediantur	4	4	confirm
13	veniant	veniant	4	4	confirm
13	portae	portae	4	4	confirm
13	principum	principum	4	4	confirm
13	voluntarii	voluntarii	4	4	confirm
13	aperite	isaiah	4	4	reject
13	veniant	veniant	4	4	confirm
13	evaginati	evaginati	4	4	confirm
13	meine	meine	2	2	confirm
13	Freywillige	Freywillige	3	4	confirm
13	sich	sich	3	3	confirm
13	vor	vor	4	4	confirm
13	Pforte	Pforte	4	4	confirm
13	versammlen	versammlen	4	4	confirm
13	I	j	2	4	realword?
13	heroes	heroes	4	4	confirm
13	exulters	exulters	4	4	confirm
13	Lehrg	Lehrg	3	4	confirm
13	w	c	2	4	realword?
13	August	augusti	2	4	realword?
13	exulters	exulters	4	4	confirm
13	exulters	exulters	4	4	confirm
13	Croesus	Croesus	4	4	confirm
13	abundantes	abundantes	4	4	confirm
13	inanibus	inanibus	4	4	confirm
13	verbis	verbis	4	4	confirm
13	insanumque	insanumque	4	4	confirm
13	loquentes	loquentes	4	4	confirm
13	ferum	isaiah	4	4	reject
13	magnidici	magnidici	4	4	confirm
13	ac	ac	4	4	confirm
13	tetri	tetri	3	4	confirm
13	minaces	minaces	3	3	confirm
13	juxta	juxta	3	3	confirm
13	adversis	adversis	2	3	confirm
13	ac	ac	3	3	confirm
13	prosperis	pros	3	3	reject
13	superbi	superbi	4	4	confirm
13	Armenia	Armenia	4	4	confirm
13	Musculus	Musculus	4	4	confirm
13	Xenophon	Xenophon	4	4	confirm
13	Croesus	Croesus	4	4	confirm
13	Cyropedia	Cyropedia	4	4	confirm
13	Michlol	Michlol	4	4	confirm
13	Jophi	Jophi	4	4	confirm
13	co	co	4	4	confirm
13	lusus	lusus	3	3	confirm
13	verborum	verborum	3	4	confirm
13	concinna	concinna	4	4	confirm
13	allusio	allusio	4	4	confirm
13	etymologiam	etymologiam	3	4	confirm
13	veritatis	veritatis	4	4	confirm
13	ifh	if	4	4	reject
13	genere	genere	4	4	confirm
13	Domini	Domini	4	4	confirm
13	dicuntur	dicuntur	4	4	confirm
13	divinitus	divinitus	3	4	confirm
13	quibus	quibus	2	2	confirm
13	judicium	judicium	4	4	confirm
13	exercet	exercet	4	4	confirm
13	omne	omne	4	4	confirm
13	aegrorum	aegrorum	4	4	confirm
13	mortalium	mortalium	4	4	confirm
13	Ovid	Ovid	4	4	confirm
13	cecidere	cecidere	2	3	confirm
13	illis	illis	2	2	confirm
13	animique	animique	2	2	confirm
13	manusque	manusque	2	2	confirm
13	Livy	Livy	4	4	confirm
13	capere	isaiah	3	3	reject
13	metum	metum	2	4	confirm
13	is	as	4	4	realword?
13	Lubim	Lubim	4	4	confirm
13	Africans'	africans	3	4	realword?
13	internum	internum	4	4	confirm
13	immanitas	immanitas	4	4	confirm
13	grausamer	grausamer	4	4	confirm
13	vocat	vocat	4	4	confirm
13	merito	merito	4	4	confirm
13	sed	sed	4	4	confirm
13	populi	populi	4	4	confirm
13	enim	enim	3	4	confirm
13	crudelis	crudelis	3	3	confirm
13	crudeles	crudeles	4	4	confirm
13	jugulat	jugulat	3	3	confirm
13	sed	sed	4	4	confirm
13	crudelis	crudelis	3	4	confirm
13	patientibus	patientibus	3	3	confirm
13	esse	esse	4	4	confirm
13	videatur	videatur	3	3	confirm
13	Intro	htro	3	4	reject
13	crudeltm	crudelem	3	3	reject
13	putat	putat	4	4	confirm
13	crudelis	crudelis	3	4	confirm
13	furchtbar	furchtbar	4	4	confirm
13	etc	etc'	3	4	realword?
13	grausam	grausam	4	4	confirm
13	grimmig	grimmig	4	4	confirm
13	zornig	zor	4	4	reject
13	oi'xov	o	2	4	reject
13	d	c	2	4	realword?
13	sidera	sidera	4	4	confirm
13	sein	sein	4	4	confirm
13	lexx	lexx	4	4	confirm
13	Hebr	Hebr	4	4	confirm
13	seq	seq	4	4	confirm
13	Bilder	Bilder	4	4	confirm
13	Orionen	Orionen	4	4	confirm
13	Sterne	Sterne	4	4	confirm
13	Himmel	Himmel	3	4	confirm
13	sein	sein	3	3	confirm
13	scheinen	scheinen	4	4	confirm
13	nicht	nicht	4	4	confirm
13	helle	helle	3	4	confirm
13	Sonne	Sonne	3	3	confirm
13	gehet	gehet	2	3	confirm
13	der	der	2	3	confirm
13	Mond	Mond	2	2	confirm
13	scheinet	scheinet	2	2	confirm
13	orbis	orbis	4	4	confirm
13	habitabilis	habitabilis	3	4	confirm
13	frugiferam	frugiferam	3	3	confirm
13	terram	terram	3	4	confirm
13	Dei	Dei	4	4	confirm
13	orbis	orbis	2	2	confirm
13	Romanus	roma	2	2	reject
13	Ovid	Ovid	4	4	confirm
13	meus	mcus	2	4	reject
13	fortium	fortium	3	4	confirm
13	diminu	diminu	4	4	confirm
13	tion	tion	4	4	confirm
13	TQ	isaiah	4	4	reject
13	Huet	Huet	4	4	confirm
13	dro	ens	2	4	reject
13	Eldorado	Eldorado	4	4	confirm
13	Rosenmiiller	rosenmuller	3	4	realword?
13	Zohar	Zohar	4	4	confirm
13	seltener	seltener	4	4	confirm
13	seltene	seltene	4	4	confirm
13	JEschylus	ieschylus	3	4	reject
13	nso	s	2	4	reject
13	np	np	2	4	confirm
13	Madai	Madai	3	4	confirm
13	Thucydides	Thucydides	4	4	confirm
13	Plutarch	Plutarch	4	4	confirm
13	Japhet	Japhet	4	4	confirm
13	Dejoces	Dejoces	3	4	confirm
13	Phraortes	Phraortes	4	4	confirm
13	Cyaxares	Cyaxares	4	4	confirm
13	Cyaxares	Cyaxares	4	4	confirm
13	Xenophon	Xenophon	3	4	confirm
13	etc	etc'	3	4	realword?
13	Xenophon	Xenophon	4	4	confirm
13	Ammianus	Ammianus	4	4	confirm
13	Marcellinus	Marcellinus	4	4	confirm
13	Diodorus	Diodorus	4	4	confirm
13	Siculus	Siculus	4	4	confirm
13	Wn	Wn	2	3	confirm
13	Armenia	Armenia	4	4	confirm
13	Realworterbuch	Realworterbuch	4	4	confirm
13	inclyta	inclyta	4	4	confirm
13	superbia	superbia	4	4	confirm
13	herrliche	herrliche	4	4	confirm
13	Pracht	Pracht	4	4	confirm
13	ornatus	ornatus	3	4	confirm
13	excellentiaque	excellentiaque	3	3	confirm
13	heerlickheyt	heer	4	4	reject
13	hoovaerdigheyt	hoovaerdigheyt	4	4	confirm
13	Lehrg	Lehrg	4	4	confirm
13	overthrew	overthrew	4	4	confirm
13	overthrew	overthrew	4	4	confirm
13	overthrew	overthrew	4	4	confirm
13	overthrew	overthreiv	2	4	reject
13	Hystaspes	Hystaspes	4	4	confirm
13	Demetrius	Demetrius	4	4	confirm
13	Seleucia	Seleucia	3	4	confirm
13	Ctesiphon	Ctesiphon	4	4	confirm
13	Strabo	Strabo	3	3	confirm
13	Rem	Rem	4	4	confirm
13	VTIX	nx	2	4	reject
13	bns	nj	2	4	reject
13	Strabo	Strabo	4	4	confirm
13	Jilted	filled	2	2	realword?
13	Hierozoicon	Hierozoicon	4	4	confirm
13	vampyres	vampyres	2	4	confirm
13	dTix	dins	2	4	reject
13	B	n	2	4	realword?
13	render	renders	4	4	realword?
13	daemonibus	daemonibus	3	4	confirm
13	pilosi	pilosi	4	4	confirm
13	satyri	satyri	3	4	confirm
13	Feldgeister	feldgeisier	3	4	reject
13	Waldteufel	Waldteufel	4	4	confirm
13	Apocal	Apocal	3	3	confirm
13	loc	loc	4	4	confirm
13	a	d	2	4	realword?
13	fyeen	been	4	4	reject
13	rnaabx	each	3	3	reject
14	lyrt	ir	2	4	reject
14	iria	na	2	4	reject
14	ins	ina	2	4	reject
14	eliget	eliget	4	4	confirm
14	Mibi	ni	2	4	reject
14	seq	seq	4	4	confirm
14	Stamme	Stamme	4	4	confirm
14	Constantius	Constantius	3	3	confirm
14	pre	pre	4	4	confirm
14	buWith	but	4	4	reject
14	TW	and	2	2	reject
14	kwg	king	4	4	reject
14	Evilmerodach	Evilmerodach	3	4	confirm
14	ruht	ruht	3	3	confirm
14	rastet	rastet	3	3	confirm
14	bricht	bricht	4	4	confirm
14	Jubel	Jubel	4	4	confirm
14	Jamne	Jamne	3	4	confirm
14	erumpere	erumpere	3	3	confirm
14	hoc	hoc	4	4	confirm
14	licet	licet	4	4	confirm
14	mihi	mihi	4	4	confirm
14	gaudium	gaudium	4	4	confirm
14	Libanus	Libanus	4	4	confirm
14	wbs	w	2	4	reject
14	cacumina	cacumina	4	4	confirm
14	nostra	nostra	4	4	confirm
14	skepest	steepest	2	3	realword?
14	clamour	clamour	4	4	confirm
14	Ipsi	Ipsi	4	4	confirm
14	laetitia	laetitia	4	4	confirm
14	voces	voces	4	4	confirm
14	sidera	sidera	3	4	confirm
14	Intonsi	Intonsi	4	4	confirm
14	ipsae	ipsae	3	3	confirm
14	carmina	carmina	4	4	confirm
14	Ipsa	Ipsa	2	2	confirm
14	arbusla	arbusla	4	4	confirm
14	r	n	2	4	realword?
14	avt'pij	plantabas	2	2	reject
14	usus	usus	4	4	confirm
14	loquendi	loquendi	4	4	confirm
14	that	thai	3	4	realword?
14	ascendet	ascendet	4	4	confirm
14	succidat	suc	4	4	reject
14	exposi	exposi	4	4	confirm
14	tions	isaiah	4	4	reject
14	Apocal	Apocal	3	3	confirm
14	spectres	spectres	4	4	confirm
14	sepulchre	sepulchre	4	4	confirm
14	Holle	Holle	3	4	confirm
14	Hbhle	hohle	4	4	reject
14	Anglo	Anglo	4	4	confirm
14	helan	helan	4	4	confirm
14	Schattenreich	Schattenreich	4	4	confirm
14	Todtenreich	Todtenreich	3	3	confirm
14	Unterwelt	Unterwelt	3	4	confirm
14	Holle	Holle	4	4	confirm
14	tertium	tertium	4	4	confirm
14	rnbn	n	3	4	reject
14	D	n	2	4	realword?
14	spectres	spectres	4	4	confirm
14	Rem	Rem	4	4	confirm
14	aia	xia	2	4	reject
14	nis	nis	2	4	confirm
14	is	it	2	2	realword?
14	rntn	nnn	2	3	reject
14	von	von	4	4	confirm
14	unten	unten	4	4	confirm
14	namlich	namlich	4	4	confirm
14	entgegen	ent	4	4	reject
14	von	von	4	4	confirm
14	oben	oben	4	4	confirm
14	kommenden	kommenden	4	4	confirm
14	Chaldaer	Chaldaer	4	4	confirm
14	konige	konige	4	4	confirm
14	DiTins	n	2	4	reject
14	Machtigen	Machtigen	4	4	confirm
14	ludibria	ludi	2	2	reject
14	loquentur	loquentur	4	4	confirm
14	einander	einander	4	4	confirm
14	reden	reden	4	4	confirm
14	vociferabuntur	vociferabuntur	3	4	confirm
14	bs	x	2	4	reject
14	hb	rib	2	4	reject
14	gebettet	gebettet	4	4	confirm
14	unter	unter	4	4	confirm
14	dir	dir	4	4	confirm
14	mit	mit	4	4	confirm
14	Gewi'irm	gewiirm	2	4	reject
14	clothes'	clothes	4	4	realword?
14	Von	Von	4	4	confirm
14	Rosenmiiller	rosenmuller	3	4	realword?
14	Tertullian	Tertullian	3	4	confirm
14	dejectus	dejectus	4	4	confirm
14	terram	terram	4	4	confirm
14	bs	bs	2	4	confirm
14	ws	h	2	4	reject
14	omnia	omnia	4	4	confirm
14	Lightfoot	Lightfoot	4	4	confirm
14	sitteth	sitteth	4	4	confirm
14	Hindoo	Hindoo	4	4	confirm
14	Elborz	Elborz	4	4	confirm
14	Elborj	Elborj	4	4	confirm
14	Caucasus	Caucasus	4	4	confirm
14	nsia	i	2	4	reject
14	Hindoo	Hindoo	4	4	confirm
14	im	im	4	4	confirm
14	Berge	Berge	4	4	confirm
14	heights'	heights	4	4	realword?
14	ss	people	3	3	reject
14	morabimur	morabimur	4	4	confirm
14	quae	quae	4	4	confirm
14	evidentia	evidentia	4	4	confirm
14	diutius	diutius	4	4	confirm
14	lia	lia	2	4	confirm
14	sepulchres	sepulchres	4	4	confirm
14	inclinabuntur	inclinabuntur	3	3	confirm
14	iterum	iterum	4	4	confirm
14	propheta	propheta	4	4	confirm
14	regem	regem	4	4	confirm
14	deridet	deri	4	4	reject
14	prudente	prudente	4	4	confirm
14	deinem	deinem	4	4	confirm
14	Beyspiele	Beyspiele	4	4	confirm
14	klug	klug	4	4	confirm
14	werden	werden	4	4	confirm
14	frugiferam	frugi	4	4	reject
14	orbem	orbem	4	4	confirm
14	habitalem	habitalem	4	4	confirm
14	carcerem	carcerem	4	4	confirm
14	solvebat	solvebat	4	4	confirm
14	reversuros	reversuros	4	4	confirm
14	domum	domum	4	4	confirm
14	nrs	nns	3	4	reject
14	Diodorus	Diodorus	4	4	confirm
14	paid	paid	4	4	confirm
14	Belus	Belus	4	4	confirm
14	Persepolis	Persepolis	4	4	confirm
14	sepulchres	sepulchres	4	4	confirm
14	nothimg	nothimg	4	4	confirm
14	sepulchres	sepulchres	4	4	confirm
14	sepulchres	sepulchres	4	4	confirm
14	obvolutus	obvolutus	4	4	confirm
14	interfecti	interfecti	3	4	confirm
14	gladio	gladio	4	4	confirm
14	sepulchres	sepulchres	4	4	confirm
14	onustis	onustis	4	4	confirm
14	gladio	gladio	4	4	confirm
14	onustorum	onustorum	4	4	confirm
14	crebris	crebris	4	4	confirm
14	ictibus	ictibus	3	4	confirm
14	Maimonides	Maimonides	3	4	confirm
14	paj	i	2	4	reject
14	Evilmerodach	Evilmerodach	4	4	confirm
14	Nabonned	Nabonned	4	4	confirm
14	Xenophon	Xenophon	4	4	confirm
14	transmis	transmis	4	4	confirm
14	lictores	lictores	4	4	confirm
14	aut	aut	3	4	confirm
14	Schlachtbank	Schlachtbank	4	4	confirm
14	Blutbad	Blutbad	4	4	confirm
14	Von	Von	4	4	confirm
14	Kolln	Kolln	4	4	confirm
14	nepos	nepos	4	4	confirm
14	consanguineum	consanguineum	4	4	confirm
14	reliquias	reliquias	4	4	confirm
14	progeniem	progeniem	4	4	confirm
14	tempus	tempus	4	4	confirm
14	IBJ	ibp	2	4	reject
14	demergam	demergam	4	4	confirm
14	profundum	pro	4	4	reject
14	perdam	perdam	3	3	confirm
14	Abgrund	Abgrund	4	4	confirm
14	des	des	4	4	confirm
14	Nichts	Nichts	4	4	confirm
14	versenken	versenken	4	4	confirm
14	B	i	2	4	realword?
14	evacuans	evacuans	3	4	confirm
14	mentiar	mentiar	4	4	confirm
14	geschehen	geschehen	2	4	confirm
14	poem'	poem	3	3	realword?
14	twefth	twefth	4	4	confirm
14	Horace	Horace	4	4	confirm
14	libitum	libitum	3	3	confirm
14	unbiassed	unbiassed	4	4	confirm
14	F	i	4	4	realword?
14	lack	back	3	4	realword?
14	departures	departure	3	4	realword?
14	Armenia	Armenia	4	4	confirm
14	Greece	Greece	4	4	confirm
14	Thrace	Thrace	4	4	confirm
14	Illyria	Illyria	4	4	confirm
14	Hungary	Hungary	4	4	confirm
14	Dei	Dei	4	4	confirm
14	terra	terra	4	4	confirm
14	ipsius	ipsius	4	4	confirm
14	atque	atque	4	4	confirm
14	ecclesiae	ecclesiae	4	4	confirm
14	suspicio	suspicio	4	4	confirm
14	igitur	igitur	2	4	confirm
14	prophetiam	prophetiam	4	4	confirm
14	hanc	hanc	3	4	confirm
14	loqui	loqui	3	3	confirm
14	hisce	hisce	4	4	confirm
14	nunc	nunc	4	4	confirm
14	nominari	nominari	4	4	confirm
14	possunt	possunt	4	4	confirm
14	vereiteln	vereiteln	3	4	confirm
14	ausgereckte	ausgereckte	4	4	confirm
14	ve	verb	4	4	reject
14	zuriickschrecken	zuriickschrecken	3	3	confirm
14	consilium	consilium	4	4	confirm
14	ceperit	ceperit	4	4	confirm
14	gestreckt	gestreckt	4	4	confirm
14	allofthee	all	4	4	reject
14	nabs	nobs	2	4	realword?
14	Cappadocia	Cappadocia	4	4	confirm
14	Cyprus	Cyprus	4	4	confirm
14	paid	paid	4	4	confirm
14	Jehoram	Jehoram	4	4	confirm
14	Hierozoicon	Hierozoicon	4	4	confirm
14	Alterthumskunde	Alterthumskunde	2	2	confirm
14	Tiglath	Tiglath	4	4	confirm
14	miseriis	miseriis	4	4	confirm
14	nn	sin	2	4	reject
14	personae	personae	4	4	confirm
14	Ashdod	Ashdod	4	4	confirm
14	Palaestina	Palaestina	4	4	confirm
14	universum	universum	4	4	confirm
14	Virgil's	Virgil's	4	4	confirm
14	fumantes	fumantes	2	4	confirm
14	pulvere	pulvere	2	2	confirm
14	Palestina	Palestina	3	4	confirm
14	hanc	hanc	3	4	confirm
14	interpretationem	interpretationem	4	4	confirm
14	totam	totam	4	4	confirm
14	suo	suo	4	4	confirm
14	relinquam	relinquam	3	4	confirm
14	amplius	amplius	4	4	confirm
14	enim	enim	4	4	confirm
14	paradoxa	paradoxa	4	4	confirm
14	communi	communi	3	4	confirm
14	aliena	aliena	4	4	confirm
15	Tirhaka	Tirhaka	4	4	confirm
15	Tiglath	Tiglath	4	4	confirm
15	Esarhaddon	Esarhaddon	4	4	confirm
15	conquest	conquests	4	4	realword?
15	usu	common	2	2	reject
15	etc	etc'	3	4	realword?
15	ja	ja	4	4	confirm
15	Areopolis	Areopolis	4	4	confirm
15	Rhabmathmom	rhabmath	3	4	reject
15	Rabbath	Rabbath	4	4	confirm
15	Kerakka	Kerakka	3	4	confirm
15	n	r	3	4	realword?
15	Bethmeon	Bethmeon	2	2	confirm
15	meon	meon	3	4	confirm
15	Maein	Maein	3	4	confirm
15	unpa	wipn	2	3	reject
15	Chemosh	Chemosh	4	4	confirm
15	Arnon	Arnon	3	4	confirm
15	Dimon	Dimon	4	4	confirm
15	Diban	Diban	4	4	confirm
15	Jericho	Jericho	4	4	confirm
15	Wady	Wady	4	4	confirm
15	Hesban	Hesban	4	4	confirm
15	atbn	isbn	3	4	reject
15	f	r	2	2	realword?
15	heroes	heroes	4	4	confirm
15	equipped	equipped	4	4	confirm
15	Qwpot	t	2	4	reject
15	heroes	heroes	4	4	confirm
15	vociferentur	vociferentur	4	4	confirm
15	classicum	classicum	4	4	confirm
15	canant	canant	4	4	confirm
15	barritum	barritum	4	4	confirm
15	faciant	faciant	4	4	confirm
15	clamorem	clamorem	4	4	confirm
15	tollant	tollant	3	4	confirm
15	praelio	praelio	3	3	confirm
15	ululabit	ululabit	4	4	confirm
15	sibi	sibi	4	4	confirm
15	art	part	4	4	realword?
15	w	v	3	4	realword?
15	irima	irrnn	2	2	reject
15	vectes	vectes	4	4	confirm
15	Eglath	Eglath	4	4	confirm
15	Shelishiyyah	Shelishiyyah	4	4	confirm
15	Eglath	Eglath	4	4	confirm
15	rtjizfttt	word	4	4	reject
15	Lightfoot	Lightfoot	4	4	confirm
15	Eglah	Eglah	4	4	confirm
15	Eglath	Eglath	4	4	confirm
15	Egels	Egels	4	4	confirm
15	Eglah	Eglah	4	4	confirm
15	Eglah	Eglah	4	4	confirm
15	horon	horon	4	4	confirm
15	Lightfoot	Lightfoot	4	4	confirm
15	Eglah	Eglah	4	4	confirm
15	AyvCk	ayalla	3	4	reject
15	Abulfeda	Abulfeda	4	4	confirm
15	Eglath	Eglath	4	4	confirm
15	Shelishiyah	Shelishiyah	4	4	confirm
15	domitura	domitura	4	4	confirm
15	trimatu	tri	4	4	reject
15	praematura	praemaiura	2	4	reject
15	Aristotle	Aristotle	4	4	confirm
15	Areopolis	Areopolis	4	4	confirm
15	Luitha	lui	4	4	reject
15	horon	horon	4	4	confirm
15	locuscavitatis	locus	4	4	reject
15	Ifc	n	2	4	reject
15	Aurivillius	Aurivillius	4	4	confirm
15	n	d	2	4	realword?
15	Lightfoot	Lightfoot	3	3	confirm
15	rivorum	rivo	4	4	reject
15	Nimrimorum	Nimrimorum	4	4	confirm
15	desolationes	desolationes	4	4	confirm
15	erunt	erunt	4	4	confirm
15	Nimrah	Nimrah	3	4	confirm
15	nimrah	nimrah	4	4	confirm
15	herba	herba	3	4	confirm
15	viror	viror	3	4	confirm
15	ofjhe	of	4	4	reject
15	DWS	d	2	4	reject
15	n	d	2	4	realword?
15	Rabcnbach	rabenbach	2	4	reject
15	Wady	Wady	4	4	confirm
15	Burckhardt	Burckhardt	4	4	confirm
15	Wady	Wady	4	4	confirm
15	Kerek	Kerek	4	4	confirm
15	Gebal	Gebal	4	4	confirm
15	On	in	4	4	realword?
15	Areopolis	Areopolis	4	4	confirm
15	dyalla	ayalla	2	4	reject
15	heroes	heroes	4	4	confirm
15	mappik	mappik	4	4	confirm
15	Aurivillius	Aurivillius	4	4	confirm
15	Dimon	Dimon	4	4	confirm
15	Dimon	Dimon	4	4	confirm
15	Dimon	Dimon	4	4	confirm
15	Arnon	Arnon	3	4	confirm
15	Megiddo	Megiddo	4	4	confirm
15	Dimon	Dimon	4	4	confirm
15	Dimon	Dimon	4	4	confirm
15	Admah	Admah	4	4	confirm
15	Areopolis	Areopolis	4	4	confirm
15	Admah	Admah	4	4	confirm
16	Ahab	Ahab	4	4	confirm
16	paid	paid	4	4	confirm
16	Petra	Petra	4	4	confirm
16	Petra	Petra	4	4	confirm
16	Idumean	Idumean	4	4	confirm
16	paid	paid	4	4	confirm
16	Strabo	Strabo	3	3	confirm
16	Diodorus	Diodorus	3	4	confirm
16	Petraea	Petraea	4	4	confirm
16	Petra	Petra	4	4	confirm
16	Trajan	Trajan	4	4	confirm
16	Hadrian	Hadrian	4	4	confirm
16	Burckhardt	Burckhardt	4	4	confirm
16	Seetzen's	Seetzen's	4	4	confirm
16	Petra	Petra	4	4	confirm
16	Wady	Wady	2	4	confirm
16	Irby	Irby	4	4	confirm
16	Petra	Petra	3	3	confirm
16	Petra	Petra	4	4	confirm
16	Petra	Petra	4	4	confirm
16	Petra	Petra	4	4	confirm
16	Arnon	Arnon	2	2	confirm
16	edaces	edaces	4	4	confirm
16	Virgil	Virgil	4	4	confirm
16	axia	the	4	4	reject
16	neighbourhoods	contents	4	4	reject
16	Arnon	Arnon	4	4	confirm
16	Arnon	Arnon	2	2	confirm
16	Arnon	Arnon	4	4	confirm
16	harbour	harbour	4	4	confirm
16	selves	isaiah	4	4	reject
16	Tiglath	Tiglath	4	4	confirm
16	tr	tramplers	3	4	reject
16	etc	etc'	3	4	realword?
16	jS	it	2	2	reject
16	njoa	nxin	2	4	reject
16	quotquot	quotquot	4	4	confirm
16	ganz	ganz	3	3	confirm
16	jammre	jammre	4	4	confirm
16	muros	muros	3	4	confirm
16	colloquemini	colloquemini	3	3	confirm
16	miittji	is	2	2	reject
16	laetantur	laetantur	4	4	confirm
16	muros	muros	4	4	confirm
16	cocti	cocti	4	4	confirm
16	lateris	lateris	4	4	confirm
16	xxu	xxn	3	4	reject
16	uvarum	uvarum	4	4	confirm
16	K	t	2	4	realword?
16	nur	nur	4	4	confirm
16	zerschlagen	zerschlagen	2	4	confirm
16	nichts	nichts	3	3	confirm
16	als	als	4	4	confirm
16	overcame	overcame	4	4	confirm
16	mpviia	this	2	2	reject
16	pTUB	p	2	4	reject
16	Philadelphia	Philadelphia	4	4	confirm
16	Seetzen	Seetzen	4	4	confirm
16	Szalt	Szalt	4	4	confirm
16	Burckhardt	Burckhardt	4	4	confirm
16	Buckingham	Buckingham	4	4	confirm
16	tflebo	it	3	4	reject
16	in	on	4	4	realword?
16	inebriabo	inebriabo	3	3	confirm
16	irrigabo	irrigabo	4	4	confirm
16	uberstrome	iiberstrome	2	3	reject
16	pp	pp	2	4	confirm
16	hominem	hominem	4	4	confirm
16	a	e	2	4	realword?
16	Schlachtruf	Schlachtruf	4	4	confirm
16	nicht	nicht	4	4	confirm
16	Herbstruf	Herbstruf	4	4	confirm
16	T	i	2	4	realword?
16	audacter	audacter	3	3	confirm
16	aeque	aeque	3	3	confirm
16	ac	ac	4	4	confirm
16	absurde	absurde	3	4	confirm
16	Palul	Palul	4	4	confirm
16	wilden	wilden	4	4	confirm
16	Larm	Larm	4	4	confirm
16	harvestshout	harvest	4	4	reject
16	Kirhares	Kirhares	4	4	confirm
16	totus	totus	4	4	confirm
16	commovebor	commovebor	4	4	confirm
16	ftao	rwn	2	4	reject
16	sieht	sieht	4	4	confirm
16	zieht	zieht	4	4	confirm
16	erscheint	erscheint	4	4	confirm
16	umsonst	umsonst	4	4	confirm
16	weint	weint	3	4	confirm
16	vb	xb	2	4	reject
16	Ephraem	Ephraem	4	4	confirm
16	Syrus	Syrus	4	4	confirm
16	Melech	Melech	4	4	confirm
16	Chemosh	Chemosh	4	4	confirm
16	Chemosh	Chemosh	3	3	confirm
16	Esarhaddon	Esarhaddon	4	4	confirm
17	Tiglath	Tiglath	4	4	confirm
17	ruinae	ruinae	3	4	confirm
17	Rezon	Rezon	4	4	confirm
17	Hazael	Hazael	4	4	confirm
17	e	i	4	4	realword?
17	Rezon	Rezon	4	4	confirm
17	Omnis	Omnis	4	4	confirm
17	docet	docet	4	4	confirm
17	historia	historia	4	4	confirm
17	mundi	mundi	4	4	confirm
17	accidere	accidere	4	4	confirm
17	lusu	lusu	4	4	confirm
17	quodam	quodam	4	4	confirm
17	regna	regna	4	4	confirm
17	iisdem	iisdem	4	4	confirm
17	vel	vel	4	4	confirm
17	similibus	similibus	4	4	confirm
17	nominibus	nominibus	4	4	confirm
17	oriantur	oriantur	4	4	confirm
17	occidant	occidant	4	4	confirm
17	Rabbah	rab	3	4	reject
17	Chrysorroas	Chrysorroas	4	4	confirm
17	Arnon	Arnon	4	4	confirm
17	etc	etc'	2	3	realword?
17	r	c	2	4	realword?
17	Erntezeit	Erntezeit	4	4	confirm
17	com	com	4	4	confirm
17	amiral	amiral	4	4	confirm
17	Thegleanings	Thegleanings	4	4	confirm
17	looti	look	4	4	reject
17	Ashtoreth	Ashtoreth	2	2	confirm
17	erectas	erectas	4	4	confirm
17	operi	operi	4	4	confirm
17	manuum	manuum	4	4	confirm
17	Selden	Selden	4	4	confirm
17	Ashtoreth	Ashtoreth	4	4	confirm
17	fiati	nan	3	4	reject
17	cippi	cippi	4	4	confirm
17	ttn	an	2	4	reject
17	aprica	aprica	4	4	confirm
17	statuas	statuas	3	4	confirm
17	subdiales	subdiales	3	3	confirm
17	Horesh	Horesh	4	4	confirm
17	Harosheth	Harosheth	3	4	confirm
17	goim	goim	3	3	confirm
17	ol	ol	3	4	confirm
17	aratra	aratra	4	4	confirm
17	segetes	segetes	3	4	confirm
17	arationis	arationis	4	4	confirm
17	forsook	forsook	4	4	confirm
17	Sisera	Sisera	4	4	confirm
17	Barak	Barak	4	4	confirm
17	or	for	3	4	realword?
17	Barbarus	Barbarus	4	4	confirm
17	segetes	segetes	4	4	confirm
17	culta	culta	3	4	confirm
17	habebit	habebit	3	3	confirm
17	plantabas	plantabas	2	2	confirm
17	quamvisplantaveris	quamvis	2	4	reject
17	nur	nur	3	3	confirm
17	wachsen	wachsen	2	4	confirm
17	comploratio	comploratio	3	4	confirm
17	Ovid's	Ovid's	4	4	confirm
17	Qualia	Qualia	4	4	confirm
17	fluctus	fluctus	4	4	confirm
17	Aequorei	Aequorei	4	4	confirm
17	faciunt	faciunt	4	4	confirm
17	procul	procul	2	2	confirm
17	ipsos	jpsos	2	3	reject
17	ja	ja	4	4	confirm
17	fugiat	fugiat	4	4	confirm
17	rem	rem	4	4	confirm
17	im	im	4	4	confirm
17	sicut	sicut	4	4	confirm
17	cor	coram	4	4	realword?
17	gegen	gegen	3	3	confirm
17	zu	zu	4	4	confirm
17	Zeit	Zeit	4	4	confirm
17	Todesschrecken	Todesschrecken	3	4	confirm
17	nsni	nam	4	4	reject
17	nnfea	nn	3	4	reject
17	Quemadmodum	Quemadmodum	4	4	confirm
17	tempestas	tempestas	4	4	confirm
17	vesperi	vesperi	4	4	confirm
17	excitata	excitata	4	4	confirm
17	paulo	paulo	4	4	confirm
17	sedata	sedata	3	4	confirm
17	nulla	nulla	4	4	confirm
17	amplius	amplius	4	4	confirm
17	ideo	ideo	4	4	confirm
17	hostibus	hostibus	4	4	confirm
17	dispulsis	dispulsis	4	4	confirm
17	redeat	redeat	4	4	confirm
17	subito	subito	4	4	confirm
17	spem	spem	4	4	confirm
17	laeta	laeta	4	4	confirm
17	serenitas	serenitas	4	4	confirm
17	Antiochus	Antiochus	4	4	confirm
17	Epiphanes	Epiphanes	4	4	confirm
17	Nero	Nero	4	4	confirm
17	Chosroes	Chosroes	4	4	confirm
17	France	France	4	4	confirm
17	England	England	4	4	confirm
17	cumprimis	cumprimis	2	2	confirm
17	studiosis	studiosis	4	4	confirm
17	theologiae	theologiae	4	4	confirm
17	ecclesiae	ecclesiae	2	2	confirm
17	hostium	hostium	3	3	confirm
17	ignorare	ignorare	4	4	confirm
17	Barak's	Barak's	4	4	confirm
18	Tirhakah	Tirhakah	4	4	confirm
18	Ethiopico	Ethiopico	4	4	confirm
18	Abulwalid	Abulwalid	3	4	confirm
18	Vogt	Vogt	4	4	confirm
18	Aurivillius	Aurivillius	4	4	confirm
18	Meroe	Meroe	4	4	confirm
18	Meroe	Meroe	4	4	confirm
18	anno	anno	4	4	confirm
18	absumi	absumi	4	4	confirm
18	extendat	extendat	3	4	confirm
18	Meroe	Meroe	3	3	confirm
18	wings	icings	3	4	realword?
18	n	d	2	4	realword?
18	terrae	terrae	4	4	confirm
18	Huet	Huet	4	4	confirm
18	gefliigelter	gefliigelter	3	4	confirm
18	Kahne	Kahne	2	3	confirm
18	px	px	2	3	confirm
18	Rosenmuller	rosenmiiller	2	4	realword?
18	Chiisistan	chu	3	3	reject
18	Turan	Turan	3	4	confirm
18	Astaboras	Astaboras	3	3	confirm
18	Astapus	Astapus	3	4	confirm
18	Astasobas	Astasobas	4	4	confirm
18	Strabo	Strabo	4	4	confirm
18	Meroe	Meroe	3	3	confirm
18	Meroe	Meroe	3	4	confirm
18	Hensler	Hensler	3	3	confirm
18	Dereser	Dereser	3	3	confirm
18	schwirrt	schwirrt	4	4	confirm
18	August	augusti	4	4	realword?
18	Procopius	Procopius	4	4	confirm
18	Byblus	Byblus	4	4	confirm
18	Theophrastus	Theophrastus	4	4	confirm
18	Plutarch	Plutarch	4	4	confirm
18	etc	etc'	4	4	realword?
18	Iciki	jciki	2	4	reject
18	Ktn	xt	2	3	reject
18	Rosenmuller	rosenmiiller	2	3	realword?
18	knives	knives	4	4	confirm
18	or	for	3	4	realword?
18	misn	r	2	4	reject
18	tnn	tnn	2	4	confirm
18	darinnen	darinnen	4	4	confirm
18	nisten	nisten	4	4	confirm
18	darinnen	darinnen	4	4	confirm
18	liegen	liegen	4	4	confirm
18	hyperbolical	hyperbolical	4	4	confirm
18	sq	sq	2	2	confirm
18	ds	cs	2	4	reject
18	Meroe	Meroe	4	4	confirm
18	Tirhakah	Tirhakah	4	4	confirm
18	ds	ns	2	4	reject
19	threatening	threatenings	4	4	realword?
19	Sethos	Sethos	4	4	confirm
19	Onias	Onias	3	4	confirm
19	Diodorus	Diodorus	4	4	confirm
19	Manetho	Manetho	4	4	confirm
19	Psammetichus	Psammetichus	4	4	confirm
19	J	v	2	2	realword?
19	Psammetichus	Psammetichus	3	3	confirm
19	resemb	resemb	4	4	confirm
19	Psammetichus	Psammetichus	4	4	confirm
19	dominorum	dominorum	4	4	confirm
19	pluralis	pluralis	4	4	confirm
19	majestaticus	majestaticus	4	4	confirm
19	Sethos	Sethos	4	4	confirm
19	Psammetichus	Psammetichus	4	4	confirm
19	Sargon	Sargon	4	4	confirm
19	Cambyses	Cambyses	4	4	confirm
19	Ochus	Ochus	4	4	confirm
19	Charlemagne	Charlemagne	4	4	confirm
19	reine	reine	4	4	confirm
19	Ahnung	Ahnung	4	4	confirm
19	Moeris	Moeris	4	4	confirm
19	Angstland	Angstland	2	4	confirm
19	nudabitur	nudabitur	4	4	confirm
19	rivi	rivi	4	4	confirm
19	fonte	fonte	4	4	confirm
19	suo	suo	4	4	confirm
19	fishermen	fishermen	4	4	confirm
19	hooJc	hook	4	4	reject
19	fishermen	fishermen	4	4	confirm
19	fishermen	fishermen	4	4	confirm
19	tobac	tobac	4	4	confirm
19	co	co	4	4	confirm
19	fishermen	fishermen	4	4	confirm
19	Mos	Mos	4	4	confirm
19	lem	lem	4	4	confirm
19	nitt	mn	2	4	reject
19	mn	mn	3	4	confirm
19	sericum	sericum	3	4	confirm
19	counsellors	counsellors	4	4	confirm
19	Icings	kings	3	4	realword?
19	Tanis	Tanis	4	4	confirm
19	counsellors	counsellors	4	4	confirm
19	counsellors	counsellors	4	4	confirm
19	counsellors	counsellors	4	4	confirm
19	statesmen	statesmen	4	4	confirm
19	counsellors	counsellors	4	4	confirm
19	certe	certe	4	4	confirm
19	stultum	stultum	4	4	confirm
19	fuit	fuit	4	4	confirm
19	Belgio	Belgio	4	4	confirm
19	episcopatus	episcopatus	4	4	confirm
19	instituere	instituere	4	4	confirm
19	Eodem	Eodem	4	4	confirm
19	anno	anno	4	4	confirm
19	primum	primum	4	4	confirm
19	bellum	bellum	4	4	confirm
19	civile	civile	4	4	confirm
19	religionis	religionis	4	4	confirm
19	causa	causa	4	4	confirm
19	inotum	motum	4	4	reject
19	Gallia	Gallia	3	4	confirm
19	duce	duce	3	3	confirm
19	Guisio	Guisio	4	4	confirm
19	hinc	hinc	4	4	confirm
19	Ludovico	Ludovico	4	4	confirm
19	Condaeo	Condaeo	4	4	confirm
19	fuit	fuit	4	4	confirm
19	regina	regina	4	4	confirm
19	religionis	religionis	4	4	confirm
19	reformatae	reformatae	4	4	confirm
19	exercitium	exercitium	4	4	confirm
19	permitteret	permitteret	4	4	confirm
19	sequenti	sequenti	4	4	confirm
19	anno	anno	4	4	confirm
19	Martii	Martii	4	4	confirm
19	Galliae	Galliae	4	4	confirm
19	Tsoan	Tsoan	4	4	confirm
19	intelligi	intelligi	4	4	confirm
19	possint	pos	4	4	reject
19	nunc	nunc	4	4	confirm
19	August	augusti	3	3	realword?
19	aut	aut	3	3	confirm
19	etiam	etiam	3	4	confirm
19	sciant	sciant	3	3	confirm
19	sciant	sciant	4	4	confirm
19	annuncient	annuncient	4	4	confirm
19	indicent	indicent	4	4	confirm
19	wissen	wissen	4	4	confirm
19	erfahre	erfahre	4	4	confirm
19	Rosenmuller	rosenmiiller	3	4	realword?
19	Memphis	Memphis	3	3	confirm
19	Psammetichus	Psammetichus	4	4	confirm
19	Alexandria	Alexandria	4	4	confirm
19	elati	elati	4	4	confirm
19	emarcucrunt	emarcuerunt	4	4	reject
19	quoad	quoad	2	2	confirm
19	angulo	angulo	4	4	confirm
19	Rosenmuller	rosenmiiller	2	4	realword?
19	Memphis	Memphis	4	4	confirm
19	Tanis	Tanis	3	4	confirm
19	Gallia	Gallia	4	4	confirm
19	Belgium	Belgium	4	4	confirm
19	orae	orae	2	2	confirm
19	spiritualis	spiritualis	2	2	confirm
19	Aegypti	Aegypti	2	2	confirm
19	cmp	naip	2	3	reject
19	spiritum	spiritum	4	4	confirm
19	vertiginis	vertiginis	4	4	confirm
19	Schwindelgeist	Schwindelgeist	4	4	confirm
19	b	h	3	4	realword?
19	Onias	Onias	4	4	confirm
19	ins	ins	3	3	confirm
19	mincj	mind	4	4	reject
19	God	cod	3	4	realword?
19	Jive	five	2	3	realword?
19	Heliopolis	Heliopolis	4	4	confirm
19	Memphis	Memphis	4	4	confirm
19	Bubastus	Bubastus	4	4	confirm
19	Alexandria	Alexandria	4	4	confirm
19	Memphis	Memphis	2	2	confirm
19	Heliopolis	Heliopolis	2	4	confirm
19	Diospolis	Diospolis	4	4	confirm
19	Leontopolis	Leontopolis	4	4	confirm
19	five	jive	3	4	realword?
19	pnxb	rnxb	2	4	reject
19	Irheres	Irheres	4	4	confirm
19	Tahpanes	Tahpanes	4	4	confirm
19	Errettung	Errettung	4	4	confirm
19	Gliickstadt	Gliickstadt	3	4	confirm
19	Heliopolis	Heliopolis	3	4	confirm
19	Heliopolitan	Heliopolitan	4	4	confirm
19	Onias	Onias	4	4	confirm
19	Philometor	Philometor	4	4	confirm
19	Leontopolis	Leontopolis	4	4	confirm
19	Iken	Iken	4	4	confirm
19	civitas	civitas	4	4	confirm
19	bin	din	2	4	realword?
19	bin	din	2	4	realword?
19	civitas	civitas	4	4	confirm
19	desolationis	desolationis	4	4	confirm
19	bin	din	2	4	realword?
19	Heliopolis	Heliopolis	4	4	confirm
19	Onias	Onias	4	4	confirm
19	Dinn	Dinn	2	4	confirm
19	Iken	Iken	4	4	confirm
19	Le	Le	4	4	confirm
19	Moyne	Moyne	4	4	confirm
19	Mai	Mai	4	4	confirm
19	pis	pis	3	4	confirm
19	Heliopolis	Heliopolis	4	4	confirm
19	Leontopolis	Leontopolis	4	4	confirm
19	Onias	Onias	4	4	confirm
19	Heliopolis	Heliopolis	4	4	confirm
19	Leontopolis	Leontopolis	4	4	confirm
19	apos	apos	4	4	confirm
19	tatize	tatize	4	4	confirm
19	nn	rnx	2	4	reject
19	Ashdod	Ashdod	4	4	confirm
19	Swe	Swe	4	4	confirm
19	rrni	n	2	4	reject
19	etc	etc'	3	4	realword?
19	h	a	3	4	realword?
19	salvalorem	salvatorem	4	4	reject
19	principem	principem	4	4	confirm
19	srn	an	2	4	reject
19	Psammetichus	Psammetichus	4	4	confirm
19	s'li'a	vanity	3	4	reject
19	tn	b	2	4	reject
19	ins	nas	2	4	reject
19	huldigen	huldigen	4	4	confirm
19	baniu	it	3	3	reject
19	Graeco	Graeco	4	4	confirm
2	Justi	Justi	4	4	confirm
2	Credner	Credner	4	4	confirm
2	Vogel	Vogel	4	4	confirm
2	Rosenmiiller	rosenmuller	3	4	realword?
2	Henders	Henders	3	4	confirm
2	ntn	ntn	2	4	confirm
2	Hdwk	Hdwk	4	4	confirm
2	Hn	Hn	4	4	confirm
2	Lightfoot	Lightfoot	4	4	confirm
2	Umbr	Umbr	2	2	confirm
2	any	many	4	4	realword?
2	movebunt	movebunt	4	4	confirm
2	werden	werden	3	3	confirm
2	sich	sich	3	3	confirm
2	aufmachen	aufma	3	3	reject
2	Hn	Hn	3	3	confirm
2	Hendew	Hendew	3	4	confirm
2	certa	certa	3	3	confirm
2	usus	usus	2	3	confirm
2	nunc	nunc	2	2	confirm
2	fui	fui	3	4	confirm
2	Virgil	Virgil	3	3	confirm
2	Ovid	Ovid	3	3	confirm
2	Georg	Georg	2	2	confirm
2	Ov	Ov	3	3	confirm
2	ploughshares	ploughshares	4	4	confirm
2	coulters	coulters	3	4	confirm
2	Rosen	Rosen	3	3	confirm
2	Hn	Hn	3	3	confirm
2	Kn	Kn	4	4	confirm
2	Eng	Eng	3	3	confirm
2	Hendew	Hendew	4	4	confirm
2	Deyling	Deyling	4	4	confirm
2	Obs	Obs	4	4	confirm
2	Sacr	Sacr	4	4	confirm
2	ini	intercourse	4	4	reject
2	Eng	Eng	4	4	confirm
2	sicut	sicut	4	4	confirm
2	olim	olim	3	3	confirm
2	Hn	Hn	4	4	confirm
2	oriente	oriente	4	4	confirm
2	vom	vom	3	4	confirm
2	Morgenlande	morgen	3	3	reject
2	Engt	eng	4	4	reject
2	Hk	Hk	3	3	confirm
2	Hn	Hn	3	3	confirm
2	Eng	Eng	4	4	confirm
2	marg	marg	4	4	confirm
2	ftjts	fruits	4	4	reject
2	Hn	Hn	4	4	confirm
2	Kn	Kn	4	4	confirm
2	Hn	Hn	4	4	confirm
2	Hk	Hk	3	3	confirm
2	idp	idolatry	3	3	reject
2	diis	diis	4	4	confirm
2	nihili	nihili	4	4	confirm
2	digiti	digiti	4	4	confirm
2	ipsius	ipsius	4	4	confirm
2	digiti	digiti	4	4	confirm
2	cujusque	cujusque	2	4	confirm
2	betet	betet	4	4	confirm
2	bx	bx	2	4	confirm
2	Hn	Hn	3	3	confirm
2	Hk	Hk	4	4	confirm
2	Kn	Kn	3	3	confirm
2	demittas	demittas	4	4	confirm
2	vergib	vergib	3	3	confirm
2	ihnen	ihnen	3	3	confirm
2	nicht	nicht	3	3	confirm
2	vir	vir	3	4	confirm
2	Mensch	Mensch	3	4	confirm
2	Hk	Hk	3	3	confirm
2	Kn	Kn	3	3	confirm
2	bx	x	2	3	reject
2	Hn	Hn	3	4	confirm
2	Hk	Hk	4	4	confirm
2	Pesh	Pesh	4	4	confirm
2	I	v	4	4	realword?
2	Pesh	Pesh	4	4	confirm
2	Hn	Hn	4	4	confirm
2	hominis	hominis	4	4	confirm
2	virorum	virorum	4	4	confirm
2	Hochmuthsaugen	Hochmuthsaugen	4	4	confirm
2	Bethenyeh	Bethenyeh	4	4	confirm
2	Oecolampadius	Oecolampadius	4	4	confirm
2	Musculus	Musculus	3	4	confirm
2	nhoiov	nloiov	3	4	reject
2	Schiffe	Schiffe	4	4	confirm
2	im	im	4	4	confirm
2	Meer	Meer	4	4	confirm
2	oceani	oceani	4	4	confirm
2	Cilicia	Cilicia	4	4	confirm
2	Cilicia	Cilicia	4	4	confirm
2	Carthage	Carthage	4	4	confirm
2	Hensler	Hensler	4	4	confirm
2	tfp	xp	2	4	reject
2	Spain	Spain	4	4	confirm
2	Baetis	Baetis	4	4	confirm
2	Guadalquivir	Guadalquivir	4	4	confirm
2	ru	av	2	4	reject
2	pictae	pictae	3	3	confirm
2	carinae'	carinae'	4	4	confirm
2	Thesauro	Thesauro	4	4	confirm
2	omne	omne	4	4	confirm
2	visu	visu	4	4	confirm
2	pulchrum	pulchrum	4	4	confirm
2	loc	loc	4	4	confirm
2	Hk	Hk	4	4	confirm
2	Carthage	Carthage	4	4	confirm
2	Encyclopaedia	Encyclopaedia	4	4	confirm
2	Abulfeda	Abulfeda	4	4	confirm
2	Tunis	Tunis	4	4	confirm
2	terly	isaiah	4	4	reject
2	marg	marg	4	4	confirm
2	Hk	Hk	3	4	confirm
2	Aug	Aug	4	4	confirm
2	fcs	bs	2	2	reject
2	Maur	Maur	4	4	confirm
2	ofc	of	4	4	reject
2	terram	terram	4	4	confirm
2	terrendam	terrendam	4	4	confirm
2	wenn	wenn	4	4	confirm
2	sich	sich	4	4	confirm
2	erhebt	erhebt	3	4	confirm
2	Erde	Erde	3	3	confirm
2	bebt	bebt	3	4	confirm
2	adoraret	adoraret	4	4	confirm
2	vespertiliones	vespertilio	4	4	realword?
2	Rumpelkammer	Rumpelkammer	4	4	confirm
2	isn	isn	2	4	confirm
2	Hk	Hk	4	4	confirm
2	Hn	Hn	4	4	confirm
2	Hn	Hn	4	4	confirm
2	Maur	Maur	4	4	confirm
2	De	dew	2	4	realword?
2	Hk	ew	3	3	reject
2	Hn	Hn	3	3	confirm
2	Kn	Kn	3	3	confirm
2	ft	ft	3	4	confirm
2	sich	sich	4	4	confirm
2	machte	machte	4	4	confirm
2	qu'on	qu'on	4	4	confirm
2	faites	faites	4	4	confirm
2	Gotzen	Gotzen	4	4	confirm
2	Silbers	Silbers	4	4	confirm
2	Hk	Hk	4	4	confirm
2	Hn	Hn	3	3	confirm
2	Hk	Hk	4	4	confirm
2	Roberts's	Roberts's	4	4	confirm
2	Hk	Hk	4	4	confirm
2	Hn	Hn	4	4	confirm
2	Bs	Bs	4	4	confirm
2	Kn	Kn	4	4	confirm
2	Hk	Hk	4	4	confirm
2	Bs	Bs	4	4	confirm
2	cavernas	cavernas	4	4	confirm
2	Felsklufte	felskliifte	3	4	reject
2	Bergkliifte	Bergkliifte	3	4	confirm
2	Felsblocke	Felsblocke	4	4	confirm
2	Hk	Hk	4	4	confirm
2	Kn	Kn	4	4	confirm
2	Origen	Origen	4	4	confirm
2	quia	quia	4	4	confirm
2	excelsus	excelsus	4	4	confirm
2	reputatus	reputatus	4	4	confirm
2	ipse	ipse	4	4	confirm
2	Lyranus	Lyranus	2	2	confirm
2	Menochius	Menochius	4	4	confirm
2	ihr	ihr	4	4	confirm
2	wisset	wisset	4	4	confirm
2	nicht	nicht	4	4	confirm
2	wie	wie	4	4	confirm
2	hoch	hoch	4	4	confirm
2	geachtet	geachtet	4	4	confirm
20	Ashdod	Ashdod	4	4	confirm
20	Ashdod	Ashdod	3	4	confirm
20	Sargon	Sargon	4	4	confirm
20	Sargon	Sargon	4	4	confirm
20	Ashdod	Ashdod	2	2	confirm
20	Ashdod	Ashdod	4	4	confirm
20	Psammetichus	Psammetichus	4	4	confirm
20	Ashdod	Ashdod	4	4	confirm
20	Esdud	Esdud	3	4	confirm
20	Sargon	Sargon	4	4	confirm
20	Sargon	Sargon	4	4	confirm
20	Marsham	Marsham	4	4	confirm
20	Sargon	Sargon	4	4	confirm
20	Esarhaddon	Esarhaddon	4	4	confirm
20	Sargon	Sargon	4	4	confirm
20	Tob	Tob	4	4	confirm
20	Sargon	Sargon	4	4	confirm
20	Aqva	aqvu	2	4	reject
20	NctQva	naova	2	4	reject
20	aQayav	render	4	4	reject
20	Ishbosheth	Ishbosheth	4	4	confirm
20	Benaiah	Benaiah	4	4	confirm
20	Nd	Nd	3	3	confirm
20	av	av	3	3	confirm
20	Ashdod	Ashdod	4	4	confirm
20	Ashdod	Ashdod	4	4	confirm
20	etc	etc'	4	4	realword?
20	Maimonides	Maimonides	4	4	confirm
20	Staudlin	Staudlin	4	4	confirm
20	Suetonius	Suetonius	4	4	confirm
20	Lightfoot	Lightfoot	4	4	confirm
20	facie	facie	4	4	confirm
20	Ashdod	Ashdod	4	4	confirm
20	t	i	4	4	realword?
20	gefangene	gefangene	4	4	confirm
20	Egypten	Egypten	3	4	confirm
20	vertrieoene	vertriebene	3	3	reject
20	Musculus	Musculus	4	4	confirm
20	igno	igno	4	4	confirm
20	Esarhaddon	Esarhaddon	4	4	confirm
20	Sargon	Sargon	4	4	confirm
20	Diospolis	Diospolis	4	4	confirm
20	Thebes	Thebes	4	4	confirm
20	Ashdod	Ashdod	4	4	confirm
20	Marsham	Marsham	4	4	confirm
20	Sargon	Sargon	4	4	confirm
20	Esarhaddon	Esarhaddon	4	4	confirm
20	siton	b	2	4	reject
20	ttSw	isaiah	4	4	reject
20	Ashdod	Ashdod	4	4	confirm
20	Ashdod	Ashdod	4	4	confirm
20	Ashdod	Ashdod	4	4	confirm
20	fortiori	fortiori	4	4	confirm
21	Rosenmuller	rosenmiiller	2	4	realword?
21	facto	facto	4	4	confirm
21	Abydenus	Abydenus	4	4	confirm
21	A	v	4	4	realword?
21	mappik	mappik	4	4	confirm
21	sc	sc	2	2	confirm
21	sc	sc	4	4	confirm
21	appals	appals	4	4	confirm
21	Xenophon	Xenophon	4	4	confirm
21	Xenophon	Xenophon	4	4	confirm
21	Xenophon	Xenophon	4	4	confirm
21	slg	elg	2	3	reject
21	e	i	4	4	realword?
21	rvnK	this	3	4	reject
21	aprefatory	aprefatory	4	4	confirm
21	Seir	Seir	4	4	confirm
21	Eljandilon	eljandil	4	4	reject
21	Seir	Seir	4	4	confirm
21	Seir	Seir	4	4	confirm
21	o'clock	o'clock	4	4	confirm
21	i'p	vip	2	3	reject
21	Bauer	Bauer	4	4	confirm
21	a	n	2	4	realword?
21	heroes	heroes	4	4	confirm
22	Esarhaddon	Esarhaddon	4	4	confirm
22	Lightfoot	Lightfoot	4	4	confirm
22	Kennicott	Kennicott	4	4	confirm
22	Tingstad	Tingstad	4	4	confirm
22	fleeing	fleeing	4	4	confirm
22	Utterly	bitterly	3	4	realword?
22	Caucasus	Caucasus	4	4	confirm
22	Girgistan	Girgistan	4	4	confirm
22	involucra	involucra	3	3	confirm
22	clypeorum	clypeorum	3	4	confirm
22	tegimenta	tegimenta	2	3	confirm
22	Cicero	Cicero	4	4	confirm
22	Cesar	Cesar	4	4	confirm
22	Jaffa	Jaffa	4	4	confirm
22	tothe	to	4	4	reject
22	revellers	revellers	4	4	confirm
22	nd	sovereign	4	4	reject
22	forgiven	forgiven	4	4	confirm
22	forgiven	forgiven	4	4	confirm
22	forgiven'	forgiven'	3	3	confirm
22	Sochenite	Sochenite	4	4	confirm
22	Sochen	Sochen	4	4	confirm
22	amicus	amicus	4	4	confirm
22	regis	regis	4	4	confirm
22	confi	confi	4	4	confirm
22	dant	dant	4	4	confirm
22	counsellor	counsellor	4	4	confirm
22	domo	domo	4	4	confirm
22	du	du	4	4	confirm
22	palais	palais	4	4	confirm
22	sepulchre	sepulchre	4	4	confirm
22	sepulchre	sepulchre	4	4	confirm
22	sepulchre	sepulchre	4	4	confirm
22	Joah	Joah	4	4	confirm
22	sepulchres	sepulchres	4	4	confirm
22	sepulchre	sepulchre	4	4	confirm
22	sepulchre	sepulchre	4	4	confirm
22	sepulchres	sepulchres	3	3	confirm
22	Petra	Petra	4	4	confirm
22	Persepolis	Persepolis	4	4	confirm
22	Ecc	Ecc	4	4	confirm
22	fta	nas	2	4	reject
22	nVjVj	it	2	2	reject
22	eps	tps	2	4	reject
22	ndvog	novog	3	4	reject
22	Sophocles	Sophocles	2	2	confirm
22	doaiv	doaiv	2	4	confirm
22	xaxav	xaxav	2	2	confirm
22	France	France	4	4	confirm
22	Switzerland	Switzerland	4	4	confirm
22	Azariah	Azariah	4	4	confirm
22	pm	pin	2	2	reject
22	hang	hang	4	4	confirm
22	hang	hang	3	4	confirm
23	Tyriorum	Tyriorum	4	4	confirm
23	Palaetyrus	Palaetyrus	4	4	confirm
23	Menander	Menander	4	4	confirm
23	cf	of	2	2	realword?
23	mainland	mainland	4	4	confirm
23	mainland	mainland	4	4	confirm
23	Ven	Ven	4	4	confirm
23	Spain	Spain	4	4	confirm
23	France	France	4	4	confirm
23	Hungary	Hungary	4	4	confirm
23	hariolationes	hariolationes	4	4	confirm
23	hae	hae	4	4	confirm
23	sequamur	sequamur	4	4	confirm
23	certa	certa	4	4	confirm
23	incerta	incerta	4	4	confirm
23	aequo	aequo	4	4	confirm
23	animo	animo	4	4	confirm
23	ignoremus	ig	3	4	reject
23	etiam	etiam	3	3	confirm
23	prophetiam	prophetiam	3	3	confirm
23	quibusdam	quibusdam	4	4	confirm
23	veterum	veterum	4	4	confirm
23	allegorice	allegorice	4	4	confirm
23	interpretabimur	interpretabimur	4	4	confirm
23	Scriptura	Scriptura	4	4	confirm
23	indicet	indicet	4	4	confirm
23	debere	debere	4	4	confirm
23	nos	nos	4	4	confirm
23	cernere	cernere	4	4	confirm
23	imaginem	imaginem	4	4	confirm
23	alterius	alterius	4	4	confirm
23	etiamsi	etiamsi	4	4	confirm
23	res	res	4	4	confirm
23	diversae	diversae	4	4	confirm
23	Scriptura	Scriptura	4	4	confirm
23	explicatae	explicatae	4	4	confirm
23	similitudinem	similitudinem	4	4	confirm
23	conformitatem	conformitatem	3	4	confirm
23	aliquam	aliquam	3	3	confirm
23	habeant	habeant	4	4	confirm
23	possumus	possumus	4	4	confirm
23	tamen	tamen	4	4	confirm
23	asserere	asserere	4	4	confirm
23	hoc	hoc	4	4	confirm
23	illius	illius	4	4	confirm
23	typum	typum	4	4	confirm
23	figuram	figuram	4	4	confirm
23	esse	esse	4	4	confirm
23	nisi	nisi	4	4	confirm
23	quatenus	quatenus	4	4	confirm
23	conformitas	conformitas	4	4	confirm
23	Scripturarum	Scripturarum	4	4	confirm
23	comparatione	com	4	4	reject
23	Tartessus	Tartessus	4	4	confirm
23	Rosenmiiller	rosenmuller	3	4	realword?
23	unpoetical	unpoetical	4	4	confirm
23	zerstort	zerstort	4	4	confirm
23	harbour	harbour	4	4	confirm
23	Macedonia	Macedonia	4	4	confirm
23	Susiana	Susiana	4	4	confirm
23	Cilicia	Cilicia	4	4	confirm
23	Hensler	Hensler	4	4	confirm
23	Cyprus	Cyprus	4	4	confirm
23	Citium	Citium	4	4	confirm
23	Cicero	Cicero	4	4	confirm
23	commeatus	commeatus	4	4	confirm
23	terra	terra	4	4	confirm
23	Cittim	Cittim	4	4	confirm
23	masoreiic	masorelic	3	4	reject
23	Cyprus	Cyprus	4	4	confirm
23	nnb	inb	2	4	reject
23	JL	j	4	4	reject
23	Zidon	Zidon	4	4	confirm
23	Zidon	Zidon	4	4	confirm
23	mainland	mainland	4	4	confirm
23	juvenes	juvenes	3	3	confirm
23	extuli	extuli	4	4	confirm
23	virgines	virgines	3	4	confirm
23	Egypto	Egypto	2	3	confirm
23	animos	animos	3	3	confirm
23	dolebunt	dole	3	3	reject
23	famam	famam	2	3	confirm
23	Tyri	Tyri	2	2	confirm
23	gleichwie	gleichwie	2	4	confirm
23	erschrak	erschrak	4	4	confirm
23	von	von	4	4	confirm
23	h'drete	horete	2	2	reject
23	erschrecken	erschrecken	4	4	confirm
23	wenn	wenn	4	4	confirm
23	von	von	4	4	confirm
23	Tyrus	Tyrus	3	4	confirm
23	h'oren	hbren	2	3	reject
23	auditum	auditum	2	2	confirm
23	fuerit	fuerit	2	3	confirm
23	Egypto	Egypto	2	2	confirm
23	dolebunt	dole	2	2	reject
23	Batavia	Batavia	4	4	confirm
23	Diodorus	Diodorus	4	4	confirm
23	Curtius	Curtius	4	4	confirm
23	Carthage	Carthage	4	4	confirm
23	Tni	but	3	4	reject
23	commerical	commerical	4	4	confirm
23	Ursprung	Ursprung	3	3	confirm
23	Urzeit	Urzeit	3	4	confirm
23	traffickers	traffickers	3	4	confirm
23	coronatam	coronatam	4	4	confirm
23	Corsica	Corsica	4	4	confirm
23	dese	dese	4	4	confirm
23	bpn	bpn	4	4	confirm
23	Tartessus	Tartessus	4	4	confirm
23	nt	nta	2	4	reject
23	bankment	bankment	4	4	confirm
23	Rosenmiiller	rosenmuller	3	4	realword?
23	Zidon	Zidon	4	4	confirm
23	Zidon	Zidon	4	4	confirm
23	ns	r	2	4	reject
23	Zidon	Zidon	4	4	confirm
23	Armenia	Armenia	4	4	confirm
23	Xenophon	Xenophon	4	4	confirm
23	Shinar	Shinar	4	4	confirm
23	Schleyer	Schleyer	3	3	confirm
23	xm	xiii	2	3	reject
23	Schleyer's	Schleyer's	4	4	confirm
23	Jcing	king	4	4	reject
23	inx	inx	2	3	confirm
23	Jcing	king	4	4	reject
23	Zedekiah	Zedekiah	4	4	confirm
23	Jehoahaz	Jehoahaz	4	4	confirm
23	quomodocunque	quomodocunque	4	4	confirm
23	explicentur	explicentur	4	4	confirm
23	Johovah	Johovah	4	4	confirm
24	Oecolampadius	Oecolampadius	4	4	confirm
24	Haccohen	Haccohen	4	4	confirm
24	Haccohen	Haccohen	4	4	confirm
24	Wallenstein	Wallenstein	4	4	confirm
24	Ratisbon	Ratisbon	4	4	confirm
24	Norlingen	Norlingen	4	4	confirm
24	England	England	4	4	confirm
24	Antiochus	Antiochus	4	4	confirm
24	Epiphanes	Epiphanes	4	4	confirm
24	aut	aut	4	4	confirm
24	aut	aut	4	4	confirm
24	bnn	bnn	2	4	confirm
24	achzei	dchzet	2	4	reject
24	lechzet	lechzet	4	4	confirm
24	welkt	welkt	3	3	confirm
24	fallt	f'dllt	2	3	reject
24	rntn	rnn	4	4	reject
24	fibnx	nb	2	4	reject
24	revellers	revellers	4	4	confirm
24	unda	unda	3	3	confirm
24	redundans	redundans	3	3	confirm
24	vollcnds	yollends	2	4	reject
24	siias	mas	2	3	reject
24	Rem	Rem	2	2	confirm
24	Jarch	Jarch	4	4	confirm
24	Urim	Urim	4	4	confirm
24	Thumim	Thumim	4	4	confirm
24	K	x	3	4	realword?
24	to	lo	4	4	realword?
24	inft	ins	3	4	reject
24	formido	formido	4	4	confirm
24	ipa	vipa	2	4	reject
24	ins	ins	2	4	confirm
24	Milton	Milton	4	4	confirm
24	Niebuhr	Niebuhr	4	4	confirm
24	Zoroas	Zoroas	4	4	confirm
24	ter	ter	4	4	confirm
24	foregoes	foregoes	4	4	confirm
24	gatnenng	gatnering	3	4	reject
24	nsox	nsox	3	4	confirm
24	verschlossen	verschlossen	4	4	confirm
24	ins	ins	4	4	confirm
24	Verschloss	Verschloss	4	4	confirm
24	risab	n	2	4	reject
25	unedel	unedel	4	4	confirm
25	schmutzig	schmutzig	4	4	confirm
25	hallucina	hallucina	4	4	confirm
25	tion	tion	4	4	confirm
25	England	England	3	3	confirm
25	bfi	s	2	4	reject
25	mirabile	mirabile	3	3	confirm
25	mss	niss	2	4	reject
25	Zephaniah	Zephaniah	2	2	confirm
25	Virgil	Virgil	4	4	confirm
25	oppida	oppida	4	4	confirm
25	muris	muris	4	4	confirm
25	Capellus	Capellus	4	4	confirm
25	England	England	4	4	confirm
25	episcopali	episcopali	3	3	confirm
25	fecisti	fecisti	4	4	confirm
25	acervum	acervum	4	4	confirm
25	hoc	hoc	4	4	confirm
25	totam	totam	4	4	confirm
25	diruisti	diruisti	4	4	confirm
25	a	e	4	4	realword?
25	sp	a	3	4	reject
25	fisn	tisn	2	4	reject
25	jr	is	4	4	reject
25	Zornhauch	Zornhauch	4	4	confirm
25	Schnauben	Schnauben	4	4	confirm
25	Macpherson's	Macpherson's	4	4	confirm
25	s	r	2	4	realword?
25	Bauer	Bauer	4	4	confirm
25	A	v	4	4	realword?
25	nd	sovereign	4	4	reject
25	wc	the	3	3	reject
25	D	n	3	4	realword?
25	t	d	2	4	realword?
25	fciriBtt	psn	2	4	reject
25	raib	d	2	4	reject
25	lo	to	4	4	realword?
25	HS	n	2	4	reject
25	hjj	he	4	4	reject
25	aV	elg	3	4	reject
25	likeminded	likeminded	4	4	confirm
25	Madmenahj	madmenah	3	4	reject
25	jai	pi	2	4	reject
25	insidiis	insidiis	4	4	confirm
25	buscades	buscades	4	4	confirm
25	pr	applied	2	2	reject
25	Tpnfch	l	2	4	reject
26	Heil	Heil	4	4	confirm
26	geben	geben	4	4	confirm
26	Mauern	maucrn	2	4	reject
26	Vn	n	2	4	reject
26	dicendo	dicendo	4	4	confirm
26	cogitatio	cogitatio	4	4	confirm
26	fixa	fixa	4	4	confirm
26	Einbildung	Einbildung	2	4	confirm
26	steht	steht	2	2	confirm
26	gewisser	gewisser	3	4	confirm
26	Zusage	Zusage	3	3	confirm
26	pBO	it	3	4	reject
26	nx	w	2	4	reject
26	Festigen	Festigen	2	2	confirm
26	festigest	festigest	2	4	confirm
26	fc	n	2	4	reject
26	PP	rr	2	4	reject
26	decentia	decentia	2	3	confirm
26	Jehovae	Jehovae	3	3	confirm
26	rupes	rupes	3	3	confirm
26	saeculorutn	saeculorum	2	3	reject
26	essentiae	essentiae	3	3	confirm
26	neverfailing	never	4	4	reject
26	to	lo	2	4	realword?
26	bi	bn	2	3	reject
26	Ferse	Ferse	4	4	confirm
26	vestigia	vestigia	3	3	confirm
26	obs	obs	2	4	confirm
26	souVs	souVs	2	3	confirm
26	Ruhm	Ruhm	2	4	confirm
26	pafittrain	in	4	4	reject
26	embold	embold	4	4	confirm
26	ened	ened	4	4	confirm
26	zu	zu	4	4	confirm
26	erfiabenen	erhabenen	3	4	reject
26	thy	the	2	2	realword?
26	etc	etc'	3	4	realword?
26	anyother	anyother	2	2	confirm
26	t	e	3	3	realword?
26	nos	nos	4	4	confirm
26	affaires	affaires	4	4	confirm
26	hoc	hoc	4	4	confirm
26	testimonio	testimonio	4	4	confirm
26	usi	usi	4	4	confirm
26	evertendum	ever	4	4	reject
26	Verum	Verum	4	4	confirm
26	quidem	quidem	4	4	confirm
26	Deum	Deum	4	4	confirm
26	agere	agere	4	4	confirm
26	nobis	nobis	4	4	confirm
26	quicquid	quicquid	4	4	confirm
26	recte	recte	4	4	confirm
26	instituunt	instituunt	4	4	confirm
26	homines	homines	4	4	confirm
26	esse	esse	4	4	confirm
26	illius	illius	4	4	confirm
26	Spiritu	Spiritu	4	4	confirm
26	sed	sed	4	4	confirm
26	simpliciter	simpliciter	4	4	confirm
26	docet	docet	4	4	confirm
26	Propheta	Propheta	4	4	confirm
26	omnia	omnia	4	4	confirm
26	bona	bona	4	4	confirm
26	quibus	quibus	4	4	confirm
26	fruimur	fruimur	4	4	confirm
26	Dei	Dei	4	4	confirm
26	rnanu	manu	4	4	reject
26	esse	esse	4	4	confirm
26	colligit	colligit	4	4	confirm
26	nullum	nullum	4	4	confirm
26	beneficentiae	beneficentiae	3	4	confirm
26	finem	finem	3	3	confirm
26	plena	plena	4	4	confirm
26	felicit	felicit	4	4	confirm
26	asaccedat	asaccedat	4	4	confirm
26	heroes	heroes	4	4	confirm
26	bi	ppi	2	4	reject
26	VGTSQOV	vgteqov	2	4	reject
26	terrae	terrae	3	4	confirm
26	ja	pet	2	2	reject
26	Beschworung	Beschworung	4	4	confirm
26	Hannah	Hannah	4	4	confirm
26	ppx	pps	3	4	reject
26	pova	it	2	2	reject
26	is	as	4	4	realword?
26	e	i	4	4	realword?
26	rrrrra	n	2	4	reject
26	ibs	i	2	4	reject
26	Sprengel	Sprengel	4	4	confirm
26	eine	eine	4	4	confirm
26	wirkliche	wirkliche	4	4	confirm
26	Strohgeburt	Strohgeburt	4	4	confirm
26	pEip	mappik	2	2	reject
26	parogogic	parogogic	4	4	confirm
26	list	lis	2	4	realword?
26	Umibreit	um	3	3	reject
26	sn	as	2	3	reject
26	Zoroas	Zoroas	4	4	confirm
26	ter	ter	4	4	confirm
26	Tclassisch	klassisch	2	3	reject
26	Idassisch	klassisch	3	4	reject
26	nunc	nunc	4	4	confirm
26	Aramean	Aramean	4	4	confirm
26	xa	xa	2	2	confirm
26	Gemordeten	Gemordeten	4	4	confirm
26	ses	ses	4	4	confirm
27	HS	na	2	2	reject
27	fleeing	fleeing	3	4	confirm
27	inaccura	inaccura	4	4	confirm
27	cies	cies	4	4	confirm
27	tt	nb	3	4	reject
27	c	d	2	4	realword?
27	Schnurrer	Schnurrer	4	4	confirm
27	ttss	which	2	2	reject
27	Gousset	Gousset	4	4	confirm
27	Gussetius	Gussetius	4	4	confirm
27	Ebr	Ebr	4	4	confirm
27	V	b	3	3	realword?
27	D	o	2	2	realword?
27	meantime	meantime	3	3	confirm
27	I	v	3	3	realword?
27	xxvn	xxvn	2	2	confirm
27	Schnurrer	Schnurrer	4	4	confirm
27	takehold	takehold	4	4	confirm
27	Jill	fill	3	4	realword?
27	Kb	xba	2	4	reject
27	meantime	meantime	4	4	confirm
27	wn	wn	2	4	confirm
27	contend	contend	4	4	confirm
27	nxo	nxo	2	4	confirm
27	rta	stay	2	4	reject
27	Ashtoreth	Ashtoreth	2	2	confirm
27	ns	ns	2	4	confirm
27	tion	isaiah	4	4	reject
27	Saepe	Saepe	4	4	confirm
27	mihi	mihi	3	4	confirm
27	mirari	mirari	3	3	confirm
27	contingit	contingit	4	4	confirm
27	homines	homines	4	4	confirm
27	ejusmodi	ejusmodi	4	4	confirm
27	cogitationes	cogitationes	4	4	confirm
27	aut	aut	4	4	confirm
27	loquendi	loquendi	4	4	confirm
27	imputare	imputare	4	4	confirm
27	Spiritui	Spiritui	4	4	confirm
27	Sancto	Sancto	4	4	confirm
27	sibi	sibi	4	4	confirm
27	vir	vir	4	4	confirm
27	sapiens	sapiens	4	4	confirm
27	imputari	imputari	4	4	confirm
27	nollet	nollet	4	4	confirm
27	r	i	2	4	realword?
27	i	r	2	4	realword?
27	Wady	Wady	3	4	confirm
27	Elarish	Elarish	3	3	confirm
27	Rhinocorura	Rhinocorura	4	4	confirm
27	Gese'nius	Gese'nius	4	4	confirm
28	I	l	2	3	realword?
28	reveller's	reveller's	4	4	confirm
28	pn	p	4	4	reject
28	Ephretvm	ephraim	4	4	reject
28	dem	dem	2	3	confirm
28	Sammelplatze	Sammelplatze	2	2	confirm
28	der	der	2	2	confirm
28	Salben	Salben	2	2	confirm
28	saucius	saucius	4	4	confirm
28	percussus	percussus	4	4	confirm
28	Rosenmuller	rosenmiiller	3	4	realword?
28	excidii	excidii	4	4	confirm
28	terram	terram	3	4	confirm
28	spatiosam	spatiosam	3	3	confirm
28	Rosenmuller	rosenmiiller	3	4	realword?
28	Rosenmiiller	rosenmuller	3	4	realword?
28	pluralis	pluralis	4	4	confirm
28	majestaticus	majestaticus	4	4	confirm
28	Jig	fig	2	4	realword?
28	Askelon	Askelon	4	4	confirm
28	can't	can't	4	4	confirm
28	Athenis	Athenis	2	2	confirm
28	verdirbt	verdirbt	4	4	confirm
28	Ti'sa	lisa	2	4	reject
28	denies'that	in	4	4	reject
28	iin	in	3	4	reject
28	ab	bab	2	4	realword?
28	iTfiaa	n	2	4	reject
28	mappik	mappik	2	2	confirm
28	of	or	4	4	realword?
28	eine	eine	2	4	confirm
28	liebliche	liebliche	2	2	confirm
28	herrlicher	herrlicher	4	4	confirm
28	Kranz	Kranz	4	4	confirm
28	dicundi	dicundi	3	4	confirm
28	causa	causa	3	3	confirm
28	bs	b	2	4	reject
28	bello	bello	4	4	confirm
28	portam	portam	4	4	confirm
28	judgmentseat	pointing	3	4	reject
28	isbna	isbsa	2	4	reject
28	ips	ips	3	4	confirm
28	writingdesk	writing	4	4	reject
28	functione	functione	4	4	confirm
28	videntis	videntis	4	4	confirm
28	MNS	fixs	2	4	reject
28	fcs	a	2	3	reject
28	tellement	tellement	4	4	confirm
28	que	que	4	4	confirm
28	plein	plein	4	4	confirm
28	pns	pns	2	4	confirm
28	Rosenmiiller	rosenmuller	3	4	realword?
28	scientiaml	scientiam	3	4	reject
28	audituml	auditum	2	2	reject
28	avulsos	avulsos	2	2	confirm
28	Gebot	Gebot	4	4	confirm
28	auf	auf	4	4	confirm
28	Gebot	Gebot	4	4	confirm
28	Verbot	Verbot	4	4	confirm
28	auf	auf	4	4	confirm
28	Verbot	Verbot	4	4	confirm
28	Satz	Satz	2	2	confirm
28	zu	zu	2	4	confirm
28	Satz	Satz	2	2	confirm
28	Schnur	Schnur	4	4	confirm
28	zu	zu	2	2	confirm
28	Schnur	Schnur	4	4	confirm
28	ip	ip	2	4	confirm
28	ip	ip	4	4	confirm
28	he	be	4	4	realword?
28	faj	fall	3	3	reject
28	orakel	orakel	2	4	confirm
28	visionis	visionis	3	3	confirm
28	significat	significat	3	4	confirm
28	vulgo	vulgo	4	4	confirm
28	dicimus	dicimus	4	4	confirm
28	avoir	avoir	4	4	confirm
28	DITU	j	2	3	reject
28	Ziona	Ziona	3	4	confirm
28	Raymund	Raymund	4	4	confirm
28	Martini	Martini	4	4	confirm
28	Pugio	Pugio	4	4	confirm
28	Fidei	Fidei	4	4	confirm
28	avoiag	avolag	2	4	reject
28	mpi	rnpi	2	3	reject
28	sc	sc	4	4	confirm
28	favour	favor	4	4	realword?
28	shouTCrfill	should	4	4	reject
28	rumour	rumour	4	4	confirm
28	lilce	lilce	2	3	confirm
28	Perazim	Perazim	3	3	confirm
28	Geba	Geba	3	4	confirm
28	Uzzah	Uzzah	4	4	confirm
28	Achan	Achan	4	4	confirm
28	Perez	Perez	4	4	confirm
28	Perazim	Perazim	4	4	confirm
28	Perazim	Perazim	4	4	confirm
28	Perazim	Perazim	4	4	confirm
28	applic	application	4	4	reject
28	threatening	threatenings	4	4	realword?
28	ploughman	ploughman	3	3	confirm
28	time	lime	3	4	realword?
28	ploughman	ploughman	3	4	confirm
28	lime	time	3	4	realword?
28	Waizen	Waizen	4	4	confirm
28	Reihen	Reihen	4	4	confirm
28	Gerste	Gerste	4	4	confirm
28	hinein	hinein	4	4	confirm
28	ferro	ferro	2	2	confirm
28	mortales	mor	4	4	reject
28	instituit	instituit	2	2	confirm
28	jFor	v	4	4	reject
28	he	the	2	2	realword?
28	semina	semina	4	4	confirm
28	infirmiora	infirmiora	2	4	confirm
28	horses'	horses	4	4	realword?
29	bx	bx	4	4	confirm
29	heroes	heroes	4	4	confirm
29	xxvin	xxvm	2	2	reject
29	moeror	moeror	3	3	confirm
29	ac	ac	4	4	confirm
29	moestitia	moestitia	4	4	confirm
29	heroes	heroes	4	4	confirm
29	shalt	shall	2	4	realword?
29	necro	necro	4	4	confirm
29	mancer	mancer	4	4	confirm
29	X	v	4	4	realword?
29	be	he	3	4	realword?
29	levibus	levibus	4	4	confirm
29	ventis	isaiah	4	4	reject
29	simillima	simillima	2	2	confirm
29	somno	somno	2	2	confirm
29	spes	spes	3	4	confirm
29	vigilantium	vigilantium	3	4	confirm
29	somnia	somnia	3	3	confirm
29	Nihil	jsihil	3	4	reject
29	consolationem	consolationem	4	4	confirm
29	pertineat	pertineat	3	4	confirm
29	unsat	unsat	4	4	confirm
29	isfied	isfied	4	4	confirm
29	Ac	Ac	4	4	confirm
29	velut	velut	4	4	confirm
29	somnis	somnis	4	4	confirm
29	sitiens	sitiens	3	4	confirm
29	quum	quum	3	3	confirm
29	quaerit	quaerit	2	4	confirm
29	datur	datur	4	4	confirm
29	ardorem	ardorem	3	4	confirm
29	membris	membris	3	4	confirm
29	stinguere	stinguere	3	3	confirm
29	possit	possit	3	3	confirm
29	Sed	Sed	3	3	confirm
29	laticum	laticum	4	4	confirm
29	frustraque	frustraque	3	4	confirm
29	laborat	laborat	3	3	confirm
29	medioque	medioque	3	4	confirm
29	sitit	sitit	3	3	confirm
29	torrenti	torrenti	3	3	confirm
29	flumine	flumine	3	3	confirm
29	potans	potans	4	4	confirm
29	Virgil	Virgil	4	4	confirm
29	staunt	staunt	4	4	confirm
29	erblindet	erblindet	3	4	confirm
29	blindet	blindet	4	4	confirm
29	cas	cas	4	4	confirm
29	ethe	ethe	4	4	confirm
29	D	o	2	4	realword?
29	Weissagung	weissa	3	4	reject
29	Schrift	Schrift	4	4	confirm
29	oaSBfi	o	2	4	reject
29	ttfie	wie	3	4	reject
29	isn	m	2	4	reject
29	heiligen	heiligen	4	4	confirm
3	sustentador	sustentador	4	4	confirm
3	sustentadora	sustentadora	4	4	confirm
3	vigorem	vigo	4	4	reject
3	fulcimentum	fulcimentum	4	4	confirm
3	fulturam	fulturam	4	4	confirm
3	Stiitze	Stiitze	3	4	confirm
3	Stiitze	Stiitze	3	4	confirm
3	Hk	Hk	4	4	confirm
3	Hn	Hn	3	3	confirm
3	clarum	clarum	3	3	confirm
3	ordinaryrank	man	4	4	reject
3	ducem	ducem	4	4	confirm
3	militem	militem	3	4	confirm
3	Kn	Kn	3	3	confirm
3	Oberste	Oberste	4	4	confirm
3	Gemeine	Gemeine	4	4	confirm
3	Hk	Hk	3	4	confirm
3	nbp	cop	3	4	reject
3	falsa	falsa	4	4	confirm
3	Judaeis	Judaeis	4	4	confirm
3	pariter	pariter	3	4	confirm
3	auferentur	auferentur	3	3	confirm
3	senem	senem	4	4	confirm
3	Bs	Bs	4	4	confirm
3	Aeltesten	Aeltesten	4	4	confirm
3	Luth	Luth	4	4	confirm
3	counsellor	counsellor	4	4	confirm
3	honorabilem	honorabilem	4	4	confirm
3	vultu	vultu	4	4	confirm
3	Mai	Mai	4	4	confirm
3	Leute	Leute	4	4	confirm
3	counsellor	counsellor	4	4	confirm
3	profes	profes	4	4	confirm
3	sional	isaiah	4	4	reject
3	counsellor	counsellor	4	4	confirm
3	Passow's	Passow's	4	4	confirm
3	Hn	Hn	3	3	confirm
3	Hexenmeister	Hexenmeister	3	3	confirm
3	weise	weise	4	4	confirm
3	mechanicarum	mechanicarum	4	4	confirm
3	artiurn	ar	4	4	reject
3	gute	gute	4	4	confirm
3	WafFenschmiede	WafFenschmiede	4	4	confirm
3	kundigen	kundigen	2	2	confirm
3	des	des	4	4	confirm
3	opiHa	o	2	4	reject
3	eloquii	eloquii	3	3	confirm
3	mystici	mystici	4	4	confirm
3	Hk	Hk	4	4	confirm
3	Kn	Kn	4	4	confirm
3	Gro	Gro	4	4	confirm
3	ratione	ratione	3	3	confirm
3	aetatis	aetatis	3	3	confirm
3	sed	sed	3	3	confirm
3	imprudentiae	imprudentiae	3	3	confirm
3	ineptitudinis'	ineptitudinis	3	3	reject
3	srttbri	x	2	4	reject
3	Bs	Bs	4	4	confirm
3	insolescet	insolescet	4	4	confirm
3	Fr	Fr	4	4	confirm
3	portera	portera	4	4	confirm
3	arrogamment	arrogamment	4	4	confirm
3	sttirmen	stiir	4	4	reject
3	lossturmen	lossturmen	2	4	confirm
3	wiithet	wiithet	4	4	confirm
3	antea	antea	4	4	confirm
3	spretus	spretus	4	4	confirm
3	erat	erat	4	4	confirm
3	domesticum	domes	4	4	reject
3	cognatum	cognatum	4	4	confirm
3	Hendew	Hendew	4	4	confirm
3	Einen	Einen	4	4	confirm
3	von	von	4	4	confirm
3	seinen	seinen	4	4	confirm
3	agedum	agedum	4	4	confirm
3	Pesh	Pesh	4	4	confirm
3	Bs	Bs	4	4	confirm
3	Kn	Kn	4	4	confirm
3	refisal	words	2	2	reject
3	Pesh	Pesh	4	4	confirm
3	Hn	Hn	4	4	confirm
3	I	j	2	3	realword?
3	Hk	Hk	2	2	confirm
3	Hn	Hn	4	4	confirm
3	Kn	Kn	4	4	confirm
3	Under	binder	3	4	realword?
3	medicus	and	4	4	reject
3	Artzt	Artzt	4	4	confirm
3	Hn	Hn	4	4	confirm
3	Kn	Kn	4	4	confirm
3	adinventiones	adinventiones	4	4	confirm
3	conata	conata	4	4	confirm
3	downfal	downfal	3	4	confirm
3	Zedekiah	Zedekiah	3	3	confirm
3	habita	habita	3	3	confirm
3	hominum	hominum	3	3	confirm
3	ihr	ihr	3	3	confirm
3	Ansehn	Ansehn	4	4	confirm
3	der	der	4	4	confirm
3	probatio	probatio	4	4	confirm
3	adspectus	adspectus	4	4	confirm
3	Gussetius	Gussetius	4	4	confirm
3	dant	dant	4	4	confirm
3	cognoscendum	cognoscendum	4	4	confirm
3	Ausdruck	Ausdruck	3	3	confirm
3	habebant	habe	2	2	reject
3	peccatis	peccatis	3	3	confirm
3	bonum	bonum	3	3	confirm
3	perdunt	perdunt	3	4	confirm
3	peccandi	peccandi	3	3	confirm
3	verecundiam	verecundiam	4	4	confirm
3	d'Arblay	d'Arblay	3	4	confirm
3	Dr	Dr	4	4	confirm
3	Burney	Burney	2	4	confirm
3	Omiah	Omiah	2	2	confirm
3	ins	ins	3	4	confirm
3	sibimet	isaiah	4	4	reject
3	ipsis	ipsis	3	3	confirm
3	faciunt	faciunt	4	4	confirm
3	thaten	thaten	4	4	confirm
3	sich	sich	4	4	confirm
3	Comm	Comm	3	4	confirm
3	ba	be	4	4	realword?
3	justum	justum	4	4	confirm
3	praedicate	praedicate	4	4	confirm
3	beatum	beatum	4	4	confirm
3	preiset	preiset	4	4	confirm
3	Gerechten	Gerechten	4	4	confirm
3	dicite	dicite	4	4	confirm
3	sn	s	2	4	reject
3	loc	loc	4	4	confirm
3	pluralis	pluralis	4	4	confirm
3	majestaticus	majestaticus	4	4	confirm
3	ducunt	ducunt	4	4	confirm
3	seducunt	seducunt	4	4	confirm
3	leyden	leyden	3	4	confirm
3	verleyden	verleyden	3	3	confirm
3	deine	deine	4	4	confirm
3	Fiihrer	Fiihrer	4	4	confirm
3	verfuhren	verfiihren	4	4	reject
3	overthrown	overthrown	4	4	confirm
3	therof	therof	3	4	confirm
3	des	des	2	2	confirm
3	Dulders	Dulders	3	3	confirm
3	Raub	Raub	4	4	confirm
3	Hk	Hk	4	4	confirm
3	Hn	Hn	4	4	confirm
3	predomi	predomi	4	4	confirm
3	Hn	Hn	4	4	confirm
3	mentientes	mentientes	4	4	confirm
3	oculis	oculis	4	4	confirm
3	oculos	oculos	4	4	confirm
3	circumducto	circumducto	4	4	confirm
3	nigrore	nigrore	4	4	confirm
3	fucare	fucare	3	4	confirm
3	Virg	Virg	4	4	confirm
3	vagantes	vagantes	4	4	confirm
3	oculis	oculis	4	4	confirm
3	frech	frech	4	4	confirm
3	werfend	werfend	4	4	confirm
3	schielender	schielender	4	4	confirm
3	Schroeder	Schroeder	4	4	confirm
3	Commentarius	com	4	4	reject
3	criticus	criticus	4	4	confirm
3	vestitu	vestitu	4	4	confirm
3	mulierum	mulierum	4	4	confirm
3	Hebraearum	Hebraearum	4	4	confirm
3	Jesai	Jesai	4	4	confirm
3	praefatione	praefatione	4	4	confirm
3	Alberti	Alberti	4	4	confirm
3	Lugd	Lugd	4	4	confirm
3	Hebraerinn	Hebraerinn	4	4	confirm
3	Putztische	Putztische	4	4	confirm
3	als	als	4	4	confirm
3	Braut	Braut	4	4	confirm
3	Schroeder	Schroeder	4	4	confirm
3	Halsbande	Halsbande	4	4	confirm
3	boxes	boxes	4	4	confirm
3	fascinum	fascinum	4	4	confirm
3	Eng	Eng	4	4	confirm
3	acus	acus	4	4	confirm
3	acus	acus	3	3	confirm
3	discriminales	discriminales	4	4	confirm
3	Schroeder	Schroeder	2	2	confirm
3	der	der	3	3	confirm
3	feinen	feinen	3	4	confirm
3	Zeuge	Zeuge	3	3	confirm
3	Eng	Eng	4	4	confirm
3	Ueberwurfe	ueberwiirfe	2	3	reject
3	nd	throne	3	3	reject
3	odour	odour	4	4	confirm
3	fall	full	4	4	realword?
3	pa	ps	2	4	realword?
3	Hk	Hk	3	4	confirm
3	laceratio	laceratio	3	3	confirm
3	ein	ein	4	4	confirm
3	Fetzen	Fetzen	4	4	confirm
3	zona	zona	4	4	confirm
3	einen	einen	4	4	confirm
3	Pesh	Pesh	4	4	confirm
3	rvs	n	3	4	reject
3	du	du	4	4	confirm
3	teint	teint	4	4	confirm
3	le	le	4	4	confirm
3	adusta	adusta	4	4	confirm
3	dein	dein	4	4	confirm
3	Pobel	Pobel	4	4	confirm
3	homines	homines	4	4	confirm
3	Fr	Fr	4	4	confirm
3	tes	tes	4	4	confirm
3	viri	viri	4	4	confirm
3	deine	deine	4	4	confirm
3	Hn	Hn	4	4	confirm
3	tuum	tuum	4	4	confirm
3	Fr	Fr	4	4	confirm
3	deine	deine	4	4	confirm
3	Mannschaft	Mannschaft	4	4	confirm
3	expurgata	expurgata	4	4	confirm
3	evacuata	evacuata	4	4	confirm
3	ausgeleert	ausgeleert	4	4	confirm
3	entkr	entkr	4	4	confirm
3	ftet	ftet	4	4	confirm
3	desolata	desolata	4	4	confirm
3	verodet	verodet	4	4	confirm
3	einsam	einsam	4	4	confirm
3	quae	quae	4	4	confirm
3	erat	erat	4	4	confirm
3	Vespasian's	Vespasian's	4	4	confirm
3	Judaea	Judaea	4	4	confirm
3	Capta	Capta	4	4	confirm
3	r	t	2	4	realword?
3	Connubii	Connubii	4	4	confirm
3	liceat	liceat	4	4	confirm
3	turaulo	tumulo	4	4	reject
30	fundendum	fundendum	2	4	confirm
30	fusile	fusile	2	2	confirm
30	o	n	2	4	realword?
30	Hanes	Hanes	4	4	confirm
30	Tanis	Tanis	4	4	confirm
30	Hanes	Hanes	4	4	confirm
30	Champollion	Champollion	4	4	confirm
30	Hnes	Hnes	3	4	confirm
30	Ehnes	Ehnes	4	4	confirm
30	Memphis	Memphis	4	4	confirm
30	Hanes	Hanes	3	4	confirm
30	Hanes	Hanes	4	4	confirm
30	vagances	vagances	4	4	confirm
30	Hanes	Hanes	3	4	confirm
30	Sevechus	Sevechus	4	4	confirm
30	Tirhakah	Tirhakah	4	4	confirm
30	incon	incon	4	4	confirm
30	trovertible	trovertible	4	4	confirm
30	Ammianus	am	3	4	reject
30	innumeras	innumeras	4	4	confirm
30	omnem	omnem	4	4	confirm
30	perniciem	perniciem	4	4	confirm
30	saevientes	saevientes	4	4	confirm
30	basiliscos	basiliscos	4	4	confirm
30	scytalas	scytalas	4	4	confirm
30	dipsadas	dipsadas	4	4	confirm
30	aliasque	aliasque	4	4	confirm
30	complures	complures	4	4	confirm
30	heroes	heroes	4	4	confirm
30	animosus	animosus	3	3	confirm
30	annosus	annosus	4	4	confirm
30	leacna	leaena	3	4	reject
30	violentus	violentus	3	4	confirm
30	Lowe	Lowe	4	4	confirm
30	oratio	oratio	3	3	confirm
30	pronunciata	pronunciata	3	4	confirm
30	meridiano	meridiano	2	2	confirm
30	hippopotamo	hippopotamo	2	2	confirm
30	gibbum	gibbum	4	4	confirm
30	cameli	cameli	3	4	confirm
30	superbia	superbia	2	4	confirm
30	on	en	2	4	realword?
30	Grossmaul	gross	3	4	reject
30	sitzt	sitzt	4	4	confirm
30	sitteth	sittcth	2	4	reject
30	nst	and	2	4	reject
30	on	en	2	4	realword?
30	Trotzige	Trotzige	4	4	confirm
30	rrte	nib	2	3	reject
30	mb	nib	3	4	reject
30	mdetis	videtis	4	4	reject
30	Verschmitztheit	Verschmitztheit	3	3	confirm
30	Querwege	Querwege	3	3	confirm
30	bsb	bsb	3	4	confirm
30	ein	ein	3	4	confirm
30	sherd	sherd	4	4	confirm
30	aliquis	aliquis	4	4	confirm
30	franget	franget	4	4	confirm
30	comminuetur	comminuetur	4	4	confirm
30	Sherd	Sherd	4	4	confirm
30	fliegen	fliegen	3	4	confirm
30	fliehen	fliehen	2	3	confirm
30	n	d	2	4	realword?
30	fliegen	fliegen	3	4	confirm
30	fliehen	fliehen	2	3	confirm
30	fluchtigen	fluchtigen	2	2	confirm
30	velociores	yelociores	2	4	reject
30	ftn	in	2	3	reject
30	Tannenbaum	Tannenbaum	4	4	confirm
30	hem	them	3	4	realword?
30	pr	pnp'	3	4	reject
30	ruhrt	riihrt	2	4	reject
30	nicht	nicht	4	4	confirm
30	ikon	thou	4	4	reject
30	diu	diu	3	4	confirm
30	flebis	flebis	2	3	confirm
30	weinen	weinen	4	4	confirm
30	weinen	weinen	4	4	confirm
30	sollst	sollst	4	4	confirm
30	du	du	4	4	confirm
30	nicht	nicht	4	4	confirm
30	begnadigen	begnadigen	4	4	confirm
30	begnadigen	begnadigen	4	4	confirm
30	audivit	audivit	4	4	confirm
30	respondit	respondit	4	4	confirm
30	tibi	tibi	4	4	confirm
30	dederit	dederit	4	4	confirm
30	siquidem	siquidem	4	4	confirm
30	gibt	gibt	4	4	confirm
30	euch	euch	4	4	confirm
30	dedit	dedit	4	4	confirm
30	arctum	arctum	4	4	confirm
30	aquam	aquam	4	4	confirm
30	brevem	bre	4	4	reject
30	modice	modice	4	4	confirm
30	cibaberis	cibaberis	4	4	confirm
30	flocffiC	flocks	4	4	reject
30	dextraveritis	dextraveritis	4	4	confirm
30	sinistraveritis	sinis	4	4	reject
30	jax	h	2	4	reject
30	shall	shalt	3	4	realword?
30	Rosenmiiller	rosenmuller	2	4	realword?
30	Virgil	Virgil	4	4	confirm
30	fruges	fruges	4	4	confirm
30	cultu	cultu	4	4	confirm
30	enatae	enatae	3	4	confirm
30	vorgeworfen	vorgeworfen	4	4	confirm
30	praestat	praestat	4	4	confirm
30	tacere	tacere	4	4	confirm
30	quam	quam	4	4	confirm
30	hariolari	hariolari	3	4	confirm
30	efferebant	efferebant	2	2	confirm
30	bleiche	bleiche	4	4	confirm
30	Mondlicht	Mondlicht	4	4	confirm
30	Glutlicht	Glutlicht	4	4	confirm
30	Maimonides	Maimonides	3	4	confirm
30	ipse	ipse	4	4	confirm
30	mihi	mihi	4	4	confirm
30	visus	visus	4	4	confirm
30	pulchrior	pulchrior	4	4	confirm
30	gratior	gratior	4	4	confirm
30	melius	melius	4	4	confirm
30	nitent	nitent	3	4	confirm
30	Deus	Deus	4	4	confirm
30	omni	omni	4	4	confirm
30	laude	laude	4	4	confirm
30	dignissimus	dignissimus	4	4	confirm
30	Raymund	ray	4	4	reject
30	Martini	Martini	4	4	confirm
30	erschallet	erschallet	3	4	confirm
30	echoes	echoes	4	4	confirm
30	ardens	ardens	4	4	confirm
30	IBS	isx	3	4	reject
30	sfa	isa	2	4	reject
30	nxtoa	nx	2	4	reject
30	Rauchsdule	Rauchsdule	2	3	confirm
30	Erhebung	erhe	2	2	reject
30	Oecolampadius	Oecolampadius	4	4	confirm
30	cribro	cribro	4	4	confirm
30	mendacii	mendacii	4	4	confirm
30	nihilum	nihilum	3	3	confirm
30	jG'i	c	3	4	reject
30	treibe	treibe	4	4	confirm
30	Tirhakah	Tirhakah	4	4	confirm
30	fera	fera	4	4	confirm
30	travers	travers	2	2	confirm
30	rro	rn	3	4	reject
30	qs	t	2	3	reject
30	Rosenmiiller	rosenmuller	2	3	realword?
30	nrn	rrn	2	4	reject
30	erschrecken	erschrecken	3	4	confirm
30	ri	ns	3	3	reject
30	ns	ns	2	4	confirm
30	excidit	excidit	4	4	confirm
30	schlug	schlug	4	4	confirm
30	schldgt	schlagt	4	4	reject
30	percussurus	per	3	4	reject
30	ibia	d	2	4	reject
30	strafenden	strafenden	4	4	confirm
30	recht	recht	4	4	confirm
30	auf	auf	4	4	confirm
30	Riicken	Riicken	4	4	confirm
30	geleget	geleget	4	4	confirm
30	lang	lang	4	4	confirm
30	verhangte	verhangte	4	4	confirm
30	gekampft	gekampft	4	4	confirm
30	Brandstatte	brand	4	4	reject
30	Scheiterhaufen	Scheiterhaufen	4	4	confirm
30	hesterno	hesterno	4	4	confirm
30	von	von	4	4	confirm
30	gestern	gestern	3	4	confirm
30	srrri	nrrn	2	3	reject
30	Wltn	r	2	4	reject
30	Ids	his	3	3	reject
30	Grube	Grube	4	4	confirm
30	Kirchhof	Kirchhof	4	4	confirm
31	Thebes	Thebes	4	4	confirm
31	Diodorus	Diodorus	4	4	confirm
31	Thebes	Thebes	4	4	confirm
31	Memphis	Memphis	4	4	confirm
31	rtin	njn	2	4	reject
31	or	for	3	4	realword?
31	iiber	iiber	2	4	confirm
31	mail's	man's	2	4	realword?
31	fortitudo	fortitudo	3	4	confirm
31	transibit	transibit	3	3	confirm
31	fugit	fugit	3	4	confirm
31	Zwingle	Zwingle	3	4	confirm
32	izrs	urx	2	2	reject
32	fistii	nsttj	2	4	reject
32	bss	baa	2	4	reject
32	bss	and	2	4	reject
32	Windbeutel	Windbeutel	3	4	confirm
32	ivomeii	women	3	4	reject
32	maJce	make	4	4	reject
32	XOTTTGO	y	2	4	reject
32	plango	plango	3	3	confirm
32	verhagelt	verhagelt	4	4	confirm
32	Chardin	Chardin	4	4	confirm
33	Antiochus	as	3	3	reject
33	Epiphanes	Epiphanes	4	4	confirm
33	Ferdinand	Ferdinand	4	4	confirm
33	be	he	2	3	realword?
33	fugiant	fugiant	4	4	confirm
33	V	b	3	4	realword?
33	Spain	Spain	4	4	confirm
33	nut	not	3	4	realword?
33	pptts	pp	2	4	reject
33	Heuschrecken	Heuschrecken	2	4	confirm
33	giert	giert	2	2	confirm
33	darnach	dar	3	3	reject
33	etre	etre	2	3	confirm
33	magnifie	magnifie	2	2	confirm
33	personae	personae	4	4	confirm
33	possessio	possessio	3	3	confirm
33	salutaris	salutaris	4	4	confirm
33	cfejos	t	2	4	reject
33	lQa	oqa	2	4	reject
33	videntes	videntes	4	4	confirm
33	sb	ob	3	3	reject
33	a	n	3	4	realword?
33	JL	jlc	2	3	reject
33	Rohrdommel	abhor	4	4	reject
33	heroes	heroes	4	4	confirm
33	Clerictis	cleri	4	4	reject
33	Niphates	Niphates	4	4	confirm
33	ishable	ishable	4	4	confirm
33	rrn	rm	2	4	reject
33	com	com	4	4	confirm
33	municated	municated	4	4	confirm
33	exerlasting	exerlasting	2	3	confirm
33	devouringJirel	devouring	4	4	reject
33	suo	suo	4	4	confirm
33	commorabitur	commorabitur	4	4	confirm
33	ignis	ignis	4	4	confirm
33	dcvorat	devorat	3	4	reject
33	won't	won't	3	4	confirm
33	A	v	4	4	realword?
33	allegorias	allegorias	4	4	confirm
33	sequi	sequi	4	4	confirm
33	putet	putet	3	4	confirm
33	quibus	quibus	4	4	confirm
33	alienus	alienus	3	4	confirm
33	tances	tances	4	4	confirm
33	Virgil	Virgil	4	4	confirm
33	Panduntur	Panduntur	4	4	confirm
33	portae	portae	4	4	confirm
33	juvat	juvat	2	3	confirm
33	Dorica	Dorica	4	4	confirm
33	videre	videre	4	4	confirm
33	Jilusque	see	3	3	reject
33	Berodach	Berodach	4	4	confirm
33	yu	y	2	4	reject
33	Schriftgelehrten	Schriftgelehrten	2	3	confirm
33	legis	legis	4	4	confirm
33	parvulorum	parvulorum	2	2	confirm
33	subtilis	subtilis	2	2	confirm
33	isb	isb	2	4	confirm
33	accomptant	accomptant	4	4	confirm
33	Capellus	Capellus	4	4	confirm
33	Ludovici	Ludovici	4	4	confirm
33	TSib	TSib	3	4	confirm
33	lipfrom	lip	4	4	reject
33	pro	prof	3	3	realword?
33	gutture	gutture	3	3	confirm
33	loquentem	loquentem	3	4	confirm
33	nulla	nulla	4	4	confirm
33	sapientia	sapientia	3	4	confirm
33	Medo	Medo	4	4	confirm
33	lo	to	4	4	realword?
33	Pellican	Pellican	4	4	confirm
33	Memphis	Memphis	4	4	confirm
33	propelled	propelled	3	3	confirm
33	pn	pn	4	4	confirm
33	laxati	laxati	3	4	confirm
33	adjeclive	adjec	2	2	reject
33	tx	tx	3	4	confirm
33	forgiven	forgiven	4	4	confirm
34	Haccohen	Haccohen	4	4	confirm
34	prophcticum	propheticum	4	4	reject
34	olentcs	olentes	3	4	reject
34	volvo	volvo	4	4	confirm
34	Dubia	Dubia	4	4	confirm
34	Vexata	Vexata	4	4	confirm
34	Hor	Hor	4	4	confirm
34	horrida	horrida	4	4	confirm
34	tempestas	tempestas	4	4	confirm
34	contraxit	contraxit	4	4	confirm
34	coelum	coelum	4	4	confirm
34	Jig	fig	3	3	realword?
34	Idumean	Idumean	3	4	confirm
34	ivie	wie	3	4	reject
34	voraus	voraus	3	4	confirm
34	Herods	Herods	4	4	confirm
34	Idumean	Idumean	3	4	confirm
34	A	v	4	4	realword?
34	Bostra	Bostra	3	3	confirm
34	Auranitis	Auranitis	4	4	confirm
34	Raumer	Raumer	4	4	confirm
34	Busaireh	Busaireh	4	4	confirm
34	Petraea	Petraea	4	4	confirm
34	Thibet	Thibet	4	4	confirm
34	Virgil	Virgil	4	4	confirm
34	Macedonia	Macedonia	4	4	confirm
34	recom	recom	4	4	confirm
34	penses	penses	4	4	confirm
34	ft	n	2	4	reject
34	Idumean	Idumean	4	4	confirm
34	iht	the	4	4	reject
34	Latium	Latium	4	4	confirm
34	Campania	Campania	4	4	confirm
34	Savonarola	Savonarola	4	4	confirm
34	Comines	Comines	4	4	confirm
34	Nero	Nero	4	4	confirm
34	diu	diu	3	3	confirm
34	Virgil	Virgil	4	4	confirm
34	Volney	Volney	4	4	confirm
34	Seetzen	Seetzen	4	4	confirm
34	Burckhardt	Burckhardt	3	4	confirm
34	onocrotalus	onocrotalus	4	4	confirm
34	Petra	Petra	4	4	confirm
34	Burckhardt	Burckhardt	4	4	confirm
34	Tafyle	Tafyle	4	4	confirm
34	Jcatta	katta	3	4	reject
34	Jcatta	katta	3	4	reject
34	quisquis	quisquis	4	4	confirm
34	conabitur	conabitur	4	4	confirm
34	August	augusti	3	4	realword?
34	ziehi	zieht	4	4	reject
34	extendetur	extendetur	2	2	confirm
34	Burckhardt	Burckhardt	4	4	confirm
34	perpendiculuni	perpendiculum	4	4	reject
34	mensuram	mensuram	3	4	confirm
34	vastabitur	vastabitur	3	3	confirm
34	regulam	regulam	3	3	confirm
34	depopulabitur	dcpopu	2	4	reject
34	nobiles	nobiles	3	4	confirm
34	heroes	heroes	4	4	confirm
34	nobles'	nobles	2	4	realword?
34	recolent	recolent	2	4	confirm
34	lo	to	4	4	realword?
34	Horites	Horites	3	4	confirm
34	o'nh	n	2	3	reject
34	Petra	Petra	4	4	confirm
34	pp	pp	4	4	confirm
34	tles	tles	4	4	confirm
34	spinis	spinis	3	4	confirm
34	Virgil	Virgil	3	4	confirm
34	spinis	spinis	3	3	confirm
34	surgit	surgit	3	4	confirm
34	acutis	acutis	3	3	confirm
34	Weide	Weide	2	4	confirm
34	thoes	thoes	4	4	confirm
34	Raubthiere	Raubthiere	4	4	confirm
34	Zihim	Zihim	4	4	confirm
34	Ijim	jjim	2	4	reject
34	Sylvani	Sylvani	3	3	confirm
34	Faunis	Faunis	3	4	confirm
34	jicas	cover	2	4	reject
34	hirciform	hirciform	4	4	confirm
34	spectre	spectre	4	4	confirm
34	duyvel	duyvel	4	4	confirm
34	pilosus	pilosus	3	4	confirm
34	Seir	Seir	4	4	confirm
34	quinimo	quinimo	4	4	confirm
34	Stt	aa	2	4	reject
34	nonnisi	nonnisi	4	4	confirm
34	nocturna	nocturna	4	4	confirm
34	varnpyre	varnpyre	2	4	confirm
34	spectre	spectre	4	4	confirm
34	newborn	newborn	4	4	confirm
34	paid	paid	4	4	confirm
34	spectres	spectres	4	4	confirm
34	spectres	spectres	4	4	confirm
34	obo	ob	4	4	reject
34	spectre	spectre	4	4	confirm
34	Gesenius'	gesenius's	2	3	realword?
34	he	be	4	4	realword?
34	n	r	2	4	realword?
34	spectre	spectre	4	4	confirm
34	spectre	spectre	4	4	confirm
34	ihm	ihm	4	4	confirm
34	beliebt	beliebt	3	4	confirm
34	tiBp	tisp	2	4	reject
34	ululd	ulula	3	4	reject
34	jaculus	jaculus	4	4	confirm
34	habuit	habuit	4	4	confirm
34	foveam	foveam	3	4	confirm
34	catulos	catulos	2	2	confirm
34	rircumfodit	circumfodit	4	4	reject
34	Rosenmiiller	rosenmuller	2	4	realword?
34	fovei	fovet	2	4	reject
34	ruinis	minis	4	4	reject
34	unus	units	2	3	realword?
34	altero	altero	3	4	confirm
34	torqueamur	torqueamur	4	4	confirm
34	Horace	Horace	4	4	confirm
34	Priami	Priami	3	4	confirm
34	Paridisque	Paridisque	3	3	confirm
34	busto	busto	3	3	confirm
34	catulos	catulos	2	2	confirm
34	celant	celant	2	4	confirm
34	inultae	inultae	2	2	confirm
34	SJE	bsa	2	3	reject
34	Simonis	Simonis	4	4	confirm
34	nunquam	nunquam	3	3	confirm
34	restituetur	restituetur	3	4	confirm
34	respublica	respublica	3	3	confirm
34	Judaeorum	Judaeorum	4	4	confirm
34	terra	terra	4	4	confirm
35	CHEAT	great	3	4	realword?
35	xn	xn	3	4	confirm
35	c	d	2	3	realword?
35	Kennicott	Kennicott	4	4	confirm
35	a	d	4	4	realword?
35	Abulwalid	Abulwalid	4	4	confirm
35	autumnale	autumnale	2	3	confirm
35	meadowsaffron	meadow	2	2	reject
35	Oecolampadius	Oecolampadius	4	4	confirm
35	hoch	hoch	2	4	confirm
35	sprosst	sprosst	2	2	confirm
35	auf	auf	3	3	confirm
35	ganz	ganz	4	4	confirm
35	sprosset	sprosset	4	4	confirm
35	August	augusti	4	4	realword?
35	bluhen	bluhen	3	4	confirm
35	ja	ja	3	3	confirm
35	aderunt	aderunt	4	4	confirm
35	nb	nb	3	4	confirm
35	vestras	vestras	4	4	confirm
35	Menochius	Menochius	4	4	confirm
35	Gurtlerus	Gurtlerus	4	4	confirm
35	ISIE	n	2	4	reject
35	nullas	nullas	4	4	confirm
35	aequo	aequo	4	4	confirm
35	animo	animo	4	4	confirm
35	ferre	ferre	4	4	confirm
35	possunt	possunt	4	4	confirm
35	recom	recom	2	2	confirm
35	penses	penses	4	4	confirm
35	ullionem	ullionem	2	4	confirm
35	adducet	adducet	2	2	confirm
35	retributionis	retributionis	3	4	confirm
35	Calovius	Calovius	4	4	confirm
35	indisposi	indisposi	4	4	confirm
35	tion	tion	4	4	confirm
35	quibus	quibus	4	4	confirm
35	intelligere	intelligere	4	4	confirm
35	licebit	licebit	4	4	confirm
35	quamquam	quamquam	4	4	confirm
35	propriam	propriam	3	4	confirm
35	verborum	verborum	3	3	confirm
35	potestatem	potestatem	4	4	confirm
35	sectemur	sectemur	4	4	confirm
35	quotiescumque	quotiescumque	4	4	confirm
35	licet	licet	4	4	confirm
35	nos	nos	3	4	confirm
35	necesse	necesse	2	4	confirm
35	tralatitium	tralatitium	3	4	confirm
35	adeoque	adeoque	3	3	confirm
35	allegoricum	allegoricum	4	4	confirm
35	vocatur	vocatur	2	3	confirm
35	devenire	devenire	3	3	confirm
35	quae	quae	4	4	confirm
35	erat	erat	4	4	confirm
35	arida	arida	4	4	confirm
35	fata	fata	4	4	confirm
35	Kimmung	Kimmung	4	4	confirm
35	Sandmeer	Sandmeer	3	3	confirm
35	Sandschimmer	Sandschimmer	3	3	confirm
35	vapoury	vapoury	4	4	confirm
35	Curtius	Curtius	4	4	confirm
35	aestivi	aestivi	4	4	confirm
35	accendit	accendit	4	4	confirm
35	Camporum	Camporum	4	4	confirm
35	alia	alia	4	4	confirm
35	quam	quam	4	4	confirm
35	vasti	vasti	4	4	confirm
35	profundi	profundi	4	4	confirm
35	aequoris	aequoris	4	4	confirm
35	Hyde	Hyde	4	4	confirm
35	Sprudelquellen	Sprudelquellen	3	4	confirm
35	nsn	rulers	4	4	reject
35	erit	erit	4	4	confirm
35	arundini	arundini	4	4	confirm
35	excrescet	excrescet	4	4	confirm
35	orietur	orietur	4	4	confirm
35	px	ynx	3	4	reject
35	plaralis	pluralis	4	4	reject
35	cubili	cubili	4	4	confirm
35	cujusque	cujusque	4	4	confirm
35	emperors'and	emperors	4	4	reject
35	nbibo	nbibo	4	4	confirm
35	xb	xb	3	4	confirm
35	aggerata	aggerata	2	2	confirm
35	exaltata	exaltata	4	4	confirm
35	lapidibus	lapidibus	4	4	confirm
35	munita	munita	4	4	confirm
35	Musculus	Musculus	4	4	confirm
35	vocabitur	vocabitur	4	4	confirm
35	quia	quia	4	4	confirm
35	erit	erit	4	4	confirm
35	theuncircumcised	the	3	4	reject
35	erit	erit	4	4	confirm
35	illis	illis	3	4	confirm
35	ambulans	ambulans	3	3	confirm
35	erit	erit	4	4	confirm
35	ipse	ipse	4	4	confirm
35	illis	illis	3	4	confirm
35	viae	viae	4	4	confirm
35	erit	erit	3	4	confirm
35	illis	illis	2	3	confirm
35	viam	viam	3	3	confirm
35	ingredietur	ingredietur	2	3	confirm
35	salutis	salutis	4	4	confirm
35	nostrae	nos	4	4	reject
35	Weg	Weg	4	4	confirm
35	ihnen	ihnen	4	4	confirm
35	geht	geht	3	4	confirm
35	stulti	stulti	4	4	confirm
35	quidem	quidem	4	4	confirm
35	poterunt	pote	4	4	reject
35	n	d	3	3	realword?
35	n	d	2	4	realword?
35	leves	leves	4	4	confirm
35	bestia	bestia	4	4	confirm
35	reissendes	reissendes	4	4	confirm
35	violenta	violenta	2	4	confirm
35	ferarum	fer	2	3	reject
35	ein	ein	4	4	confirm
35	zerreissendes	zerreissendes	4	4	confirm
35	unter	unter	4	4	confirm
35	ihnen	ihnen	4	4	confirm
35	gewaltsamste	gewaltsamste	3	4	confirm
35	der	der	3	3	confirm
35	Thiere	Thiere	4	4	confirm
35	y	p	3	3	realword?
35	cnbixa	d	2	4	reject
35	vindicati	vindicati	4	4	confirm
35	asserti	asserti	3	4	confirm
35	von	von	3	3	confirm
35	ihm	ihm	3	4	confirm
35	gesichert	gesichert	2	3	confirm
35	labm	i	2	4	reject
35	redempti	redempti	3	4	confirm
35	ambulent	ambulent	2	3	confirm
35	ibunt	ibunt	3	4	confirm
35	asserti	asserti	3	3	confirm
35	redempti	redempti	3	4	confirm
35	gehen	so	4	4	reject
35	nur	nur	4	4	confirm
35	Erloste	Erloste	4	4	confirm
35	gehen	gehen	4	4	confirm
35	dort	dort	2	4	confirm
35	ceux	ceux	4	4	confirm
35	desquels	desquels	4	4	confirm
35	TEternel	veternel	3	4	reject
35	rancon	rangon	4	4	reject
35	Ecc	Ecc	4	4	confirm
35	mecum	mecum	4	4	confirm
35	Dominum	Dominum	4	4	confirm
35	supplex	supplex	3	4	confirm
35	tarn	earn	3	3	realword?
35	tempore	tempore	3	3	confirm
35	propitius	propitius	2	3	confirm
35	impleat	impleat	3	3	confirm
35	credens	credens	2	3	confirm
35	festinabit	festinabit	3	3	confirm
36	is	in	4	4	realword?
36	xxxn	xxxn	3	4	confirm
36	historiogra	historiogra	4	4	confirm
36	phers	phers	4	4	confirm
36	T	w	2	4	realword?
36	ol	ol	3	4	confirm
36	Lachish	Lachish	4	4	confirm
36	Lachish	Lachish	4	4	confirm
36	Lachish	Lachish	4	4	confirm
36	Lachish	Lachish	4	4	confirm
36	Lachish	Lachish	4	4	confirm
36	Lachish	Lachish	3	4	confirm
36	Joah	Joah	4	4	confirm
36	majordomo	majordomo	4	4	confirm
36	Joah	Joah	4	4	confirm
36	GrandMonarque	grand	3	3	reject
36	Isay	i	4	4	reject
36	reli	reli	4	4	confirm
36	gious	isaiah	4	4	reject
36	ifthou	if	4	4	reject
36	bs	bs	3	4	confirm
36	Joah	Joah	4	4	confirm
36	Aramean	Aramean	4	4	confirm
36	Aramean	Aramean	4	4	confirm
36	intelli	intelli	4	4	confirm
36	bx	bx	2	4	confirm
36	Jig	fig	2	4	realword?
36	jS	what	2	2	reject
36	Tiandl	hand	4	4	reject
36	Ivvah	Ivvah	4	4	confirm
36	Joah	Joah	4	4	confirm
36	confer	confer	4	4	confirm
36	Joah	Joah	4	4	confirm
37	Joah	Joah	4	4	confirm
37	Zedekiah	Zedekiah	4	4	confirm
37	Ahab	Ahab	4	4	confirm
37	Micaiah	Micaiah	4	4	confirm
37	Verwerfung	Verwerfung	4	4	confirm
37	iwin	n	3	4	reject
37	cpn	cpn	3	4	confirm
37	rrDim	maim	3	4	reject
37	mnn	main	2	4	reject
37	consentientem	consentientem	3	4	confirm
37	habeo	habeo	3	3	confirm
37	Sardis	Sardis	4	4	confirm
37	Abimelech	Abimelech	4	4	confirm
37	Knappen	Knappen	3	4	confirm
37	Buberi	buben	4	4	reject
37	ecce	ecce	4	4	confirm
37	apponam	apponam	4	4	confirm
37	illi	illi	4	4	confirm
37	ventum	ventum	4	4	confirm
37	rm	mi	2	4	reject
37	Libnah	lib	4	4	reject
37	embassador	embas	4	4	reject
37	eventu	eventu	3	4	confirm
37	Libnah	Libnah	4	4	confirm
37	Lachish	Lachish	4	4	confirm
37	Lachish	Lachish	4	4	confirm
37	Libnah	Libnah	3	3	confirm
37	Lachish	Lachish	4	4	confirm
37	Libnah	Libnah	4	4	confirm
37	Lachish	Lachish	4	4	confirm
37	Pelusium	Pelusium	4	4	confirm
37	Tirhakah	Tirhakah	3	4	confirm
37	oj	oj	2	2	confirm
37	Tirhakah	Tirhakah	4	4	confirm
37	Megasthenes	Megasthenes	4	4	confirm
37	Strabo	Strabo	4	4	confirm
37	Sesostris	Sesostris	3	4	confirm
37	Manetho	Manetho	4	4	confirm
37	Tirhakah	Tirhakah	4	4	confirm
37	Rosenmuller	rosenmiiller	3	4	realword?
37	Tacitus	Tacitus	4	4	confirm
37	Tirhakah	Tirhakah	4	4	confirm
37	b	x	2	4	realword?
37	hyperbolical	hyperbolical	4	4	confirm
37	Gozan	Gozan	4	4	confirm
37	Haran	Haran	4	4	confirm
37	Rezeph	Rezeph	3	4	confirm
37	Telassarl	telassar	4	4	reject
37	iicx	x	2	4	reject
37	Gozan	Gozan	4	4	confirm
37	Kaushan	Kaushan	4	4	confirm
37	Gauzanitis	sipphara	4	4	reject
37	Chaboras	Chaboras	3	3	confirm
37	Haran	Haran	4	4	confirm
37	Carrae	Carrae	4	4	confirm
37	Crassus	Crassus	4	4	confirm
37	Rezeph	Rezeph	3	4	confirm
37	Rhessapha	Rhessapha	4	4	confirm
37	Telassar	tel	4	4	reject
37	Tel	Tel	4	4	confirm
37	abib	abib	4	4	confirm
37	Telmelah	tel	4	4	reject
37	tel	tel	4	4	confirm
37	Ivvah	ivvahl	2	4	reject
37	Ivvah	Ivvah	4	4	confirm
37	Anammelech	Anammelech	4	4	confirm
37	Musculus	Musculus	4	4	confirm
37	levah	ivvah	2	4	reject
37	PX	x	2	4	reject
37	Ludolf	Ludolf	4	4	confirm
37	literae	literae	3	4	confirm
37	Thibet	Thibet	4	4	confirm
37	Bahr	Bahr	4	4	confirm
37	ipse	ipse	4	4	confirm
37	car	ear	3	4	realword?
37	tycs	ryes	2	4	reject
37	Lehrgebaudc	lehrgebdude	3	4	reject
37	Tjr	t	2	4	reject
37	s	r	2	4	realword?
37	verysame	very	4	4	reject
37	Greece	Greece	4	4	confirm
37	eh	ch	4	4	realword?
37	a	r	2	4	realword?
37	ihern	them	4	4	reject
37	pp	pp	4	4	confirm
37	bx	bx	4	4	confirm
37	bx	bx	2	4	confirm
37	bs	bs	2	4	confirm
37	bs	b	2	3	reject
37	rbira	rbips	2	4	reject
37	D	i	2	4	realword?
37	plify	plify	4	4	confirm
37	San	sin	2	2	realword?
37	Seetzen	Seetzen	3	3	confirm
37	hyperbolical	hyperbolical	4	4	confirm
37	I	v	4	4	realword?
37	Subsidere	Subsidere	3	4	confirm
37	nostris	nostris	3	3	confirm
37	pedibus	pedibus	3	3	confirm
37	monies	monies	3	4	confirm
37	arescere	arescere	2	3	confirm
37	vidimus	vidimus	2	2	confirm
37	fregi	fregi	2	4	confirm
37	Alpes	Alpes	2	2	confirm
37	victricibus	victri	2	2	reject
37	Credimus	Credimus	2	3	confirm
37	defecisse	defecisse	2	3	confirm
37	amnes	amnes	2	2	confirm
37	epotaque	epota	3	3	reject
37	shall	shalt	4	4	realword?
37	th	the	4	4	realword?
37	riaita	n	2	4	reject
37	ia	h	2	4	reject
37	buffaloes	buffaloes	4	4	confirm
37	rrso	mso	2	3	reject
37	mere	more	4	4	realword?
37	rnxrs	given	2	2	reject
37	Virgil	Virgil	4	4	confirm
37	Panduntur	Panduntur	3	4	confirm
37	portae	portae	4	4	confirm
37	juvat	juvat	2	3	confirm
37	Dorica	Dorica	4	4	confirm
37	videre	videre	4	4	confirm
37	naBipi	printing	3	4	reject
37	balista	balista	4	4	confirm
37	Zwtifelsucht	zivei	3	4	reject
37	jive	five	4	4	realword?
37	Pelusium	Pelusium	4	4	confirm
37	Sethos	Sethos	4	4	confirm
37	Sethos	Sethos	4	4	confirm
37	Sethos	Sethos	4	4	confirm
37	lg	ig	3	4	reject
37	valour	valour	4	4	confirm
37	Libnah	Libnah	4	4	confirm
37	befell	befell	4	4	confirm
37	Cicero's	Cicero's	4	4	confirm
37	Catiline's	Catiline's	4	4	confirm
37	abiit	abiit	4	4	confirm
37	excessit	excessit	4	4	confirm
37	evasit	evasit	4	4	confirm
37	erupit	erupit	2	4	confirm
37	Cilicia	Cilicia	4	4	confirm
37	Nisroch	Nisroch	4	4	confirm
37	Esarhaddon	Esarhaddon	4	4	confirm
37	selfdefence	self	4	4	reject
37	Berosus	Berosus	4	4	confirm
37	Ardumusanus	Ardumusanus	3	4	confirm
37	Abydenus	Abydenus	4	4	confirm
37	Adramelus	Adramelus	4	4	confirm
37	Aramean	Aramean	4	4	confirm
37	Esarhaddon	Esarhaddon	4	4	confirm
37	Asordanius	Asordanius	4	4	confirm
37	Berosus	Berosus	4	4	confirm
37	Axerdis	Axerdis	4	4	confirm
37	Abydenus	Abydenus	4	4	confirm
37	fflergilus	nergilus	4	4	reject
37	Abydenus	Abydenus	4	4	confirm
37	Ararat	Ararat	4	4	confirm
37	Armenia	Armenia	4	4	confirm
37	Ararat	Ararat	4	4	confirm
37	Ararat	Ararat	4	4	confirm
37	Armenia	Armenia	4	4	confirm
38	Lightfoot	Lightfoot	4	4	confirm
38	Prideaux	Prideaux	4	4	confirm
38	rd	rd	2	4	confirm
38	Plutarch	Plutarch	4	4	confirm
38	he	the	4	4	realword?
38	Ahab	Ahab	4	4	confirm
38	urbs	urbs	2	2	confirm
38	eventu	eventu	4	4	confirm
38	had	has	2	2	realword?
38	ond	isaiah	4	4	reject
38	Petavius	Petavius	4	4	confirm
38	Salmasius	Salmasius	4	4	confirm
38	Tnb	Tnb	3	4	confirm
38	aegrotasset	aegrotasset	4	4	confirm
38	convaluisset	conva	4	4	reject
38	I	v	4	4	realword?
38	I	j	2	3	realword?
38	Scheidius	Scheidius	4	4	confirm
38	dimidio	dimidio	4	4	confirm
38	seeii	seen	4	4	reject
38	W	m	3	4	realword?
38	PP	m	3	3	reject
38	Vm	bin	2	4	reject
38	Hn	bnn	2	4	reject
38	Schleiermacher	Schleiermacher	4	4	confirm
38	I	v	4	4	realword?
38	pres	pres	4	4	confirm
38	ent	ent	4	4	confirm
38	ear	fear	4	4	realword?
38	iwj	iws	2	4	reject
38	constructio	constructio	2	3	confirm
38	praegnans	praegnans	2	3	confirm
38	pertexe	pertexe	4	4	confirm
38	Ahab	Ahab	4	4	confirm
38	ivn	mn	2	4	reject
38	volumi	volumi	4	4	confirm
39	Hezckiah	Hezckiah	2	4	confirm
39	Berodach	Berodach	4	4	confirm
39	Bero	Bero	4	4	confirm
39	dach	dach	4	4	confirm
39	Medorach	Medorach	4	4	confirm
39	Von	Von	4	4	confirm
39	Bohlen	Bohlen	4	4	confirm
39	Aramean	Aramean	4	4	confirm
39	Nabopolassar	Nabopolassar	3	3	confirm
39	Mardokempad	Mardokempad	2	4	confirm
39	Berosus	Berosus	4	4	confirm
39	co	co	4	4	confirm
39	Croesus	Croesus	4	4	confirm
39	zov	top	2	4	reject
39	aromatum	aro	4	4	reject
39	Lorsbach	Lorsbach	4	4	confirm
39	fiiba	c	2	4	reject
39	nals	nals	4	4	confirm
39	armour	armour	4	4	confirm
39	ipV	ir	3	4	reject
39	Hezc	heze	4	4	reject
39	ah's	ah's	4	4	confirm
39	Ahijah	Ahijah	4	4	confirm
39	oh	ch	3	4	realword?
39	that	thai	2	4	realword?
39	be	he	3	4	realword?
39	eunuchi	eunuchi	2	3	confirm
39	London	London	4	4	confirm
39	nutriti	nutriti	4	4	confirm
39	Theasurus	Theasurus	4	4	confirm
39	contends	contends	4	4	confirm
39	inp	inp	2	4	confirm
39	np	rip	3	4	reject
39	naiv	naiv	4	4	confirm
39	egoistisch	egoistisch	4	4	confirm
39	egoismus	egoismus	4	4	confirm
39	Quamvis	Quamvis	3	4	confirm
39	enim	enim	3	3	confirm
39	aliud	aliud	2	2	confirm
39	seculum	seculum	2	2	confirm
39	maneret	maneret	4	4	confirm
39	praesentem	praesentem	2	2	confirm
39	gratiam	gratiam	2	2	confirm
39	debuit	debuit	2	2	confirm
39	servire	servire	3	3	confirm
39	debemus	debemus	3	3	confirm
39	ejusque	ejusque	3	3	confirm
39	praecipue	praecipue	4	4	confirm
39	habenda	habenda	3	4	confirm
39	negligendum	negligendum	3	3	confirm
39	sed	scd	2	3	reject
39	praesens	praes	2	3	reject
39	offidum	officium	2	2	reject
39	mortui	mortui	4	4	confirm
39	Jcen	ken	4	4	reject
39	n	o	2	2	realword?
39	Icall	i	4	4	reject
4	ftW	b	3	4	reject
4	Schleusner	Schleusner	4	4	confirm
4	regierende	regierende	4	4	confirm
4	Personale	Personale	4	4	confirm
4	des	des	4	4	confirm
4	Staates	Staates	4	4	confirm
4	Hn	Hn	4	4	confirm
4	confer	confer	4	4	confirm
4	Bs	Bs	4	4	confirm
4	Hn	Hn	4	4	confirm
4	unpoetical	unpoetical	4	4	confirm
4	Hk	Hk	4	4	confirm
4	Hn	Hn	4	4	confirm
4	Kn	Kn	4	4	confirm
4	Bs	Bs	4	4	confirm
4	Hk	Hk	4	4	confirm
4	Hn	Hn	4	4	confirm
4	ejecerit	eje	4	4	reject
4	Hn	Hn	4	4	confirm
4	Bs	Bs	4	4	confirm
4	Hk	Hk	4	4	confirm
4	Pesh	Pesh	4	4	confirm
4	Bs	Bs	4	4	confirm
4	Bs	Bs	4	4	confirm
4	Hn	Hn	4	4	confirm
4	Kn	Kn	3	3	confirm
4	i	l	3	4	realword?
4	Hk	Hk	4	4	confirm
4	Hk	Hk	4	4	confirm
4	jiaa	paa	2	4	reject
4	Hengst	Hengst	4	4	confirm
4	Kn	Kn	4	4	confirm
4	Hn	Hn	4	4	confirm
4	Hn	Hn	4	4	confirm
4	Kn	Kn	3	3	confirm
4	Hengst	Hengst	4	4	confirm
4	nsn	nsn	2	4	confirm
4	nsn	nsn	3	4	confirm
4	nss	riso	2	3	reject
4	Hn	Hn	4	4	confirm
4	Bs	Bs	4	4	confirm
4	Ungewitter	Ungewitter	4	4	confirm
40	sp	specific	4	4	reject
40	th	the	5	5	realword?
40	popuh	popuh	3	5	confirm
40	ht	let	3	5	reject
40	dicet	dicet	2	4	confirm
40	Rosenmuller	rosenmiiller	3	5	realword?
40	n	a	4	5	realword?
40	A	v	3	5	realword?
40	let	jet	4	5	realword?
40	be	he	5	5	realword?
40	reveletur	reveletur	3	5	confirm
40	be	he	2	3	realword?
40	Ob	Ob	4	4	confirm
40	vox	vox	5	5	confirm
40	dicentis	dicentis	5	5	confirm
40	August	augusti	3	4	realword?
40	eic	c	2	2	reject
40	rriru	itin	2	5	reject
40	esthetic	asthetic	2	3	reject
40	shortlived	shortlived	4	5	confirm
40	or	for	4	5	realword?
40	rrn	nn	3	5	reject
40	unpoetical	unpoetical	4	4	confirm
40	IDS	x	3	5	reject
40	Celeriter	Celeriter	3	5	confirm
40	omnes	omnes	3	3	confirm
40	perfertur	perfertur	4	4	confirm
40	atque	atque	4	5	confirm
40	illustrior	illustrior	4	4	confirm
40	incidit	incidit	5	5	confirm
40	res	res	5	5	confirm
40	clamore	clamore	5	5	confirm
40	agros	agros	5	5	confirm
40	regionesque	regionesque	4	5	confirm
40	hunc	hunc	4	5	confirm
40	alii	alii	4	4	confirm
40	deinceps	deinceps	5	5	confirm
40	excipiunt	excipiunt	5	5	confirm
40	proximis	proximis	5	5	confirm
40	tradunt	tradunt	4	5	confirm
40	nbn'p	r	2	5	reject
40	Lehrg	Lehrg	5	5	confirm
40	nsn	nin	2	5	reject
40	so'a	xia	3	5	reject
40	bs	h	2	5	reject
40	b	h	3	5	realword?
40	as	os	2	4	realword?
40	paid	paid	5	5	confirm
40	paid	paid	5	5	confirm
40	fcetas	fcetas	3	5	confirm
40	Melek	Melek	4	5	confirm
40	ivcighed	weighed	4	5	reject
40	tribus	tribus	4	5	confirm
40	digitis	digitis	4	4	confirm
40	Lehrgebaude	Lehrgebaude	4	5	confirm
40	mdkkeph	makkeph	4	5	reject
40	bilanx	bilanx	2	5	confirm
40	molem	molem	3	4	confirm
40	terra	terra	3	4	confirm
40	Richardson's	Richardson's	5	5	confirm
40	insn	inin	2	3	reject
40	counsellor	counsellor	3	3	confirm
40	counsellor	counsellor	5	5	confirm
40	counsellor	counsellor	5	5	confirm
40	counsellor	counsellor	5	5	confirm
40	thejgst	the	4	4	reject
40	counsellor	counsellor	5	5	confirm
40	vir	vir	5	5	confirm
40	consilium	consilium	5	5	confirm
40	scirefacict	scire	5	5	reject
40	counsellors	counsellors	3	3	confirm
40	uber	iiber	2	5	reject
40	rvm	ri	2	5	reject
40	sapientia	sapientia	3	5	confirm
40	hypostatica	hypostatica	2	3	confirm
40	communicavit	communicavit	5	5	confirm
40	consilium	consilium	4	5	confirm
40	instrueret	instrueret	4	4	confirm
40	allu	allu	5	5	confirm
40	sive	sive	5	5	confirm
40	IS	in	5	5	realword?
40	JLo	v	4	5	reject
40	are	ore	3	5	realword?
40	zu	zu	4	5	confirm
40	achten	achten	4	4	confirm
40	B	i	2	5	realword?
40	im	im	5	5	confirm
40	pendens	pendens	3	3	confirm
40	staterae	siaterae	3	4	reject
40	pntJ	pnt	2	5	reject
40	PJ	pp	3	4	reject
40	pH	p	4	5	reject
40	citlos	aitxog	2	5	reject
40	tollens	tollens	2	3	confirm
40	Rosenmuller	rosenmiiller	2	5	realword?
40	njr	ii	2	5	reject
40	ft	ib	3	5	reject
40	Hype	Hype	5	5	confirm
40	rion	rion	5	5	confirm
40	sint	sint	4	5	confirm
40	eo	eo	5	5	confirm
40	nihilum	nihilum	4	5	confirm
40	ia	i	2	5	reject
40	zu	zu	4	5	confirm
40	gesucht	gesucht	4	4	confirm
40	gesucht	gesucht	5	5	confirm
40	bx	x	3	5	reject
40	Deumfortem	Deumfortem	3	4	confirm
40	r	c	2	5	realword?
40	aurifabri	aurifabri	2	2	confirm
40	Poel	Poel	5	5	confirm
40	pflor	poor	5	5	reject
40	Lehrgebaude	Lehrgebaude	4	4	confirm
40	frugalior	frugalior	4	5	confirm
40	oblationis	oblationis	3	4	confirm
40	ttasnn	n	3	5	reject
40	amsuchan	amsuchan	4	5	confirm
40	artifcx	artifex	4	5	reject
40	quaerit	quaerit	4	5	confirm
40	quomodo	quomodo	4	4	confirm
40	ib	ib	3	5	confirm
40	r	t	2	4	realword?
40	p	y	2	4	realword?
40	ns	n	2	5	reject
40	wollt	wollt	4	5	confirm
40	ihr	ihr	4	4	confirm
40	nicht	nicht	4	4	confirm
40	erkennen	erkennen	4	4	confirm
40	wollt	wollt	4	4	confirm
40	ihrnicht	ihr	4	4	reject
40	yournational	yournational	2	3	confirm
40	of	or	5	5	realword?
40	arc	are	3	5	realword?
40	Melek	Melek	4	5	confirm
40	p	r	2	2	realword?
40	minuta	minuta	2	2	confirm
40	Wohnzelt	Wohnzelt	2	3	confirm
40	Whh	with	2	2	reject
40	scrutatores	scrutatores	4	5	confirm
40	blew	blew	5	5	confirm
40	i	b	4	5	realword?
40	Vbxs	i	3	5	reject
40	praeterita	praeterita	3	5	confirm
40	prophetica	prophetica	2	3	confirm
40	is	in	5	5	realword?
40	p	v	5	5	realword?
40	Zwingle	Zwingle	5	5	confirm
40	nba	nba	5	5	confirm
40	ttss	i	2	5	reject
40	epicu	epicu	5	5	confirm
40	rean	rean	5	5	confirm
40	ov	ov	4	5	confirm
40	inscru	inscru	5	5	confirm
40	fortiori	fortiori	5	5	confirm
40	moulting	moulting	5	5	confirm
40	nreQocpvqaovaiv	version	2	2	reject
40	assument	assument	4	4	confirm
40	Hensler	Hensler	5	5	confirm
40	moulting	moulting	5	5	confirm
40	der	der	5	5	confirm
40	Gedanke	Gedanke	4	5	confirm
40	richtig	richtig	4	5	confirm
41	expositio	expositio	3	5	confirm
41	violenta	violenta	2	3	confirm
41	quae	quae	3	3	confirm
41	nihil	nihil	3	3	confirm
41	sani	sani	3	3	confirm
41	praefert	praefert	3	5	confirm
41	enallao	enallao	2	3	confirm
41	Procopius	Procopius	5	5	confirm
41	usus	usus	4	5	confirm
41	loquendi	loquendi	4	4	confirm
41	co	co	5	5	confirm
41	Panionion	Panionion	5	5	confirm
41	Abdastartus	Abdastartus	5	5	confirm
41	Abdallah	Abdallah	3	5	confirm
41	amans	amans	3	5	confirm
41	amatus	amatus	2	3	confirm
41	JoJlit	jujl	3	5	reject
41	nstsj	nri	2	2	reject
41	rx	rx	2	3	confirm
41	corroboro	corroboro	2	3	confirm
41	truesense	former	5	5	reject
41	werenot	were	3	4	reject
41	seelc	seek	3	4	reject
41	thouworm	for	2	2	reject
41	mortui	mortui	5	5	confirm
41	estls	estis	4	5	reject
41	gekrummtes	gekrummtes	3	4	confirm
41	redde	redde	3	5	confirm
41	intrepide	intrepide	3	3	confirm
41	bxh	bxh	2	5	confirm
41	edges'	edges	5	5	realword?
41	that	thai	3	5	realword?
41	pE'n	p	2	5	reject
41	vielspitzig	vielspitzig	2	5	confirm
41	vielschneidig	yielschneidig	3	5	reject
41	shalt	shall	4	5	realword?
41	n	c	2	5	realword?
41	I	v	5	5	realword?
41	oiltree	oil	3	5	reject
41	box	box	5	5	confirm
41	nx	tin	3	4	reject
41	praestantissima	praestan	5	5	reject
41	sb	into	4	5	reject
41	accedant	accedant	5	5	confirm
41	vestra	vestra	5	5	confirm
41	quae	quae	5	5	confirm
41	putatis	putatis	5	5	confirm
41	esse	esse	5	5	confirm
41	Melek	Melek	4	5	confirm
41	he	the	5	5	realword?
41	Cyaxares	Cyaxares	5	5	confirm
42	ecce	ecce	3	5	confirm
42	ids	jds	2	3	reject
42	tia	passage	4	4	reject
42	Hensler	Hensler	5	5	confirm
42	vlog	vlbg	2	5	reject
42	passages	passage	5	5	realword?
42	co	co	5	5	confirm
42	ftjrH	messiah	4	4	reject
42	D	q	2	5	realword?
42	personam	personam	5	5	confirm
42	efferet	efferet	3	3	confirm
42	audiatur	audiatur	3	3	confirm
42	demeanour	demeanour	5	5	confirm
42	A	v	5	5	realword?
42	uiclc	nick	3	5	reject
42	ly	by	4	5	realword?
42	se	so	5	5	realword?
42	clamour	clamour	5	5	confirm
42	he	be	4	5	realword?
42	rx	cs	2	2	reject
42	clamour	clamour	5	5	confirm
42	he	be	4	5	realword?
42	ihc	the	2	2	reject
42	he	ae	3	5	realword?
42	consolida	consolida	5	5	confirm
42	spj	p	2	5	reject
42	pluralis	mere	2	2	reject
42	thett	the	2	2	reject
42	feeep	keep	4	4	reject
42	identical'with	identical	4	5	reject
42	Mittelsvolk	Mittelsvolk	5	5	confirm
42	counsellor	counsellor	5	5	confirm
42	paid	paid	5	5	confirm
42	foreseen	foreseen	5	5	confirm
42	foresaw	foresaw	5	5	confirm
42	lei	let	3	5	realword?
42	efferat	efferat	5	5	confirm
42	desertum	desertum	3	5	confirm
42	oppida	oppida	2	3	confirm
42	pagos	pagos	2	2	confirm
42	habitetur	habitetur	3	3	confirm
42	Kedarena	Kedarena	3	3	confirm
42	Petra	Petra	5	5	confirm
42	vir	vir	4	4	confirm
42	bellicosissimus	bellicosissimus	4	5	confirm
42	evigilans	evigilans	4	4	confirm
42	zelo	zelo	3	4	confirm
42	vir	vir	3	5	confirm
42	militaris	militaris	2	3	confirm
42	peritus	peritus	3	3	confirm
42	bellattir	bellator	2	3	reject
42	ardour	ardour	4	4	confirm
42	I	v	5	5	realword?
42	M	n	2	5	realword?
42	utparturientem	ut	4	4	reject
42	desolabo	desolaho	2	3	reject
42	DCIU	c	2	5	reject
42	des	enemy	2	3	reject
42	lakes'	lakes	4	5	realword?
42	o	c	2	5	realword?
42	back	hack	3	5	realword?
42	the'last	the	5	5	reject
42	videndo	videndo	3	4	confirm
42	intuemini	intuemini	2	3	confirm
42	intuemini	intuemini	2	3	confirm
42	donatus	donatus	3	5	confirm
42	redemtus	who	5	5	reject
42	nVrx	n	3	5	reject
42	salce	sake	2	2	reject
42	ip	ip'	2	5	reject
42	homes	houses	4	5	realword?
42	iB	to	2	3	reject
42	tcrgo	tergo	4	5	reject
42	MS	chapter	2	3	reject
42	M	t	2	5	realword?
42	I'BX	isx	2	5	reject
42	excandescentid	excandescentid	4	4	confirm
42	iram	iram	4	5	confirm
43	eh	ch	4	5	realword?
43	Menochius	Menochius	5	5	confirm
43	nnx	nns	3	5	reject
43	attah	attah	4	4	confirm
43	Meroe	Meroe	5	5	confirm
43	IBS	IBS	2	3	confirm
43	lo	to	5	5	realword?
43	colled	called	3	5	realword?
43	wellfounded	well	5	5	reject
43	educ	educ	5	5	confirm
43	d	q	2	5	realword?
43	ipw	p'	3	5	reject
43	be	he	3	5	realword?
43	fcjo	there	2	2	reject
43	me	mc	2	3	realword?
43	I	v	3	3	realword?
43	mong	among	2	4	realword?
43	tsa	ca	2	4	reject
43	anton	wanton	3	5	realword?
43	d	c	3	5	realword?
43	Xaldaioi	impotence	2	3	reject
43	Lustschiffe	Lustschiffe	4	4	confirm
43	Luftschiffe	Luftschiffe	3	5	confirm
43	rvnax	them	2	5	reject
43	K	a	2	3	realword?
43	IJehovah	v	5	5	reject
43	n	b	3	5	realword?
43	t	x	2	5	realword?
43	olah	olah	3	4	confirm
43	zebahi	zeba	3	5	reject
43	lebonah	lebonah	2	4	confirm
43	J	v	5	5	realword?
43	pattah	pattah	4	5	confirm
44	H	d	2	2	realword?
44	utero	utero	3	5	confirm
44	esse	esse	3	3	confirm
44	coepisti	coepisti	5	5	confirm
44	vm	n	2	5	reject
44	nemo	nemo	5	5	confirm
44	esse	esse	3	3	confirm
44	hyperbolicum	hyperbolicum	2	3	confirm
44	remutum	remutum	2	3	confirm
44	w	i	3	5	realword?
44	pp	pp	5	5	confirm
44	yyunqpevoii	version	2	2	reject
44	rectulus	rectulus	2	5	confirm
44	Mai	Mai	5	5	confirm
44	Haggai	Haggai	5	5	confirm
44	Malachi	Malachi	5	5	confirm
44	panicle	particle	3	5	realword?
44	Procopius	Procopius	5	5	confirm
44	king	icing	2	5	realword?
44	Zei	zevg	3	5	reject
44	caii	can	4	5	reject
44	p	t	4	5	realword?
44	Christi	Christi	5	5	confirm
44	nihil	nihil	5	5	confirm
44	antiquiiis	antiquius	4	5	reject
44	majus	majus	5	5	confirm
44	esse	esse	5	5	confirm
44	pn	n	3	5	reject
44	Jarch	Jarch	5	5	confirm
44	e	i	3	3	realword?
44	illorum	illorum	4	5	confirm
44	ipsi	ipsi	4	4	confirm
44	vident	vident	5	5	confirm
44	puncta	puncta	5	5	confirm
44	extraordinaria	extraordinaria	5	5	confirm
44	nisi	nisi	3	3	confirm
44	demens	demens	4	5	confirm
44	fellowworshippers	fellow	5	5	reject
44	ssa	i	2	5	reject
44	ploughshare	ploughshare	5	5	confirm
44	Virgil	Virgil	5	5	confirm
44	Georg	Georg	5	5	confirm
44	itti	illi	4	5	reject
44	sese	sese	3	3	confirm
44	magna	magna	2	2	confirm
44	brachia	brachia	3	5	confirm
44	tollunt	tollunt	2	3	confirm
44	tincto	tincto	5	5	confirm
44	ochre	ochre	2	2	confirm
44	ir	c	2	2	reject
44	r	t	2	5	realword?
44	mittit	mittit	3	4	confirm
44	Libanum	Libanum	5	5	confirm
44	homines	homines	5	5	confirm
44	fuerunt	fuerunt	3	4	confirm
44	suo	suo	4	4	confirm
44	concinnarunt	concinnarunt	4	4	confirm
44	rnsv	n	2	5	reject
44	sugo	sug	2	2	reject
44	res	res	5	5	confirm
44	Horace	Horace	5	5	confirm
44	Maluit	Maluit	2	3	confirm
44	Schilling	schelling	4	5	realword?
44	ja	l	2	3	reject
44	writers	writer's	5	5	realword?
44	keinem	keinem	4	5	confirm
44	Falle	Falle	4	4	confirm
44	passend	passend	5	5	confirm
44	sectatur	sectatur	5	5	confirm
44	cinerem	cinerem	4	5	confirm
44	pasci	pasci	5	5	confirm
44	aliqua	aliqua	5	5	confirm
44	metaph	metaph	5	5	confirm
44	delectari	delectari	5	5	confirm
44	b	v	2	5	realword?
44	I	v	3	3	realword?
44	fur	for	4	5	realword?
44	trtis	c	3	5	reject
44	madmen	madmen	5	5	confirm
44	Xenophon's	Xenophon's	5	5	confirm
44	Cyropaedia	Cyropaedia	4	5	confirm
44	Gyndes	Gyndes	5	5	confirm
44	Thatof	Thatof	2	2	confirm
44	shall	shalt	5	5	realword?
44	shall	shalt	4	5	realword?
44	Astyages	Astyages	5	5	confirm
44	Cyropaedia	Cyropaedia	5	5	confirm
44	unanstandig	unanstundig	2	5	reject
44	w	n	2	5	realword?
44	Hebraicum	Hebraicum	5	5	confirm
44	res	res	5	5	confirm
44	literarn	literarn	3	5	confirm
44	legamus	legamus	2	3	confirm
44	intelligitur	intelligitur	4	4	confirm
44	sciens	sciens	5	5	confirm
44	vel	vel	5	5	confirm
44	intelligens	intelligens	3	5	confirm
44	quarum	quarum	3	3	confirm
44	similitudo	similitudo	4	5	confirm
44	parvo	parvo	4	4	confirm
44	apice	apice	5	5	confirm
44	distinguitur	distinguitur	5	5	confirm
44	is'nis	dnis	3	5	reject
44	priori	priori	5	5	confirm
44	Christologie	Christologie	5	5	confirm
44	Strabo	Strabo	5	5	confirm
44	Agradates	Agradates	4	5	confirm
44	Von	Von	5	5	confirm
44	Lengerke	Lengerke	5	5	confirm
44	Abimelechs	Abimelechs	5	5	confirm
44	Amalekitish	Amalekitish	5	5	confirm
44	Christologie	Christologie	5	5	confirm
45	Rosenmuller	rosenmiiller	3	5	realword?
45	delumbo	delumbo	2	5	confirm
45	Xenophon	Xenophon	4	5	confirm
45	I	v	5	5	realword?
45	Abydenus	Abydenus	5	5	confirm
45	Croesus	Croesus	5	5	confirm
45	Brerewood's	Brerewood's	5	5	confirm
45	ly	by	5	5	realword?
45	I	v	3	3	realword?
45	m	r	2	5	realword?
45	mappik	mappik	5	5	confirm
45	co	co	5	5	confirm
45	distil	distil	5	5	confirm
45	a	n	2	3	realword?
45	rx	rx	3	5	confirm
45	MB	the	2	2	reject
45	intosfi	ntosn	2	4	reject
45	s	c	2	2	realword?
45	Ecc	Ecc	5	5	confirm
45	ofthee	of	2	2	reject
45	eh	ch	5	5	realword?
45	do	jo	2	5	realword?
45	I	v	3	3	realword?
45	I	v	5	5	realword?
45	Cyropaedia	Cyropaedia	4	5	confirm
45	Sebaim	Sebaim	3	4	confirm
45	Saueans	sabeans	5	5	reject
45	beispielsweise	beispielsweise	3	5	confirm
45	Solinus	Solinus	5	5	confirm
45	duodccim	duodecim	5	5	reject
45	eh	ch	2	4	realword?
45	to	lo	4	5	realword?
45	general	genera	4	5	realword?
45	WFI	inn	2	5	reject
45	Ob	Ob	5	5	confirm
45	fleeing	fleeing	5	5	confirm
45	itl	it	4	5	reject
45	B	i	3	5	realword?
45	ZDJ	za	2	5	reject
45	dem	dem	5	5	confirm
45	tjx	x	4	4	reject
45	xir	x	2	4	reject
45	one'	one	4	5	realword?
45	be	he	3	5	realword?
45	T	x	3	5	realword?
46	CHAPTERXLVI	chapter	2	5	reject
46	K	i	2	5	realword?
46	Belteshazzar	Belteshazzar	4	5	confirm
46	Belesys	Belesys	3	4	confirm
46	Nebuzaradan	Nebuzaradan	5	5	confirm
46	Nabopolassar	Nabopolassar	5	5	confirm
46	Nabonned	Nabonned	5	5	confirm
46	i'	is	2	5	realword?
46	res	res	3	3	confirm
46	vulgar	vulvar	3	5	realword?
46	seein	seem	5	5	reject
46	s'taa	x	2	5	reject
46	Cybele	Cybele	5	5	confirm
46	lassitudinem	lassi	5	5	reject
46	rrarja	n	2	4	reject
46	potuerunt	potuerunt	5	5	confirm
46	salvare	salvare	4	5	confirm
46	portantem	portantem	3	4	confirm
46	nrrwn	cn	2	5	reject
46	Diodorus	Diodorus	5	5	confirm
46	downfal	downfal	5	5	confirm
46	jn	jn	3	5	confirm
46	these'relations	these	5	5	reject
46	Florus	Florus	5	5	confirm
46	n	c	2	4	realword?
46	Q	c	2	5	realword?
46	reddened	reddened'	5	5	realword?
46	confundamini	confundamini	5	5	confirm
46	counsellor	counsellor	5	5	confirm
46	personae	personae	4	5	confirm
46	Stiere	Stiere	5	5	confirm
46	I	v	5	5	realword?
46	ighteousness	ighteousness	5	5	confirm
47	Cowper	Cowper	5	5	confirm
47	Cowper	Cowper	5	5	confirm
47	Pizarro	Pizarro	5	5	confirm
47	downfal	downfal	5	5	confirm
47	downfal	downfal	5	5	confirm
47	nb	nb	2	5	confirm
47	Chasdim	Chasdim	5	5	confirm
47	Rosen	Rosen	5	5	confirm
47	miiller	chapter	2	5	reject
47	Chasdim	Chasdim	4	4	confirm
47	D	c	2	5	realword?
47	Chasdim	Chasdim	4	4	confirm
47	be	he	3	5	realword?
47	WB	the	3	5	reject
47	Bx	s	2	5	reject
47	Rosenmuller	rosenmiiller	4	5	realword?
47	resistet	resistet	5	5	confirm
47	mihi	mihi	4	5	confirm
47	venp	ven	5	5	reject
47	Nothbchelf	no	2	5	reject
47	Chasdim	Chasdim	5	5	confirm
47	Xenophon	Xenophon	5	5	confirm
47	I	v	5	5	realword?
47	ft	verb	5	5	reject
47	segholate	segholate	4	5	confirm
47	saidst	saidsi	2	5	reject
47	downfal	downfal	5	5	confirm
47	Curlius	curtius	3	5	reject
47	wbis	urbis	3	3	reject
47	corruptius	corruptius	3	3	confirm
47	moribus	moribus	4	4	confirm
47	irritandas	irritandas	4	4	confirm
47	illiciendasque	illiciendasque	3	4	confirm
47	immodicas	immodicas	3	3	confirm
47	voluptates	voluptates	3	3	confirm
47	instructius	instruciius	2	5	reject
47	Babylonii	Babylonii	3	5	confirm
47	maxime	maxime	3	3	confirm
47	vinum	vinum	5	5	confirm
47	quae	quae	5	5	confirm
47	ebrietatem	ebrietatem	5	5	confirm
47	sequuntur	sequuntur	4	5	confirm
47	effusi	effusi	3	4	confirm
47	hCBX	osx	2	5	reject
47	px	px	2	5	confirm
47	Noldius	Noldius	3	3	confirm
47	cui	cui	4	4	confirm
47	nihil	nihil	4	4	confirm
47	nihil	nihil	3	3	confirm
47	secundum	secundum	4	4	confirm
47	Algiers	Algiers	5	5	confirm
47	Diodorus	Diodorus	5	5	confirm
47	Siculus	Siculus	5	5	confirm
47	trustedst	trustedsl	2	5	reject
47	asch	asch	4	5	confirm
47	malitia	nialitia	2	5	reject
47	malitia	malitia	2	3	confirm
47	du	du	2	4	confirm
47	bei	bci	2	4	reject
47	Bosheit	Bosheit	3	3	confirm
47	seeth	seeth	4	4	confirm
47	rrjn	n	2	5	reject
47	saidst	saidst	4	5	confirm
47	hftst	hast	5	5	reject
47	nescis	nescis	3	4	confirm
47	ortum	ortum	3	4	confirm
47	Rosenmuller	rosenmiiller	3	4	realword?
47	inttj	iniu	2	4	reject
47	Vilringa	viiringa	4	5	reject
47	Diodorus	Diodorus	4	5	confirm
47	Siculus	Siculus	4	4	confirm
47	tny	tny	3	4	confirm
47	chethibh	chethibh	4	4	confirm
47	augures	augures	4	5	confirm
47	coeli	coeli	4	4	confirm
47	tp	ci	2	5	reject
47	px	px	2	5	confirm
47	nbns	rbnr	2	4	reject
47	Tt	Tt	2	3	confirm
47	he	be	3	5	realword?
47	negociators	negociators	5	5	confirm
47	trafficking	trafficking	5	5	confirm
47	pedlers	pedlers	5	5	confirm
47	gipsy	gipsy	5	5	confirm
47	TI	ti'	2	5	realword?
48	onlysafe	only	5	5	reject
48	pre	pre	5	5	confirm
48	fivesixths	five	5	5	reject
48	fiWpa	of	3	5	reject
48	h	s	2	3	realword?
48	he	the	5	5	realword?
48	or	for	2	3	realword?
48	be	he	3	5	realword?
48	Ikneiv	i	3	4	reject
48	Gousset	Gousset	5	5	confirm
48	hings	things	4	5	realword?
48	vaticinium	vaticinium	2	2	confirm
48	Imcw	knew	3	4	reject
48	Iknew	ikneio	2	5	reject
48	riaapi	ti	2	5	reject
48	quando	quando	4	5	confirm
48	ventre	ventre	4	4	confirm
48	w	t	2	5	realword?
48	longanimis	longanimis	5	5	confirm
48	Aramean	Aramean	5	5	confirm
48	quam	quam	4	4	confirm
48	meditationem	meditationem	4	4	confirm
48	hoc	hoc	4	4	confirm
48	urgeo	urgeo	4	5	confirm
48	neque	neque	3	4	confirm
48	refello	refello	4	4	confirm
48	vocan	vocante	2	4	reject
48	Gobryas	Gobryas	5	5	confirm
48	Gadates	Gadates	5	5	confirm
48	Cyropaedia	Cyropaedia	5	5	confirm
48	I	v	5	5	realword?
48	personae	personae	5	5	confirm
48	TV	rp	2	4	reject
48	Rosenmuller	rosenmiiller	5	5	realword?
48	Athanasius	Athanasius	5	5	confirm
48	ft	n	2	2	reject
48	Brentius	Brentius	5	5	confirm
48	fcb	cb	3	5	reject
48	Mai	Mai	5	5	confirm
48	TO	ro	3	5	realword?
48	Rosenmiiller	rosenmuller	3	5	realword?
48	Origen's	Origen's	5	5	confirm
48	tibi	tibi	5	5	confirm
48	consulere	consulere	3	5	confirm
48	goest	goest	5	5	confirm
48	xib	xib	2	5	confirm
48	wenn	wenn	4	5	confirm
48	du	du	4	4	confirm
48	if'it	if	5	5	reject
48	animum	animum	3	4	confirm
48	advertisses	advertisses	3	3	confirm
48	aures	aures	2	5	confirm
48	animum	animum	3	4	confirm
48	be	he	3	5	realword?
48	a	c	2	4	realword?
48	Peeree'and	peace	5	5	reject
48	D	q	2	5	realword?
48	Chasdim	Chasdim	5	5	confirm
48	fnx	ix	2	5	reject
48	August	augusti	5	5	realword?
48	confers	confers	5	5	confirm
49	Tichonius	Tichonius	5	5	confirm
49	Christo	Christo	4	5	confirm
49	Corpore	Corpore	3	3	confirm
49	Scripiura	scriptura	5	5	reject
49	mentionem	mentionem	5	5	confirm
49	fieri	fieri	5	5	confirm
49	cui	cui	5	5	confirm
49	tribuuntur	tribuuntur	5	5	confirm
49	quae	quae	5	5	confirm
49	Caput	Caput	5	5	confirm
49	quae	quae	5	5	confirm
49	competunt	competunt	3	3	confirm
49	vero	vero	4	4	confirm
49	utrumque	utrumque	4	5	confirm
49	iis	this	4	4	reject
49	A	v	5	5	realword?
49	Pindar's	Pindar's	5	5	confirm
49	Eupolis	Eupolis	5	5	confirm
49	cealment	cealment	5	5	confirm
49	his	this	5	5	realword?
49	asitib	i	2	5	reject
49	ib	ib	4	5	confirm
49	fr	ib	5	5	reject
49	thai	that	4	5	realword?
49	of	off	5	5	realword?
49	Antioch	Antioch	5	5	confirm
49	Pisidia	Pisidia	4	5	confirm
49	animo	animo	5	5	confirm
49	I'a	ia	2	5	reject
49	abhorreth	abhorreth	2	5	confirm
49	abhorreth	abhorreth	3	5	confirm
49	sec	see	4	5	realword?
49	tokenof	tokenof	4	5	confirm
49	he	the	5	5	realword?
49	time	lime	3	5	realword?
49	freedmen	freedmen	5	5	confirm
49	nrj	as	2	5	reject
49	Philadelphia	Philadelphia	5	5	confirm
49	facie	facie	5	5	confirm
49	east	cast	3	5	realword?
49	aifeHibjection	west	2	2	reject
49	France	France	5	5	confirm
49	France	France	5	5	confirm
49	r	n	2	5	realword?
49	Clarke's	Clarke's	5	5	confirm
49	Smites	sinites	4	5	realword?
49	Hermonim	Hermonim	3	3	confirm
49	Hermonim	Hermonim	5	5	confirm
49	Syenc	sycnc	2	4	reject
49	Pelusium	Pelusium	4	4	confirm
49	decisiveground	decisive	5	5	reject
49	from	rom	2	4	realword?
49	Calmet	Calmet	5	5	confirm
49	Lassen	Lassen	5	5	confirm
49	Thebes	Thebes	5	5	confirm
49	Sanscrit	Sanscrit	5	5	confirm
49	WSQ	in	2	5	reject
49	jaa	ja	2	3	reject
49	Rosenmuller	rosenmiiller	4	5	realword?
49	p	t	2	5	realword?
49	Tis	li	2	5	reject
49	nst	i	2	5	reject
49	nimis	nimis	4	5	confirm
49	fac	fac	4	5	confirm
49	mihi	mihi	4	4	confirm
49	spatium	spatium	3	5	confirm
49	b	h	5	5	realword?
49	clamour	clamour	5	5	confirm
49	Rosenmuller	rosenmiiller	5	5	realword?
49	b	h	4	5	realword?
49	b	i	2	3	realword?
49	Rosenmuller	rosenmiiller	4	5	realword?
49	writers	writer's	4	4	realword?
49	ms	v	5	5	reject
49	co	co	5	5	confirm
49	ibr	for	5	5	reject
49	thry	thty	3	5	reject
49	f	i	2	5	realword?
49	Rosenmuller	rosenmiiller	4	5	realword?
49	p'ls	p	4	5	reject
49	ttJ	ii	2	5	reject
5	twentysixth	twenty	4	4	reject
5	cour	cour	4	4	confirm
5	tesy	tesy	4	4	confirm
5	irt	wb	2	4	reject
5	V	b	3	4	realword?
5	Vorsprung	Vorsprung	3	4	confirm
5	Schreckhorn	Schreckhorn	3	4	confirm
5	Wetterhorn	Wetterhorn	3	4	confirm
5	Switzerland	Switzerland	4	4	confirm
5	Apertos	Apertos	4	4	confirm
5	amat	amat	4	4	confirm
5	colles	colles	4	4	confirm
5	Virg	Virg	4	4	confirm
5	Georg	Georg	4	4	confirm
5	Sorek	Sorek	4	4	confirm
5	toiverin	tower	3	3	reject
5	lacus	lacus	3	4	confirm
5	Rosenmuller	rosenmiiller	3	4	realword?
5	Sedulius	Sedulius	4	4	confirm
5	Labruscam	Labruscam	4	4	confirm
5	placidis	placidis	4	4	confirm
5	adhuc	adhuc	4	4	confirm
5	praeponitis	praeponitis	4	4	confirm
5	uvis	uvis	4	4	confirm
5	Esop's	Esop's	4	4	confirm
5	faciendum	faciendum	4	4	confirm
5	amplius	amplius	4	4	confirm
5	vinae	vinae	4	4	confirm
5	meae	meae	4	4	confirm
5	noch	noch	4	4	confirm
5	meinem	meinem	4	4	confirm
5	Weinberge	Weinberge	4	4	confirm
5	zu	zu	4	4	confirm
5	thun	thun	4	4	confirm
5	an	and	3	3	realword?
5	ns	tis	2	3	reject
5	Hendew	Hendew	4	4	confirm
5	Umbr	Umbr	4	4	confirm
5	Gerechllgkeit	gerechtigkeit	2	4	reject
5	Bedruckung	Bedruckung	2	3	confirm
5	Milde	Milde	2	2	confirm
5	Unbilde	Unbilde	2	3	confirm
5	after'property	after	4	4	reject
5	itable	itable	4	4	confirm
5	Woo	woe	3	4	realword?
5	hi'n	in	3	4	reject
5	reihen	reihen	4	4	confirm
5	iube	it	4	4	reject
5	Eng	Eng	4	4	confirm
5	Pesh	Pesh	4	4	confirm
5	inflamed'	inflamed	4	4	realword?
5	convivial'	convivial	4	4	realword?
5	Horace	Horace	4	4	confirm
5	veteris	veteris	4	4	confirm
5	pocula	pocula	4	4	confirm
5	Massici	Massici	4	4	confirm
5	partem	partem	4	4	confirm
5	solido	solido	4	4	confirm
5	clemere	demere	3	4	reject
5	Spernit	Spernit	3	4	confirm
5	Propertius	Propertius	4	4	confirm
5	noctem	noctem	4	4	confirm
5	ducam	ducam	4	4	confirm
5	Injiciat	Injiciat	4	4	confirm
5	mea	mea	4	4	confirm
5	ous	ous	4	4	confirm
5	gayety	gayety	4	4	confirm
5	tainments	tainments	4	4	confirm
5	ftb	nb	3	4	reject
5	Hendew	Hendew	4	4	confirm
5	Umbr	Umbr	4	4	confirm
5	his	this	4	4	realword?
5	ttfan	counsellor	4	4	reject
5	nobiles	nobiles	4	4	confirm
5	revellers	revellers	4	4	confirm
5	tB	v	2	4	reject
5	Holle	Holle	3	4	confirm
5	Hohle	Hohle	3	3	confirm
5	MS	na	2	4	reject
5	tbs	preterite	4	4	reject
5	revellers	revellers	4	4	confirm
5	tc	he	2	4	reject
5	prese	singular	4	4	reject
5	bx	bx	3	4	confirm
5	Deus	Deus	4	4	confirm
5	ille	ille	4	4	confirm
5	ille	ille	4	4	confirm
5	Deus	Deus	4	4	confirm
5	fortissimus	fortissimus	4	4	confirm
5	deserta	deserta	4	4	confirm
5	ubertatem	ubertatem	4	4	confirm
5	versa	versa	4	4	confirm
5	cn	has	3	4	reject
5	juxta	juxta	3	4	confirm
5	ductum	ductum	3	3	confirm
5	Menochius	Menochius	4	4	confirm
5	ibana	ana	2	4	reject
5	Aq	Aq	4	4	confirm
5	Sym	Sym	4	4	confirm
5	Theod	Theod	4	4	confirm
5	Observ	Observ	4	4	confirm
5	Crit	Crit	4	4	confirm
5	loc	loc	4	4	confirm
5	litter	bitter	2	3	realword?
5	EC	EC	4	4	confirm
5	nigrum	nigrum	4	4	confirm
5	Candida	Candida	4	4	confirm
5	vertunt	vertunt	4	4	confirm
5	fallax	fallax	4	4	confirm
5	sapientiae	sapientiae	4	4	confirm
5	hardi	hardi	4	4	confirm
5	heroes	heroes	4	4	confirm
5	heroes	heroes	3	3	confirm
5	acquitting	acquitting	4	4	confirm
5	glumam	glumam	3	3	confirm
5	debilitat	debilitat	3	4	confirm
5	flamma	flamma	3	4	confirm
5	dissolvitur	isaiah	3	3	reject
5	der	der	3	3	confirm
5	Flamme	Flamme	3	4	confirm
5	zusammensinkt	zusammensinkt	2	3	confirm
5	Rem	Rem	4	4	confirm
5	Amaziah	Amaziah	4	4	confirm
5	mutilum	mutilum	4	4	confirm
5	succisum	succisum	4	4	confirm
5	rriD	mo	2	4	reject
5	viarum	viarum	4	4	confirm
5	Umbr	Umbr	4	4	confirm
5	Hieroz	Hieroz	4	4	confirm
5	j	v	2	2	realword?
5	dormitat	dormitat	3	3	confirm
5	multo	multo	3	3	confirm
5	dormit	dormit	4	4	confirm
5	acutae	acutae	4	4	confirm
5	Arrian	Arrian	4	4	confirm
5	Aug	Aug	4	4	confirm
5	embraces	embrace'	2	3	realword?
5	amplexabitur	amplexabitur	3	4	confirm
5	corradet	corradet	4	4	confirm
5	tobt	tobt	4	4	confirm
5	nimmt	nimmt	4	4	confirm
5	Raub	Raub	4	4	confirm
5	sichert	sichert	4	4	confirm
5	ihn	ihn	4	4	confirm
5	ohne	ohne	4	4	confirm
5	Eng	Eng	4	4	confirm
5	condavibus	conclavibus	4	4	reject
5	iiber	iiber	2	4	confirm
5	einem	einem	2	2	confirm
5	adspectu	adspectu	4	4	confirm
5	terrebit	terrebit	4	4	confirm
5	Licht	Licht	4	4	confirm
5	regardera	regardera	4	4	confirm
5	terre	terre	4	4	confirm
5	mais	mais	4	4	confirm
5	voici	voici	4	4	confirm
5	il	il	4	4	confirm
5	des	des	4	4	confirm
5	tenebres	tenebres	4	4	confirm
5	il	il	4	4	confirm
5	avec	avec	4	4	confirm
5	lumiere	lumiere	4	4	confirm
5	il	il	4	4	confirm
5	des	des	4	4	confirm
5	tenebres	tenebres	4	4	confirm
50	Jihovah	jthovah	4	4	reject
50	HT	HT	2	4	confirm
50	ib	ib	2	2	confirm
50	or	on	5	5	realword?
50	OQO	chapter	4	5	reject
50	Selden	Selden	2	3	confirm
50	paid	paid	5	5	confirm
50	Artaxerxes	Artaxerxes	4	4	confirm
50	Longimanus	Longimanus	4	5	confirm
50	iJsb	n	2	3	reject
50	succour	succour	5	5	confirm
50	starkeri	stdrken	2	5	reject
50	Riickert	Riickert	3	5	confirm
50	LiJ	LiJ	2	4	confirm
50	ns	r	3	5	reject
50	e	i	2	2	realword?
50	foresaw	foresaw	5	5	confirm
50	Lack	back	2	3	realword?
50	vellere	vellere	5	5	confirm
50	Horace	Horace	5	5	confirm
50	Persius	Persius	5	5	confirm
50	Tirshatha	Tirshatha	3	4	confirm
50	lo	to	3	5	realword?
50	contended	contended	5	5	confirm
50	off	off'	3	5	realword?
50	buf	buf	3	5	confirm
50	rviaVs	mercies	3	4	reject
50	stedfastly	stedfastly	2	5	confirm
50	undertaken	undertaken	5	5	confirm
50	kt	let	5	5	reject
50	kt	let	4	5	reject
50	causemaster	cause	5	5	reject
50	contend	contend	4	4	confirm
50	wie	wie	5	5	confirm
50	ein	ein	5	5	confirm
50	Gewand	Gewand	3	5	confirm
50	verzehrt	ver	3	3	reject
50	period	person	5	5	realword?
50	let	jet	4	5	realword?
50	T	n	2	5	realword?
50	Hadrian	Hadrian	5	5	confirm
50	or	ox	3	5	realword?
50	jjie	the	5	5	reject
50	nemo	nemo	4	4	confirm
50	necessario	necessario	3	4	confirm
50	cogitat	cogitat	3	4	confirm
50	Dei	Dei	4	4	confirm
50	hT	hitzig	2	5	reject
50	apolo	apolo	5	5	confirm
51	compassion'	compassion	5	5	realword?
51	sich	sich	2	2	confirm
51	erbarmen	erbarmen	2	5	confirm
51	BS	r	2	3	reject
51	Lehrgebaude	Lehrgebaude	5	5	confirm
51	Kritische	Kritische	5	5	confirm
51	Grammatik	Grammatik	5	5	confirm
51	ofch	of	3	3	reject
51	eine	eine	4	5	confirm
51	Lehre	Lehre	4	4	confirm
51	meine	meim	2	5	reject
51	rnin	nnin	2	4	reject
51	jus	jus	3	4	confirm
51	rrsx	n'	2	5	reject
51	patefaciam	patefaciam	2	5	confirm
51	promovebo	promovebo	5	5	confirm
51	CIBS	c	2	5	reject
51	explain	explains	3	4	realword?
51	nsi	n	2	5	reject
51	quivis	quivis	3	5	confirm
51	einem	einem	3	5	confirm
51	sicut	sicut	3	3	confirm
51	sicut	sicut	4	4	confirm
51	Riickert	Riickert	4	5	confirm
51	wie	so	4	4	reject
51	Gussetius	Gussetius	3	5	confirm
51	but	hut	3	5	realword?
51	vermiculi	ver	4	4	reject
51	I	v	3	4	realword?
51	rvrrrn	it	4	4	reject
51	Hdlle	holle	3	3	reject
51	sendcn	senden	5	5	reject
51	MS'S	nris	2	4	reject
51	nnu	rn	2	5	reject
51	Tia	lia	2	5	reject
51	House	rouse	4	5	realword?
51	bi	ois	2	5	reject
51	Ob	Ob	5	5	confirm
51	Hirsch	Hirsch	5	5	confirm
51	oQvya	oQvya	2	5	confirm
51	Michlal	Michlal	4	5	confirm
51	Jophi	Jophi	4	4	confirm
51	Antiochus	Antiochus	3	5	confirm
51	Epiphanes	Epiphanes	3	3	confirm
51	shall	shalt	3	4	realword?
51	I'B	ia	2	5	reject
51	rian	rian	5	5	confirm
51	Sesostris	Sesostris	5	5	confirm
51	valour	valour	5	5	confirm
52	auf	auf	2	3	confirm
52	Macht	jsiacht	3	5	reject
52	prisongarments	prison	4	4	reject
52	KBB	schlange	2	2	reject
52	Antiochus	Antiochus	5	5	confirm
52	Epiphanes	Epiphanes	5	5	confirm
52	rvati	f	2	5	reject
52	wp	p	2	5	reject
52	Tnus	Tnus	3	4	confirm
52	be	he	3	5	realword?
52	csn	csn	2	5	confirm
52	Einleitung	Einleitung	5	5	confirm
52	d	u	2	5	realword?
52	tohave	to	5	5	reject
52	VrH	r	2	5	reject
52	ulalare	ululare	4	4	reject
52	nsn	nsn	2	4	confirm
52	iiw	ix	2	4	reject
52	decorus	decorus	4	4	confirm
52	Ynn	i	2	4	reject
52	Stimme	Stimme	2	3	confirm
52	allzumal	allzumal	2	3	confirm
52	weideri	weiden	3	3	reject
52	he	the	5	5	realword?
52	pp	pp	4	5	confirm
52	nwtt	r	2	4	reject
52	mere	more	3	3	realword?
52	on	of	5	5	realword?
52	nss	nsb	2	5	reject
52	praeteritum	praeteritum	2	3	confirm
52	propheticum	propheticum	3	4	confirm
52	ds	dt'	2	5	reject
52	Silius	Silius	3	3	confirm
52	Italicus	Italicus	4	5	confirm
52	exscitos	exscitos	3	4	confirm
52	avide	avide	3	3	confirm
52	pugnae	pugnae	5	5	confirm
52	nudata	nudata	5	5	confirm
52	lacertos	lacertos	5	5	confirm
52	Tydeus	Tydeus	5	5	confirm
52	Statms	statius	3	5	reject
52	pugnam	pugnam	5	5	confirm
52	armourbearers	armour	5	5	reject
52	Unreines	Unreines	2	4	confirm
52	angstliche	angstliche	4	5	confirm
52	pedantische	pedantische	4	4	confirm
52	Grundsatze	grund	4	4	reject
52	armour	armour	5	5	confirm
52	armour	armour	5	5	confirm
52	armour	armour	5	5	confirm
52	Rosenmuller	rosenmiiller	4	5	realword?
52	Schuster	Schuster	5	5	confirm
52	etwas	etwas	2	3	confirm
52	Zeitraubcndes	zeit	3	4	reject
52	Judaismus	Judaismus	5	5	confirm
52	historico	historico	5	5	confirm
52	sizr	sb	3	5	reject
52	avvfoei	version	3	3	reject
52	intelliget	intelliget	3	5	confirm
52	Procopius	Procopius	5	5	confirm
52	morft	more	5	5	reject
52	pp	pp	4	4	confirm
52	Comm	Comm	5	5	confirm
52	August	augusti	5	5	realword?
52	Bahrdt	Bahrdt	5	5	confirm
52	Staudlin	Staudlin	5	5	confirm
52	Akiba	Akiba	5	5	confirm
52	Bolten	Bolten	3	5	confirm
52	Rosenmuller's	rosenmiiller's	5	5	realword?
52	soi	soi	5	5	confirm
52	disant	disant	5	5	confirm
52	he	be	5	5	realword?
52	Eckermann's	Eckermann's	3	4	confirm
52	libitum	libitum	5	5	confirm
52	Commentatio	com	4	4	reject
52	critica	critica	4	4	confirm
52	Rostock	Rostock	5	5	confirm
52	Christologie	Christologie	4	5	confirm
52	thoitgh	is	5	5	reject
52	ty	bs	2	4	reject
52	bad	had	3	5	realword?
52	ncs	n	2	5	reject
52	Comm	Comm	5	5	confirm
52	e	i	4	4	realword?
53	Martini	Martini	5	5	confirm
53	Der	Der	5	5	confirm
53	rumour	rumour	4	4	confirm
53	Martini	Martini	5	5	confirm
53	Der	Der	4	5	confirm
53	couragements	couragements	5	5	confirm
53	ch	eh	3	5	realword?
53	Der	Der	3	3	confirm
53	rem	rem	5	5	confirm
53	loquuntur	loquuntur	3	5	confirm
53	regno	regno	5	5	confirm
53	cujus	cujus	4	5	confirm
53	nulla	nulla	2	4	confirm
53	oculis	oculis	2	2	confirm
53	hominum	hominum	2	2	confirm
53	nuttus	nullus	3	3	reject
53	fidt	fuit	2	2	reject
53	loolc	look	5	5	reject
53	e	i	5	5	realword?
53	frurn	from	5	5	reject
53	Martini	Martini	5	5	confirm
53	Rosenmuller	rosenmiiller	2	5	realword?
53	Martini	Martini	3	3	confirm
53	of'no	of	4	4	reject
53	BB	egypt	3	3	reject
53	Martini	Martini	4	4	confirm
53	xb	xb	3	5	confirm
53	SK	is	2	3	reject
53	axa	x	2	5	reject
53	bare	hare	3	5	realword?
53	ns	ns	2	5	confirm
53	bbina	i	3	5	reject
53	bbn	n	2	5	reject
53	Vjn	n	2	5	reject
53	IWB	c	2	5	reject
53	tumour	tumour	5	5	confirm
53	ia	things	2	4	reject
53	stated	staled	3	5	realword?
53	Greece	Greece	5	5	confirm
53	sae	which	2	5	reject
53	liess	liess	3	4	confirm
53	liess	liess	2	3	confirm
53	treffen	treffen	2	2	confirm
53	posuit	posuit	2	2	confirm
53	eo	co	3	5	reject
53	exactus	exactus	5	5	confirm
53	exigebatur	exigebatur	3	3	confirm
53	pocna	poena	4	4	reject
53	respondeo	respondeo	5	5	confirm
53	Der	Der	5	5	confirm
53	vx	t'	2	5	reject
53	Martini's	Martini's	5	5	confirm
53	nys	voluptuous	2	2	reject
53	xat	x	3	5	reject
53	quia	quia	4	4	confirm
53	ipse	ipse	5	5	confirm
53	voluit	voluit	4	5	confirm
53	erwiesen	ervnesen	3	4	reject
53	tyrannisch	tyrannisch	5	5	confirm
53	nnsp	nns	3	5	reject
53	T	i	4	4	realword?
53	quando	quando	4	4	confirm
53	tonsus	ton	4	4	reject
53	Christus	Christus	4	4	confirm
53	takejuuKay	taken	5	5	reject
53	Zwingle	Zwingle	5	5	confirm
53	causa	causa	3	3	confirm
53	citraque	citraquc	3	5	reject
53	vin	vin	5	5	confirm
53	PX	rx	3	5	reject
53	Hofmann's	Hofmann's	5	5	confirm
53	ipsis	ipsis	3	3	confirm
53	adhaeret	adhaeret	3	3	confirm
53	impuri	impuri	3	4	confirm
53	Martini	Martini	4	5	confirm
53	tumulum	tumulum	4	4	confirm
53	sepulchralem	sepulchralem	2	4	confirm
53	violentis	violentis	2	2	confirm
53	nsa	n	2	3	reject
53	Jubb	Jubb	5	5	confirm
53	rrea	nra	2	2	reject
53	rn'pna	rninia	2	5	reject
53	rn	ni	3	5	reject
53	nntea	i'	2	5	reject
53	Michlal	Michlal	5	5	confirm
53	Jophi	Jophi	5	5	confirm
53	Martini	Martini	5	5	confirm
53	p	y	2	2	realword?
53	Arimathea	Arimathea	5	5	confirm
53	Maimonides	Maimonides	3	5	confirm
53	nx	nx	3	5	confirm
53	sepultura	sepultura	4	5	confirm
53	divitem	divitem	4	4	confirm
53	morte	morte	4	4	confirm
53	suo	suo	4	5	confirm
53	Hofmann	Hofmann	3	4	confirm
53	bs	for	3	4	reject
53	sepulchre	sepulchre	5	5	confirm
53	Kennicott	Kennicott	5	5	confirm
53	sec	see	3	5	realword?
53	contritus	contritus	5	5	confirm
53	nbn	nbn	3	4	confirm
53	Martini	Martini	4	5	confirm
53	nn	nn	4	5	confirm
53	plcasefi	pleased	4	5	reject
53	L	i	4	5	realword?
53	LIU	l	2	3	reject
53	Martini	Martini	5	5	confirm
53	itinere	itinere	5	5	confirm
53	eo	eo	3	5	confirm
53	laboravit	laboravit	3	3	confirm
53	satisfied	satiated	2	3	realword?
53	insna	it	4	5	reject
53	mirifice	mirifice	4	5	confirm
53	laetabitur	laetabitur	3	4	confirm
53	sapientid	sapientid	3	4	confirm
53	sua	sua	3	4	confirm
53	Martini	Martini	4	4	confirm
53	experi	experi	5	5	confirm
53	ihe	ihe	3	5	confirm
53	als	als	4	5	confirm
53	Gerechter	Gerechter	2	4	confirm
53	Martini's	Martini's	5	5	confirm
53	iniquitates	iniquitates	3	5	confirm
53	eorum	eorum	3	3	confirm
53	ipse	ipse	4	4	confirm
53	illi	illi	4	4	confirm
53	portare	portare	3	3	confirm
53	poterant	poterant	4	4	confirm
53	pondere	pondere	4	4	confirm
53	opprimebantur	opprimebantur	3	4	confirm
53	Christus	Christus	3	5	confirm
53	justificat	justijicat	2	3	reject
53	dando	dando	4	5	confirm
53	ipsis	ipsis	4	4	confirm
53	justitiam	justitiam	5	5	confirm
53	suam	suam	5	5	confirm
53	vicissim	vicissim	5	5	confirm
53	suscipit	suscipit	4	4	confirm
53	peccata	peccata	4	4	confirm
53	ipsorum	ipsorum	4	4	confirm
53	eccpiet	expiet	4	4	reject
53	Martini	Martini	5	5	confirm
53	ungodlybrethren	ungodly	3	3	reject
53	tollere	tollere	3	5	confirm
53	morbum	morbum	2	3	confirm
53	laymen	laymen	5	5	confirm
53	xkijQovofiqaei	y	2	5	reject
53	ei	ei	2	2	confirm
53	Martini	Martini	4	5	confirm
53	rx	rx	3	5	confirm
53	tini	tini	5	5	confirm
53	h	n	2	5	realword?
53	iaa	x	2	5	reject
53	x	n	2	3	realword?
53	a	n	3	4	realword?
54	wornaii	woman	4	5	reject
54	rraa'raj	jew	3	3	reject
54	majestaticus	majestnticus	2	5	reject
54	ri	hi'b	2	5	reject
54	Malachi	Malachi	4	5	confirm
54	ein	ein	5	5	confirm
54	vertriebnes	vertriebnes	5	5	confirm
54	Weib	Weib	3	5	confirm
54	betrubten	betrubten	2	3	confirm
54	Herzens	Herzens	2	2	confirm
54	forsook	forsook	4	4	confirm
54	W	t	2	5	realword?
54	der	der	5	5	confirm
54	Fluth	Fluth	5	5	confirm
54	der	der	5	5	confirm
54	Zorngluth	Zorngluth	4	5	confirm
54	derber	derber	4	4	confirm
54	Herbe	Herbe	5	5	confirm
54	als	chapterliv	3	5	reject
54	appropria	appropria	5	5	confirm
54	tions	tions	5	5	confirm
54	lo	to	5	5	realword?
54	wie	wie	2	2	confirm
54	Rosenmuller	rosenmiiller	3	5	realword?
54	pacificum	pacificum	4	5	confirm
54	foedus	foedus	4	4	confirm
54	ordinem	ordinem	3	4	confirm
54	yvxog	cfvxog	2	5	reject
54	Ludolf	Ludolf	5	5	confirm
54	rnsb	t	2	5	reject
54	ttEn	j	2	5	reject
54	rub	ruby	4	5	realword?
54	rrij	nnp	2	5	reject
54	bequemer	bequemer	4	5	confirm
54	passender	passender	4	5	confirm
54	Virgil's	Virgil's	5	5	confirm
54	fxso	x	2	5	reject
54	calumniam	calumniam	5	5	confirm
54	ntnna	nnna	2	5	reject
54	fc	the	2	5	reject
54	Gousset	Gousset	4	4	confirm
54	contend	contend	5	5	confirm
54	rta	ii	2	5	reject
54	rx	rx	3	5	confirm
54	Einleitung	Einleitung	5	5	confirm
54	pp	pp	5	5	confirm
54	Tp	Tp	2	5	confirm
54	regimine	regimine	5	5	confirm
54	e	i	4	4	realword?
54	armourer	armourer	5	5	confirm
54	co	co	4	4	confirm
54	e	i	4	5	realword?
54	spu	n	2	4	reject
54	jus	jus	5	5	confirm
54	of'Jehovah's	of	4	4	reject
55	wohlan	wohlan	3	5	confirm
55	aufl	auf	2	4	reject
55	heu	heu	5	5	confirm
55	xas	x	2	5	reject
55	omne	omne	3	5	confirm
55	sitiens	sitiens	3	3	confirm
55	better	belter	3	5	realword?
55	denomi	denomi	5	5	confirm
55	Ermuhetes	ermiihetes	2	4	reject
55	Erspartes	er	2	3	reject
55	vielmehr	yielmehr	4	5	reject
55	rvna	n	2	5	reject
55	rns	n'	2	5	reject
55	Mai	Mai	5	5	confirm
55	nta	i	2	5	reject
55	f	n	2	5	realword?
55	nyt	njs	2	5	reject
55	Ha	la	2	5	realword?
55	noverat	noverat	5	5	confirm
55	ecclesiae	ecclesiae	5	5	confirm
55	suae	suae	5	5	confirm
55	membra	membra	5	5	confirm
55	ipsum	ipsum	3	4	confirm
55	noverant	noverant	3	3	confirm
55	plerique	plerique	4	4	confirm
55	etiam	etiam	5	5	confirm
55	ipso	ipso	5	5	confirm
55	quicquam	quicquam	5	5	confirm
55	audiverant	audiverant	5	5	confirm
55	der	der	4	5	confirm
55	der	der	4	4	confirm
55	Missethat	Missethat	4	5	confirm
55	Oecolampadius	Oecolampadius	5	5	confirm
55	Viae	Viae	5	5	confirm
55	Dei	Dei	5	5	confirm
55	vel	vel	5	5	confirm
55	quibus	quibus	5	5	confirm
55	ipse	ipse	5	5	confirm
55	incedit	incedit	5	5	confirm
55	vel	vel	5	5	confirm
55	quibus	quibus	5	5	confirm
55	homines	homines	5	5	confirm
55	incedere	incedere	5	5	confirm
55	vult	vult	5	5	confirm
55	jn	to	2	4	reject
55	rn	t	2	5	reject
55	rr	n	2	5	reject
55	be	he	4	5	realword?
55	Virgil	Virgil	4	4	confirm
55	ipsi	ipsi	5	5	confirm
55	laetitia	laetitia	5	5	confirm
55	Simonis	Simonis	5	5	confirm
55	be	he	3	5	realword?
55	bequem	bequem	3	5	confirm
55	angenehm	angenehm	2	2	confirm
56	pre	pre	5	5	confirm
56	co	co	5	5	confirm
56	lyting	lyting	5	5	confirm
56	Rosenmuller	rosenmiiller	3	5	realword?
56	remem	remem	5	5	confirm
56	brancer	brancer	5	5	confirm
56	rxi	rxr	2	3	reject
56	Fremde	Fremde	3	5	confirm
56	Hensler's	Hensler's	5	5	confirm
56	vialls	vjalls	3	5	reject
56	cippi	cippi	2	2	confirm
56	sn	q	2	4	reject
56	co	co	5	5	confirm
56	Mai	ps	5	5	reject
56	alterna	alterna	5	5	confirm
56	tions	tions	5	5	confirm
56	commendabilis	com	5	5	reject
56	imma	imma	5	5	confirm
56	terial	terial	5	5	confirm
56	fiYn	c	2	5	reject
56	Icnow	know	3	5	reject
56	nsn	n	2	5	reject
56	omnes	omnes	2	4	confirm
56	crastinus	crastinus	3	5	confirm
57	Tertullian	Tertullian	5	5	confirm
57	nulla	nulla	5	5	confirm
57	denn	denn	3	5	confirm
57	inba	inb	2	5	reject
57	incedit	incedit	3	5	confirm
57	reguicscat	requicscat	2	4	reject
57	onena	onena	5	5	confirm
57	Gousset	Gousset	4	4	confirm
57	Mai	Mai	4	5	confirm
57	Persius	Persius	5	5	confirm
57	Livy	Livy	5	5	confirm
57	paid	paid	5	5	confirm
57	Libanus	Libanus	5	5	confirm
57	Antilibanus	Antilibanus	5	5	confirm
57	drinkoffering	drink	5	5	reject
57	Arnobius	Arnobius	3	5	confirm
57	lubricatum	lubricatum	4	5	confirm
57	lapidem	lapidem	3	4	confirm
57	olivi	olivi	4	4	confirm
57	unguine	junguine	3	5	reject
57	rmd	find	5	5	reject
57	des	des	3	5	confirm
57	Thales	Thales	2	3	confirm
57	Steinchen	Steinchen	3	4	confirm
57	dein	dein	5	5	confirm
57	lusus	lusus	5	5	confirm
57	verborum	verborum	5	5	confirm
57	Lares	Lares	5	5	confirm
57	n	t	2	2	realword?
57	VsuJn	v	3	5	reject
57	ods	gods	4	5	realword?
57	dcsperatum	desperatum	4	5	reject
57	n	r	3	5	realword?
57	quidem	quidem	5	5	confirm
57	I	v	5	5	realword?
57	Zwingle	Zwingle	5	5	confirm
57	Thenius	Thenius	5	5	confirm
57	Tj	t	2	5	reject
57	bsrj	n	2	5	reject
57	IBsi	i'	2	5	reject
57	vox	vox	5	5	confirm
57	the	these	4	5	realword?
57	holij	holy	5	5	reject
57	rx	rx	3	5	confirm
57	contend	contend	5	5	confirm
57	caligine	caligine	4	5	confirm
57	obvolvitur	c	3	4	reject
57	respirationes	respirationes	2	5	confirm
57	ventulum	ventulum	3	4	confirm
57	faciam	faciam	3	3	confirm
57	ttSsa	t	2	4	reject
57	from	rom	3	5	realword?
57	in	is	2	2	realword?
57	exor	exor	5	5	confirm
57	bitant	bitant	5	5	confirm
57	gingen	gingen	2	2	confirm
57	Narrandi	Narrandi	5	5	confirm
57	nullus	nullus	5	5	confirm
57	inceperis	inceperis	5	5	confirm
57	Ferdinand	Ferdinand	5	5	confirm
57	Rosenmuller	rosenmiiller	3	4	realword?
57	he	the	5	5	realword?
57	purchas	purchas	3	5	confirm
57	Ovid	Ovid	4	4	confirm
57	Cumque	Cumque	4	5	confirm
57	hibemis	hibemis	2	4	confirm
57	agitatum	agitatum	2	2	confirm
57	fluctibus	fluctibus	3	3	confirm
57	aequor	aequor	3	4	confirm
57	ipso	ipso	2	2	confirm
57	turbidiora	turbidiora	3	4	confirm
57	exchangintf	making	5	5	reject
57	fvj'Ti	ni	2	4	reject
57	Deus	Deus	3	5	confirm
57	contends	contends	5	5	confirm
57	Riickert	Riickert	5	5	confirm
58	exile	exiles	5	5	realword?
58	contend	contend	5	5	confirm
58	morti	morti	4	4	confirm
58	fying	fying	4	5	confirm
58	subjectos	subjectos	3	5	confirm
58	Naboth	Naboth	3	4	confirm
58	o	v	4	4	realword?
58	hang	hang	5	5	confirm
58	Ahab	Ahab	2	2	confirm
58	des	des	5	5	confirm
58	Tages	Tages	5	5	confirm
58	Augustine	Augustine	5	5	confirm
58	Jejunium	Jejunium	5	5	confirm
58	abstinere	absti	2	3	reject
58	iniquitatibus	iniquitatibus	3	4	confirm
58	illicitis	illicitis	4	5	confirm
58	voluptatibus	voluptatibus	4	4	confirm
58	seculi	seculi	5	5	confirm
58	perfectum	perfectum	4	5	confirm
58	jejunium	jeju	4	4	reject
58	fle	jlesh	3	5	reject
58	Dachlose	Dachlose	4	5	confirm
58	vagos	vagos	4	5	confirm
58	ano	ano	4	5	confirm
58	rereward	rereward	4	4	confirm
58	talte	take	5	5	reject
58	shalt	shall	3	5	realword?
58	TK	tx	4	5	reject
58	ox	ex	2	5	realword?
58	Unterjochung	Unterjochung	2	5	confirm
58	Persius	Persius	5	5	confirm
58	infamis	infamis	5	5	confirm
58	rideto	rideto	3	5	confirm
58	digitum	digitum	5	5	confirm
58	porrigito	porrigito	5	5	confirm
58	intende	intende	4	5	confirm
58	digitum	digitum	4	4	confirm
58	hunc	hunc	5	5	confirm
58	pnb	nb	3	4	reject
58	Sfi	sn	2	3	reject
58	deinen	deinen	5	5	confirm
58	Bissen	Bissen	4	5	confirm
58	aio	aio	4	5	confirm
58	rotunde	rotunde	4	4	confirm
58	beneficia	beneficia	5	5	confirm
58	stricturas	stricturas	5	5	confirm
58	lucis	lucis	5	5	confirm
58	ecclesiae	ecclesiae	5	5	confirm
58	inductas	inductas	5	5	confirm
58	restat	restat	4	5	confirm
58	meridies	meridies	4	4	confirm
58	tibi	tibi	4	5	confirm
58	dabit	dabit	4	4	confirm
58	nrn	nnj	2	4	reject
58	rvinxnsa	nin	2	5	reject
58	ossa	ossa	4	4	confirm
58	liberabit	liberabit	4	5	confirm
58	Habakkuk	Habakkuk	4	4	confirm
58	thcc	thee	5	5	reject
58	cbi's	d	2	5	reject
58	nj	ii	2	5	reject
58	juietem	quietem	4	4	reject
58	quiescendum	quiescendum	3	4	confirm
58	terram	terram	5	5	confirm
58	Jo	do	5	5	realword?
58	rvito	nib	2	4	reject
58	dir	dir	3	4	confirm
58	gefdlli	gefallt	2	3	reject
58	raits	see	5	5	reject
58	by	hy	2	5	realword?
58	rn	nar	2	5	reject
58	rvina	ni	2	4	reject
59	Jehovah's	jehovah	2	4	realword?
59	veniam	veniam	2	2	confirm
59	petimusque	petimusque	2	2	confirm
59	sondern	fremde	3	5	reject
59	bislang	bislang	5	5	confirm
59	a	s	2	2	realword?
59	classifies	and	5	5	reject
59	xa	xa	2	5	confirm
59	proferi	prof	5	5	reject
59	dichtet	dichtet	5	5	confirm
59	P	n	2	4	realword?
59	invocet	invocet	4	4	confirm
59	justitiam	justitiam	5	5	confirm
59	willino	will	5	5	reject
59	Hensler	Hensler	5	5	confirm
59	voco	voco	5	5	confirm
59	jus	jus	5	5	confirm
59	preferreth	preferreth	3	4	confirm
59	bona	bona	5	5	confirm
59	auf	auf	5	5	confirm
59	ein	ein	4	5	confirm
59	Nichts	Nichts	4	4	confirm
59	x	i	2	5	realword?
59	confotum	confotum	3	3	confirm
59	schlange	schlange	2	2	confirm
59	Lowill's	lowth's	4	4	reject
59	x	i	2	4	realword?
59	MtiAe	muhe	3	5	reject
59	See	seech	3	5	realword?
59	lo	to	5	5	realword?
59	lo	to	5	5	realword?
59	tentious	tentious	5	5	confirm
59	nnn	oratj	2	5	reject
59	Vitiinga's	Vitiinga's	2	5	confirm
59	Croesus	Croesus	4	4	confirm
59	V	c	2	4	realword?
59	FrstBM	n	2	3	reject
59	t	c	3	5	realword?
59	caliginosis	caliginosis	5	5	confirm
59	trrx	c	2	5	reject
59	Bauer	Bauer	4	4	confirm
59	Ferdinand	Ferdinand	5	5	confirm
59	moan'	moan	4	4	realword?
59	gemitus	o	2	4	reject
59	quodque	quodque	5	5	confirm
59	ipsum	ipsum	5	5	confirm
59	w	i	2	5	realword?
59	lack	hack	3	5	realword?
59	ruth	truth	4	5	realword?
59	whoso	whoso	5	5	confirm
59	bVa	bVa	2	4	confirm
59	selteii	selten	2	2	reject
59	u	t	3	5	realword?
59	desole	desole	3	5	confirm
59	ft	ib	4	5	reject
59	ft	ib	4	5	reject
59	e	i	5	5	realword?
59	amonothemselves	among	4	5	reject
59	scopi	scopi	2	2	confirm
59	singularum	singularum	2	2	confirm
59	vocum	vocum	4	4	confirm
59	Rosenmuller's	rosenmiiller's	4	5	realword?
59	armour	armour	5	5	confirm
59	armour	armour	5	5	confirm
59	armour	armour	5	5	confirm
59	equipped	equipped	5	5	confirm
59	Jubb	Jubb	5	5	confirm
59	fpnn	form	5	5	reject
59	hut	but	3	5	realword?
59	h	v	3	3	realword?
59	their	heir	3	5	realword?
59	humour	humour	5	5	confirm
59	bs	brs	3	5	reject
59	i	n	2	5	realword?
59	brs	b	2	5	reject
59	Kennicott	Kennicott	3	5	confirm
59	from	rom	3	5	realword?
59	Mai	Mai	5	5	confirm
59	o	s	4	4	realword?
59	ia	ia	3	5	confirm
59	venerit	venerit	5	5	confirm
59	flumus	fluvius	3	5	reject
59	Domini	Domini	5	5	confirm
59	cogit	cogit	5	5	confirm
59	tt	s	2	4	reject
59	noob	noob	2	5	confirm
59	Rosenmuller	rosenmiiller	4	5	realword?
59	oa	c	3	5	reject
59	ns	nsbn	2	5	reject
59	veniet	venict	2	3	reject
59	fluvius	jluvius	3	4	reject
59	Domini	Domini	3	3	confirm
59	praeftrt	praeftrt	3	4	confirm
59	icor	in	2	3	reject
59	exampie	exam	5	5	reject
59	JXoah	noah	4	5	reject
59	rvns	n'	4	5	reject
59	neverfailing	contaminating	5	5	reject
6	aggra	aggra	3	4	confirm
6	facie	facie	4	4	confirm
6	Jong	long	3	4	realword?
6	facto	facto	4	4	confirm
6	Lightfoot	Lightfoot	4	4	confirm
6	Dent	deut	3	4	realword?
6	Aim	him	2	4	realword?
6	Arg	Arg	3	3	confirm
6	natur	naturally	4	4	reject
6	Origen	Origen	4	4	confirm
6	faciem	faciem	3	3	confirm
6	alterum	alterum	3	4	confirm
6	conversus	conversus	3	3	confirm
6	unitate	unitate	3	4	confirm
6	conjuncta	conjuncta	3	3	confirm
6	triplicitas	tripli	3	3	reject
6	Wesen	Wesen	3	4	confirm
6	Nordh	Nordh	4	4	confirm
6	filled	filed	3	4	realword?
6	n	d	2	4	realword?
6	superliminaria	super	4	4	reject
6	voce	voce	4	4	confirm
6	clamante	clamante	3	4	confirm
6	quia	quia	4	4	confirm
6	tacui	tacui	3	4	confirm
6	forgiven	forgiven	3	3	confirm
6	shechinah	shechinah	4	4	confirm
6	dicit	dicit	4	4	confirm
6	praecipiat	praecipiat	4	4	confirm
6	sed	sed	4	4	confirm
6	proponit	proponit	4	4	confirm
6	audientibus	audientibus	4	4	confirm
6	optionem	optionem	4	4	confirm
6	voluntas	voluntas	4	4	confirm
6	praemium	praemium	4	4	confirm
6	consequatur	consequatur	4	4	confirm
6	nobis	nobis	4	4	confirm
6	pluralis	pluralis	4	4	confirm
6	majestaticus	majestaticus	4	4	confirm
6	sententia	sententia	3	3	confirm
6	concilii	concilii	3	3	confirm
6	angelorum	angelorum	3	4	confirm
6	naturam	naturam	4	4	confirm
6	referimus	referimus	4	4	confirm
6	sumus	sumus	4	4	confirm
6	personarum	personarum	4	4	confirm
6	diversitatem	diversitatem	4	4	confirm
6	n	i	2	4	realword?
6	tamen	tamen	4	4	confirm
6	intelligetis	intelligetis	3	4	confirm
6	auditeaudientes	auditeaudientes	2	2	confirm
6	Videte	Videte	3	3	confirm
6	visionem	visionem	3	4	confirm
6	Angusti	Angusti	4	4	confirm
6	indesinenter	indesinenter	3	4	confirm
6	iterum	iterum	4	4	confirm
6	iterumque	iterumque	4	4	confirm
6	Wetstein	Wetstein	4	4	confirm
6	Demosthenes	Demosthenes	4	4	confirm
6	Ischylus	ieschylus	3	4	reject
6	judicialiter	judiciali	4	4	reject
6	agit	agit	4	4	confirm
6	propheta	propheta	4	4	confirm
6	ministerialiter'	ministerialiter	4	4	reject
6	impinguando	impinguando	4	4	confirm
6	impinguavit	impinguavit	4	4	confirm
6	aggravando	aggravando	4	4	confirm
6	aggravavit	aggravavit	4	4	confirm
6	oblinendo	oblinendo	4	4	confirm
6	oblivit	oblivit	4	4	confirm
6	theidibyes	their	3	4	reject
6	Absque	Absque	4	4	confirm
6	hoc	hoc	4	4	confirm
6	testimonio	testimo	3	4	reject
6	manet	manet	2	2	confirm
6	eadem	eadem	3	4	confirm
6	quaestio	quaestio	3	3	confirm
6	ecclesiis	ecclesiis	3	3	confirm
6	aut	aut	3	3	confirm
6	ista	ista	3	3	confirm
6	solventur	sol	4	4	reject
6	ceterae	ceterae	4	4	confirm
6	aut	aut	4	4	confirm
6	ceteris	ceteris	4	4	confirm
6	indissolubilis	indissolubilis	3	3	confirm
6	erit	erit	4	4	confirm
6	ee	feel	3	3	reject
6	intelligat	intelligat	4	4	confirm
6	Leere	Leere	4	4	confirm
6	gxjgflgian	extension	4	4	reject
6	ening	ening	4	4	confirm
6	ftot	not	4	4	reject
6	extirpa	extirpa	4	4	confirm
6	tions	tions	4	4	confirm
60	pre	pre	5	5	confirm
60	shah	shall	4	5	realword?
60	Newman	Newman	5	5	confirm
60	England	England	5	5	confirm
60	rnt	n	2	5	reject
60	Shechinah	Shechinah	3	5	confirm
60	unbiassed	unbiassed	5	5	confirm
60	toTjttin	to	4	4	reject
60	b	h	2	2	realword?
60	meantime	meantime	4	4	confirm
60	sec	see	3	4	realword?
60	Chardin	Chardin	5	5	confirm
60	latere	latere	5	5	confirm
60	shah	shalt	2	3	realword?
60	Justi	Justi	5	5	confirm
60	iibi	tibi	2	2	reject
60	Percipit	Percipit	2	2	confirm
60	atque	atque	2	3	confirm
60	Soncin	Soncin	5	5	confirm
60	nsn	nxn	2	5	reject
60	Rosenmuller	rosenmiiller	4	5	realword?
60	it'as	it	4	4	reject
60	TX	x	2	4	reject
60	TX	ts	3	5	reject
60	pESi	irn	2	4	reject
60	Bti	s	2	3	reject
60	inundatio	inundatio	4	5	confirm
60	Strabo	Strabo	5	5	confirm
60	axtjniai	axt	2	5	reject
60	Keturah	Keturah	5	5	confirm
60	Jokshan	Jokshan	5	5	confirm
60	Shebn	Shebn	2	3	confirm
60	Modion	Modion	5	5	confirm
60	innog	innog	2	2	confirm
60	Hierozoicon	Hierozoicon	3	4	confirm
60	Rosenmuller's	rosenmiiller's	4	5	realword?
60	Nabataei	Nabataei	5	5	confirm
60	Petraea	Petraea	5	5	confirm
60	Strabo	Strabo	5	5	confirm
60	Diodorus	Diodorus	5	5	confirm
60	Siculus	Siculus	5	5	confirm
60	Tisnb	ti	2	5	reject
60	hnata	nst	2	5	reject
60	j	i	2	5	realword?
60	Suetonius	Suetonius	4	4	confirm
60	Tacitus	Tacitus	5	5	confirm
60	hy	by	4	5	realword?
60	rnxBn	from	4	4	reject
60	Herod's	Herod's	5	5	confirm
60	Credat	Credat	3	5	confirm
60	Judaeus	Judaeus	3	3	confirm
60	puz	puz	5	5	confirm
60	zles	zles	5	5	confirm
60	vitanda	vitanda	4	4	confirm
60	utique	utique	4	4	confirm
60	applicationibus	applicatio	5	5	reject
60	nostrae	nostrae	5	5	confirm
60	liquidae	liquidae	5	5	confirm
60	elende	elende	4	4	confirm
60	Conjectur	Conjectur	4	5	confirm
60	wail	wait	2	2	realword?
60	sn	i	2	5	reject
60	Spain	Spain	5	5	confirm
60	twentyfive	four	5	5	reject
60	Tartessus	Tartessus	4	5	confirm
60	Baetis	Baetis	4	5	confirm
60	Guadalquiver	Guadalquiver	4	5	confirm
60	Spain	Spain	5	5	confirm
60	Spain	Spain	5	5	confirm
60	Spain	Spain	4	5	confirm
60	Rosenmuller	rosenmiiller	4	5	realword?
60	etc	etc'	5	5	realword?
60	VTI	n	2	2	reject
60	copia	copia	2	4	confirm
60	Rosenmiiller	rosenmuller	2	5	realword?
60	Nab	nah	3	4	realword?
60	gales	gates	4	5	realword?
60	thcc	thee	4	5	reject
60	box	box	5	5	confirm
60	adorabunf	adorabunt	2	5	reject
60	tuoruni	tuoruni	2	5	confirm
60	j	i	2	4	realword?
60	ofage	of	4	4	reject
60	nnn	rnn	3	4	reject
60	nwato	relation	4	5	reject
60	the	they	2	2	realword?
60	seas	sea	2	2	realword?
60	ia	as	2	5	reject
60	e	i	5	5	realword?
60	Jifertn	n	3	5	reject
60	shall	shalt	5	5	realword?
60	b	h	3	4	realword?
60	shall	shalt	4	5	realword?
60	WBO	n	2	5	reject
60	ipse	ipse	5	5	confirm
60	subito	subito	3	5	confirm
60	faciam	faciam	3	3	confirm
60	semijudaei	semi	5	5	reject
60	Procopius	Procopius	5	5	confirm
61	rhp	nip	4	5	reject
61	Selbstapologie	Selbstapologie	2	5	confirm
61	aliquid	aliquid	4	5	confirm
61	indulgendum	indulgendum	4	4	confirm
61	censuit	censuit	4	4	confirm
61	Judaeis	Judaeis	5	5	confirm
61	candour	candour	5	5	confirm
61	PRE	PRE	5	5	confirm
61	Alexandria	Alexandria	5	5	confirm
61	Vossius	Vossius	5	5	confirm
61	wto	denotes	2	2	reject
61	Putzfur	Putzfur	3	5	confirm
61	Schmutz	Schmutz	3	3	confirm
61	coronam	coronam	2	5	confirm
61	cinere	cinere	3	4	confirm
61	nfentn	t	2	5	reject
61	vv	in	2	4	reject
61	majores	majores	3	5	confirm
61	vinedressers	vinedressers	5	5	confirm
61	laymen	laymen	5	5	confirm
61	Procopius	Procopius	5	5	confirm
61	vinedressers	vinedressers	5	5	confirm
61	superbietis	superbietis	3	5	confirm
61	Scheid	Scheid	3	5	confirm
61	remarkaable	remarka	3	4	reject
61	Macedonia	Macedonia	4	4	confirm
61	Achaia	Achaia	4	4	confirm
61	tjjsbn	it	3	3	reject
61	conferred	conferred	5	5	confirm
61	f	i	4	4	realword?
61	ftbw	n	2	5	reject
61	trr	cn	2	4	reject
61	acquitted	acquitted	5	5	confirm
61	jsn	from	2	5	reject
61	ins	iv	2	5	reject
61	ttmas	n	2	5	reject
61	germinat	germinat	4	5	confirm
61	germinabit	germinabit	4	5	confirm
62	salvator	salvator	5	5	confirm
62	Icings	kings	4	5	realword?
62	tuurn	tuum	2	2	reject
62	tuum	tuum	3	4	confirm
62	Suetonius's	Suetonius's	5	5	confirm
62	athletae	athletae	5	5	confirm
62	Brentius	Brentius	3	5	confirm
62	diadtm	diadtm	3	5	confirm
62	Azubah	Azubah	5	5	confirm
62	Shemamah	Shemamah	5	5	confirm
62	Hephzibah	Hephzibah	4	4	confirm
62	Azubah	Azubah	5	5	confirm
62	lime	time	2	2	realword?
62	tbt	thee	5	5	reject
62	lation'of	lation	5	5	reject
62	plaralis	pluralis	4	5	reject
62	watts	walls	3	5	realword?
62	Deo	Deo	4	4	confirm
62	grata	grata	5	5	confirm
62	Rosenmuller	rosenmiiller	5	5	realword?
62	ibpo	bpo	2	5	reject
62	br	for	2	4	reject
62	bx	x	2	5	reject
62	dieselben	dieselben	4	5	confirm
62	Worte	Worte	3	4	confirm
62	eadem	eadem	3	4	confirm
62	legimus	legimus	4	5	confirm
62	Derushah	Derushah	4	5	confirm
62	Ir	Ir	3	4	confirm
62	neezabah	neezabah	2	4	confirm
62	ploughmen	ploughmen	5	5	confirm
63	Croesus	Croesus	4	5	confirm
63	Sardis	Sardis	5	5	confirm
63	Rosenmuller	rosenmiiller	4	5	realword?
63	pisn	y	2	5	reject
63	trtK	d	3	5	reject
63	Rosenmuller	rosenmiiller	4	5	realword?
63	Hagg	Hagg	4	4	confirm
63	na	ra	2	5	realword?
63	Rosenmuller	rosenmiiller	2	5	realword?
63	contend	contend	5	5	confirm
63	Croesus	Croesus	5	5	confirm
63	nsa	n	2	4	reject
63	A	v	5	5	realword?
63	D	c	2	5	realword?
63	Crowes	praises	2	3	reject
63	postulante	postulante	2	2	confirm
63	parallelismo	parallelismo	2	3	confirm
63	ft	ib	5	5	reject
63	Melek	Melek	5	5	confirm
63	ft	ib	4	5	reject
63	omni	omni	5	5	confirm
63	tribulatus	tribulatus	5	5	confirm
63	Aurivillius	Aurivillius	5	5	confirm
63	Aurivillius's	Aurivillius's	5	5	confirm
63	Ms	his	4	4	reject
63	Mai	Mai	4	5	confirm
63	ft	f	2	5	reject
63	olim	olim	5	5	confirm
63	O	v	5	5	realword?
63	repreted	repre	5	5	reject
63	seni	s	2	5	reject
63	Itst	Itst	4	5	confirm
63	Rosenmuller	rosenmiiller	5	5	realword?
63	ias	ias	2	5	confirm
63	IES	i	3	5	reject
63	vn	i	2	5	reject
63	rx	rx	4	5	confirm
63	rx	rx	4	5	confirm
63	m'Enfi	nirnpi	2	5	reject
63	straucheln	straucheln	5	5	confirm
63	anstossen	anstossen	3	5	confirm
63	Hagg	Hagg	4	5	confirm
63	ze	zeal	4	4	reject
63	p	v	4	5	realword?
63	deine	deine	5	5	confirm
63	grosse	grosse	5	5	confirm
63	herzliche	herzliche	5	5	confirm
63	Barmherzigkeit	barmherz	5	5	reject
63	sich	sich	4	4	confirm
63	gegen	gegen	4	5	confirm
63	pre	pre	4	4	confirm
63	Hitzio	ilitzig	2	4	reject
63	pre	pre	4	4	confirm
63	Rosenmuller	rosenmiiller	4	5	realword?
63	nd	this	2	2	reject
63	nihilum	nihilum	5	5	confirm
63	M	c	2	5	realword?
63	i	t	2	5	realword?
63	parvum	parvum	3	5	confirm
63	niakkeph	makkeph	5	5	reject
63	fcbisa	tbi	2	4	reject
63	fc	x	3	4	reject
64	His'favour	his	5	5	reject
64	aquae	aquae	3	3	confirm
64	effervescunt	effervescunt	3	4	confirm
64	igne	igne	3	3	confirm
64	b	h	3	5	realword?
64	Poole's	Poole's	5	5	confirm
64	incidas	incidas	5	5	confirm
64	offenderes	offenderes	4	5	confirm
64	ii'Ba	s	2	5	reject
64	sirssi	rre	2	5	reject
64	bten	i	2	5	reject
64	Rosenmuller	rosenmiiller	4	5	realword?
64	facillimus	facillimus	3	4	confirm
64	optimus	optimus	4	5	confirm
64	quisque	quisque	4	5	confirm
64	viderit	viderit	4	4	confirm
64	aegre	aegre	4	5	confirm
64	aspicio	aspicio	4	4	confirm
64	homines	homines	5	5	confirm
64	videantur	videantur	5	5	confirm
64	nihil	nihil	5	5	confirm
64	scribere	scribere	5	5	confirm
64	consignare	con	4	4	reject
64	ipsi	ipsi	5	5	confirm
64	praevideant	praevideant	5	5	confirm
64	neminem	neminem	5	5	confirm
64	recepturum	recepturum	5	5	confirm
64	esse	esse	5	5	confirm
64	pre	pre	5	5	confirm
64	ss	s	2	5	reject
64	fc	j	2	5	reject
64	Ttojsri	i	2	5	reject
64	ftns	t	2	5	reject
64	if	in	5	5	realword?
64	j	n	2	5	realword?
64	Antiochus	Antiochus	4	5	confirm
64	Epiphanes	Epiphanes	2	2	confirm
64	pre	pre	5	5	confirm
65	I	v	3	4	realword?
65	Moshe	Moshe	4	5	confirm
65	Haccohen	Haccohen	4	4	confirm
65	saith'	saith	4	5	realword?
65	pffenbar	offenbar	3	5	reject
65	I	v	5	5	realword?
65	nisa	nisa	3	5	confirm
65	sed	sed	4	4	confirm
65	redeamus	redeamus	5	5	confirm
65	vatis	vatis	5	5	confirm
65	explicando	explicando	5	5	confirm
65	versamnr	versamur	5	5	reject
65	Rosenmuller	rosenmiiller	3	5	realword?
65	B	s	2	4	realword?
65	noch	noch	4	4	confirm
65	sagt	sagt	5	5	confirm
65	ja	o	2	4	reject
65	Thenius	Thenius	4	5	confirm
65	Hagg	Hagg	4	4	confirm
65	may	maybe	3	5	realword?
65	x	c	3	5	realword?
65	Mai	Mai	4	4	confirm
65	ox	ex	2	5	realword?
65	sondern	sondern	5	5	confirm
65	ausser	ausser	2	3	confirm
65	Boaz	Boaz	5	5	confirm
65	bs	b	2	5	reject
65	personae	personae	5	5	confirm
65	nr	n	2	5	reject
65	zuersi	zuerst	4	5	reject
65	k	i	3	4	realword?
65	grapejuice	grape	5	5	reject
65	hy	by	5	5	realword?
65	ofAchor	of	5	5	reject
65	Jericho	Jericho	5	5	confirm
65	Joppa	Joppa	5	5	confirm
65	Cesarea	Cesarea	5	5	confirm
65	guaranteeing	guaranteeing	5	5	confirm
65	as	is	3	4	realword?
65	Rosenmuller	rosenmiiller	3	5	realword?
65	Rosenmuller	rosenmiiller	4	5	realword?
65	Menij	meni	4	5	reject
65	Ashtoreth	Ashtoreth	5	5	confirm
65	sLuo	sLuo	3	5	confirm
65	Mohammed	Mohammed	5	5	confirm
65	na'a	n	2	5	reject
65	showbread	show	5	5	reject
65	nichts	nichts	3	5	confirm
65	anders	anders	3	3	confirm
65	T	o	2	5	realword?
65	impe	impe	3	3	confirm
65	nitent	nitent	2	3	confirm
65	Meni	Meni	5	5	confirm
65	bow	how	2	5	realword?
65	Shicksal	Shicksal	4	5	confirm
65	schicke	schicke	4	4	confirm
65	Verh'dngniss	verhangniss	2	4	reject
65	bestimme	bestimme	3	4	confirm
65	S'nn	n	2	5	reject
65	rna	n	2	5	reject
65	bidden	bidden	5	5	confirm
65	iitfx	is	2	2	reject
65	negligentius	negligentius	3	5	confirm
65	Better	belter	3	5	realword?
65	imperatives	imperative	5	5	realword?
65	be	he	3	4	realword?
65	version	versions	5	5	realword?
65	ipt	pt	3	5	reject
65	he	be	5	5	realword?
65	he	be	5	5	realword?
65	he	be	5	5	realword?
65	cat	eat	3	5	realword?
65	cnx	cnx	3	5	confirm
65	audiam	audiam	5	5	confirm
65	cjcaudiam	exaudiam	5	5	reject
65	th	the	5	5	realword?
65	Ecc	Ecc	5	5	confirm
65	Tnrn	t	2	5	reject
65	nba	nvj	2	5	reject
65	Ldmmlein	lammlein	3	5	reject
65	comedcnt	comedent	5	5	reject
65	bleibc	bleibe	5	5	reject
66	of'the	of	5	5	reject
66	cnmal	carnal	5	5	reject
66	he	be	5	5	realword?
66	re	are	3	5	realword?
66	moveable	moveable	5	5	confirm
66	HT	t	2	3	reject
66	Antiochus	Antiochus	5	5	confirm
66	Epiphanes	Epiphanes	5	5	confirm
66	defin	defin	5	5	confirm
66	downfal	downfal	4	4	confirm
66	trennende	trennende	2	3	confirm
66	Kritik	Kritik	2	3	confirm
66	ru	verse	5	5	reject
66	parly	party	4	5	realword?
66	Herods	Herods	5	5	confirm
66	oitn	own	3	5	reject
66	nn	n	2	5	reject
66	S	t	2	5	realword?
66	Horace	Horace	5	5	confirm
66	irj	the	5	5	reject
66	illuslones	illusiones	3	5	reject
66	pluralis	pluralis	5	5	confirm
66	majestaticus	majestaticus	5	5	confirm
66	Citsiing	casting	5	5	reject
66	names	name	3	5	realword?
66	A	v	5	5	realword?
66	he	the	5	5	realword?
66	ternpJe	temple	4	5	reject
66	jixcj	xin	2	5	reject
66	liu	but	5	5	reject
66	he	be	5	5	realword?
66	Antiochus	Antiochus	5	5	confirm
66	lo	to	5	5	realword?
66	nx	it	3	3	reject
66	undertaken	undertaken	5	5	confirm
66	W	i	2	4	realword?
66	nefl	new	4	4	reject
66	betne	be	4	4	reject
66	omnimoda	omnimoda	3	5	confirm
66	zum	zum	4	5	confirm
66	Gtmss	gcnuss	4	4	reject
66	yrit	you	3	5	reject
66	der	der	4	4	confirm
66	trostef	trostet	5	5	reject
66	might	mighty	5	5	realword?
66	tt	ttj	2	5	reject
66	Achilles	Achilles	5	5	confirm
66	rfes	des	3	3	reject
66	converso	converso	5	5	confirm
66	i	f	3	5	realword?
66	n	i	4	5	realword?
66	isx	isx	2	5	confirm
66	J	n	2	2	realword?
66	Zorncsgluth	zornesgluth	4	5	reject
66	or	for	5	5	realword?
66	undertaken	undertaken	5	5	confirm
66	rns	rnx	2	5	reject
66	hinten	hinten	3	4	confirm
66	nx	inx	2	4	reject
66	rnx	inx	2	5	reject
66	irix	inx	2	4	reject
66	nx	inx	3	5	reject
66	quidam	quidam	2	3	confirm
66	nescio	nescio	2	3	confirm
66	nx	inx	3	5	reject
66	Sanchoniathon	Sanchoniathon	5	5	confirm
66	Adwdog	co	2	5	reject
66	Macrobius	Macrobius	4	5	confirm
66	inx	inx	3	4	confirm
66	Achadus	Achadus	4	5	confirm
66	nnx	nnx	5	5	confirm
66	inx	inx	3	5	confirm
66	unatoj	unam	4	5	reject
66	Boettcher	Boettcher	5	5	confirm
66	fc	c	3	5	reject
66	rupeds	rupeds	5	5	confirm
66	Wilberforce	Wilberforce	5	5	confirm
66	Clarkson	Clarkson	5	5	confirm
66	England	England	5	5	confirm
66	halfforgotten	half	5	5	reject
66	who'still	who	5	5	reject
66	e	i	5	5	realword?
66	assemble'	assemble	3	4	realword?
66	nss	nx	2	5	reject
66	rixa	nxa	3	5	reject
66	Lud	Lud	5	5	confirm
66	cs	c	2	5	reject
66	gentcs	gentcs	4	5	confirm
66	Africam	Africam	5	5	confirm
66	Philae	Philae	5	5	confirm
66	Lud	Lud	4	5	confirm
66	Ludim	Ludim	4	5	confirm
66	Greece	Greece	5	5	confirm
66	Ionia	Ionia	5	5	confirm
66	Aristo	Aristo	5	5	confirm
66	phanes	phanes	5	5	confirm
66	Sanscrit	Sanscrit	5	5	confirm
66	Heber's	Heber's	4	5	confirm
66	counes	counes	4	5	confirm
66	Thevenot	Thevenot	5	5	confirm
66	wz	ix'	2	4	reject
66	taJce	take	3	4	reject
66	pre	pre	5	5	confirm
66	newmoon	sabbath	4	5	reject
66	carcases	carcases	4	5	confirm
66	erunt	erunt	5	5	confirm
66	satietatem	satietatem	4	5	confirm
66	visionis	visionis	4	4	confirm
66	frojn	from	3	4	reject
66	whimsy	whimsy	5	5	confirm
66	partaken	partaken	5	5	confirm
66	dieth	dieth	4	5	confirm
7	Elath	Elath	4	4	confirm
7	ib	ib	4	4	confirm
7	Remaliah	Remaliah	3	3	confirm
7	notexcepted	not	4	4	reject
7	Rosenmuller	rosenmiiller	2	4	realword?
7	pre	pre	4	4	confirm
7	Steudel	Steudel	4	4	confirm
7	Syrian'	syrian	4	4	realword?
7	on	son	4	4	realword?
7	Jaffa	Jaffa	4	4	confirm
7	conferred	conferred	4	4	confirm
7	Jaffa	Jaffa	4	4	confirm
7	Rosenmuller	rosenmiiller	3	4	realword?
7	Realworterbuch	Realworterbuch	4	4	confirm
7	Teiche	Teiche	4	4	confirm
7	pp	pp	4	4	confirm
7	isjspoj	is	3	3	reject
7	tection	isaiah	4	4	reject
7	etc	etc'	3	4	realword?
7	Remaliah	Remaliah	4	4	confirm
7	apoleon	apoleon	3	3	confirm
7	Nalways	Nalways	3	3	confirm
7	Buonaparte	Buonaparte	4	4	confirm
7	etc	etc'	4	4	realword?
7	etc	etc'	4	4	realword?
7	Tabeal	Tabeal	3	4	confirm
7	Tabeel	Tabeel	3	4	confirm
7	suscitemus	suscitemus	3	3	confirm
7	aufwecken	aufwecken	4	4	confirm
7	Rosenmuller	rosenmiiller	3	4	realword?
7	avellamus	avellamus	4	4	confirm
7	nos	nos	4	4	confirm
7	faire	faire	3	4	confirm
7	bresche	bresche	3	3	confirm
7	ou	ou	4	4	confirm
7	ouverture	ouverture	4	4	confirm
7	Tabeal	Tabeal	4	4	confirm
7	Remaliah	Remaliah	3	3	confirm
7	Tobijah	Tobijah	3	4	confirm
7	Tabrimmon	Tabrimmon	3	4	confirm
7	Benhadad	Benhadad	3	4	confirm
7	Tabcel	tabeel	3	4	reject
7	Aramean	Aramean	4	4	confirm
7	Comm	Comm	3	4	confirm
7	Tabeal	Tabeal	4	4	confirm
7	cabbala	cabbala	4	4	confirm
7	Albam	Albam	4	4	confirm
7	lo	to	4	4	realword?
7	Remaliah's	Remaliah's	2	4	confirm
7	Remaliah's	Remaliah's	4	4	confirm
7	Tiglath	Tiglath	4	4	confirm
7	Esar	Esar	4	4	confirm
7	haddon	haddon	4	4	confirm
7	Stabat	Stabat	2	3	confirm
7	Cowper's	Cowper's	2	2	confirm
7	Tiglath	Tiglath	3	3	confirm
7	Esar	Esar	4	4	confirm
7	haddon	haddon	4	4	confirm
7	Tiglath	Tiglath	4	4	confirm
7	Shalmeneser	Shalmeneser	4	4	confirm
7	Esar	Esar	4	4	confirm
7	haddon	haddon	4	4	confirm
7	Esar	Esar	4	4	confirm
7	haddon	haddon	4	4	confirm
7	etc	etc'	3	3	realword?
7	Esar	Esar	4	4	confirm
7	haddon	haddon	4	4	confirm
7	suppp	suppo	4	4	reject
7	tnaa	d	2	4	reject
7	loc	be	3	4	reject
7	Steudel	Steudel	3	4	confirm
7	schbn	schon	4	4	reject
7	herrlich	herrlich	3	4	confirm
7	ganz	ganz	4	4	confirm
7	wunderbar	wunderbar	2	4	confirm
7	Hensler's	Hensler's	4	4	confirm
7	etc	etc'	3	4	realword?
7	nicht	nicht	2	3	confirm
7	bleibet	bleibet	3	4	confirm
7	ihr	ihr	3	3	confirm
7	nicht	nicht	4	4	confirm
7	Je	jehovah	4	4	reject
7	xa	f	2	4	reject
7	Hoheisel	Hoheisel	3	4	confirm
7	Chrysostom	Chrysostom	4	4	confirm
7	Ms	his	4	4	reject
7	kings	icings	2	2	realword?
7	le	le	2	4	confirm
7	Isenbiehl	Isenbiehl	4	4	confirm
7	Bauer	Bauer	4	4	confirm
7	Steudel	Steudel	4	4	confirm
7	Hensler	Hensler	4	4	confirm
7	Faber	Faber	3	3	confirm
7	Pluschke	Pluschke	3	4	confirm
7	Shearjashub	Shearjashub	4	4	confirm
7	dbs	dbs	2	3	confirm
7	Immanucl	lmmanuel	2	4	reject
7	Shearjashub	Shearjashub	4	4	confirm
7	Shearjashub	Shearjashub	4	4	confirm
7	distingmsji	distin	4	4	reject
7	Shearjashub	Shearjashub	4	4	confirm
7	quidam	quidam	4	4	confirm
7	nostris	nostris	4	4	confirm
7	eh	ch	4	4	realword?
7	dudum	dudum	3	4	confirm
7	deserta	deserta	3	3	confirm
7	erit	erit	4	4	confirm
7	he	the	4	4	realword?
7	saw'to	saw	4	4	reject
7	anotherchild	another	4	4	reject
7	foreseen	foreseen	4	4	confirm
7	Hagar	Hagar	4	4	confirm
7	rtrs	ntos	2	4	reject
7	Hannah	Hannah	4	4	confirm
7	Counsellor	Counsellor	4	4	confirm
7	sagt	sagt	4	4	confirm
7	seinen	seinen	3	3	confirm
7	Namen	Namen	4	4	confirm
7	Calovius	Calovius	4	4	confirm
7	Shearjashub	Shearjashub	4	4	confirm
7	kings	icings	2	2	realword?
7	iB	q	2	4	reject
7	Steudel	Steudel	4	4	confirm
7	facto	facto	4	4	confirm
7	pretation	isaiah	4	4	reject
7	kings	icings	2	2	realword?
7	Tiglath	Tiglath	4	4	confirm
7	Shearjashub	Shearjashub	4	4	confirm
7	Mai	Mai	4	4	confirm
7	as'f	as	4	4	reject
7	blosses	blosses	4	4	confirm
7	Drohwort	droh	4	4	reject
7	Tiglath	Tiglath	4	4	confirm
7	contri	contri	4	4	confirm
7	butions	butions	4	4	confirm
7	Hezekiah'rebelled	hezekiah	2	4	reject
7	teta	term	4	4	reject
7	etc	etc'	4	4	realword?
7	rer	rer	4	4	confirm
7	nihil	nihil	4	4	confirm
7	ru	rx	2	4	reject
7	Assyrian's'and	assyri	4	4	reject
7	mosquitoes	mosquitoes	4	4	confirm
7	Rosenmuller	rosenmiiller	3	4	realword?
7	Ephrem	Ephrem	4	4	confirm
7	Syrus	Syrus	4	4	confirm
7	von	von	4	4	confirm
7	oben	oben	4	4	confirm
7	unten	unten	4	4	confirm
7	rem	rem	3	3	confirm
7	turpiculam	turpiculam	4	4	confirm
7	suo	suo	4	4	confirm
7	Prophetae	Prophetae	4	4	confirm
7	admetiri	admetiri	4	4	confirm
7	videntur	videntur	4	4	confirm
7	inj	ins	2	4	reject
7	Boswell	Boswell	4	4	confirm
7	Dr	Dr	4	4	confirm
7	Johnson	Johnson	4	4	confirm
7	Hebrides	Hebrides	4	4	confirm
7	verheissend	verheissend	4	4	confirm
7	Johannisberg	Johannisberg	4	4	confirm
7	Burckhardt	Burckhardt	4	4	confirm
7	xn	xn	3	4	confirm
7	rx	rs	2	4	reject
8	or	for	2	4	realword?
8	Makershalal	maher	4	4	reject
8	propera	pro	4	4	reject
8	festinavit	festinavit	4	4	confirm
8	shalalhash	shalal	4	4	reject
8	ph	it	2	4	reject
8	Jeberechiah	Jeberechiah	2	4	confirm
8	Jehoiada	Jehoiada	4	4	confirm
8	Lightfoot	Lightfoot	4	4	confirm
8	d	c	2	4	realword?
8	Jehoiakim	Jehoiakim	4	4	confirm
8	adhibui	adhibui	4	4	confirm
8	mihi	mihi	4	4	confirm
8	hisgname	his	4	4	reject
8	tmmanuelj	im	4	4	reject
8	Makershalal	maher	4	4	reject
8	Raubebald	Raubebald	2	4	confirm
8	Eilebeute	Eilebeute	2	2	confirm
8	Schnellraub	Schnellraub	3	3	confirm
8	Tertullian	Tertullian	4	4	confirm
8	Aquinas	Aquinas	4	4	confirm
8	suo	suo	4	4	confirm
8	Tiglath	Tiglath	4	4	confirm
8	exa	cxr	2	4	reject
8	Remaliah	Remaliah	4	4	confirm
8	se	see	4	4	realword?
8	pp	pp	4	4	confirm
8	Arrian	Arrian	4	4	confirm
8	ias	s	2	4	reject
8	y	v	4	4	realword?
8	acsi	acsi	4	4	confirm
8	dixisset	dixisset	4	4	confirm
8	terra	terra	4	4	confirm
8	nihitominus	nihilominus	4	4	reject
8	seyd	seyd	2	2	confirm
8	ihr	ihr	2	2	confirm
8	Volker	Volker	4	4	confirm
8	Loquimini	Loquimini	4	4	confirm
8	existet	existet	4	4	confirm
8	Himmanuelis	Himmanuelis	4	4	confirm
8	existet	existet	4	4	confirm
8	lv	iv	4	4	realword?
8	ntP	he	3	3	reject
8	Bingham's	Bingham's	3	3	confirm
8	Orig	Orig	3	3	confirm
8	vm	vni	2	4	reject
8	Joab	Joab	4	4	confirm
8	ayiov	ayiov	3	3	confirm
8	Shammai	Shammai	3	4	confirm
8	as	is	2	3	realword?
8	nst	ns	2	3	reject
8	etc	etc'	4	4	realword?
8	xb	xb	2	4	confirm
8	xbn	xbn	3	3	confirm
8	xb	xb	4	4	confirm
8	Cocreius	coc	4	4	reject
8	xb	xb	2	4	confirm
8	Deus	Deus	4	4	confirm
8	vult	vult	4	4	confirm
8	perdere	perdere	4	4	confirm
8	mentat	mentat	4	4	confirm
8	Morgenrothe	Morgenrothe	4	4	confirm
8	etc	etc'	4	4	realword?
8	ft	ft	3	4	confirm
8	pertransibit	pertransibit	4	4	confirm
8	Schroeder	Schroeder	4	4	confirm
8	Milcom	Milcom	4	4	confirm
8	arctationis	arctationis	4	4	confirm
8	angustia	angustia	2	2	confirm
8	persequens	persequens	4	4	confirm
8	impulsio	impulsio	4	4	confirm
8	irna	it	2	4	reject
8	or	for	3	4	realword?
8	Tiberias	Tiberias	3	3	confirm
8	wasfirst	was	4	4	reject
8	arbi	arbi	4	4	confirm
8	trary	trary	4	4	confirm
8	poterit	poterit	3	4	confirm
8	avolare	avo	3	3	reject
8	yy	ys	2	4	reject
8	nspn	niasn	2	2	reject
8	Tiglath	Tiglath	4	4	confirm
8	Galilaea	Galilaea	4	4	confirm
9	Mai	Mai	4	4	confirm
9	Fiirst	Fiirst	4	4	confirm
9	Thouhast	thou	4	4	reject
9	n'a	to	2	4	reject
9	Christol	Christol	4	4	confirm
9	pt	pt	4	4	confirm
9	sbn	n	2	4	reject
9	loc	loc	4	4	confirm
9	paid	paid	4	4	confirm
9	ogether	ogether	4	4	confirm
9	Jezreel	Jezreel	4	4	confirm
9	Zebulon	Zebulon	4	4	confirm
9	sb	bnb	2	4	reject
9	armour	armour	4	4	confirm
9	armour	armour	4	4	confirm
9	Diodati	Diodati	4	4	confirm
9	equipped	equipped	4	4	confirm
9	armour	armour	4	4	confirm
9	solet	solet	4	4	confirm
9	esse	esse	4	4	confirm
9	Counsellor	Counsellor	4	4	confirm
9	Cicero	Cicero	3	3	confirm
9	rempublicam	rempublicam	3	4	confirm
9	universam	universam	3	3	confirm
9	vestris	vestris	3	3	confirm
9	sustinetis	sustinetis	3	3	confirm
9	sedet	sedet	3	3	confirm
9	Hensler	Hensler	3	3	confirm
9	Bauer	Bauer	4	4	confirm
9	Rosenmiiller	rosenmuller	2	3	realword?
9	O	x	2	3	realword?
9	versa	versa	4	4	confirm
9	Counsellor	Counsellor	4	4	confirm
9	IEE	i	2	4	reject
9	ungrammati	ungrammati	4	4	confirm
9	counsellor	counsellor	4	4	confirm
9	counsellor	counsellor	4	4	confirm
9	Hensler	Hensler	2	3	confirm
9	counsellor	counsellor	4	4	confirm
9	sedebit	ardebit	4	4	reject
9	komme	komme	4	4	confirm
9	isto	isto	4	4	confirm
9	tempore	tempore	4	4	confirm
9	Hasmonean	Hasmonean	4	4	confirm
9	angel'	angel's	4	4	realword?
9	durabit	durabit	3	3	confirm
9	annos	annos	3	4	confirm
9	modo	modo	3	3	confirm
9	sempilernum	sempiternum	3	4	reject
9	initio	initio	3	3	confirm
9	finem	finem	3	4	confirm
9	vitae	vitae	3	3	confirm
9	zclus	zelus	4	4	reject
9	faciet	faciei	3	4	reject
9	ardens	ar	4	4	reject
9	Dei	Dei	4	4	confirm
9	erga	erga	4	4	confirm
9	pios	pios	4	4	confirm
9	insunt	insunt	4	4	confirm
9	poipulo	populo	4	4	reject
9	servabit	servabit	4	4	confirm
9	principem	principem	4	4	confirm
9	evangeli	evangeli	4	4	confirm
9	e	q	2	4	realword?
9	Arcano	Arcano	3	4	confirm
9	nmsb	text	2	4	reject
9	Levita	Levita	4	4	confirm
9	nb	cb	3	4	reject
9	cna	because	2	2	reject
9	rem	rem	4	4	confirm
9	mittet	mittet	4	4	confirm
9	zu	zu	4	4	confirm
9	Erkentniss	Erkentniss	4	4	confirm
9	komme	komme	3	4	confirm
9	sein	sein	4	4	confirm
9	ganzes	ganzes	4	4	confirm
9	Volk	Volk	4	4	confirm
9	Animadv	Animadv	4	4	confirm
9	Philol	Philol	4	4	confirm
9	bx	but	2	2	reject
9	stolzem	stolzem	4	4	confirm
9	Herzen	Herzen	4	4	confirm
9	dicendo	dicendo	4	4	confirm
9	sagen	sagen	4	4	confirm
9	dicunt	dicunt	4	4	confirm
9	dicunt	dicunt	4	4	confirm
9	superbia	super	4	4	reject
9	sense	verse	4	4	realword?
9	qibna	it	2	4	reject
9	tumultum	tumultum	4	4	confirm
9	vertet	vertet	4	4	confirm
9	London	London	4	4	confirm
9	coadunabit	coadunabit	4	4	confirm
9	conglomeravit	conglomeravit	2	2	confirm
9	eosque	eosque	3	3	confirm
9	hostibus	hos	2	3	reject
9	commiscebit	commiscebit	3	4	confirm
9	Abulwalid	Abulwalid	4	4	confirm
9	instigat	instigat	4	4	confirm
9	mit	mit	4	4	confirm
9	vollem	vollem	4	4	confirm
9	pleine	pleine	4	4	confirm
9	bx	bx	2	4	confirm
9	Lehrg	Lehrg	4	4	confirm
9	incurvantem	incurvantem	4	4	confirm
9	refraenantem	refraenan	3	4	reject
9	Musculus	Musculus	3	4	confirm
9	Menochius	Menochius	4	4	confirm
9	expresison	expresison	4	4	confirm
9	sba	occurs	2	4	reject
9	sich	sich	4	4	confirm
9	leiten	leiten	4	4	confirm
9	lassen	lassen	4	4	confirm
9	zu	zu	4	4	confirm
9	eo	eo	4	4	confirm
9	hoc	hoc	4	4	confirm
9	populo	populo	4	4	confirm
9	Fiirst	Fiirst	3	4	confirm
9	vom	vom	4	4	confirm
9	Argen	Argen	4	4	confirm
9	vom	vom	4	4	confirm
9	Bosen	Bosen	4	4	confirm
9	ins	ix	2	4	reject
9	gottlose	gottlose	4	4	confirm
9	Wesen	Wesen	4	4	confirm
9	Castellus	Castellus	4	4	confirm
9	expandant	expandant	4	4	confirm
9	elevent	elevent	4	4	confirm
9	Abulwalid	Abulwalid	4	4	confirm
9	Parchon	Parchon	4	4	confirm
9	n	a	2	3	realword?
9	int	in	4	4	reject
9	tsrso	ansa	2	4	reject
9	rapiet	rapiet	4	4	confirm
9	quisque	quisque	4	4	confirm
9	res	res	4	4	confirm
9	cognatorum	cognatorum	4	4	confirm
9	cnb	tnb	2	4	reject
9	kinsmen	kinsmen	4	4	confirm
9	disrup	disrup	4	4	confirm
9	tion	tion	4	4	confirm
9	rancour	rancour	4	4	confirm
9	nx	rx	3	4	reject
9	Ephraimum	Ephraimum	3	3	confirm
9	Manassen	Manassen	4	4	confirm
9	Manassen	Manassen	4	4	confirm
9	Ephraimum	Ephraimum	4	4	confirm
9	Tbes	in	4	4	reject
9	Hebr	Hebr	3	3	confirm
9	Proph	Proph	3	4	confirm
9	Jephtha	Jephtha	4	4	confirm
introduction	foreifilier	foreteller	4	4	reject
introduction	thgLjipmp'	the	4	4	reject
introduction	praedico	praedico	4	4	confirm
introduction	JTQO	noo	2	4	reject
introduction	Redslob	Redslob	4	4	confirm
introduction	priori	priori	4	4	confirm
introduction	Gehazi	Gehazi	4	4	confirm
introduction	undergone	undergone	4	4	confirm
introduction	developement	developement	4	4	confirm
introduction	Malachi	Malachi	4	4	confirm
introduction	JViicaiah	micaiah	3	4	reject
introduction	Chrysostom	Chrysostom	4	4	confirm
introduction	officio	officio	4	4	confirm
introduction	Heberew	Heberew	2	2	confirm
introduction	crai	a	2	4	reject
introduction	YQctya	yqaya	2	3	reject
introduction	tl	tl	2	4	confirm
introduction	eir	eir	2	2	confirm
introduction	dwss	d	2	4	reject
introduction	Jeshaiah	Jeshaiah	4	4	confirm
introduction	Jesaiah	Jesaiah	4	4	confirm
introduction	Esaias	Esaias	4	4	confirm
introduction	Wjuofe	l	2	4	reject
introduction	com	com	4	4	confirm
introduction	menced	menced	4	4	confirm
introduction	overthrown	overthrown	4	4	confirm
introduction	Nabonassar	Nabonassar	4	4	confirm
introduction	twentyeight	twenty	4	4	reject
introduction	Joash	Joash	4	4	confirm
introduction	Bentley	Bentley	3	3	confirm
introduction	whatcarabe	what	4	4	reject
introduction	antiquirt	antiquirt	4	4	confirm
introduction	colourable	colourable	4	4	confirm
introduction	GefM	gefuhl	2	4	reject
introduction	GefM	gefuhl	4	4	reject
introduction	is	as	4	4	realword?
introduction	Roorda	Roorda	4	4	confirm
introduction	Onias	oni	4	4	reject
introduction	vaticinium	vaticinium	3	4	confirm
introduction	eventu	eventu	4	4	confirm
introduction	Gramberg	gram	4	4	reject
introduction	Cambyses	Cambyses	4	4	confirm
introduction	Vatke	Vatke	4	4	confirm
introduction	selfevident	self	4	4	reject
introduction	pra	practical	4	4	reject
introduction	candour	candour	4	4	confirm
introduction	Stat	Stat	4	4	confirm
introduction	ratiom	ratione	4	4	reject
introduction	Ars	Ars	4	4	confirm
introduction	Poetica	Poetica	4	4	confirm
introduction	sesquipedalia	sesquipedalia	4	4	confirm
introduction	cotis	cotis	3	4	confirm
introduction	litura	litura	2	3	confirm
introduction	quincunce	quincunce	2	2	confirm
introduction	loquendi	loquendi	3	3	confirm
introduction	res	res	3	3	confirm
introduction	incredulus	incredulus	3	4	confirm
introduction	odi	odi	3	3	confirm
introduction	sagax	sagax	4	4	confirm
introduction	rerum	rerum	4	4	confirm
introduction	unguem	unguem	4	4	confirm
introduction	voces	voces	4	4	confirm
introduction	decies	decies	4	4	confirm
introduction	repetita	repetita	4	4	confirm
introduction	temporis	temporis	4	4	confirm
introduction	acti	acti	4	4	confirm
introduction	occupet	occupet	4	4	confirm
introduction	extremum	extremum	4	4	confirm
introduction	Horace	Horace	4	4	confirm
introduction	ovo	ovo	3	4	confirm
introduction	unguem	unguem	4	4	confirm
introduction	Persius	Persius	4	4	confirm
introduction	Virgil	Virgil	4	4	confirm
introduction	JEneid	ieneid	3	4	reject
introduction	loo	too	3	4	realword?
introduction	England	England	4	4	confirm
introduction	protesta	protesta	4	4	confirm
introduction	tion	tion	4	4	confirm
introduction	Incedis	lncedis	3	4	reject
introduction	doloso	doloso	2	2	confirm
introduction	Sirach	Sirach	4	4	confirm
introduction	foresaw	foresaw	4	4	confirm
introduction	Philo	Philo	4	4	confirm
introduction	leoa	tega	2	3	reject
introduction	pre	pre	4	4	confirm
introduction	prophetam	prophetam	3	4	confirm
introduction	sed	sed	3	3	confirm
introduction	nonprophetiam	nonprophetiam	2	2	confirm
introduction	sed	sed	2	2	confirm
introduction	Le	Le	4	4	confirm
introduction	Clerc	Clerc	4	4	confirm
introduction	nauseam	nauseam	4	4	confirm
introduction	overcolour	overcolour	3	4	confirm
introduction	foreseen	foreseen	4	4	confirm
introduction	priori	priori	4	4	confirm
introduction	eventu	eventu	4	4	confirm
introduction	ipsissima	ipsissima	4	4	confirm
introduction	ity	c	3	3	reject
introduction	facie	facie	4	4	confirm
introduction	ot	ot	4	4	confirm
introduction	Medo	Medo	4	4	confirm
introduction	jEneid	ieneid	3	4	reject
introduction	Divina	Divina	4	4	confirm
introduction	Commedia	Commedia	4	4	confirm
introduction	typophobia	iypophobia	2	4	reject
introduction	libitum	libitum	4	4	confirm
introduction	paid	paid	4	4	confirm
introduction	Fschylus	ieschylus	4	4	reject
introduction	ofLowth	ofLowth	4	4	confirm
introduction	Larochefoucauld	Larochefoucauld	4	4	confirm
introduction	Johnson	Johnson	4	4	confirm
introduction	Macaulay	Macaulay	4	4	confirm
introduction	Jebb's	Jebb's	4	4	confirm
introduction	England	England	4	4	confirm
introduction	holly	wholly	3	4	realword?
introduction	England	England	4	4	confirm
introduction	Jebb	Jebb	4	4	confirm
introduction	enamoured	enamoured	3	4	confirm
introduction	undertaken	undertaken	4	4	confirm
introduction	Alexandria	Alexandria	4	4	confirm
introduction	Uzziel	Uzziel	4	4	confirm
introduction	Ephrem	Ephrem	4	4	confirm
introduction	Syrus	Syrus	4	4	confirm
introduction	Alexandria	Alexandria	4	4	confirm
introduction	London	London	4	4	confirm
introduction	Origen	Origen	4	4	confirm
introduction	Alexandria	Alexandria	4	4	confirm
introduction	Chrysostom	Chrysostom	4	4	confirm
introduction	Procopius	Procopius	3	4	confirm
introduction	Origen	Origen	4	4	confirm
introduction	Chrysostom	Chrysostom	4	4	confirm
introduction	Michlal	Michlal	4	4	confirm
introduction	Jophi	Jophi	4	4	confirm
introduction	Melech	Melech	3	4	confirm
introduction	Abendana	Abendana	4	4	confirm
introduction	Zwingli	Zwingli	4	4	confirm
introduction	Oecolainpadius	oecolampadius	4	4	reject
introduction	Le	Le	3	4	confirm
introduction	Clerc	Clerc	3	3	confirm
introduction	Campegius	Campegius	4	4	confirm
introduction	Franeker	Franeker	4	4	confirm
introduction	ID	in	4	4	realword?
introduction	candour	candour	4	4	confirm
introduction	Halle	Halle	4	4	confirm
introduction	Schmid	Schmid	4	4	confirm
introduction	London	London	4	4	confirm
introduction	Critici	Critici	3	4	confirm
introduction	Sacri	Sacri	3	3	confirm
introduction	Jsai	Jsai	3	3	confirm
introduction	Dr	Dr	4	4	confirm
introduction	London	London	4	4	confirm
introduction	Poesi	Poesi	4	4	confirm
introduction	Hebraeorura	hebraeorum	4	4	reject
introduction	fir	far	2	4	realword?
introduction	Gottingen	Gottingen	3	4	confirm
introduction	Gottingen	Gottingen	4	4	confirm
introduction	Vogel	Vogel	4	4	confirm
introduction	Hensler	Hensler	4	4	confirm
introduction	Leipzig	Leipzig	4	4	confirm
introduction	candour	candour	4	4	confirm
introduction	Leipzig	Leipzig	4	4	confirm
introduction	lexica	lexica	3	4	confirm
introduction	sapere	sapere	3	3	confirm
introduction	Heidelberg	Heidelberg	4	4	confirm
introduction	Commentarius	Commentarius	3	4	confirm
introduction	Criticus	Criticus	2	3	confirm
introduction	Leipzig	Leipzig	4	4	confirm
introduction	Heidelberg	Heidelberg	4	4	confirm
introduction	eventu	eventu	4	4	confirm
introduction	Konigsberg	Konigsberg	4	4	confirm
introduction	candour	candour	4	4	confirm
introduction	Philadelphia	Philadelphia	4	4	confirm
introduction	vo	vo	4	4	confirm
introduction	lications	lications	4	4	confirm
introduction	Critici	Critici	3	4	confirm
introduction	Sacri	Sacri	3	3	confirm
introduction	paid	paid	4	4	confirm
introduction	paid	paid	4	4	confirm
introduction	Dr	Dr	4	4	confirm
introduction	London	London	4	4	confirm
introduction	Stuttgart	Stuttgart	4	4	confirm
introduction	Hamburg	Hamburg	4	4	confirm
introduction	Leipzig	Leipzig	4	4	confirm
introduction	followedby	followedby	3	3	confirm
introduction	Erlangen	Erlangen	4	4	confirm
introduction	Erlangen	Erlangen	4	4	confirm
introduction	Hierozoicon	Hierozoicon	4	4	confirm
introduction	HezeJciah	HezeJciah	2	4	confirm
introduction	xn	xn	3	4	confirm
introduction	xin	xiii	3	4	reject
introduction	xin	xiii	3	4	reject
introduction	xn	xii	3	4	reject
introduction	disjecta	disjecta	4	4	confirm
introduction	membra	membra	4	4	confirm
introduction	Horace	Horace	4	4	confirm
introduction	Goethe	Goethe	4	4	confirm
introduction	Ch	chs	2	2	realword?
introduction	xn	xn	3	4	confirm
introduction	xxm	xxiii	2	3	reject
introduction	xxn	xxn	3	4	confirm
introduction	xxvm	xxviii	3	4	reject
introduction	terra	terra	4	4	confirm
introduction	firma	jirma	3	4	reject
introduction	xn	xii	3	4	reject
introduction	xxn	xxn	3	4	confirm
introduction	xxxm	xxxm	2	3	confirm
introduction	vin	viii	2	4	reject
introduction	xin	xiii	2	4	reject
introduction	xxxvn	xxxvn	3	4	confirm
introduction	xxvm	xxvm	2	4	confirm
introduction	xxxvm	xxxvin	2	4	reject
introduction	ically	ically	4	4	confirm
introduction	Galatia	Galatia	4	4	confirm
introduction	priori	priori	4	4	confirm
introduction	posteriori	posteriori	3	4	confirm
later-introduction	Ashtoreth	Ashtoreth	5	5	confirm
later-introduction	the	their	2	2	realword?
later-introduction	pre	pre	5	5	confirm
later-introduction	fundavn	funda	5	5	reject
later-introduction	pre	pre	5	5	confirm
later-introduction	Sweden	Sweden	5	5	confirm
later-introduction	Spain	Spain	5	5	confirm
later-introduction	downfal	downfal	5	5	confirm
later-introduction	pre	pre	5	5	confirm
later-introduction	downfal	downfal	5	5	confirm
later-introduction	pre	pre	5	5	confirm
later-introduction	condemna	condemna	5	5	confirm
later-introduction	antago	antago	4	4	confirm
later-introduction	nistic	nistic	4	4	confirm
later-introduction	co	co	5	5	confirm
later-introduction	pre	pre	5	5	confirm
later-introduction	meantime	meantime	5	5	confirm
later-introduction	priori	priori	5	5	confirm
later-introduction	pre	pre	3	5	confirm
later-introduction	varied'and	varied	5	5	reject
later-introduction	Meantime	Meantime	5	5	confirm
later-introduction	totidem	toiidem	2	5	reject
later-introduction	Xenophon	Xenophon	5	5	confirm
later-introduction	Pasargada	Pasargada	4	4	confirm
later-introduction	Sardis	Sardis	5	5	confirm
later-introduction	Justi	Justi	5	5	confirm
later-introduction	Bauer	Bauer	5	5	confirm
later-introduction	candour	candour	5	5	confirm
later-introduction	biassed	biassed	5	5	confirm
later-introduction	undertaken	undertaken	5	5	confirm
later-introduction	nauseam	nauseam	5	5	confirm
later-introduction	petitesse	petitesse	5	5	confirm
later-introduction	versa	versa	5	5	confirm
later-introduction	Comm	Comm	4	5	confirm
later-introduction	Standpunlct	standpunkt	2	5	reject
later-introduction	heroes	heroes	5	5	confirm
later-introduction	statesmen	statesmen	5	5	confirm
later-introduction	esj	especially	5	5	reject
later-introduction	petitio	petitio	4	5	confirm
later-introduction	principii	principii	3	4	confirm
later-introduction	co	co	5	5	confirm
later-introduction	pp	pp	5	5	confirm
later-introduction	esta	esta	5	5	confirm
later-introduction	blishing	blishing	5	5	confirm
later-introduction	those	these	5	5	realword?
later-introduction	ho	he	5	5	realword?
later-introduction	received	receiveth	5	5	realword?
later-introduction	Tho	the	4	5	realword?
later-introduction	be	he	4	5	realword?
later-introduction	Zephaniah	Zephaniah	5	5	confirm
later-introduction	Habakkuk	Habakkuk	5	5	confirm
later-introduction	Haggai	Haggai	5	5	confirm
later-introduction	Sirach	Sirach	3	3	confirm
later-introduction	system'of	system	5	5	reject
later-introduction	unbiassed	unbiassed	5	5	confirm
later-introduction	Antiochus	Antiochus	5	5	confirm
later-introduction	Epiphanes	Epiphanes	5	5	confirm
later-introduction	without'giving	without	5	5	reject
later-introduction	Hasmonean	Hasmonean	4	5	confirm
later-introduction	meantime	meantime	5	5	confirm
later-introduction	Christo	Christo	5	5	confirm
later-introduction	Corpore	Corpore	3	3	confirm
later-introduction	Scriptura	Scriptura	5	5	confirm
later-introduction	saepius	saepius	4	4	confirm
later-introduction	mentionem	mentionem	5	5	confirm
later-introduction	fieri	fieri	5	5	confirm
later-introduction	cui	cui	5	5	confirm
later-introduction	tribuuntur	tribuuntur	5	5	confirm
later-introduction	quae	quae	5	5	confirm
later-introduction	Caput	Caput	5	5	confirm
later-introduction	quae	quae	5	5	confirm
later-introduction	competunt	competunt	3	3	confirm
later-introduction	vero	vero	4	4	confirm
later-introduction	utrumque	utrumque	5	5	confirm
later-introduction	foreknew	foreknew	5	5	confirm
later-introduction	recom	recom	5	5	confirm
later-introduction	sectioncs	sectiones	2	5	reject
later-introduction	Riickert's	Riickert's	4	5	confirm
later-introduction	Riickert's	Riickert's	5	5	confirm
later-introduction	to	lo	3	5	realword?
later-introduction	desul	desul	5	5	confirm
later-introduction	reduci	reduci	5	5	confirm
later-introduction	ble	ble	5	5	confirm
later-introduction	apostacy	apostacy	5	5	confirm
later-introduction	dieth	dieth	5	5	confirm
later-preface	Cyro	Cyro	5	5	confirm
later-preface	jesaianischen	jesaianischen	5	5	confirm
later-preface	Weissagungen	Weissagungen	4	5	confirm
later-preface	Leipzig	Leipzig	5	5	confirm
later-preface	Dr	Dr	5	5	confirm
later-preface	In	iv	5	5	realword?
later-preface	clergymen	clergymen	5	5	confirm
later-preface	Princeton	Princeton	4	5	confirm
preface	ac	ac	4	4	confirm
preface	quirements	quirements	4	4	confirm
preface	manycases	many	4	4	reject
preface	candour	candour	4	4	confirm
preface	blem	blem	4	4	confirm
preface	ish	ish	4	4	confirm
preface	Princeton	Princeton	4	4	confirm
