35	gi-ief	t only mourned in their calamity, but with the deepest gi-ief, as for a friend, a brother, or a parent, which terms 	grief	160
35	ITfp	tually acted. See above, on Ps. i. 1.—The Hebrew word *ITfp* means *squalid,* dirty, in allusion to the ancient or	קֹדֵר	160
35	th^y	 class="ax-vnum">15.</span> *And* (yet) *in my limping th^y rejoiced, and were gathered together; there were gathe	they	160
35	beha\'iour	w* (it): *they did tear and were not silent.* With his beha\'iour to them in their affliction he contrasts theirs to him	behaviour	160
35	D''D3	mfort but to mock him and revile him.—The obscure word D''D3 has been variously explained to mean *smiters* with th	נֵכִים	160
35	Dy^T	anation, which connects the word with the cognate form Dy^T HD^ (2 Sam. iv. 4, ix. 3), *smitten in the feet,* lame	רַגְלַיִם	160
35	HD^	on, which connects the word with the cognate form Dy^T HD^ (2 Sam. iv. 4, ix. 3), *smitten in the feet,* lame, cr	נְכֵה	160
35	Adhonai	nely one.* The first Hebrew word is not *Jehovah* but *Adhonai,* properly expressive of dominion or sovereignty. See 	Adhonai	160
35	|but	How long?* The Hebrew phrase usually means *how much,* |but is here specially applied to time; *how much time? how	but	160
35	sowZ	ee above, on Ps. xxxiv. 11 (10).—*My lonely,* solitary sowZ. See above, on Ps. xxii. 21 (20). <!-- PAGE 161 --> is	?	160
preface	classify	pparent, or of such a nature as to repress the wish to classify the psalms and reduce them to some systematic order. T	?	17
preface	redacteur	ment was the work of Ezra, the inspired collector and *redacteur* of the canon, so that even if nothing more should eve	?	19
preface	denominatio	 to Jews and Christians, as the Psalms of David. This *denominatio a potiori* is entirely correct, as all the other write	?	19
preface	potiori	hristians, as the Psalms of David. This *denominatio a potiori* is entirely correct, as all the other writers of the 	?	19
2	\will	ations, races, *will imagine, i. e.* are imagining and \will continue to imagine, *vanity,* a vain thing, something	will	21
2	ha3	se before us, and from Dan. ix. 26, the name *Messiah* ha3, before the Advent, come into use among the Jews as a 	had	21
2	Herod	-27, this description is applied to the combination of Herod and Pilate, Jews and Gentiles, against Jesus Christ, n	Herod	21
2	Adhonai	 clause. *The Lord,* not *Jehovah,* as in ver. 2, but *Adhonai,* the Hebrew word properly denoting *Lord* or *Soverei	?	22
2	declare^	n lips the law or constitution of his kingdom. *1 will declare^* or *let me declare,* the same form of the verb as in 	?	23
2	Mai	Deut. xiv. 1, 2, xxxii. 6; Isa. lxiii. 16; Hos. xi. 1; Mai. i. 6; Rom ix. 4.) Nor will any explanation of the term	?	23
2	co-extensive	 Messiah's kingdom, in which its limits are defined as co-extensive with the earth. <span class="ax-anchor" id="psalms-2-	co-exten-sive	25
2	Th^t	been accompanied by that of power adequate to hold it. Th^t power was to be exercised in wrath as well as mercy. T	That	25
2	paid	, and his Son, as the sovereign to whom homage must be paid, in order to escape destruction. *Kiss the Son,* an an	paid	26
3	individualised	ord and his Anointed. In the third it is still further individualised as a conflict between David, the great historical type	individualised	27
3	fleeing	occasion of the composition. *A Psalm of David, in his fleeing,* when he fled, *from the face,* from the presence, or	fleeing	27
3	Habakkuk	imes in the Psalms, and three times in the prophecy of Habakkuk. It corresponds to *rest,* either as a noun or verb, an	Habakkuk	28
3	07i	le psalm, and is therefore preferable to the version, *07i thy people (is) thy blessing,* which, though equally g	on	30
4	Habakkuk	s, and at the close of the one in the third chapter of Habakkuk. A more specific musical direction follows. *In, on,* o	Habakkuk	30
4	o/	of righteousness,* my righteous God! Compare *my hill* o/" *holiness,* Ps. ii. 6, and *his hill of holiness,* Ps	?	30
4	room/or	e heretofore experienced, *thou hast widened,* or made room/or *me,* the corresponding figure for relief. All he asks	?	30
4	actuated	y either signify an object of the divine mercy, or one actuated by religious love. If both ideas are included, which i	?	31
4	clamour	r heart,* to yourselves, and not aloud, much less with clamour, what you have to say. The Hebrew verb does not mean t	clamour	32
4	E.y	here they can be instantly supplied from the context. *E.y.* Exod.xix. 25, " So Moses went unto the people and *sa	E. g.	32
4	Exod.xix	hey can be instantly supplied from the context. *E.y.* Exod.xix. 25, " So Moses went unto the people and *said* (not *s	Exod. xix.	32
4	7more	 my heart, *i.e.* a real, inward, heartfelt gladness, *7more than the time,* or more than when, *i.e.* more than th	more than the time,	33
5	c/we	g">(1).</span></span> *To my words, 0 Lord,* Jehovah, *c/we ear, perceive my thought.* Attend not only to my vocal	give ear	35
5	2G	e no less significant to God than language (Rom. viii. 2G, 27). The second verb suggests the idea of attention, 	26	35
5	succour	 a wall or tower in anxious expectation of approaching succour. A similar use of the same verb occurs in Hab. ii. 1, a	succour	35
5	harboured	d, that the impunity of sinners would appear as if God harboured and abetted them, and therefore must be inconsistent w	harboured	36
5	be/ore	my enemies,* that they may not triumph; *make straight be/ore my face thy way, i. e.* mark out a safe and easy path 	before	37
6	quousque	deliverance? This question, in its Latin form, *Domine quousque,* was Calvin's favourite ejaculation in his times of s	quousque	39
6	gener^	* any remembrance of thee. *In Sheol,* the grave, as a gener^ receptacle, here parallel to *death,* and, like it, me	?	39
6	xx^	nemies, i. e.* of their vexatious conduct. Compare Ps. xx^. 10 (9). In these two verses he resumes the description	xxxi.	40
7	Virgil	e, or in the secondary one of poetical composition, as Virgil says, I sing the man and arms, *i.e.* they are the sub	Virgil	41
7	kinsmen	m. ix. 1, 2; xvi. 6, 11) and Shimei, who, indeed, were kinsmen. This explanation of the word *Cush* is less forced tha	?	41
7	repaid	>5 <span class="ax-veng">(4).</span></span> *If I have repaid my friend,* one at peace with me, *evil, and spoiled,*	repaid	42
8	Gitti	th), would seem, from its form, to be the feminine of *Gitti,* ■which always means a Gittite or inhabitant of Gath.	?	45
8	■which	ld seem, from its form, to be the feminine of *Gitti,* ■which always means a Gittite or inhabitant of Gath. See Josh	?	45
8	Jehovah^	="ax-vnum">2 <span class="ax-veng">(1).</span></span> *Jehovah^ our Lord,* not of the Psalmist only, but of all men, a	Jehovah,	46
8	■whose	 stop the mouths of all malignant railers against God, ■whose cavils and sophisms are put to shame by the instinctiv	whose	46
8	ver^e	milar to that of the expressions used in the preceding ver^e. <!-- PAGE 48 --> <span class="ax-anchor" id="psalms-8	verse	47
8	fi:om	 perfection, the Psalmist here comes back to the point fi:om which he started, and closes with a solemn repetition 	from	48
9	Al-muth-labben	span class="ax-vnum">1.</span> *To the Chief Musician, Al-muth-labben.* This enigmatical title has been variously explained. 	Al-muth-labben	49
9	labben	understand it as descriptive of the subject, and make *labben* an anagram of *Nabal,* the name of one of David's ene	labben	49
9	almuth	ccurring in the title of Ps. xlvi., or a cognate form *almuth,* and explain *labben* to mean *for Ben,* or *the (chi	almuth	49
9	labben	of Ps. xlvi., or a cognate form *almuth,* and explain *labben* to mean *for Ben,* or *the (children of) Ben,* one of	labben	49
9	Kesheth	 18, where David's elegy on Saul appears to be called *Kesheth* or the *Bow,* because that word is a prominent expres	Kesheth	49
9	6r	e one of simply doing justice, whether to the innocent 6r guilty. See Deut. x. 18; 1 Kings viii. 45, 49; Ps. cxl	or	50
9	co-extensive	le reaching far beyond the house of Israel, and indeed co-extensive with the earth. *Tell,* declare, make known, *in,* amo	co-extensive	51
10	^of	 will hide,* watch secretly, or lie in wait. From sins ^of word he now proceeds to those of deed or outward actio	of	57
10	th^	 in the first clause, by a collective singular, and in th^ second by a plural proper, that of the unusual word us	the	58
10	•thee	serve, as something to be recompensed hereafter. *Upon •thee the sufferer will leave* (his burden), will rely. *An 	thee	59
10	li^	 till nothing more is left to punish. The Hebrew verb (li^")l) has then the same sense as in ver. 4, 13, above, a	דרש	59
10	Y'^^^	here are those translated *to defy* (ערץ) and *earth* (Y'^^^)• This peculiarity of form, if really designed and sig	ארץ	60
10	æstus	inal; *e.g. m.* the Vulgate version of Gen. viii. 22, *æstus* and *æstas,* and in that of Gen. xii. 16, *oves et bo	æstus	60
10	æstas	m.* the Vulgate version of Gen. viii. 22, *æstus* and *æstas,* and in that of Gen. xii. 16, *oves et boves.* 	æstas	60
10	oves	22, *æstus* and *æstas,* and in that of Gen. xii. 16, *oves et boves.* 	oves	60
10	boves	us* and *æstas,* and in that of Gen. xii. 16, *oves et boves.* 	boves	60
11	grammatical-	 and judge the conduct of his creatures. By an equally grammatical-, tical but less natural construction, the whole verse 	?	61
11	Odit	uivalent to *he hates,* but denotes a cordial hatred. *Odit ex animo.* He hates with all his heart. <span class="	Odit	62
11	animo	 to *he hates,* but denotes a cordial hatred. *Odit ex animo.* He hates with all his heart. <span class="ax-anchor"	animo	62
11	nien	pan class="ax-vnum">6.</span> *He will rain on wicked (nien) snares, fire and brimstone, and a raging wind, the po	men	62
11	Mo^t	eech transferred from polytheism to the true religion. Mo^t probably, however, it was intended to express the fuln	?	62
12	hyperbolical	. xxvi. 2. In either case, the whole verse is a strong hyperbolical description of the small number of good men left in th	hyperbolical	63
12	are^	ve said, By our tongues will we do mightily; our lips {are^ with us: who is lord to us,* or over us? This is an am	(are)	64
12	poor^	he desolation of the wretched, from the sighing of the poor^ now will I arise, shall Jehovah say, I will place in s	poor,	64
12	te^m	h, refined seven times.* The Psalmist does not use the te^m commonly translated *words,* but one derived from the 	term	64
12	\^i^	rth,* or earthy particles, it has been objected, that *\^i^* never means earth as a material. Some avoid this diff	?	64
12	7w	that they attach a supposititious meaning to the noun *7w)3-* It is therefore explained by some as a variation o	?	64
12	tV^	-* It is therefore explained by some as a variation of tV^, lord or master, and the whole clause made to mean, *p	?	64
12	the~	ngular in the second, refer to the same persons, viz., the~ sufferers mentioned in ver. 7 (6). By a licence common	the'	65
12	Jl^Ptj	3 may denote either time or resemblance, and the noun. Jl^Ptj which occurs nowhere else, has been variously explaine	זלות	65
13	HU'^JJ^-	oes from that of the sixth, to wit, by the omission of HU'^JJ^- <span class="ax-anchor" id="psalms-13-1"></span><span	בנגינות	66
13	H^lJ	w long? for ever?* It may also be avoided by giving to H^lJ the sense of continuously, uninterruptedly. But even t	נֶצַח	66
13	•me	y heart by day? Till when shall my enemy he high above •me?* The idea in the first clause seems to be that of accu	me?	66
13	&lt	stood: (how long shall I feel) sorrow in my heart? The &lt;;common version, *having sorrow,* conveys the same ide	common	66
13	^ell-founded	God, i. e.* one on whom I have a right to call, with a ^ell-founded hope of being heard. See above on Ps. iii. 8 (7).— *En	?	66
13	ZOiDhi	d, *triumph.* See above, on Ps. ii. 11.—The last verb (ZOiDhi) has the same sense as in Ps. x. 6, viz., that of bein	אֶמּוֹט	67
13	^Dil	 of it. See above, Ps. v. 12 (11), ix. 3 (2). The verb ^Dil, which occurs above in Ps. vii. 5 (4), corresponds mos	גָּמַל	67
14	ver..1-3	e first a description of human depravity as universal, ver..1-3; then a confident anticipation of destructive judgment	ver. 1-3	68
14	then-	he speedy deliverance of God's elect from the evils of then- natural condition and from the malice of their unconve	their	68
14	^J>i	" No God!" *i. e.* Oh that there were no God!—because ]^J>i in usage always includes the substantive verb, and den	אֵין	68
14	apostatised	></span><span class="ax-vnum">3.</span> *The whole has apostatised; together they have putrefied; there is none doing goo	apostatised	69
14	'^n	sive act or event. The etymological import of the verb '^n?}^^ is to turn sour, to spoil. It is applied to moral d	נאלחו	69
14	Vaticanus	on of this psalm, where it is still found in the Codex Vaticanus, as well as in the Vulgate, and even in one or two Heb	Vaticanus	69
14	m-	shed for would consist in God's revisiting his captive m- afflicted people. The sense is also admissible, if not	or	70
14	L^t	xxv. 6 (4), Isa. lii. 8, Hos. vi. 11, Nah. ii. 3 (2). *L^t Jacob shout (for joy)!* This is both an exhortation an	Let	70
14	Oy>	 The common version is forbidden by the optative form *Oy>)* of the Hebrew verb, and by the masoretic interpuncti	?	70
15	olxiToi	, believers are described as members of God's family *(olxiToi ro\J* ©soD). <span class="ax-anchor" id="psalms-15-2"	οἰκεῖοι	71
15	ro\J	ers are described as members of God's family *(olxiToi ro\J* ©soD). <span class="ax-anchor" id="psalms-15-2"></sp	τοῦ	71
15	©soD	e described as members of God's family *(olxiToi ro\J* ©soD). <span class="ax-anchor" id="psalms-15-2"></span><sp	Θεοῦ	71
15	Horace	. 1. A remarkably analogous expression is that used by Horace: *integer vitae scelerisque purus.* The next phrase, *d	Horace	71
15	vitae	 analogous expression is that used by Horace: *integer vitae scelerisque purus.* The next phrase, *doing right,* pr	vitae	71
15	scelerisque	gous expression is that used by Horace: *integer vitae scelerisque purus.* The next phrase, *doing right,* practising rec	scelerisque	71
15	7J\	nd determined by the previous course of life. The verb 7J\*1 seems strictly to denote the act of busy or officiou	רגל	72
15	^&lt	ive it the same sense as in Gen. xxxi. 17, where *7)3* ^&lt;^£^3 means to lift up upon, *i. e.* to burden. The ide	נשא על	72
15	lOiQM	 all danger. Compare Ps. lv. 23 (22). For the sense of lOiQM, see above, on Ps. x. 6, xiii. 5. 	אֶמּוֹט	72
16	Michtab	* and signifies a mystery or secret. The similar word *Michtab* in the title of Hezekiah's psalm (Isa. xxxviii. 9) is	Michtab	73
16	DH''^^^	o a very similar form, which would mean *their idols* (DH''^^^), as if to suggest that false gods are mere troubles a	עַצְבֵּיהֶם	74
16	their^	either let it be heard out of thy mouth." The pronoun *their^* in this whole clause, refers not to the worshippers b	?	74
16	yea^	 fallen to me in pleasant things (or pleasant places); yea^ my heritage is goodly.* The *lines* here spoken of are	yea,	75
16	below.^	 Lev. xix. 10, Job xxxix. 14, and in Ps. xlix. 11 (10) below.^—*Hell* is here to be taken in its wide old English sen	below.—	76
16	in''Dn	 Ps. iv. 4 (3). The textual reading is a plural form ("in''Dn), the singular (חסידך) being a marginal correction or 	חסידיך	76
16	contend	חסידך) being a marginal correction or *keri.* The Jews contend for the former, and most Christians for the latter, wh	?	76
16	TVi^y	6.—It has been disputed whether *שחת* is derived from *TVi^y* and means a pit, or from שחת and means corruption. Bo	?	76
16	Xy\1-	a different sense and gender, as derived from נחת and *Xy\1-* The use of this equivocal expression may have been in	?	76
17	■view	e considered as a just one. *Shall come forth,* to the ■view of others, shall be seen and recognised in its true ch	view	78
17	CAal	men's thoughts are least under restraint, and when the CAal, if there be any, is most certain of detection. Purged	evil	78
17	^As	"psalms-17-4"></span><span class="ax-vnum">4.</span> *(^As) to the works of man, by the word of thy lips I have k	As	79
17	D^^&lt	 which man is naturally prone. The generic term *man* (D^^&lt;) is often used in reference to the sinful infirmities	אָדָם	79
17	lOli^	ment, and in reliance on it as an authority.—The verb (lOli^) translated *kept* properly means *watched,* and is el	שָׁמַר	79
17	\n3	eep away from* or *keep out of* danger.—From the verb (\n3) to break forth, elsewhere applied to gross iniquities	פָּרַץ	79
17	V^IB	ss iniquities (Hos. ' - T iv. 2.) comes the adjective (V^IB) violent, outrageous, here used as an epithet of the f	פָּרִיץ	79
17	vdlt	 heretofore, and do so still, because I know that thou vdlt hear me." It is needless to observe how much the sente	wilt	79
17	y^0^^	 12 (11), x. 11, 12. xvi. 1. —*My speech,* what I say, y^0^^ from אמר to say. <span class="ax-anchor" id="psalms-1	אִמְרָה	79
17	l£^3!li	fe, called *deadly enemies* in the English version. Or l£^3!li may be construed with the verb: surround me eagerly (w	בְּנֶפֶשׁ	80
17	presentdanger	bt still continue to surround me." In this description presentdanger is included, whereas if we substitute the present form	present danger	80
17	to/ai	erives some illustration from Judg. iii. 22. Some give to/ai the specific sense of *heart,* which is said to have i	to fat	80
17	Hi^s	psalms-17-12"></span><span class="ax-vnum">12.</span> *Hi^s likeness (is) as a lion; he is craving to tear; and as	His likeness	80
17	^IDD^	ix refers to the enemy as an ideal person. The future (^IDD^) means that he is just about to feel or gratify the ap	?	80
17	/rum	s the proposition in the same sense before both nouns—"/rum the men, I say, *and from* the evil world." " *World* 	from	81
18	Da\id	 promises referred to, and applying them not merely to Da\id as an individual, but to his posterity for ever, thus 	David	82
18	Jericho	mpare " Judah and Jerusalem," Isa. i. 1; "the land and Jericho," Josh. ii. 1. This form of expression does not imply 	?	82
18	occm-s	ow, but am resolved to do so for ever. The verb itself occm-s nowhere else in its primitive form, but often in one o	occurs	83
18	sro^yri	ost intimate attachment, being properly expressive of *sro^yri,* or parental love. The noun translated *strength* is 	στοργὴ	83
18	^^D	ation of two different words in Hebrew. As the *rock* (^^D) of the first clause suggests the idea of concealment 	?	83
18	Zacharias	In Luke i. 69, the same phrase is applied to Christ by Zacharias. The last term in the description belongs to the same c	?	83
18	are-	prayer before him will come, into his ears.* The verbs are- in the future, because they express the feelings not o	are	85
18	^yiriT	nd *quake,* corresponds to that of the original verbs (^yiriT li^yjpll). A reflexive or emphatic passive form of the	וַתִּגְעַשׁ	85
18	li^yjpll	ke,* corresponds to that of the original verbs (^yiriT li^yjpll). A reflexive or emphatic passive form of the first ve	וַתִּרְעַשׁ	85
18	^hi	d (or enkindled) to him* with an ellipsis of the noun (^hi) *anger.* The full construction may be found in Deut. 	אַף	85
18	wa'i	, both denoting anger, and suggested by the phrase *it wa'i inflamed to him* in the preceding verse. Compare Deut.	was	85
18	&lt	to the fire and smoke at Sinai, Exod. xix. 18. *From* "&lt; may have reference *to fire;* but the nearest anteced	it	85
18	vapom-s	ral, and seems properly to designate the whole body of vapom-s constituting the visible heavens or sky. A somewhat si	vapours	86
18	oftvorthlessness	allusion, in the figures of this verse, to the *floods oftvorthlessness* in ver 5 (4), and the *bands of hell* in ver. 6 (5). 	?	86
18	exUv	e say *stretch out, e. g.* in the parallel passage Ps. exUv. 7. (See also Gen. viii. 9, xlviii. 14). The noun, howe	cxliv	87
18	Heivillfree	ax-vnum">18 <span class="ax-veng">(17).</span></span> *Heivillfree me from my enemy* (because he is) *strong, and from my	He will free	87
18	haters^	me from my enemy* (because he is) *strong, and from my haters^ because they are mightier than I.* The futures are to 	my haters,	87
18	7my	*my enemy strong,* maybe understood as simply meaning *7my strong enemy*; but the true construction seems to be i	my strong enemy	87
18	fleeing	avid here alludes to his sufferings in early life when fleeing before Saul; see above on ver. 3 (2). o20 (19). *And 	fleeing	87
18	o20	fe when fleeing before Saul; see above on ver. 3 (2). o20 (19). *And brought me out into the tvideplace; he will	20	87
18	tvideplace	on ver. 3 (2). o20 (19). *And brought me out into the tvideplace; he will save me because he. delights in me.* The cons	wide place	87
18	apostatised	an> *For I have kept the ways of Jehovah, and have not apostatised from my God.* The Lord's ways are the ways which he ma	apostatised	88
18	3My	ause undoubtedly contains a confession of corruption. *3My iniquity* can only mean that to which I am naturally p	My iniquity	88
18	T\	cious* has been chosen to represent the similar term \*T\*DrT, for the comprehensive use of which we see above, 	חָסִיד	89
18	DrT	us* has been chosen to represent the similar term \*T\*DrT, for the comprehensive use of which we see above, on P	חָסִיד	89
18	hnng	lt save the afflicted people, and lofty eyes thou wilt hnng down.* Another general description of God's dealings w	bring down.	89
18	The/or	d which were actually past at the time of composition. The/or, as in the two preceding verses, connects the illustra	The for,	90
18	/or	-29 (26-28). " This is certainly God's mode of dealing,/or I know that he will deal thus with me." *In thee,* and	for	90
18	The/or	 God save Jehovah? And who is a rock besides our God?* The/or shews that this verse gives the ground of the strong a	The for	90
18	31aking	ax-vnum">34 <span class="ax-veng">(33).</span></span> *31aking my feet like hinds, and on my heights he makes me stan	Making	91
18	3My	 masculine or feminine pronoun to some whole species. *3My heights,* those which are to be mine by right of conqu	My	91
18	w«	ver. 30 (29) above. For both reasons swiftness of foot w«,s prized in the heroic age, as appears from Homer's st	was	91
18	Achilles	c age, as appears from Homer's standing description of Achilles. See 2 Sam. ii. 18, 1 Chron. xii. 8. <span class="ax-a	Achilles	91
18	ny	 But as the corresponding form of the verb to *lie {Mi}ny)* is used by Moses actively in Deut. xxxiii. 29, to wh	?	92
18	DSTV	shall be the God of my salvation.* The first phrase, *(DSTV* ^n) which is elsewhere always used as a formula of sw	יְהוָֹה	93
18	^n	be the God of my salvation.* The first phrase, *(DSTV* ^n) which is elsewhere always used as a formula of sweari	חַי	93
18	TiVdH	 interpreters confounded with a kindred phrase *{T}''* TiVdH) *vive le roi, (long) live the king,* and regarded as 	הַמֶּלֶךְ	93
18	le	 confounded with a kindred phrase *{T}''* TiVdH) *vive le roi, (long) live the king,* and regarded as a kind of 	le	93
18	^^nother	to David, and to his seed unto eternity.* We have here ^^nother instance of the favourite construction which connects 	another	94
18	xx^iii	e very same expressions are employed. Compare also Ps. xx^iii. 8, lxxxiv. 10 (9), and Ps. lxxxix, *passim.* <!-- PAG	?	94
18	tv/o	ch. xxxvi.-xxxix. If this be a correct hypothesis, the tv/o forms of the eighteenth psalm may be treated as distin	two	95
19	worJcqf	n> *The heavens (are)telling the glory of God, and the worJcqf his hands (is) the firmament declaring.* The participl	work of	95
19	co-extensive	as here. The idea is, that their province or domain is co-extensive with the earth, and that they speak with authority eve	co-extensive	96
19	pro\'ided	 God expressed in ver. 2 (1) above.— *Fitched a tent,* pro\'ided a dwelling, or without a figure, assigned a place. *In	provided	96
19	co-extensive	 wide domain described in the first clause. It must be co-extensive with the earth, because the sun which visits the whole	co-extensive	96
19	do^on	nt. The Hebrew preposition properly means *up to* (or *do^on to)* their very extremity. <span class="ax-anchor" id	?	97
19	^e	ilful, and high-handed sins, such as are deprecated in ^e next verse. See Lev. iv. 2-27, Num. xv. 27. Against su	the	99
19	DnTj	or the prevention of deliberate ones. The Hebrew word (DnTj properly denotes proud men, but seems to be here appli	זֵדִים	99
19	xvii.28	aring Exod. xxi. 14, Deut. xvii. 12, xviii. 22, 1 Sam. xvii.28.—To be perfect has the same sense as in Ps. x\'iii. 24-	xvii. 28	99
19	x\'iii	m. xvii.28.—To be perfect has the same sense as in Ps. x\'iii. 24-26 (23-25). That it does not there mean sinless per	xviii	99
19	forgiven	e foregoing prayers. If his sins of ignorance could be forgiven, and the deliberate sins, to which his natural corrupt	for-given	99
19	d'C	my mouth and the meditation of my heart he acceptable, d'C.* It is much more natural, however, to connect the word	&c.	99
20	^^T^i	ause seems to involve an allusion to the *memorial* (^"^^T^i), a name given in the sacrificial ritual to that part 	אַזְכָּרָה	100
20	undertaken	re. *Thy counsel,* the plan which thou hast formed and undertaken to execute in God's name, and for the protection or de	undertaken	101
20	73li	refore not as a mere secular triumph. The second verb (73li) seems to be connected with a noun (7^"!) used by Mose	נִדְגֹּל	101
20	translated/row	ebrew idiom, one of them a very strong one. The phrase translated/row *his holy heavens* might seem to mean *the heavens of 	translated from	101
20	salvum	of the first clause: "Jehovah, save the king" *(Domine salvum fac regem).* But this not only violates the masoretic 	salvum	102
20	fac	first clause: "Jehovah, save the king" *(Domine salvum fac regem).* But this not only violates the masoretic acce	fac	102
20	regem	t clause: "Jehovah, save the king" *(Domine salvum fac regem).* But this not only violates the masoretic accents, w	regem	102
21	withholden	ast given unto him, and the quest of his lips hast not withholden. Selah.* The occasion of the joy and exultation mention	withholden	103
21	withholden	egative expressions of the same idea *(given* and *not withholden)* is a favourite Hebrew idiom. <span class="ax-anchor	withholden	103
21	Kabbah	golden crown which he took from the Ammonitish king of Kabbah (2 Sam. xii. 30), but to his ideal coronation by the g	?	103
21	^viii	he plural form suggests variety and fulness, as in Ps. ^viii. 51 (50), xx. 7 (6). *By thy countenance,* or *with thy	xviii	104
21	yinrf	intended, it is probably not greater than that between yinrf *and find out* in English. <span class="ax-anchor" id	find	105
21	iky	em as if they were in a fiery furnace. *At the time of iky presence,* literally *thy face,* which may be understo	thy	105
22	three-	 have been in all ages. The psalm may be divided into three- nearly equal parts. The first pleads the necessity of 	three	106
22	rtiy	hou forsaken me, far from my deliverance, the words of rtiy roaring?* In this verse and the next we have the suffe	my	106
22	/Nl	 name here used is the one descriptive of God's power (/Nl), and may therefore be considered as including the ide	אֵל	106
22	^enthroned	tain the primary meaning of the Hebrew verb, *sitting (^enthroned upon) the praises of Israel.* <span class="ax-anchor"	(enthroned	107
22	savedst	n> *In thee trusted our fathers; they trusted and thou savedst them.* Not only was Jehovah the covenant God of Israel	savedst	107
22	tne	8 <span class="ax-veng">(7).</span></span> *All seeing tne mock at me; they pout with the lip; they shake the hea	me	108
22	carethfor	le Peter says, *casting all your care upon him, for he carethfor you* (1 Pet. v. 7). By these three parallels light is 	careth for	108
22	ysn	ould be so translated.—The last words of the verse (is ysn) are always applied elsewhere to God's complacency in 	חָפֵץ בּוֹ	108
22	•verse	ufferer himself in early life. The *for* connects this •verse with the last clause of the one preceding. What his en	?	108
22	m£	e, kept me safe. The original construction is, *making m£ trust,* but the Hebrew infinitive and participle used 	?	108
22	th^	o clauses may be here represented by the past tense of th^ English verb.—As applied to the whole church or chosen	?	108
22	pTie	s have surrounded me, a crowd of evil-doers have beset pTie, piercing my hands and my feet.* He now resumes the de	me,	110
22	11M3	o obtain this meaning, we must either change the text (11M3 or 'IJO for ""IMS) or assume a plural form so rare tha	כָּאֲרוּ	110
22	IMS	ng, we must either change the text (11M3 or 'IJO for ""IMS) or assume a plural form so rare that some grammarians	כָּאֲרִי	110
22	^HIO	e that some grammarians deny its existence altogether (^HIO for D^lhiD), and an equally rare form of the participl	?	110
22	D^lhiD	me grammarians deny its existence altogether (^HIO for D^lhiD), and an equally rare form of the participle (D\*1S3 f	?	110
22	D\	r D^lhiD), and an equally rare form of the participle (D\*1S3 for D^S), and a meaning of the verb itself which n	?	110
22	1S3	^lhiD), and an equally rare form of the participle (D\*1S3 for D^S), and a meaning of the verb itself which nowhe	?	110
22	D^S	and an equally rare form of the participle (D\*1S3 for D^S), and a meaning of the verb itself which nowhere else 	?	110
22	lion-	 of the same, in Num. xxiv. 9, Ezek. xxii. 25, *like a lion-* This idea would be here the more appropriate, because	?	110
22	IKS	e two interpretations by supplying a verb and giving ^"IKS its usual meaning. " Like the lion (they have wounded)	?	110
22	^p^^	glish word *tell* corresponds to that of the Hebrew (")^p^^), which means both to number and to relate, to count a	אֲסַפֵּר	111
22	gi-ief	suff"erer as stripped by his enemies, and looking with gi-ief and wonder at his own emaciation, while they gaze at i	grief	111
22	realisation	the case is therefore an extreme one. The providential realisation of this ideal scene in our Lord's history is expressly	realisation	111
22	wii	rence to the name of God with which the psalm begins *(wii)* and to the word *hind* (J^TjSt) in the title, both w	?	111
22	J^TjSt	which the psalm begins *(wii)* and to the word *hind* (J^TjSt) in the title, both which are akin to it in etymology.	?	111
22	co-extensive	See above, on ver. 17 (16), where the plural *dogs* is co-extensive in its meaning with the ideal or collective singular i	co-extensive	112
22	D^D^	 be appropriate. The precise sense of the Hebrew word (D^D^) is therefore comparatively unimportant. The common ve	רֵמִים	112
22	Ms	in (the) great congregation; my vows I will pay before Ms fearers,* those who fear him. *From (thee* is somethin	?	112
22	sh^ll	eat* (thereof) *the humble, and be satisfied;* (then) *sh^ll praise Jehovah those who seek him. May your heart live	shall	113
22	co-extensive	l, but with a spiritual sway, which is hereafter to be co-extensive with the earth itself. Compare the similar expressions	?	113
22	partaken	this feast as that of nations.—*Eaten and worshipped,* partaken of the sacrificial feast in honour of this great salva	partaken	114
22	1T^^^\	 *this generation,* but the next. The complete phrase (1T^^^\* in) occurs below, Ps. xlviii. 14 (13), lxxviii. 4. *T	(דור אחרון)	114
22	Adhonai	ii. 4. *The Lord.* The original is not *Jehovah,* but *Adhonai,* the divine name properly denoting sovereignty. See a	Adhonai	114
22	13D^	iv. 6,) It is highly improbable that the passive verb (13D^) has a meaning wholly different from that of the corre	(יְסֻפַּר)	114
22	y^^D^	 different from that of the corresponding active form (y^^D^?) in ver, 23 (22) above. <span class="ax-anchor" id="p	(אֲסַפְּרָה)	114
22	monopolise	, shall appear upon the scene. But even they shall not monopolise the knowledge thus imparted, but communicate it to a p	monopolise	114
23	futm-e	al character of Christian ministers (Eph. iv. 11). The futm-e form, *I shall not want,* includes the present, *I do 	future	115
23	merelyybr	 by his essential rectitude. *For his names sake,* not merelyybr *his own sake,* nor *for his own glory,* but for the s	merely *for*	116
23	be/ore	span><span class="ax-vnum">5.</span> *Thou wilt spread be/ore me a table in the presence of my adversaries; thou has	before	117
23	literally/aiienec^	njoyment without being able to disturb it.—*Anointed,* literally/aiienec^, in allusion to the richness and abundance of the unct	literally *fattened*	117
23	foreseen	nt and expressive. What he had just before confidently foreseen, he now describes as actually realised. <span class="	foreseen	117
24	symbolise	 in its permanent and temporary forms, was intended to symbolise the doctrine of God's special presence and residence a	?	117
24	C^y	s which surround it. The use of the Hebrew preposition C^y) is the same as in Ps. i. 3. There is obvious allusion	עַל	118
24	2%e	="psalms-24-4"></span><span class="ax-vnum">4.</span> *2%e clean of hands and pure of heart, who has not lifted u	The	118
24	Ms	lean of hands and pure of heart, who has not lifted up Ms soul to vanity, and has not swoi-n to fraud (ox falseh	his	118
24	swoi-n	, who has not lifted up Ms soul to vanity, and has not swoi-n to fraud (ox falsehood).* This is the answer to the fo	sworn	118
24	Demosthenes	the rhetorical interrogations which are so abundant in Demosthenes and other animated writers. All moral purity is here r	Demosthenes	118
24	SlJi/'	xact copy of the original. The precise construction') (SlJi/'? *HU.^2)* is found in these two places only; but a cogn	?	118
24	HU.^2	 of the original. The precise construction') (SlJi/'? *HU.^2)* is found in these two places only; but a cognate one	?	118
24	ii^i	is found in these two places only; but a cognate one *(ii^i* '; T T T T T ^^^) occurs repeatedly in the sense of s	?	118
24	^&lt	erpretations of the former phrase are that which makes ^&lt;^^^ a mere poetical variation of אל השוא and that whic	?	118
24	^&lt	ere poetical variation of אל השוא and that which gives ^&lt;')2J^7 K^J; in both places, the sense of *carrying to 	?	118
24	2J^7	tical variation of אל השוא and that which gives ^&lt;')2J^7 K^J; in both places, the sense of *carrying to vanity,	?	118
24	K^J	 variation of אל השוא and that which gives ^&lt;')2J^7 K^J; in both places, the sense of *carrying to vanity, i. 	?	118
24	^&lt	us, not by the single one in which the combination *b* ^&lt;ii.0; T T occurs, but by the many in which the same ve	?	118
24	ii.0	ot by the single one in which the combination *b* ^&lt;ii.0; T T occurs, but by the many in which the same verb is	?	118
24	7not	tion. The meaning of the clause will then be, *who has 7not set his heart on falsehood,* or on any false and sinfu	?	118
24	nr^D	imitated in translation. For the simple Hebrew phrase (nr^D) *Who is this?* we have here the fuller form (S^in ^p 	מִי־זֶה	120
24	S^in	se (nr^D) *Who is this?* we have here the fuller form (S^in ^p HT), in which the personal pronoun is interposed be	הוּא	120
24	^p	r^D) *Who is this?* we have here the fuller form (S^in ^p HT), in which the personal pronoun is interposed betwe	מִי	120
24	HT	) *Who is this?* we have here the fuller form (S^in ^p HT), in which the personal pronoun is interposed between 	זֶה	120
24	^&lt	tuting but a single question, as the personal pronoun (^&lt;^^), in Hebrew usage, often serves as an index of the 	הוּא	120
24	■where	ed.—There is a more material variation in. the answer, ■where, instead of the two phrases, *Jehovah strong and might	?	120
24	Zebaoth	s the single but still more expressive title, *Jehovah Zebaoth,* or *of Hosts.* In Exodus xii. 41, Israel is called *	?	120
24	Mohammed	 compound title as denoting *Lord of the Universe,* as Mohammed in the Koran speaks of Allah as the *Lord of Worlds.* 	?	120
24	Zebaoth	h less scriptural than heathenish. The phrase *Jehovah Zebaoth* does not occur in the Pentateuch, Joshua or Judges, f	?	120
24	Zebaoth	other noun. The anomaly can only be removed by making *Zebaoth* itself a proper name, or by supplying the word *God* 	?	120
24	lxxx.5	 form, *Jehovah God of Hosts.* Compare Ps. lix. 6 (5), lxxx.5 (4), lxxxiv. 9 (8).—This description of Jehovah as the	?	120
25	i^	 psalm, for example, two successive verses begin with *i^,* and two with "1, while \*) and p are left out. The f	א	121
25	xxi\'	al idea is that of confident desire. See above, on Ps. xxi\'. 4, and compare Ps. lxxxvi. 4, cxliii. 8, below, where 	xxiv.	122
25	Db'lVp	nced already.—*Of old* is an inadequate translation of Db'lVp, and even in the stronger form, *ever of old,* less ex	?	122
25	translation/ro?w	er of old,* less exact and expressive than the literal translation/ro?w. *eternity,* to which there is the less objection here,	?	122
25	D^IJ^	ach humble* (sinners) *his way.* The common version of D^IJ^, *meek,* is too restricted and descriptive of mere tem	עֲנָוִים	123
25	rin^D	y iniquity because it is great.* The form of the verb (rin^D)) is one that is commonly preceded by a future, which 	וְסָלַחְתָּ	123
25	jy^rr^l	bove on Ps. xxiii. 3. The emphatic pronoun at the end (jy^rr^l) may possibly refer to the remoter antecedent, as in P	רַב־הוּא	123
25	Mai	give my iniquity because that name is great." (Compare Mai. i. 11.) There is nothing ungrammatical, however, in th	Mal.	124
25	^T	n, and with the parallel phrase, *much transgression* (^T yt£?D), in Ps. xix. 14 (13). <span class="ax-anchor" 	רַב	124
25	yt£?D	and with the parallel phrase, *much transgression* (^T yt£?D), in Ps. xix. 14 (13). <span class="ax-anchor" id="ps	פֶּשַׁע	124
25	integritas	ee.* The first word means completeness or perfection *(integritas), i.e.* freedom from essential defect. See above, on P	integritas	125
26	TopubHsh	heard.* The clause admits of several constructions. 1. TopubHsh thanksgivings with the voice. 2. To publish with a tha	To publish	127
27	-he	his request he must despair; but as he does believe it,-he encourages himself to wait for it, ver. 13, 14. There 	'he	128
27	Kom	 strongest kind. The form of expression is imitated in Kom. viii. 31-35.—The noun מעזו is sometimes used as an abs	Rom.	128
27	befallen	 Even in the most imminent dangers which have hitherto befallen me, the divine protection has enabled me to see those 	befallen	128
27	Iioill	acrifice in his tabernacle sacrifices of joyful noise; Iioill sing and make music to Jehovah. And now* may either be	I will	129
27	Mij	hy servant,* and as such entitled to thy kind regard.—*Mij help, i. e.* the source and author of my help, my help	My	130
27	^catchers	ne here used is supposed by some to signify malignant *^catchers* for the errors or calamities of others. The one used 	watchers	130
27	/or	s prayer. As if he had said, I have reason to ask this,/or there have risen up, &c.—*One breathing violence* or *	for	131
27	spirare	ersecuting zeal in Acts ix. 1, and the Latin phrases, *spirare minas, anhelare scelus.* <span class="ax-anchor" id="	spirare	131
27	anhelare	 in Acts ix. 1, and the Latin phrases, *spirare minas, anhelare scelus.* <span class="ax-anchor" id="psalms-27-13"></	anhelare	131
27	scelus	ix. 1, and the Latin phrases, *spirare minas, anhelare scelus.* <span class="ax-anchor" id="psalms-27-13"></span><sp	scelus	131
27	yoXl	.—The optative and causative senses of the third verb (yoXl) are both determined by its form, which equally forbid	יַאֲמֵץ	131
28	xxii=	. See Ps. xxx. 4 (3), lxxxviii. 5 (4), and compare Ps. xxii= 30 (29). <!-- PAGE 132 --> <span class="ax-anchor" id	?	131
28	parlour	 a place of speaking or conversation, Uke the English *parlour* from the French *purler.* Now we learn from Exod. xxv	parlour	132
29	7NI	lated *mighty* is the plural form of one of the names (7NI) which describe God as omnipotent. See above, on Ps. v	אֵל	134
29	Sirion	>6.</span> *And made them skip like a calf Lebanon and Sirion like the young of the unicorns (antelopes or wild bull	Sirion	135
29	Sirion	 refer to *cedars,* or by anticipation to *Lebanon and Sirion.* This last is the Sidonian name of Hermon (Deut. iii. 	Sirion	135
29	Anti-libanus	n (Deut. iii. 9), the principal summit in the range of Anti-libanus, here mentioned simply as a parallel to *Lebanon,* wit	Anti-libanus	135
29	xmll	e of Jehovah is about to shake the wilderness; Jehovah xmll shake wilderness of Kadesh.* This is equivalent to say	will	135
29	Kadesh	shake the wilderness; Jehovah xmll shake wilderness of Kadesh.* This is equivalent to saying that he can do so, the H	Kadesh	135
29	Kadesh	 it is not in its whole extent, that the wilderness of Kadesh is here added to Mount Lebanon. <!-- PAGE 136 --> <sp	?	135
29	&See	 frame of nature, considered as God's royal residence. &See above, on Ps. V. 8 (7). Throughout this palace, *all o	See	136
29	^a^>	luntary exclamation. As to the true sense of the verb "^a^>, see above, on Ps. iv. 5 (4). • T <span class="ax-anc	אָמַר	136
29	oiJy	d), and Jehovah sits (as) King to eternity.* There are oiJy two ways in which this verse can be understood. It mus	only	136
29	7l2Dn	xample just in this place, and the invariable usage of 7l2Dn to mean Noah's flood. The sense of the whole verse may	הַמַּבּוּל	136
29	gi-ound	 poetical effect, but as a source of consolation and a gi-ound of hope to true believers, who are here assured, in a 	ground	136
30	Wc«	xl. 3 (2), below,—*Hast not caused or permitted to* re;Wc« by abandoning me to them.— v does not properly mean ov	rejoice	137
30	Ps.iv	mselves endowed with the same attribute. See above, on Ps.iv. 4(3).— *Memory,* in this connection, does not mean the	Ps. iv.	138
30	Ms	an class="ax-veng">(5).</span></span> *For a moment in Ms wrath, life in his favour; in the evening shall lodge 	his	138
30	inHezekiah's	(5), and reappears in Ps. lxxxviii. 11-13 (10-12), and inHezekiah's psalm, Isa. xxxviii. 18, 19, both of which are obvious	in Heze-kiah's	139
30	disorganised	e, see above, on Ps. xvi. 10.—*Dust,* the lifeless and disorganised remains of the body.—*Tell thy truth,* attest the trut	dis-organised	139
30	th^	r voice, which is entirely arbitrary; others the soul, th^ nobler part of man, as in Ps. xvi. 9, lvii. 9, cviii. 	the	139
31	rdii	r of his own name or manifested nature. See above, Ps. rdii. 3, for the meaning of this phrase, and on the second v	?	140
31	Zech.xi	 watching with respect and trust. Compare Hos. iv. 10, Zech.xi. 11, Jonah ii. 9 (8). This last place contains also the	Zech. xi.	141
31	xms	n> *By means of* (or *because of) all my adversaries I xms a reproach, mid to my neighbours very (much), and a fe	was	142
31	^^&lt	indefinitely, but by his neighbours, and that greatly (^^&lt;D), which seems equivalent to saying, " and to none mo	מְאֹד	142
31	magor	ause is closely copied in Jer. xx. 10, and the phrase *magor missabib* (fear round about) is a favourite with that 	magor	142
31	missabib	s closely copied in Jer. xx. 10, and the phrase *magor missabib* (fear round about) is a favourite with that prophet. 	missabib	142
31	faith-	Love Jehovah, ye his gracious ones (or favoured ones); faith- keeping* (is) *Jehovah, and repaying in plenty* (the m	faith-	144
32	future^	ned. " My bones waxed old *because* thy hand," &c.—The future^ in the fij-st clause cannot, without arbitrary violenc	future'	146
32	fij-st	 waxed old *because* thy hand," &c.—The future^ in the fij-st clause cannot, without arbitrary violence, be taken as	first	146
32	mean/or	 preposition than another which explains the phrase to mean/or *this cause,* or on this account, to wit, because I ha	mean *for*	146
32	TDTl	on which invariably follows it. For the true sense of *TDTl,* see above, on Ps. xxxi. 24 (23).— • r *Shall pray* i	?	146
32	u^wn	hou shalt go; I will counsel thee, my eye* (shall be) *u^wn thee.* Some regard these as the words of God to David;	upon	147
32	y?''^b^^&lt	cate a change, the obvious allusion in the first word (y?''^b^^&lt;) to the laconic title of the psalm (^"'Sb^)—as if the	אַשְׂכִּילְךָ	147
32	'Sb^	rd (y?''^b^^&lt;) to the laconic title of the psalm (^"'Sb^)—as if the instruction there promised was about to be 	מַשְׂכִּיל	147
32	forgiven	ulfilling the vow recorded in another place, that when forgiven and restored to communion with God, he would teach tra	forgiven	147
32	O^pn	addressing another like himself—to wit, a godly person O^pn) overtaken in transgression or exposed to strong tempt	חָסִיד	147
32	overtaken	sing another like himself—to wit, a godly person O^pn) overtaken in transgression or exposed to strong temptation—and o	overtaken	147
33	etjonologists	able* (is) *praise.* The Hebrew verb, according to the etjonologists, originally means to dance for joy, and is therefore a	etymologists	149
33	Kev	. 1, xcviii. 1—and once or twice in the New Testament, Kev. V. 9, xiv. 3.—*Play well,* literally *do well to play*	Rev.	149
33	I^M	iking than *it was;* the third, that the Hebrew verb ("I^M) does not mean to *speak* but to *say.* See above, on 	אָמַר	150
33	Ms	n that no purpose of his creatures can succeed against Ms will, no opposition of the creature can affect the exe	his	150
34	^ere	ly letter omitted being "). It is very remarkable that ^ere, as in Ps. xxv., the last verse begins with B|, like v	here	152
34	B|	 that ^ere, as in Ps. xxv., the last verse begins with B|, like ver. 16, and seems to be added to the alphabetic	פ	152
34	Abimelech	ime of) *his changing* (disguising) *his reason before Abimelech, and he drove him away, and he went.* The incident ref	Abimelech	153
34	Achish	d of the Philistines, was brought into the presence of Achish king of Gath, from whom he had reason to expect retali	Achish	153
34	Abimelech	, which means taste, judgment, understanding, reason.—*Abimelech,* king's father, hereditary sovereign, was the traditi	Abimelech	153
34	Achish	e king. See Gen. xx. 2, xxvi. 1. His personal name was Achish, 1 Sam. xxi. 10, 11, 12, 14. <span class="ax-anchor" 	Achish	153
34	animo	e soul, in order to describe it as done cordially, *ex animo.*—*The humble,* as opposed to the proud and the presump	animo	153
34	m.e	h, and he answered me, and from all my fears delivered m.e.* He here begins to assign a reason why he and others s	me	153
34	■word	19), his presence implies that of many others, and the ■word *encamp* is therefore perfectly appropriate. The conve	word	154
34	Son^	invites them to avail themselves of his instructions. *Son^* or *children* is a natural and common designation of 	Sons	154
34	Achish	 connection with the means by which David escaped from Achish, as suggested in the title, that it can only be explai	?	154
34	^doctrine	original expression occurs also in Isa. xxxiv, 16. The ^doctrine or promise of this verse is analogous to that in Mat. 	doctrine	156
35	jSy	d="psalms-35-1"></span><span class="ax-vnum">1.</span> jSy *David. Oppose, Jehovah, my opposers; devour my devour	By	157
35	contend	s sufferers in general.—*Strive with my strivers,* or *contend with my contenders.* The original verb is one specific	contend	157
35	i^D	out of its repository or concealment. Some explain f, "i^D as a foreign word, identical with the Scythian *σάγαρι	?	157
35	I^D	curs in Hebrew elsewhere, and the meaning of the verb "I^D is entirely appropriate, to *close* or stop the way ag	?	157
35	^in	 blush the devisers of my hurt.* Entirely disappointed ^in their hopes and efforts. The optative meaning of the f	in	158
35	dark^	span><span class="ax-vnum">6.</span> *Let their way be dark^ and slippery, and the angel of Jehovah chasing them.* 	dark,	158
35	Tn'm	* But it is simpler to let בשואה qualify the verb; let Tn'm fall with ruin, *i. e.* ruinously to his own destructi	him	159
35	phrase^	 union with him and possession of him, as the parallel phrase^ *in his salvation,* means in the experience and enjoym	phrase,	159
35	iJ	 7), and which is here combined with the later word D!)iJ.—The last clause is obscure, and is by some understood 	צוֹם	159
35	colourable	 of sheer spite, without any reasonable ground or even colourable pretext. This is a favourite description of the enemie	colourable	161
35	The/or	 quiet of the land words of deceits will they devise.* The/or assigns a reason why they ought not to be suffered to 	The for	161
35	nKH	(7) above. The Hebrew interjection in the last clause (nKH) seems to be a natural expression of joyful surprise. 	הֶאָח	161
35	secretly^	ot say, We have swallowed him up! In their heart,* not secretly^ but cordially, not as opposed to saying so to others, 	secretly,	162
35	•words	and contempt the* (men) *magnifying against me* (their •words, or their deeds, or themselves)! The relative construc	words,	162
36	TtitX\	dicate the person speaking. The usual combination is *(TtitX\** DW) *a dictum of Jehovah,* commonly translated in ou	יְהוָֹה	163
36	DW	e person speaking. The usual combination is *(TtitX\** DW) *a dictum of Jehovah,* commonly translated in our Bib	נְאֻם	163
36	Tn	ame, that of David is substituted in 2 Sam. xxiii. 1 *(Tn* DS3) and *the man* there and also in Prov. xxx. 1 (")	דָּוִד	163
36	DS3	 that of David is substituted in 2 Sam. xxiii. 1 *(Tn* DS3) and *the man* there and also in Prov. xxx. 1 (")23rT 	נְאֻם	163
36	23rT	* DS3) and *the man* there and also in Prov. xxx. 1 (")23rT *Di^i),* both which appear to be copied from the words	?	163
36	Di^i	 and *the man* there and also in Prov. xxx. 1 (")23rT *Di^i),* both which appear to be copied from the words of Ba	?	163
36	^^B	ing not from God nor from his prophets, but from sin *(^^B))* which here supplies their place. *A dictum of depra	?	163
36	D^?2	 copying the paraphrastic but familiar version of יהוה D^?2 in the English Bible, *thus saith transgression* or *c	?	163
36	yt£>l7	sion* or *corruption.*—The meaning of the next phrase (yt£>l7) is determined by the analogy of Ps. ex. 1, where the 	?	163
36	falsity	 the expression. What he says is not merely false, but falsity itself. For the precise meaning of the Hebrew words, s	falsity	165
36	^&lt	not good; evil he will not abjure.* The first word (l')^&lt;), both in this and the preceding verse, does not mean	אָוֶן	165
36	tdlt	 of thy house; (with) the stream of thy pleasures thou tdlt water them* (or *give them drink).* They, *i. e.* such	wilt	166
36	&lt	allusion, although lost in a translation, is marked in &lt;he original by the use of the word *eden* in the plura	the	166
36	som-ce	ommunion with thee.—The well-spring, fountain-head, or som-ce of life, a summary expression for all enjoyments and a	source	166
36	v/hen	e* has very much the same sense as in common parlance, v/hen uttered as a sudden exclamation. *There! they have fal	when	167
37	\verb	gs of the chosen people. See Prov. ii. 21, x. 30. The *\verb feed,* in Hebrew as in English, is used both transitiv	The verb	168
37	askings	nion and communion. *Requests,* not mere desires, but *askings,* prayers. Compare Ps. xx. 6 (5), xxi. 3 (2). <span c	askings	168
37	clamour	t in silence what he is about to do, without impatient clamour or presumptuous interference. Compare Exod. xiv. 13, 2	clamour	169
37	instead.of	on. xx. 17. *And wait for him,* allow him time to act, instead.of attempting to act for him. *Fret not thyself,* as in v	instead of	169
37	T/ieir	nt by treading on it. See above, on Ps. vii. 13 (12).—*T/ieir how,* often coupled with the sword, both in prose, as 	Their	170
37	■original	licted people of Jehovah.—*To slay,* or slaughter. The ■original expression is a very strong one, being properly applie	original	170
37	2%e	a sanguinary battle is described as a great slaughter.—2%e *straight,* straightforward, upright, or sincere, *(in	The	170
37	talionis	ion of their betters. This idea of a providential *lex talionis is* one repeatedly expressed under various figurative 	talionis'	170
37	Haman	27, and the historical example afforded by the case of Haman, Esther vii. 10.—*And their bows,* tile parallel expre	Haman	170
37	satisfied^	ne, *poor* or *needy,* in ver 14 above.—*They shall he satisfied^* or *filled,* but only in a good sense, without any im	satisfied,	171
37	D''l3	m (ver, 2), Others obtain the same sense by explaining D''l3 itself to *media pastures,* as it seems to do in Isa. 	בָּרִים	171
37	be^n	ever.* Here again, although a Jewish reader might have be^n inclined to put a lower sense upon/or *ever,* as denot	been	173
37	upon/or	h reader might have be^n inclined to put a lower sense upon/or *ever,* as denoting nothing more than permanency in co	upon *for*	173
37	y^^y	 present to the senses. The Hebrew word which follows (y^^y) means terrible, especially from one's extraordinary s	עָרִיץ	174
37	•The	 has never been transplanted, *green* and flourishing. •The word translated *native* is always elsewhere used of h	The	174
37	immoveable	igorous tree, rooted in its native soil, and seemingly immoveable <span class="ax-anchor" id="psalms-37-86"></span><spa	immoveable	174
37	hj	lvation of the righteous,* far from being wrought out *hj* themselves, *(is) from Jehovah,* comes from him as it	by	175
38	oy/n	ot unmingled with disgrace. All this he refers to his *oy/n foolishness* or folly, in the strong sense of criminal	own	176
38	/«r	e and neglect, as appears from the parallel expression,/«r *off)* literally *from afar,* according to a common He	far off	178
38	phrase/rom	stward* is in Hebrew *from the east,* and the familiar phrase/rom *the right* or *left hand,* where we say *at* or *on* 	phrase from	178
38	kinsmen	 including the idea expressed in the English Version, *kinsmen.* Unless the variation of the tenses in this sentence i	kinsmen	178
38	ivait	/span> *And those seeking my sow* (or *life) have laid ivait* (or *laid snares) for me, and those seeking my hurt h	wait	178
38	v:hose	ng.* In our idiom the last clause would have been, *in v:hose mouth there are no replies.* The meaning *reproofs* is	whose	179
38	Adhonai	, xxvii. 7, xxxiv. 5 (4).— *Lord,* not *Jehovah,* but *Adhonai,* the divine name which properly means *Lord* or *Sove	Adhonai	179
38	W^^n	life,* and as שנאי שקר means *my enemies of falsehood, W^^n* 0^^&lt; may mean *my enemies of life,* those who hate	איבי	180
38	0^^&lt	 and as שנאי שקר means *my enemies of falsehood, W^^n* 0^^&lt; may mean *my enemies of life,* those who hate my life	חיים	180
39	Jedithun	>1.</span> *For the Chief Musician. For Jeduthun* (or *Jedithun). A psalm. By David.* The masoretic punctuation requir	Jedithun	180
39	Jedithun	d *Jeduthun,* while the text itself presents the form *Jedithun.* The same diversity appears in Ps. lxxvii. 1, 1 Chron.	?	180
39	yny	</span></span> / *was silenced (with) dumbness; 1 held yny peace from good, and my sorrow was stirred.* The first	my	181
39	mean/row	lause is obscure. *From good* is understood by some to mean/row *every thing,* because that idea is elsewhere expresse	from	181
39	•without	ltogether, and suppressed even what he might have said •without sin, or was in duty bound to say. The natural effect w	without	181
39	mij	ntent and envious repining. *Within me,* literally *in mij inner part,* or *inside,* an emphatic phrase referring	?	181
39	HD	) ceasing,* or about to cease. The indefinite pronoun (HD has then the same sense as in the compound phrase (עדד	מָה	182
39	Adhonai	ntext. See above, on Ps. xxx. 2 (1). The divine name, *Adhonai,* Lord, seems to belong more naturally to the second c	Adhonai	183
39	U'os	even the first, although a preterite, does not mean *I U'os dumb, i. e.* at some former time, but *I have been sil	was	184
39	complaint^	g verse had reference merely to repining and undutiful complaint^ not to prayer, which he immediately subjoins. *Remove,	complaint,	184
39	xxx^dii	him and the afflicted person. See Isa. lxvi. 16, Ezek, xxx^dii. 22. The last verb is not a passive but a neuter, as in	xxxviii	184
39	iJiou	x-veng">(11).</span></span> *With rebukes for iniquity iJiou dost chasten mtin, and waste like the moth what he des	thou	184
39	mtin	></span> *With rebukes for iniquity iJiou dost chasten mtin, and waste like the moth what he desires. Only vanity 	man	184
39	c?t/	.</span></span> *Hear my prayer, 0 Jehovah, and to my* c?t/ (for help) *give ear; to my weeping be not silent, for	cry	184
39	^li^lD	t thy mercy, and dependent on thee. The parallel term (^li^lD) means one who has no land of his own, but is settled 	?	184
39	aiu	um">14 <span class="ax-veng">(13).</span></span> *Look aiu ay from me, and let me cheer up before I go (hence), a	away	185
39	govern/ace	o more.* Both Hebrew words are causatives, and seem to govern/ace understood. " Cause thy face, thy angry countenance, t	govern *face*	185
40	and/ear	 arising from the close resemblance of the verbs *see* and/ear *i^)Xy* and •INly'). The/ear meant is that religious a	and *fear*	186
40	i^	from the close resemblance of the verbs *see* and/ear *i^)Xy* and •INly'). The/ear meant is that religious awe o	יִרְאוּ	186
40	Xy	m the close resemblance of the verbs *see* and/ear *i^)Xy* and •INly'). The/ear meant is that religious awe or r	יִרְאוּ	186
40	•INly'	ose resemblance of the verbs *see* and/ear *i^)Xy* and •INly'). The/ear meant is that religious awe or reverence, wh	וְיִירָאוּ	186
40	The/ear	blance of the verbs *see* and/ear *i^)Xy* and •INly'). The/ear meant is that religious awe or reverence, which always	The *fear*	186
40	apostatising	joining the party, of those *swerving,* turning aside, apostatising, from the way of truth and duty, or from God himself. 	?	186
40	declare^	y before and after, it is safer to retain it. *1 would declare^* literally *I will declare,* the form of the verb bein	declare,	187
40	ha^	-veng">(6).</span></span> *Sacrifice and offering thou ha^ not desired; my ears thou hast pierced. Burnt-offering	hast	187
40	rites^	ively stated—not by mere oblations or other ceremonial rites^ To express this idea he combines four technical expres	rites.	187
40	meatoffering	the English version of the Pentateuch, it is rendered *meatoffering,* a version which no longer conveys the correct meanin	meat-offering	187
40	t\jayytki'	st verb is the nearest Hebrew equivalent to the Greek *t\jayytki'(^o[iai,* to announce good news, to proclaim glad tidin	εὐαγγελί	189
40	^o	the nearest Hebrew equivalent to the Greek *t\jayytki'(^o[iai,* to announce good news, to proclaim glad tidings.	ζο	189
40	iai	 nearest Hebrew equivalent to the Greek *t\jayytki'(^o[iai,* to announce good news, to proclaim glad tidings. The	μαι,	189
40	■wilt	Ps. xxiii. 6. As if he had said, " I am sure that thou ■wilt not withhold," &c. Here, again, there is an obvious al	wilt	190
40	overtaken	e gathered evils till there is no number; my sins have overtaken me, and I am not able to see; they are more than the h	overtaken	190
40	Overtaken	e experience here described is that of their effects. *Overtaken,* reached after long delay and hope of escape. See Deu	Overtaken	190
40	/or	me*—*those saying to me, Aha, aha!* The common version,/or *a reward of their shame,* seems to make their shame t	for	190
40	^p^	e for which they were to be punished. The Hebrew word (^p^) sometimes means wages or reward, as the *consequence*	עֵקֶב	190
40	Jehovah^	 (those) seeking thee. They shall say always, Great be Jehovah^—(those) loving thy salvation.* The structure of the cl	Jehovah—	190
40	ine	 either mean, *will think respecting* (or *concerning) ine, i. e.* remember me, attend to me—or *will think for m	me,	191
41	4-9j	m sickness and the spite of wicked enemies, ver. 5-10 (4-9j. He concludes with an earnest prayer to God for succour	(4-9).	191
41	succour	 (4-9j. He concludes with an earnest prayer to God for succour, and expresses a strong confidence that he shall recei	succour	191
41	thos^	ufferings of the righteous, with specific reference to thos^ of the Messiah, as the head and representative of the 	those	191
41	rospered	ehovah will keep him and save him alive; he shall be 2)rospered in the land; and do not thou give him up to the will o	prospered	192
41	ll£^K1	ov. iii. 18. The marginal reading in the Hebrew Bible (ll£^K1) only differs from the text by introducing the conjunc	ואשר	192
41	thee^	5, xxxviii. 4, 5, 19 (3, 4, 18), xl. 13 (12). *Against thee^* literally *to thee, as to thee.* The idea of direct o	thee,	192
41	Imow	rest. *He will speak:* I am sure that he will do so; I Imow him too well to doubt it for a moment. The idea thus s	?	192
41	y^p	ance of benevolence and friendship. The second future (y^p") may be either construed like the first, *he* (certai	?	192
41	lieth	it. The common version of the next words, *now that he lieth,* is extremely forced. The only natural construction o	?	193
41	bounty^	ng my bread,* enjoying my society and subsisting on my bounty^ while he omits the other two, because these would have	bounty,	194
41	&lt	u, Jehovah, have mercy upon me, and cause me to arise, &lt;ind I will repay them.* The connection between this ve	and	195
41	this^	ice of his enemies. *Make me to rise,* help me up from this^ bed of weakness and suffering, with obvious allusion t	this	195
41	firm»	 duration. *Amen* is a Hebrew verbal adjective meaning firm»?, *sure, certain, true.* It is used as an expression of	firm,	196
41	tnie	pression of assent, just as we use *right, good,* and *tnie* itself, for the same purpose. It was uttered by the p	true	196
42	2'These	g whatever to prevent the use of the preterite forms. *2'These things,* not his former enjoyments, but his present su	These	197
42	dmvn	 class="ax-veng">(5).</span></span> *Why art thou cast dmvn,* (0) *my soul, and why art thou disquieted within me?	down,	198
42	Baalim	 other mountains upon that side of the river, just as *Baalim* means Baal, and other idols worshipped with him (1 Ki	?	198
42	Alleghanies	ngle eminence, but a chain or range like the Alps, the Alleghanies, &c. In either case it is put for the whole region eas	?	198
42	Mahanaim	ht be used by David, even in reference to his abode at Mahanaim, north of the Jabbok, on the borders of Gad and Manass	?	198
42	Jabbok	en in reference to his abode at Mahanaim, north of the Jabbok, on the borders of Gad and Manasseh (2 Sam. xvii. 24, 	?	198
42	Perea	n of the country east of Jordan, called in later times Perea. *Billows and waves,* literally *breakers and rollers, 	Perea	199
42	Vi&lt	idst of his afflictions. The divine name here used is (Vi&lt;) the one significant of strength. *My rock,* my refug	(אֵל)	200
42	31y	first clause is intended to denote excruciating pain. *31y enemies,* oppressors, or persecutors, as the Hebrew wo	My enemies,	200
42	27ie	ating the expressions either of themselves or others. *27ie salvations of m,y face* is a bold and unusual expressi	The salvations of	200
43	2plead	s in my behalf. See above, on Ps. x. 18, xxvi. 1. *And 2plead my cause,* literally *strive my strife,* but with part	plead	201
43	D^iil	implied, and afterwards expressed. The word *nations* (D^iil) being constantly applied to the gentiles or heathen, 	גוים	201
43	th^	ily suggested to a Hebrew reader by the original verb, th^ paragogic form of which, however, shews that the secon	the	202
44	The/or	light of thy countenance; for thou didst favour them.* The/or at the beginning introduces the proof or amplification	The *for*	203
44	\i	med, i. e.* defeated, disappointed. See above, on Ps. *\i.* 11 (10), xiv. 6. <span class="ax-anchor" id="psalms-	vi.	204
44	fi-auduleutiy	on, in Lev. xix. 11, has the sense of lying, or acting fi-auduleutiy, towards another. See also Ps. lxxxix. 34 (33). What i	fraudulentiy	205
44	deathshade	s in a place of dragons, and hast covered over us with deathshade.* The construction is continued from the preceding sent	deathshade	206
44	Deathshade	 covered, a stronger expression than the simple verb. *Deathshade,* or the shadow of death, a strong poetical expression	Deathshade	206
44	The/or	direct but strong affirmation of the fact in question. The/or, at the beginning of the last clause, does not indicat	The for	206
44	u'e	s="ax-veng">(22).</span></span> *Because for thee have u'e been kilted all the day;* we *have been reckoned as sh	we	206
44	th^u	Why wilt thou forget* is evidently more than *why dost th^u forget,* for it conveys the additional idea, " Why wil	thou	207
45	Ahab	n this as a mere epithalamium in honour of Solomon, or Ahab, or some later king, Jewish or Persian, has always bee	Ahab	208
45	soiuj	alm itself. See below, ver. 10, 11, 16 (9, 10, 15). *A soiuj of loves* would seem to mean either a *love-song* or a	song	208
45	€very	her lovely, that the beauty predicated of him includes €very moral and spiritual attraction, and that the grace of 	every	210
45	Ai\	 thy thigh, Mighty (One), thy honour and thy majesty.* Ai\*m thyself for battle and for conquest. Compare 1 Sam. 	Arm	210
45	sa^e	* is used precisely as the English words *account* and sa^e are in the familiar *combinations, on account of, for 	sake	210
45	acutus	p* is properly a participle meaning *sharpened,* like *acutus* from *acuo,* and may here have the same sense as in I	acutus	211
45	acuo	 a participle meaning *sharpened,* like *acutus* from *acuo,* and may here have the same sense as in Isa. v. 28, *	acuo	211
45	^y	*eternity and perpetuity.* See above, ^^.. *y ^^ 0-^)' ^y* ^ (^)- The same perpetuity is asserted of Jehovah's r	?	211
45	eternised	s also promised to the royal line of David, ending and eternised in Messiah. See the original promise in 2 Sam. vii. 13	?	211
45	dignity-	ticularly as a badge of office and especially of royal dignity- See above, on Ps. xxiii. 4. *Rectitude,* in a moral or	?	211
45	ah-eady	enses represent the moral qualities ascribed to him as ah-eady manifested and familiar. The substitution of the prese	already	212
45	xliii.4	 *Thy God, 0 God, hath anointed thee, &c.* Compare Ps. xliii.4, li. 15(14). But the more obvious construction above g	xliii. 4	212
45	odours	s. His dress is described as so impregnated with these odours, that it may be poetically said to be composed of them	odours	212
45	odours	m marriage feasts in splendid palaces that these sweet odours and these joyful feelings have been brought away. Why 	odours	212
45	Ahab	Palaces of ivory, i. e.* adorned with it, like that of Ahab in 1 Kings xxii. 39, and that of Menelaus in the Odyss	Ahab	212
45	Menelaus	it, like that of Ahab in 1 Kings xxii. 39, and that of Menelaus in the Odyssey. That this kind of luxury was not unkno	Menelaus	212
45	>3p	ii. 15, vi. 4, Song of Sol. vii. 5 (4). The next word (>3p) is by some explained as a contraction of (D''ilD), a 	מִנִּי	212
45	D''ilD	t word (>3p) is by some explained as a contraction of (D''ilD), a word meaning strings, and then stringed instrument	מִנִּים	212
45	iii.l	 on Ps. xxxiv. 12 (11), and compare Prov. i. 8, ii. 1, iii.l, iv. 1, &c. Or the Psalmist may be understood as speak	iii.1,	213
45	a.wife	 who was no longer to be treated as a daughter, but as a.wife and mother. As if he had said, " Hitherto thou hast be	as a wife	213
45	ai\d	nd let the king desire thy beauty; for he is thy Lord, ai\d* (therefore) *how thyself to him.* The common version 	and	214
45	desire^	hyself to him.* The common version *(so shall the king desire^ &c.)* is inconsistent with the form of the Hebrew verb	desire,	214
45	Ahab	addressed to Jezebel, in honour of whose marriage with Ahab (1 Kings xvi. 31) the psalm is then supposed to have b	Ahab	214
45	cowj	 she he conducted to the king; virgins behind her, her cowj)anions, brought unto thee.* The lively picture of an o	companions	215
45	2hey	ax-vnum">16 <span class="ax-veng">(15).</span></span> *2hey shall be conducted with rejoicings and mirth; they sha	They	215
45	Ahab	f that the king here glorified was neither Solomon nor Ahab. At the same time there is obvious allusion to the stat	Ahab	216
46	foam^	="ax-veng">(3).</span></span> *Let its waters roar and foam^ let mountains tremble in its swelling. Selah.* The sin	foam,	217
46	translated/oam	lated *roar* occurs above in Ps. xxxix. 7 (6). The one translated/oam means strictly to ferment or effervesce. As the word r	translated foam	217
46	^the	y of God, i. e.* Jerusalem, his earthly residence, and ^the centre of the theocracy. See below, Ps. xlviii. 2, 3 (	the	218
46	Haggai	ed as the ultimate author of these mighty changes. See Haggai ii. 21, 22. <span class="ax-anchor" id="psalms-46-7">	Haggai	218
46	u^	n Ps. xxiv. 10, and below, on Ps. xlviii. 9 (8). *With u^.* Compare the name *Immanuel,* Isa. viii. 8. *A refuse,	With us.	218
47	Korhites	t occasion, not only of Levites in general, but of the Korhites (sons of Korah) in particular (2 Chron. xx. 19). We re	Korhites	219
47	Berachah	urth day they assembled in a valley which they called *Berachah* (blessing), because there they blessed the Lord (ver.	?	219
47	TVTiat	people, and of his sovereign power over other nations. TVTiat h^ has done is but an earnest of what he will do. Comp	What	220
47	h^	 and of his sovereign power over other nations. TVTiat h^ has done is but an earnest of what he will do. Compare	he	220
47	Mai	s. xxiv. 6, xlvi. 8 (7), 12 (11). *Whom he loved.* See Mai. i. 2, and compare Ps. lxxviii. 68. <span class="ax-an	Mal.	220
47	7with	an class="ax-veng">(5).</span></span> *God has gone up 7with shouting, Jehovah with sound of trumpet.* He is here d	with	220
47	■IIDT	brew corresponding to *sing praises* is a single word (■IIDT); which means to praise musically, both with voice and	?	220
47	^/aXarg	understanding),* which is also that of the Septuagint (^/aXarg *avviTu;),* the Vulgate *(psallite sapienter),* and Je	ψάλατε	221
47	avviTu	ding),* which is also that of the Septuagint (^/aXarg *avviTu;),* the Vulgate *(psallite sapienter),* and Jerome *(c	συνετῶς	221
47	psallite	t of the Septuagint (^/aXarg *avviTu;),* the Vulgate *(psallite sapienter),* and Jerome *(canite erudite).* <span cla	psallite	221
47	canite	u;),* the Vulgate *(psallite sapienter),* and Jerome *(canite erudite).* <span class="ax-anchor" id="psalms-47-8"><	canite	221
48	mizmor	Song. To the Sons of Korah.* The generic term *'psalm (mizmor)* is rendered more specific by the addition of *song (	mizmôr	221
48	shir	)* is rendered more specific by the addition of *song (shir),* which commonly denotes a song of praise. See above,	shîr	221
48	Tekoa	irst obtained a sight of Jerusalem. This may have been Tekoa (2 Chron. xx. 20), the lofty site of which commands an	Tekoa	222
48	o£	ut as the seat of the theocracy, the earthly residence o£ God, the promise is still valid, in its strongest sens	of	223
48	chm-ch	ll valid, in its strongest sense, with, respect to the chm-ch, of which the ancient Zion was the constituted type an	church	223
48	a§	ing what they saw with what they had previously heard, a§ in the foregoing verse. *In the midst* of *(i. e.* wit	as	223
48	Jericho	re twice used together in the history of the taking of Jericho (Josh. vi. 3, 11). The second occurs above in Ps. xvii	Jericho	224
48	The/or	r God for ever and ever; he will guide us unto death.* The/or assigns a reason for representing this event as one to	The for	224
48	Ht	accordance with the usual construction of the pronoun (Ht), *this is our God for ever and ever, i. e.* he who ha	זֶה	224
49	re/rain	e of which is marked by the recurrence of a burden or *re/rain* in ver. 13 (12) and 21 (20). In the first of these tw	?	224
49	iinus	s date or historical occasion. The inscription *to the iinus of Korah* is consistent with any date from the time of	?	224
49	>are	e in Deut. Xxxii. 1. See below, Ps. 1. 1, and compare];>are Isa. i. 2. The word translated *world* means primarily	compare	225
49	^ere	ise sons of man, likewise sons of man.* The word *man ]^ere* corresponds to two distinct Hebrew words which, when 	here	225
49	th^	 it, but either to utter it or to explain it, probably th^ latter. What he hears from God he will open or expound	the	225
49	xx\ii	n a sense akin to which the verbal root is used. Gen. *xx\ii.* 36, Hos. xii. 4 (3). In either case, it is clearly a 	?	225
49	paid	nsom,* as in the English Bible; it is too costly to be paid, and therefore *ceases,* or remains unpaid, for ever. 	paid	226
49	paid	s that the ransom of their life is too expensive to be paid. <span class="ax-anchor" id="psalms-49-9"></span><span	paid	226
49	/or	al construction of the first words—*when he sees* (or */or he sees) that wise men die* —is neither so simple in i	?	226
49	whofolloio	st to retain this meaning in the case before us. *They whofolloio them,* their imitators, their adherents, *will delight	who follow them	228
49	gi-oss	 verse, as thus explained, is that notwithstanding the gi-oss folly of such sinners, as proved by the end to which i	gross	228
49	dv/elling	tand *from dwelling* to mean a dwelling which is not a dv/elling, or, as we might say, an *undwelling.* Apart from thes	?	228
49	undwelling	ing which is not a dv/elling, or, as we might say, an *undwelling.* Apart from these minute verbal difficulties, the gene	?	228
49	xxx\di	for the cause of truth and goodness. See above, on Ps. xxx\di. 1. The conjunction in the first clause may also be tra	?	229
49	iopraise	o acknowledge benefits received, to *thank;* and then *iopraise* in general. See above, on Ps. vi. 6 (5). The primary 	?	230
49	characterise	or thyself* The addition of this last phrase serves to characterise vividly, not only the rich sinner but his flatterers. 	?	230
49	receivedst	ay to Dives, " Son, remember that thou in thy lifetime receivedst thy good things, and likewise Lazarus evil things; but	?	230
49	a^	t instructive commentary on the passage now before us, a^ exhibiting the future revolution in the relative posit	?	230
49	yh''	ver. 13 (12) differ only in a single letter *(]>2" ^^^ yh''),* in consequence of which they are confounded by the 	ילין	231
49	re/ram	actice of the Hebrew writers, where the same burden or re/ram recurs, is not to repeat it slavishly, but with some s	refrain	231
50	/rom	f *above.* See for example Gen. i. 7. The strict sense,/rom *above,* would here be inappropriate, since God is rep	from	233
50	^ical	 discredit or repudiate that essential symbol of the t}^ical or ceremonial system. <span class="ax-anchor" id="psa	typical	233
50	/or	 The heavens are witnesses of God's judicial rectitude,/or *he himself* (and not a delegated man or angel) *is th	for	233
50	applied.to	, expressive of no inward faith or love. But now it is applied.to him who actually violates the law which he professes t	applied to	235
50	consentedst	ass="ax-vnum">18.</span> *If thou sawest a thief, thou consentedst with him, and with adulterers* (has been) *thy portion	consentedst	236
50	^ii	contains the warning. The Hebrew particle of entreaty (^ii) is not so well expressed by the *now* of the English 	נָא	237
50	whoso	f the first clause makes it an identical preposition: *whoso ofereth praise glorifieth me.* At the same time it gre	whoso	237
50	fiom	the ambiguous term *offer.* The words are all borrowed fiom ver. 14, 15, to which there is therefore a direct allu	from	237
51	Bathsheba	het came unto him, as he (i. e.* David) *had come unto Bathsheba.* The first inscription was particularly necessary here	Bathsheba	237
51	forgiven	arts, a prayer and a vow. In the first, he prays to be forgiven and restored to the divine favour, ver. 3-14 (1-12). I	?	237
51	forgiven	 but as a reason why God should grant it. As no one is forgiven unless convinced of sin, so this conviction constitute	for-given	238
51	ordy	span class="ax-veng">(4).</span></span> *To thee, thee ordy, have I sinned, and done the evil in thine eyes, to th	only	238
51	\dii	irst verb is determined by its use in Job xv. 7, Prov. \dii. 24, 25, and that of the corresponding active form in J	viii.	239
51	classicus	is nature. This has always been regarded as the *locus classicus* of the Old Testament, in reference to the doctrine of	classicus	239
51	pm-e	 almighty power and sovereign grace for its removal. A pm-e heart is a familiar Scriptural figure for affections f	pure	240
51	in^	, as in the case of Peter (Luke xxii. 32). *Within me, in^ the midst* (or *in the inside) of me.* The same Hebrew	in	240
51	aivaij	<span class="ax-veng">(11).</span></span> *Cast me not aivaij from thy presence, and thy Holy Spirit take not from m	away	241
51	translated/ree	erer or pursuing him (Gen. iv. 10, ix. 5, 6). The verb translated/ree is applied to deliverance from enemies in Ps. vii. 2 (	translated free	241
51	lij^s	y rendering the future as an imperative *(open thou my lij^s).* The exact form as well *&8* the sense of the origin	lips	242
51	contritum	onfined to the dialect of theology, whereas the Latin *contritum,* from which it was borrowed, as well as the original 	contritum	242
52	Ahimelech	Saul, and said unto him, David is come to the house of Ahimelech.* This is merely the beginning of the story, which is s	Ahimelech	244
52	^nan	></span> *Why wilt thou boast thyself in evil, mighty (^nan) 1 The mercy of the Almighty (is) all the day.* The fu	(man) ?	244
52	Ahimelech	he allusion is to Saul's cutting words when he accused Ahimelech and David of conspiracy against him (1 Sam. xxii. 13).	Ahimelech	244
52	xx\di	ence, under the figure of a country. See above, on Ps. xx\di. 13. The quick recurrence of the pause implies excited 	xxvii.	245
52	and/ear	. ii. 4). The paronomasia of the verbs translated *see and/ear* is the same as in Ps. xl. 4 (3). *Shall see, i. e.* t	see and *fear*	245
52	oi	and *perpetuity,* are combined in the adverbial sense *oi for ever and ever.* See above, on Ps. x. 16, xxi. 5 (4	of	246
52	\-ii	at for benefits received. See above, on Ps. vi. 6 (5), \-ii. 18 (17), xlix. 19 (18). The object of the verb *hast d	vii.	246
53	retractatio	, which ascribe both psalms to David. Of this kind of *retractatio,* which is not unknown to the practice of uninspired h	retrac-tatio	247
53	variation3>the	 one or two cases more obscure and difficult. To these variation3>the remarks which follow will be restricted. For the expos	variations, the	247
53	uponMahalath	pan class="ax-vnum">1.</span> *To the Chief Musician*—*uponMahalath*—*Maschil*—*hy David.* Between the inscription to the 	upon Mahalath	247
53	Tyy^J	is verse is the substitution of (עול) *iniquity* for *(Tyy^J) deed* or *act.* Instead of saying, *they have made* (	עלילה	247
53	liii.-	and *Elohim* thrice. This difference seems to mark Ps. liii.- as the later composition, in which the writer aimed at	?	247
53	apostatised	span class="ax-veng">(3).</span></span> *All of it has apostatised; together they have putrefied; there is none doing goo	apostatised	248
54	mizmor	tle of Ps. iv., but with a change of the generic term *mizmor* to the specific one *maschil.* See above, on Ps. liii	mizmor	249
54	Ziphites	><span class="ax-vnum">2.</span> *In the coming of the Ziphites, and they said to Saul,* (7s) *not David hiding himsel	Ziphites	249
54	7s	n the coming of the Ziphites, and they said to Saul,* (7s) *not David hiding himself with us* / The verse gives 	(Is)	249
54	Ziphites	cidence is greater in the first case. The words of the Ziphites seem to have been remembered on account of some peculi	Ziphites	249
54	IJ^DDD	pression, perhaps the use of the reflexive participle (IJ^DDD); which remains unchanged in all three places, the ear	מִסְתַּתֵּר	249
54	Ziph	n our land, *i.e.* the wilderness or pasture ground of Ziph (1 Sam. xxiii. 14, 15), in or near which was a town of	Ziph	249
54	Ziph	till visible, not far from what the natives call *Tell Ziph,* or the Hill of Ziph. (Robinson's Palestine, II. 191.	Ziph	249
54	Ziph	from what the natives call *Tell Ziph,* or the Hill of Ziph. (Robinson's Palestine, II. 191.) <span class="ax-anch	Ziph	249
54	Adhonai	ife against those who seek it. See above, ver. 5 (3). *Adhonai,* the divine name properly translated *Lord,* because 	?	249
54	2'he	e in this case is only a stronger form of prediction. *2'he evil,* which they mean to do me. *Return to,* or upon 	The	250
54	miiy'	This is the sense required by the reading in the text (miiy'), which the modern critics commonly regard as the most	ישוב	250
55	oui	 a grammatical relation which may be expressed thus in oui; idiom: " hoiTor hath covered me so that I say," &c. 	our	252
55	hoiTor	 relation which may be expressed thus in oui; idiom: " hoiTor hath covered me so that I say," &c. <span class="ax-a	horror	252
55	7more	criptive of the speed with which he wishes to escape, *7more than the rushing wind and tempest.* This sense is pref	more	252
55	hnithemselves	10 (9). The object to be supplied is not *their tongue hnithemselves. Divide their tongue, i. e.* confound their speech or m	but them-selves	252
55	07ie	le phrase here employed is understood by some to mean *07ie whom I value, i. e.* highly, or more specifically, *on	?	253
55	riytfiw	logy, and the authority of the ancient versions. (LXX *riytfiw.* Vulg. *dux). Acquaintance* seems to be a weaker expre	?	253
55	l^e	 The false friend, of whom he is complaining, seems to l^e one with whom he is still intimate, but whose defectio	be	254
55	foresaw	m he is still intimate, but whose defection he clearly foresaw. As if he had said, " With this man I must still contin	fore-saw	254
55	rf\12i	upon them)* is founded on the masoretic reading ישיא) *rf\12i)*; but the best critics now prefer the older reading i	מָוֶת	254
55	Dto	best critics now prefer the older reading in the text (Dto"!^^), which, instead of a verb and a singular noun, ex	ישימות	254
55	fear-	 service of sin, and as a necessary consequence cannot fear- God. The grammatical structure of the whole verse is p	?	255
55	butterings	an class="ax-veng">(21).</span></span> *Smooth are the butterings of his mouth, and* (yet) *war* (is in) *his heart*; *s	butterings	256
55	wi^e	mon term in Hebrew for a *well,* but is here used in a wi^e sense, including all such excavations. The next word i	wide	257
55	nntiO	nse, including all such excavations. The next word is (nntiO) a derivative of the verb *(שחת)* to corrupt or destro	שַׁחַת	257
55	mii^	troy. The sense *of pit,* as if derived from the verb (mii^) to *sink,* would convert the phrase into a weak tauto	שׁוּחַ	257
55	ri/MiOiueuai	n of the English Bible, as well as in the Septuagint *(ri/MiOiueuai)* and Vulgate *(dimidiabunt).* The meaning of course i	ἡμισεύσωσι	257
55	dimidiabunt	ll as in the Septuagint *(ri/MiOiueuai)* and Vulgate *(dimidiabunt).* The meaning of course is, that they shall not live 	dimidiabunt	257
56	Jonath-elem-rehokim	class="ax-vnum">1.</span> *To the Chief Musician. Upon Jonath-elem-rehokim. By David. Michtam. When the Philistines took him in Ga	Jonath-elem-rehokim	257
56	Jonath-elem-rehokim	 same event seems to be latent in the obscure phrase, *Jonath-elem-rehokim,* in which the first word means a *dove,* a favourite 	Jonath-elem-rehokim	257
56	are^	></span> *All the day my words they wrest; against me {are^ all their thoughts for evil.* The word translated *wre	(are)	258
56	jjaiV	.* The word translated *wrest* means strictly *vex* or jjaiV?, but is here used in the sense of twisting or distorti	pain	258
56	■will	my soul.* They will gather or combine against me. They ■will hide (themselves or their devices), they will plot, or	will	258
56	M«	ion is expressed by the strong figure which follows, ^)M« *my tears into thy bottle, i. e.* preserve them in thy	?	258
56	Tj	e to have been suggested by the word for *wandering* ("Tj or lij), which is almost identical with that for *bott	?	258
56	lij	ave been suggested by the word for *wandering* ("Tj or lij), which is almost identical with that for *bottle* (iX	?	258
56	iXi	ij), which is almost identical with that for *bottle* (iXi). The latter strictly means a skin or leathern bottle,	?	258
56	Mai	r figurative expression for the memory itself. Compare Mai. iii. 16, <!-- PAGE 259 --> <span class="ax-anchor" id	?	258
56	me»	ast phrase may be also rendered *to me,* he belongs to me» he is my God, which of course includes the idea of his	me,	259
56	j^raise	an *by God's help,* others, *in union with God, I will j^raise (his) uvrd.* But on the whole, the most natural explan	praise	259
56	uvrd	elp,* others, *in union with God, I will j^raise (his) uvrd.* But on the whole, the most natural explanation still 	word	259
56	translated/c/Z/t/j^	ssed are those of interrogation and negation. The word translated/c/Z/t/j^ is a very strong one, and means thrusting, casting dow	?	259
57	Al-tashheth	efore Saul in the cave.* The enigmatical inscription, *Al-tashheth, destroy not,* reappears in the titles of the next two	Al-tash-heth	260
57	Profundis	iated citation, not unlike the Latin designations, *De Profundis, Miserere, Venite Exsultemus, Non Nobis Domine, Te Deu	Profundis	260
57	Exsultemus	he Latin designations, *De Profundis, Miserere, Venite Exsultemus, Non Nobis Domine, Te Deum,* &c. The explanation above	Exsultemus	260
57	Nobis	tions, *De Profundis, Miserere, Venite Exsultemus, Non Nobis Domine, Te Deum,* &c. The explanation above given is c	Nobis	260
57	Deum	dis, Miserere, Venite Exsultemus, Non Nobis Domine, Te Deum,* &c. The explanation above given is corroborated by t	Deum	260
57	o^vn	t he so often had occasion to utter as a prayer in his o^vn behalf. This psalm is described as a *michtam,* myster	own	260
57	Engedi	i. 1. *In the cure* of Adullam (1 Sam. xxii, 1), or of Engedi (1 Sam. xvi. 1-3), or more indefinitely *in the cave,*	Engedi	260
57	&s	t verb may govern *hand,* as in Ps. cxliv. 7, or *help,&s* in Ps. xx. 3 (2), or be used absolutely, as in Ps. xv	as	261
57	Ovid	g or anticipating it by early praises. In like manner, Ovid sajs the crowing of the cock *evocat auroram.* We thus	Ovid	262
57	evocat	es. In like manner, Ovid sajs the crowing of the cock *evocat auroram.* We thus obtain the same sense, in a far more	evocat	262
57	auroram	like manner, Ovid sajs the crowing of the cock *evocat auroram.* We thus obtain the same sense, in a far more striking	auroram	262
58	Al-tashheth	span class="ax-vnum">1.</span> *To the Chief Musician. Al-tashheth. By David. Michtam.* See above, on Ps. lvii. 1. The Psa	Al-tashheth	262
58	contend	o the period of Saul's persecutions, when David had to contend with unjust rulers, who were at the same time his pers	?	262
58	D7^^	 The first words are exceedingly obscure. One of them (D7^^), not expressed in English and the ancient versions, m	אֵלֶם	263
58	animo	y be translated *with the heart, i. e.* cordially, *ex animo, con amore,* or to use an idiomatic English expression	animo	263
58	amore	ated *with the heart, i. e.* cordially, *ex animo, con amore,* or to use an idiomatic English expression *with a wi	amore	263
58	D7D	7, Prov. iv. 26, v. 6, 21. But as the derivative noun (D7D) means a ba- V V lance (Prov. xvi. 11, Isa. xl. 12), t	פֶּלֶס	263
58	ba-	26, v. 6, 21. But as the derivative noun (D7D) means a ba- V V lance (Prov. xvi. 11, Isa. xl. 12), the verb may h	ba-	263
58	literally/row	ntly applied to moral aberrations. *From their birth,* literally/row *the belly.* See above, Ps. xxii. 11 (10). *Speaking l	literally *from*	264
58	hyperbolical	ean that they begin to lie as soon as they are born, a hyperbolical expression, of which some interpreters relieve the sen	hyperbolical	264
58	^m&lt	 same sense is retained here by the ancient versions *{^m&lt;i(jc„ furor),* and agi-ees well with the popular idea 	θυμός	264
58	jc„	nse is retained here by the ancient versions *{^m&lt;i(jc„ furor),* and agi-ees well with the popular idea of vin	ός,	264
58	agi-ees	ere by the ancient versions *{^m&lt;i(jc„ furor),* and agi-ees well with the popular idea of vindictive spite, as a n	agrees	264
58	emphatically^sf	, for the sake of emphasis, as we say *like,* but more emphatically^sf *like.* As to the species of serpent mentioned in the 	emphatically *just*	264
58	ex->	ous enemies may be disarmed and disabled. This idea is ex-> pressed by the use of the same figure as in Ps. iii. 8	ex-	265
58	TUQdiD	 *go to them* or to themselves. Some understand it to *TUQdiD. for themselves, i. e.* for their own benefit, their de	mean	265
58	\indication	ich he shall rejoice is not his own, but God's, in the \indication of whose righteousness and honour all holy beings must	vindication	266
58	Ahab's	 that David washed his feet in Saul's blood, Elijah in Ahab's, Hezekiah in Sennacherib's, without any agency or shar	Ahab's	266
59	niin	om them, ver. 6 (5), and confidently anticipates their niin, ver. 7-12 (6-11). In the second part we have again, i	ruin	267
59	Al-tashheth	span class="ax-vnum">1.</span> *To the Chief Musician. Al-tashheth. By David. Michtam. When Saul sent, and they watched th	Al-tashheth	267
59	ot	* (or life); *there assemble against me strong ones, n ot* (for) *my transgression, and not* (for) *my sin, Jeho	not	267
59	vi.Hit	hovah, God,* (Lord of) *Hosts, God of Israel, awake to vi.Hit all the nations; spare not all traitors of iniquity. S	visit	267
59	tmto	<span class="ax-veng">(9).</span></span> *His strength tmto thee will I keep, for God is my high place.* The first	unto	268
59	M^^	rpreters have thought it necessary to change the text (M^^ for VTp), and read *my strength, i. e.* thou who art r	עֻזִּי	268
59	VTp	 have thought it necessary to change the text (M^^ for VTp), and read *my strength, i. e.* thou who art ray stren	עֻזּוֹ	268
59	God/	num">11 <span class="ax-veng">(10).</span></span> *My* God/(with) *his mercy will meet me; God will make me to gaz	God	268
59	/rom	lative, *(which) they tell,* or *will tell.* Otherwise,/rom must be understood as meaning *of, concerning.* <span	from	269
60	Naharaim	span class="ax-vnum">2.</span> *When he conquered Aram Naharaim and Aram Zobah, and Joab returned and smote Edom in th	Naharaim	271
60	Zobah	m">2.</span> *When he conquered Aram Naharaim and Aram Zobah, and Joab returned and smote Edom in the Valley of Sal	Zobah	271
60	Joab	> *When he conquered Aram Naharaim and Aram Zobah, and Joab returned and smote Edom in the Valley of Salt, twelve 	Joab	271
60	ti-ibutary	* in the verse before us. The king of this country was ti-ibutary to the king of Ai-am Zobah, as appears from the accoun	tributary	271
60	Zobah	ng of this country was ti-ibutary to the king of Ai-am Zobah, as appears from the account of David's second Aramean	Zobah	271
60	Aramean	m Zobah, as appears from the account of David's second Aramean war (2 Sam. x. 16, 19). It was after the return of the	Aramean	271
60	Joab	 the return of the victorious army from this war, that Joab marched against Edom and achieved the victory here asc	Joab	271
60	Abishai	of the army, but in 1 Chron. xviii. 12, to his brother Abishai, who probably commanded under him, as he did in a subs	?	271
60	iis	broken us; thou hast been angry; thou, wilt restore to iis* (thy favour or our previous prosperity). Clear as the	us	272
60	TJiov	="ax-vnum">4 <span class="ax-veng">(2).</span></span> *TJiov, hast made the earth quake, thou hast riven it; heal i	Thou	272
60	Jedidiah	. 12, and forming a part of Solomon's additional name *Jedidiah,* 2 Sam. xii. 25. See also Ps. xlv. 1. The common vers	Jedidiah	272
60	7ne	s. xlv. 1. The common version of the last words *(hear 7ne)* rests upon the marginal reading or Keri. <span clas	me	272
60	defence^	s very citadel. *The fenced city,* literally, *city of defence^ ox fortification,* a phrase already used in Ps. xxxi. 	defence, or for-	274
60	Petra	ation,* a phrase already used in Ps. xxxi. 22 (21), is Petra, the famous capital of Idumea, hewn in the rock, and a	Petra	274
60	/or	the deliverance which man affords. The causal particle,/or, *because,* which seems necessary to connect the claus	for	274
60	^S	 implied but not expressed in Hebrew. The second noun (^S) may either mean *distress,* as in Ps. iv. 2 (1), xvii	צר	274
61	^TO	vid.* The peculiar form of the original construction *(^TO* J13^J^) cannot be reproduced in English, but seems to	לְדָוִד	275
61	J13^J^	 The peculiar form of the original construction *(^TO* J13^J^) cannot be reproduced in English, but seems to connect	נְגִינַת	275
61	neginath	t of David*—and *a psalm of David.* The musical term *(neginath)* is the same as in the titles of Ps. iv., vi., liv., 	neginath	275
61	Hear^	="ax-vnum">2 <span class="ax-veng">(1).</span></span> *Hear^ 0 God, my cry; attend unto my prayer!* The psalm opens	Hear,	275
61	/ro?7i	a refuge to me, a tower of strength* (or strong tower),/ro?7i *before* (from the face or presence of) *the enemy.* H	from	275
61	Ood	 <span class="ax-veng">(5).</span></span> *For thou, 0 Ood, hast heard* (or *hearkened to) my vows* (and the pray	God	275
61	fo7-	s. lix. 18 (17). *That I may pay,* literally *to* (or *fo7-) my paying,* or, as some explain it, *by my paying,* w	for	276
62	C?|l&lt	 stanzas or strophes, each beginning with the particle C?|l&lt;) *only,* and the first and second ending with *selah.	אַךְ	276
62	C^TJ^	 salvation.* The frequent repetition of the first word C^TJ^) is characteristic of the psalm before us. In all thes	אַךְ	276
62	7my	ope) *and my salvation (i. e.* its source and author)—*7my high place* (refuge or asylum)—/ *shall not he moved* 	my	277
62	o^vn	 strength* (my strong rock, or the basis upon which my o^vn strength rests); *my hiding-place* (my refuge) is *in 	own	277
62	To.pour	men or persons, but people, of God, his chosen people. To.pour out the heart is a natural and lively figure for a ful	To .pour	277
62	%unto	rd, that strength* (belongeth) *unto God, and* (that) *%unto thee, 0 Lord,* (belongeth) *mercy,* (but) *that thou w	unto	278
62	^T	me slight change of sense or application. The pronoun (^T) in ver. 12 (11) may be either a demonstrative or rela	זו	278
62	Da^dd	 13 (12) is a figure of speech common in the psalms of Da^dd, and indicates a growing warmth of feeling, so that He	David	278
63	vvj	the one denoting power, and might be translated here, *vvj Mighty (One).* The very use of it involves a direct ap	my	279
63	/or	or the strong desire expressed in the foregoing verses,/or *thy favour is better than life,* and the last clause 	for	279
63	marrow^	. See above, on Ps. xxviii. 3 (2). G (5). *As* (with) *marrow^ and fatness shall my soul he satisfied,* ar?fZ (with) 	?	279
63	ar?fZ	ith) *marrow^ and fatness shall my soul he satisfied,* ar?fZ (with) *lips of rejoicing shall my mouth praise* (thee	?	279
63	xxx^i	in the last clause is the same as that in Ps. xvii. 8, xxx^i. 8 (7), lvii. 2 (1), lxi. 5 (4). <span class="ax-ancho	xxxvi.	280
63	tJwc	ss="ax-veng">(8).</span></span> My *soul cleaves after tJwc, thy right hand holds vie.* This is a strong metaphori	thee	280
64	sec7-et	oers, from the tumult of the workers of iniquity.* By *sec7-et* we are here to understand their confidential consulta	secret	281
64	sharpened^	">4 <span class="ax-veng">(3).</span></span> *Who have sharpened^ like the sword, their tongue, have strung their arrow,	sharpened,	282
64	hent^	 8 (7). *Strung their arrow,* literally *trod* (^. e. *hent^ it,* which must either be explained as an ellipsis— be	bent)	282
64	•vii	of character. See above, on Ps. xv. 2, xviii. 24 (23), •vii. 9 (8), XXV. 21, xxvi. 1, 11, xxxvii. 37, in the last o	vii.	282
64	VH	 which they intended to inflict on others have become (VH) their own. When they thought to strike others, they w	הָיוּ	282
64	fear^	 <span class="ax-veng">(9).</span></span> *And all men fear^ and pronounce (if) God's doing, and his work they unde	fear,	283
65	Bij	="ax-vnum">1.</span> *To the Chief Musician. A Psalm,. Bij David. A Song, i.e.* a song of praise. See above, on P	By	283
65	paid	*silence, praise, 0 God, in Zion, and to thee shall be paid the vow.* The two words, *silence-praise,* form a kind	paid	283
65	near^	 *Happy* (he whom) *thou wilt choose and bring* (him) *near^ i. e.* admit him to thy presence and to intimate commu	near, i. e.	284
65	indi\ddualization	 to the first plural shews that the former was only an indi\ddualization of the church or chosen people. <span class="ax-ancho	individualization	284
65	teiTQS	ve, on Ps. xlvi. 3, 4 (2, 3). Hence he adds in express teiTQS, *the tumult of nations.* <span class="ax-anchor" id=	terms,	284
65	^Soften	ology and usage, denotes frequent and abundant rains. *^Soften,* dissolve, or loosen it. The Hebrew verb is a derivat	Soften	285
65	futm-e	taken as imperatives, from which the transition to the futm-e is entirely natural and in accordance with the usage o	future	285
66	praise^	 honour of his name; give* (him) *honour,* (give) *him praise^* The *honour* or *glory of his name* is that due to hi	praise.	286
66	tojhee	 the greatness of thy strength shall thine enemies lie tojhee.* Here begin, as some interpreters suppose, the words i	lie to thee.	286
66	hj	express something more than would have been expressed *hj come.* The meaning may be, if you do not believe these	by	286
66	^constantly	he first clause is expressive of habitual action, " he ^constantly, habitually rules." See above, Ps. xxii. 29 (28). *By 	constantly	287
66	T^S	and of safety used by hunters, and from the same root (T^S, to hunt) may be deduced the sense of *net* or *snare,	צוּד	288
66	/ire	r *suffered) men to ride at our head, we came into the /ire and into the waters, and* (now) *thou h t caused us to	fire	288
66	in-esistible	bolted, blurted out,* implying that he spoke from some in-esistible impulse, and thus suggesting what is afterwards explic	irresistible	288
66	translated/a////i/7s	n oblation of) *cattle with he-goats. Selah.* The word translated/a////i/7s is especially applied to lambs, Isa. v. 17. The verb i	fatlings	289
66	/-itw«	/span> *To him* (with) *my mouth I called, and high* ^;/-itw« (exaltation) *was under my tongue.* By a slight change	pruise	289
66	DDi\	ural form occurs below, Ps. cxlix. 6, the Hebrew word (DDi\*)) is probably a noun, meaning lofty praise, or exalta	רוֹמָם	289
66	Bni	salms-66-19"></span><span class="ax-vnum">19.</span> *(Bni) verily God hath heard; he hath attended to the voice 	(But)	289
67	Psalm^	e Chief Musician. With (or on) stringed instruments. A Psalm^ a Song, i. e.* a psalm of praise. See above, on Ps. lx	Psalm.	290
67	entirelygratuitous	God.* The translation of the first verb as a future is entirelygratuitous, and therefore ungrammatical. Correctly rendered, it a	entirely gratuitous	291
68	HD^	id to be realised. Hence the change of the imperative (HD^) into a future (D'lpl), shewing that this verse has no	קוּמָה	291
68	D'lpl	ence the change of the imperative (HD^) into a future (D'lpl), shewing that this verse has not an optative meaning 	יָקוּם	291
68	j^erhh	hem); *as wax: is melted before fire, the wicked shall j^erhh before God.* The form of expression is the same as in 	?	291
68	/rom	rm of expression is the same as in the preceding verse,/rom *the face of fire, from the face (or presence) of God.	?	291
68	propelling	mplied here, is expressly mentioned, as the driving or propelling agent. The comparison with wax is a common one in Scri	?	291
68	/or	Sing unto God, celebrate his name, cast up* (a highway)/or *the* (one) *riding through the deserts, by his name J	for	292
68	Mai	mies. See above, on Ps. 1. 23, and compare Isa. xl. 3, Mai. iii. 1. The common version of the verb *(extol)* conve	Mal.	292
68	orafilicted	in Canaan, might well be called a sufferer, a wretched orafilicted one. <span class="ax-anchor" id="psalms-68-11"></span	or afflicted	293
68	mentioned^	rcely less so. The only meaning, besides those already mentioned^, which has any probability, is that of *folds* or *she	mentioned,	294
68	Antilibanus	Bashan,* not a single eminence, but the lofty range of Antilibanus, also called *Hermon,* and by other races, *Sion* and 	Anti-libanus	294
68	Sirion	 also called *Hermon,* and by other races, *Sion* and *Sirion.* See Deut. iii. 9, iv. 48, Ps. xlii. 7 (6), Ps. lxxxix	Sirion	294
68	en\7	d. Zion is here described as an object of hostility or en\7 to the mountains of the heathen world, on account of t	?	294
68	Adhonai	he holy place, but the personal presence of the Lord *(Adhonai)* among them, which is therefore asserted in the next 	Adhonai	295
68	implication/rom	.* while present among them as their conqueror, and by implication/rom them. *Even rebels,* even the most rebellious, are com	?	295
68	nj	ction of the whole clause. *The Mighty (God) will heap nj)on us our salvation,* or, *will load lis with salvatio	upon	296
68	re.^ts	 and the strength of faith, on which this anticipation re.^ts, are indicated or betrayed by the meditative pause whi	rests	296
68	ooun	5, Ps. ex. 6, Num. xxiv. 8, 17. The *hairy scalp,* or *ooun of hair,* is merely a poetical equivalent or parallel 	crown	296
68	viy	pan></span> *They saw thy goings, 0 God, the goings of viy God, my king, in the holy place.* The subject of the f	my	297
68	vaog	 whole of the sacred enclosure, as distinguished from *vaog,* the sacred edifice. Into this enclosure the processi	ναός	297
68	Zebulon	them; the chiefs of Judah, stoning them; the chiefs of Zebulon; the chiefs of Naphtali.* These are named as represent	Zebulon	297
68	Zebulon	aining apostles of Galilee, in which lay the domain of Zebulon and Naphtali (Mat. iv. 13). <!-- PAGE 298 --> <span c	?	297
68	yZocA	t prediction. The word for *beasts* is that translated yZocA; in ver. 11 (10) above; but here both senses seem to b	flock	298
68	xxii.-30	e put for prosperous and potent men. See above, on Ps. xxii.-30 (29). From this word is supposed to be derived the nam	xxii. 30	299
68	Hasmonean	9). From this word is supposed to be derived the name *Hasmonean, which was* given to the Maccabees or Jewish princes i	Hasmonean	299
68	foreseen	brate) the Lord! Selah.* In view of the conquests here foreseen, the whole world is summoned to acknowledge the God of	foreseen	299
68	x>l	n></span> *Terrible (art thou), 0 God, out of thy holy x>l(ices; the Mighty (God) of Israel*—*he is* (a God) *giv	places	299
69	\d	he act of calling upon God for help. See above, on Ps. \d. 7 (6). *Parched,* dried, by excessive exertion of the 	vi.	300
69	expectante	elong, and may be construed absolutely, *I waiting (me expectante), i.e.* while I wait. *5* (4). *More than the hairs o	expectante	300
69	xxx^dii	compare Ps. xl. 13 (12); with the second, Ps. XXXV. 9, xxx^dii. 20 (19); with the third, Ps. xxxv. 11, 2 Sam. xvi. 8. 	xxxviii.	300
69	fij-st	 innocence which he asserts. Though he took nothing at fij-st, yet afterwards he must restore. <span class="ax-anch	first	300
69	Bagster	n an anonymous translation of the Psalms, published by Bagster, London, 1830. <span class="ax-anchor" id="psalms-69-	Bagster	301
69	London	ymous translation of the Psalms, published by Bagster, London, 1830. <span class="ax-anchor" id="psalms-69-11"></sp	London	301
69	m.e	pan class="ax-veng">(12).</span></span> *They think of m.e,* imagine things against me, *they who sit in the gate	me	301
69	sorup	gainst me, *they who sit in the gate;* (they imagine) *sorup,* lampoons or satires, *they who drink strong drink.* 	songs	301
69	8waUQV>	 *Let not the flood overwhelm me, and let not the deep 8waUQV> me, and let not the well* (or pit) *shut its mouth upo	swallow	301
69	of/or	ancient versions give it the equally appropriate sense of/or *requitals, i. e.* in recompence of their transgressio	?	302
69	D?l£^	though this sense may be deduced from the verbal root (D?l£^), and belongs to several collateral derivatives (D7li^	?	302
69	D7li^	D?l£^), and belongs to several collateral derivatives (D7li^, *u>^,* D^li^, it has no existence in the usage of \ •	?	302
69	u>^	and belongs to several collateral derivatives (D7li^, *u>^,* D^li^, it has no existence in the usage of \ • V V •	?	302
69	D^li^	longs to several collateral derivatives (D7li^, *u>^,* D^li^, it has no existence in the usage of \ • V V •• • the 	?	302
69	i^yuh'^	stence in the usage of \ • V V •• • the one before us *i^yuh'^)-* The circuitous construction in the English version 	?	302
69	Rom^	lieving Jews (Mat. xxiii. 38), as Paul did afterwards (Rom^ xi. 9, 10). The general doctrine of providential retri	?	302
69	paralyse	s do thou cause to bend,* give way, or swerve, *i.* e. paralyse their strength. See above, on Ps. lxvi. 10 (9). The fi	paralyse	303
69	eVauX/g	ely conjectural. The Septuagint here has a Greek word (eVauX/g), meaning a place to pass the night in, especially for	ἔπαυλις	303
69	l^y	an allusion to the double sense of the equivocal term (l^y)> which properly denotes sin as such or in itself cons	עָוֹן	304
69	operatum	th kinds and the mere oblation of a beast, as an *opus operatum* of intrinsic vii-tue, or as if God could take delight	operatum	304
69	people..This	cy as a pledge of greater favours to the body of God's people..This is peculiarly appropriate in such a case as this, wher	people. This	305
70	ioremmdi	pan> *To the Chief Musician. By David. To remind, i.e. ioremmdi Godi* of the Psalmist's necessities. The same inscript	to remind	305
70	Godi	the Chief Musician. By David. To remind, i.e. ioremmdi Godi* of the Psalmist's necessities. The same inscription i	God	305
71	of\he	 *My God, free me,* cause me to escape, *from ike hand of\he* wicked, *from the palm,* a poetical equivalent to *ha	of the	307
71	^s	d="psalms-71-7"></span><span class="ax-vnum">7.</span> ^s *a prodigy,* or wonder, an object of contemptuous asto	As	307
71	Uii	. With the first clause compare Deut. xxviii. 46, Isa. Uii. 14, 1 Cor. iv. 9. <span class="ax-anchor" id="psalms-	liii.	307
71	1x\t	he ellipsis here may be supplied from Ps. V. 8 (7) and 1x\t. 13, in both which places the same verb denotes the act	lxvi.	308
71	t/ie	s live,* revive or quicken us, *and from the depths of t/ie earth wilt return* (and) *bring us up,* make or cause 	the	309
71	31y	psalms-71-23"></span><span class="ax-vnum">23.</span> *31y lips shall sing when I play to thee, and my soul which	My	309
71	xxx\di	 but himself. See above, on Ps. i. 2, ii. 1, xxxv. 28, xxx\di. 30, xxxviii, 13 (12), lxiii. 7 (6), and below, on Ps. 	xxxvii.	309
72	fertilising	rison suggests the idea of a gentle yet refreshing and fertilising influence, to be exerted by the king, whose reign is h	fertilising	311
72	^and	ax-vnum">9.</span> *Before him shall crouch wild (men),^and his enemies the dust shall lick.* The first noun denot	and	311
72	paj-ment	ns implies that what is here described is not the mere paj-ment of tribute or the presentation of friendly gifts, but 	payment	311
72	Meroe	 Arabia Felix, and *Seba,* now commonly supposed to be Meroe, a part of ancient Ethiopia, both famous for their wea	?	311
72	Idufjs	<span class="ax-vnum">11.</span> *And to him shall all Idufjs how (or ])rostrate themselves), all nations shall serv	kings	312
72	heplentij	n of abundance, and should be translated, *there shall heplentij of corn in the land.* According to the other and more 	?	312
72	>n^	uity and traditional authority. The apocopated future (>n^) may then be taken in its proper sense, as a concessio	?	312
72	■wish	hen be taken in its proper sense, as a concession or a ■wish, equivalent to saying, *though there be but a handful 	?	312
72	y?0M?•^s^	ere productive. See Hos. xiv. 5-7. The word translated y?0M?•^s^ means originally to *shine* or *glitter* (Ps. cxxxii. 	?	312
72	potiori	t the collection being called the prayers of David. *A potiori fit (ienominatio.* In like manner, the whole Psalter i	potiori	314
72	ienominatio	ion being called the prayers of David. *A potiori fit (ienominatio.* In like manner, the whole Psalter is still called the	denominatio	314
73	vnih	f recorded history (see above, on Ps. 1. 1), together *vnih* the fact that where only one name is mentioned in the	with	314
73	sur2	h,* assumes as the literal meaning of the words, *they sur2)ass the desires of their heart.* According to the othe	surpass	315
73	They^	the same as in the last clause of the foregoing verse. They^ speak as if they thought themselves superior beings, t	They	316
73	prosperers	ched, or prospering only for a little while, they are *prosperers of eternity,* perpetually prospered and at ease, secur	prosperers	316
73	Said^	uch a hypothetical proposition could well be clothed. *Said^ i.e.* to myself, proposed it, formed the purpose. *Thu	Said, i.e.	317
73	1^X?2	e so rendered in the first clause. The Hebrew phrase ("1^X?2) is used in more than fifty other places, and in all o	?	317
73	6f	 and means to *awaken,* except, perhaps, in Job viii. *6f* and in Ps. xxxv. 23 above. To this interpretation it 	?	317
73	T^S	ore objected, that it supposes an unusual contraction (T^S for 1\*ITT3), and that the sense which it conveys is a	?	317
73	ITT3	d, that it supposes an unusual contraction (T^S for 1\*ITT3), and that the sense which it conveys is an incongruou	?	317
