chapter	from	to	kind
1	ivhich	which	wform
1	ptn		unresolved
1	potiori		unresolved
1	denominatio		unresolved
1	ggnffiaj		unresolved
1	gg		tooshort
1	fiV		unresolved
1	iiraBii		unresolved
1	fy		tooshort
1	whicfi		unresolved
1	bxutes		unresolved
1	Septuagmt		unresolved
1	knoiv	know	rule
1	ovx		unresolved
1	tyvw		unresolved
1	Mai		unresolved
1	filii		unresolved
1	degeneres		unresolved
1	dwrj		unresolved
1	ft		tooshort
1	Qh32		unresolved
1	ytf		unresolved
1	contemtim		unresolved
1	irritaverunt		unresolved
1	ils		unresolved
1	ont		unresolved
1	irrite		unresolved
1	parmepris		unresolved
1	ibrm		unresolved
1	treated	treated	rule
1	oni6		unresolved
1	ivhy	why	wform
1	percutiemini		unresolved
1	Euripides		unresolved
1	Ovid		unresolved
1	vix		unresolved
1	habet		unresolved
1	nobis		unresolved
1	abiit		unresolved
1	morbum		unresolved
1	tumour		unresolved
1	stroJce		unresolved
1	ventum		unresolved
1	Eng		unresolved
1	thn		unresolved
1	vastitate		unresolved
1	hostili		unresolved
1	a'pt		unresolved
1	nt		tooshort
1	jield	field|held	ambiguous
1	veritatis		unresolved
1			tooshort
1	loc		unresolved
1	rni23		unresolved
1	P9		unresolved
1	turris		unresolved
1	custodiae'		unresolved
1	Tingstad		unresolved
1	Comm		unresolved
1	rniis		unresolved
1	rrni'ti		unresolved
1	3		tooshort
1	ic		tooshort
1	advenitis		unresolved
1	appareatis		unresolved
1	conspectu		unresolved
1	fii's	firs	rule
1	fs		tooshort
1	nnjE		unresolved
1	nf		tooshort
1	iispi		unresolved
1	iDif		unresolved
1	ferre		unresolved
1	pravitatem		unresolved
1	vos		unresolved
1	conjungitis		unresolved
1	ic		tooshort
1	ic		tooshort
1	solennes		unresolved
1	indictiones		unresolved
1	potero		unresolved
1	vana		unresolved
1	res		unresolved
1	conventum		unresolved
1	temerarium		unresolved
1	aTaiov		unresolved
1	frustra		unresolved
1	vergeblich		unresolved
1	Fiirst		unresolved
1	odi		unresolved
1	animo		unresolved
1	Dwn		unresolved
1	Christol		unresolved
1	isia		unresolved
1			tooshort
1	facta		unresolved
1	mihi		unresolved
1	superfuerunt		unresolved
1	mihi		unresolved
1	oneris		unresolved
1	incumbunt		unresolved
1	mihi		unresolved
1	oneris		unresolved
1	burthen		unresolved
1	zur		unresolved
1	KIBS		unresolved
1	fi'W		unresolved
1	caedibus		unresolved
1	plenae		unresolved
1	Fabricius		unresolved
1	Theol		unresolved
1			tooshort
1	causa		unresolved
1	causa		unresolved
1	totfi		unresolved
1	rr		tooshort
1	ivrong	wrong	wform
1	Musculus		unresolved
1	psn		unresolved
1	gvaaGfts		unresolved
1	ttdixovpsvov		unresolved
1	corruptum		unresolved
1	aequum		unresolved
1	facite		unresolved
1	iniquum		unresolved
1	contend		unresolved
1	discoloured		unresolved
1	agite		unresolved
1	nos		unresolved
1	castigari		unresolved
1	patiamur		unresolved
1	enim		unresolved
1	Jehova		unresolved
1	wollt		unresolved
1	ihr		unresolved
1	gehorchen		unresolved
1	sav		unresolved
1	siaaxov		unresolved
1	rjis		unresolved
1	fiov		unresolved
1	volueritis		unresolved
1	audieritis		unresolved
1	spolccn		unresolved
1	nta		unresolved
1	ib3Mi		unresolved
1	le		tooshort
1	ihr		unresolved
1	Vax		unresolved
1	undergone		unresolved
1	ig		tooshort
1	urbs		unresolved
1	civitas		unresolved
1	xba		unresolved
1	Nor'dh		unresolved
1	iveaJccned		unresolved
1	scelus		unresolved
1	estjugulare		unresolved
1	Falernum		unresolved
1	oivov		unresolved
1	avTanodopa		unresolved
1	Symm		unresolved
1	dem		unresolved
1	Waisen		unresolved
1	halten		unresolved
1	kein		unresolved
1	Gericht		unresolved
1	deine		unresolved
1	Vorgesetzten		unresolved
1	widersetzlich		unresolved
1	deine		unresolved
1	Herren		unresolved
1	Narren		unresolved
1	Arbeit		unresolved
1	nehmen		unresolved
1	gegen		unresolved
1	auf		unresolved
1	lauterste		unresolved
1	purum		unresolved
1	puritatem		unresolved
1	adjliquidum		unresolved
1	justae		unresolved
1	puritati		unresolved
1	restituam		unresolved
1	counsellors		unresolved
1	dbiij		unresolved
1	i2jri3b		unresolved
1	oiiD		unresolved
1	iix		unresolved
1	i3'tf		unresolved
1	reducentur		unresolved
1	ftrst		unresolved
1	I5'		unresolved
1	ihe		unresolved
1	zu		tooshort
1	Schanden		unresolved
1	Terebinthen		unresolved
1	Res		unresolved
1	butm		unresolved
1	Kiobel		unresolved
1	jbn		unresolved
1	theTme		unresolved
1	versa		unresolved
10	Oreb		unresolved
10	pp		tooshort
10	counsellors		unresolved
10	JCFJS		unresolved
10	jubent		unresolved
10	scribere		unresolved
10	ndvog		unresolved
10	statuta		unresolved
10	vanitatis		unresolved
10	laborem		unresolved
10	scribentibus		unresolved
10	rnasoretic	masoretic	rule
10	ss		tooshort
10	d'Opia		unresolved
10	inra		unresolved
10	PSE		unresolved
10	bns		unresolved
10	Schriftgelehrte		unresolved
10	efders		unresolved
10	Bv		tooshort
10	Ppn		unresolved
10	pxx		unresolved
10	UVoyrfff		unresolved
10	XQIGIV		unresolved
10	Mai		unresolved
10	Verus		unresolved
10	arceant		unresolved
10	pauperes		unresolved
10	judicio		unresolved
10	vel		unresolved
10	efficiant		unresolved
10	cadant		unresolved
10	causa		unresolved
10	bn		tooshort
10	facerent		unresolved
10	causae		unresolved
10	humilium		unresolved
10	Avhom		unresolved
10	bx		tooshort
10	fleeing		unresolved
10	Musculus		unresolved
10	inba		unresolved
10	nbn		unresolved
10	sns		unresolved
10	TW		tooshort
10	ftf		unresolved
10	nn		tooshort
10	th'e		unresolved
10	instrurmint		unresolved
10	Asshur		unresolved
10	Assur		unresolved
10	veni		unresolved
10	in	in	rule
10	vae		unresolved
10	vobis		unresolved
10	Assyrii		unresolved
10	wehe		unresolved
10	dir		unresolved
10	Assyrien		unresolved
10	IWK		unresolved
10	Heus		unresolved
10	trie		unresolved
10	UaavQioig		unresolved
10	ille		unresolved
10	ipse		unresolved
10	CTO		unresolved
10	DT		tooshort
10	pov		unresolved
10	degradation	degradation	rule
10	cs		tooshort
10	spn		unresolved
10	wss		unresolved
10	d9		tooshort
10	populum		unresolved
10	excandescentiae		unresolved
10	mss		unresolved
10	rop		unresolved
10	Aar		unresolved
10	ofForerius		unresolved
10	populum		unresolved
10	duriter		unresolved
10	tractare		unresolved
10	decrevi		unresolved
10	pre		unresolved
10	no	no|nor	ambiguous
10	ivill	will	wform
10	s6		tooshort
10	rra		unresolved
10	ivill	will	wform
10	pfyaloi		unresolved
10	fiuaifaTs		unresolved
10	flaadsie		unresolved
10	jWtAeW		unresolved
10	sLwwJls		unresolved
10	albrte		unresolved
10	Calno		unresolved
10	prcbably		unresolved
10	Chaboras		unresolved
10	Cercusium		unresolved
10			tooshort
10	Calno		unresolved
10	Kimchiwith		unresolved
10	Canneh		unresolved
10	Qrontes		unresolved
10	Epiphania		unresolved
10	Abulfeda		unresolved
10	Arpadj		unresolved
10	Arvad		unresolved
10	Epiphania		unresolved
10	Antioch		unresolved
10	Rabba		unresolved
10	Epiphania		unresolved
10	Emissa		unresolved
10	Carchejnish		unresolved
10	Calno		unresolved
10	Shatt		unresolved
10	Calno		unresolved
10	Calno		unresolved
10	anglice		unresolved
10	b		tooshort
10	regna		unresolved
10	nihili		unresolved
10	regna		unresolved
10	idoli		unresolved
10	des		unresolved
10	Gotzen		unresolved
10	Gotzen		unresolved
10	eo		tooshort
10	requirebat		unresolved
10	TTQMOV		unresolved
10	substituitur		unresolved
10	requirit		unresolved
10	veritas		unresolved
10	rei		unresolved
10	iheir		unresolved
10			tooshort
10	Ifefore		unresolved
10	them	them	rule
10	xbn		unresolved
10	bx		tooshort
10	rpaxs		unresolved
10	idolis		unresolved
10	simulacris		unresolved
10	ivhen	when	wform
10	ivhen	when	wform
10	Jerasalem		unresolved
10	psa		unresolved
10			tooshort
10	inaa		unresolved
10	Chebar		unresolved
10	Oreb		unresolved
10	Thesauro		unresolved
10	PiTi		unresolved
10	oflooking		unresolved
10	rvittsn		unresolved
10	rviss		unresolved
10	fcwi'rob		unresolved
10	nrnrmw		unresolved
10	instructissima		unresolved
10	fixa		unresolved
10	veritatis		unresolved
10	H1		tooshort
10	irvnin		unresolved
10	moenia		unresolved
10	SS		tooshort
10	xsv		unresolved
10	SKS		unresolved
10	colliguntur		unresolved
10	reciperem		unresolved
10	auferrem		unresolved
10	wie		unresolved
10	aufrafft		unresolved
10	nsox		unresolved
10	Fiirst		unresolved
10	Ti3		unresolved
10	flatternden		unresolved
10	Fliigels		unresolved
10	abigeret		unresolved
10	divagans		unresolved
10	pipiendum		unresolved
10	zum		unresolved
10	Gezirp		unresolved
10	pipio		unresolved
10	Richardson's		unresolved
10	Ctesias		unresolved
10	Trogus		unresolved
10	xBm		unresolved
10	trotzen		unresolved
10	briistet		unresolved
10	cpn		unresolved
10	ivhen	when	wform
10	oo		tooshort
10	av		tooshort
10	nx		tooshort
10	ta'nn		unresolved
10	rs		tooshort
10	iwi		unresolved
10	E2U		unresolved
10	Jpiia		unresolved
10	f5		tooshort
10	sraft		unresolved
10	ttJ		unresolved
10	zra		unresolved
10	pinguia		unresolved
10	reeino		unresolved
10	ardebit		unresolved
10	ardebit		unresolved
10	ardendo		unresolved
10	II'K		unresolved
10	ofjlre		unresolved
10	vsb		unresolved
10	igne		unresolved
10	Qyog		unresolved
10	iix		unresolved
10	vho	who	rule
10	visvip		unresolved
10	CarmeT		unresolved
10	o		tooshort
10	tna		unresolved
10	ttna		unresolved
10	Fiirst		unresolved
10	Jield	field|held	ambiguous
10	harvestfields		unresolved
10	Jield	field|held	ambiguous
10	Coeceius		unresolved
10	ITSD		unresolved
10	itDn		unresolved
10	Musculus		unresolved
10	intra		unresolved
10	rbs		unresolved
10	mnb		unresolved
10	London		unresolved
10	Polyglott		unresolved
10	ri		tooshort
10	bt		tooshort
10	p1		tooshort
10	Jarchj		unresolved
10	bb		tooshort
10	fleeing		unresolved
10	ri		tooshort
10	b5		tooshort
10	ivhen	when	wform
10	b3		tooshort
10	standardbearer		unresolved
10	Hezel		unresolved
10	uaj		unresolved
10	JM		tooshort
10	orshall		unresolved
10	xcHO		unresolved
10	ueVi		unresolved
10	erit		unresolved
10	terrore		unresolved
10	profugus		unresolved
10	wie		unresolved
10	einer		unresolved
10	hinschmachtet		unresolved
10	Ohnmacht		unresolved
10	ligni		unresolved
10	reliqua		unresolved
10	ligna		unresolved
10	avrav		unresolved
10	ivar	war	wform
10	Horace		unresolved
10	nos		unresolved
10	numerus		unresolved
10	sumus		unresolved
10	Cicero		unresolved
10	appendantur		unresolved
10	numerentur		unresolved
10	pecuniae		unresolved
10	Ovid		unresolved
10	pauperis		unresolved
10	Tft'1		unresolved
10	ixu		unresolved
10	prae		unresolved
10	paucitate		unresolved
10	numerabuntur		unresolved
10	IBIDE		unresolved
10	Brentius		unresolved
10	iftsa		unresolved
10	Hagg		unresolved
10	Rorn	Rom	rule
10	tpDV		unresolved
10	pergat		unresolved
10	fortfahren		unresolved
10	aufhoren		unresolved
10	bx		tooshort
10	mnp		unresolved
10	f3		tooshort
10	hd		tooshort
10	by	by	rule
10	commontancestor		unresolved
10	eo		tooshort
10	darunter		unresolved
10	ouly		unresolved
10	convertentur		unresolved
10	consummatio		unresolved
10	1		tooshort
10	Cj		tooshort
10	ai5		unresolved
10	ia		tooshort
10	Gvry		unresolved
10	mit		unresolved
10	Gerechtigkeit		unresolved
10	qaaS		unresolved
10	a'nd		unresolved
10	abgemessen		unresolved
10	nxifis		unresolved
10	ri		tooshort
10	Yy		unresolved
10	Asshur		unresolved
10	IVSK		unresolved
10	Syro		unresolved
10	nss		unresolved
10	necessaryqualification		unresolved
10	zs		tooshort
10	QX		tooshort
10	QK		tooshort
10	j3		tooshort
10	nrvbnn		unresolved
10	MSS		unresolved
10	cn		tooshort
10	r		tooshort
10	Oreb		unresolved
10	Oreb		unresolved
10	M'iaS		unresolved
10	scutica		unresolved
10	Horace		unresolved
10	waa		unresolved
10	rtuJx		unresolved
10	Syro		unresolved
10	Antiochus		unresolved
10	Epiphanes		unresolved
10	Cyprus		unresolved
10	ivay	way	wform
10	fc		tooshort
10	EStt		unresolved
10	IB		tooshort
10	zv		tooshort
10	IEE		unresolved
10	a		tooshort
10	tfAe		unresolved
10	bsn		unresolved
10	EttS		unresolved
10	psoj		unresolved
10	jEtti		unresolved
10	jEtti		unresolved
10	aa3		unresolved
10	Lachish		unresolved
10	Aiath		unresolved
10	Migron		unresolved
10	Michmash		unresolved
10	Aiath		unresolved
10	Hajanam		unresolved
10	Deir		unresolved
10	Diwan		unresolved
10	Migron		unresolved
10	Migron		unresolved
10	Migron		unresolved
10	Gibeah		unresolved
10	Michmash		unresolved
10	Mukhmas		unresolved
10	Jeba		unresolved
10	rpB		unresolved
10	Michmash		unresolved
10	Geba		unresolved
10	Gcba		unresolved
10	Geba		unresolved
10	Jeba		unresolved
10	Michmash		unresolved
10	Geba		unresolved
10	Gibeah		unresolved
10	Geba		unresolved
10	pp		tooshort
10	Geba		unresolved
10	Gibeab		unresolved
10	pba		unresolved
10	lib		unresolved
10	Gaba		unresolved
10	sedes		unresolved
10	nostra		unresolved
10	Geba		unresolved
10	tob		unresolved
10	diversorium		unresolved
10	diverterunt		unresolved
10	rnssa		unresolved
10	T'35		unresolved
10	Ajath		unresolved
10	Migron		unresolved
10	Michmash		unresolved
10	Geba		unresolved
10	Ramah		unresolved
10	Gibeah		unresolved
10	Ramah		unresolved
10	Gibeah		unresolved
10	Jeba		unresolved
10	pp		tooshort
10	Nablus		unresolved
10	Ramah		unresolved
10	Ramah		unresolved
10	Geba		unresolved
10	Ramah		unresolved
10	Gibeah		unresolved
10	Ramah		unresolved
10	Gibeah		unresolved
10	Gallim		unresolved
10	Gallim		unresolved
10	Laishah		unresolved
10	Anathoth		unresolved
10	Gallim		unresolved
10	neighbourhood		unresolved
10	Gibeah		unresolved
10	Stadt		unresolved
10	Gallim		unresolved
10	oppidurn		unresolved
10	Gallim		unresolved
10	Augustiread		unresolved
10	gallim		unresolved
10	nwb		unresolved
10	Laish		unresolved
10	Laish		unresolved
10	Laish		unresolved
10	Laishah		unresolved
10	Laishah		unresolved
10	Laishah		unresolved
10	Laishah		unresolved
10	Laish		unresolved
10	Gallim		unresolved
10	Anathoth		unresolved
10	Anata		unresolved
10	Anathoth		unresolved
10	Ramleh		unresolved
10	ys		tooshort
10	Anathoth		unresolved
10	echoes		unresolved
10	Bethany		unresolved
10	Elaziriyah		unresolved
10	clivity		unresolved
10	Anathoth		unresolved
10	Anathoth		unresolved
10	paupercula		unresolved
10	Anathoth		unresolved
10	Madmenah		unresolved
10	ivanders	wanders	rule
10	Gebimflee		unresolved
10	Madmen		unresolved
10	Madmannah		unresolved
10	latij'j		unresolved
10	Joshebehaggebim		unresolved
10	fiisji		unresolved
10	JiPSh		unresolved
10	confortamini		unresolved
10	fleeing		unresolved
10	Anathoth		unresolved
10	Lydda		unresolved
10	for'a		unresolved
10	hitt		unresolved
10			tooshort
10	niirn		unresolved
10	rra		unresolved
10	Hii		unresolved
10	soa		unresolved
10	rnse		unresolved
10	nxi		unresolved
10	bloiv	blow	rule
10	counsellors		unresolved
10	p'nxa		unresolved
10	Vna		unresolved
10	ivith	with	wform
10	oso		unresolved
10	3		tooshort
11	J4		tooshort
11	Bauer		unresolved
11	vald		unresolved
11	sta		unresolved
11	xoQfiov		unresolved
11	pfo		unresolved
11	pt		tooshort
11	JT		tooshort
11	sfost		unresolved
11	Urnbreit	Umbreit	rule
11	srjrn		unresolved
11	JtEsn		unresolved
11	scientiae		unresolved
11	pietatis		unresolved
11	nn		unresolved
11	odours		unresolved
11	Kuinol		unresolved
11	irmn		unresolved
11	Vanderpalm		unresolved
11	Nihil		unresolved
11	nisi		unresolved
11	pietatem		unresolved
11	spirabit		unresolved
11	Reinhart		unresolved
11	odour		unresolved
11	odour		unresolved
11	mninx		unresolved
11	rumours		unresolved
11	jThe		unresolved
11	Kokba		unresolved
11	Kozba		unresolved
11	in'nsi		unresolved
11	rpsi1		unresolved
11	rumours		unresolved
11	undoubt		unresolved
11	edly		unresolved
11			tooshort
11	ntst		unresolved
11	iian		unresolved
11	Tian		unresolved
11	nts		unresolved
11	nisp		unresolved
11	ii33x		unresolved
11	iit		unresolved
11	rtTx		unresolved
11	iaj		unresolved
11	PB3		unresolved
11	KB1		unresolved
11	Aelian		unresolved
11	isia		unresolved
11	ya1		unresolved
11	attb		unresolved
11	virp		unresolved
11	Maimonides		unresolved
11	rophecy		unresolved
11	Hrn		unresolved
11	hordei		unresolved
11	stipulam		unresolved
11	bubus		unresolved
11	gratissimam		unresolved
11	plures		unresolved
11	gentium		unresolved
11	utuntur		unresolved
11	riaig		unresolved
11			tooshort
11	rnsixa		unresolved
11	lighthole		unresolved
11	n'tf		unresolved
11	depulsus		unresolved
11	lacte		unresolved
11	der		unresolved
11	kaum		unresolved
11	Entwohnte		unresolved
11	tii		unresolved
11	ps	ps	rule
11			tooshort
11	ttjrt		unresolved
11	iznfci		unresolved
11	thfti		unresolved
11	Ir		tooshort
11	nj'o		unresolved
11	uj		tooshort
11	bji		unresolved
11	rov		unresolved
11	foi		unresolved
11	rVbz		unresolved
11	ausstrecken		unresolved
11	O'T		unresolved
11	adjiciet		unresolved
11	manum		unresolved
11	nisp		unresolved
11	WJ		tooshort
11	ns		tooshort
11	ixisn		unresolved
11	Petrsea		unresolved
11	Pharusis		unresolved
11	Patures		unresolved
11	Adrichomius		unresolved
11	Jablonsky		unresolved
11	Shinar		unresolved
11	Elymais		unresolved
11	Orontes		unresolved
11	figuraatively		unresolved
11	merismus		unresolved
11	parallage		unresolved
11	elliptica		unresolved
11	HezeJciah		unresolved
11	Kbs		unresolved
11	pre		unresolved
11	Epbraimite		unresolved
11	Jephtha		unresolved
11	Baasha		unresolved
11	Ahab		unresolved
11	Jehoash		unresolved
11	ib		tooshort
11	Juclah's		unresolved
11	rviin1		unresolved
11	nnbs		unresolved
11	ri		tooshort
11	Tn's		unresolved
11	rs		tooshort
11	der		unresolved
11	Neid		unresolved
11	aufhoren		unresolved
11	Ephrairn	Ephraim	rule
11	ns		unresolved
11	nW		tooshort
11	bf		tooshort
11	Urnbreit	Umbreit	rule
11	ns		tooshort
11	rno		unresolved
11	Judab		unresolved
11	nnn		unresolved
11	nnnLev		unresolved
11	S'nnn		unresolved
11	Suez		unresolved
11	HeroopoKtanut		unresolved
11	Elaniticus		unresolved
11	Gyndes		unresolved
11	intepretations		unresolved
11	nh		tooshort
11	munita		unresolved
11	rp3		unresolved
11	SPSS		unresolved
11	Ktst		unresolved
12	aivay	away	rule
12	piac		unresolved
12	iti		unresolved
12	siiaj		unresolved
12	sttjy		unresolved
12	stt		unresolved
12	xb		tooshort
12	T3		tooshort
12	iJfS		unresolved
12	JTW		unresolved
12	2		tooshort
12	rn		tooshort
12	rn		tooshort
12	rn		tooshort
12	w		tooshort
12	ftx		unresolved
12	njrn		unresolved
12	rrjiTi		unresolved
12	STifi	Stiff	rule
12	EP		tooshort
12	rvjrn		unresolved
12	Jcnoivn		unresolved
12	nrm		unresolved
12	hs		tooshort
12	rvixa		unresolved
12	ns'nia		unresolved
13	facto		unresolved
13	foreseen		unresolved
13	unbiassed		unresolved
13	taunjjng		unresolved
13	Horace		unresolved
13	Virgil		unresolved
13	Plaideurs		unresolved
13	Racine		unresolved
13	Aris		unresolved
13	tophanes		unresolved
13	Shakspeare		unresolved
13	foresi'ght		unresolved
13	hyperbolical		unresolved
13	antitheocratic		unresolved
13	Sodorn	Sodom	rule
13	KtBa		unresolved
13	rs		tooshort
13	oQavtg		unresolved
13	oQapa		unresolved
13	visio		unresolved
13	Cito		unresolved
13	Ktea		unresolved
13	caliginosum		unresolved
13	Zagrian		unresolved
13	bij		unresolved
13	iKa'n		unresolved
13	aQjowig		unresolved
13	ingrediantur		unresolved
13	veniant		unresolved
13	portae		unresolved
13	principum		unresolved
13	voluntarii		unresolved
13	veniant		unresolved
13	evaginati		unresolved
13	voluntariorum		unresolved
13	Freywillige		unresolved
13	sich		unresolved
13	vor		unresolved
13	Pforte		unresolved
13	versammlen		unresolved
13	heroes		unresolved
13	exulters		unresolved
13	Lehrg		unresolved
13	wp		unresolved
13	ttJ		unresolved
13	ITC		unresolved
13	VBips		unresolved
13	ivho	who	wform
13	modem	modern	realword
13	exulters		unresolved
13	exulters		unresolved
13	Croesus		unresolved
13	pQKJTttf		unresolved
13	cp		tooshort
13	navra		unresolved
13	aQisrovq		unresolved
13	JEschylus		unresolved
13	ayav		unresolved
13	Ammianus		unresolved
13	Marcellinus		unresolved
13	abundantes		unresolved
13	inanibus		unresolved
13	insanumque		unresolved
13	loquentes		unresolved
13	magnidici		unresolved
13	ac		tooshort
13	tetri		unresolved
13	minaces		unresolved
13	juxta		unresolved
13	adversis		unresolved
13	ac		tooshort
13	XCLI'		unresolved
13	JOVZ		unresolved
13	xal		unresolved
13	vf		tooshort
13	wray		unresolved
13	Armenia		unresolved
13	Musculus		unresolved
13	Croesus		unresolved
13	Cyropedia		unresolved
13	rranb		unresolved
13	ybr		unresolved
13	iveapons	weapons	wform
13	Michlol		unresolved
13	Jophi		unresolved
13	co		tooshort
13	lusus		unresolved
13	verborum		unresolved
13	I'iro		unresolved
13	vroi		unresolved
13	concinna		unresolved
13	allusio		unresolved
13	etymologiam		unresolved
13	veritatis		unresolved
13	ifh		unresolved
13	genere		unresolved
13	Domini		unresolved
13	dicuntur		unresolved
13	divinitus		unresolved
13	judicium		unresolved
13	exercet		unresolved
13	omne		unresolved
13	aegrorum		unresolved
13	mortalium		unresolved
13	Ovid		unresolved
13	cecidere		unresolved
13	illis		unresolved
13	animique		unresolved
13	manusque		unresolved
13	ivonder	wonder	wform
13	6m5		unresolved
13	prnxi		unresolved
13	Livy		unresolved
13	metum		unresolved
13	rr		tooshort
13	Lubim		unresolved
13	trnfib		unresolved
13	internum		unresolved
13	aestum		unresolved
13	ntax		unresolved
13	immanitas		unresolved
13	grausamer		unresolved
13	ITSX		unresolved
13	vocat		unresolved
13	merito		unresolved
13	sed		unresolved
13	populi		unresolved
13	enim		unresolved
13	crudelis		unresolved
13	crudeles		unresolved
13	jugulat		unresolved
13	sed		unresolved
13	crudelis		unresolved
13	patientibus		unresolved
13	esse		unresolved
13	Intro		unresolved
13	crudeltm		unresolved
13	putat		unresolved
13	crudelis		unresolved
13	furchtbar		unresolved
13	tss		unresolved
13	w		tooshort
13	di		unresolved
13	grausam		unresolved
13	grimmig		unresolved
13	pstn		unresolved
13	lwt		unresolved
13	ysotleafi		unresolved
13	sidera		unresolved
13	QIWV		unresolved
13	sein		unresolved
13	lexx		unresolved
13	Hebr		unresolved
13	seq		unresolved
13	Bilder		unresolved
13	Orionen		unresolved
13	Sterne		unresolved
13	Himmel		unresolved
13	sein		unresolved
13	scheinen		unresolved
13	helle		unresolved
13	Sonne		unresolved
13	geliet		unresolved
13	Jinster		unresolved
13	auf		unresolved
13	der		unresolved
13	Mond		unresolved
13	scheinet		unresolved
13	dunkel		unresolved
13	SPJ		unresolved
13	orbis		unresolved
13	habitabilis		unresolved
13	frugiferam		unresolved
13	terram		unresolved
13	Dei		unresolved
13	fiK		unresolved
13	orbis		unresolved
13	Ovid		unresolved
13	meus		unresolved
13	orbis		unresolved
13	bsn		unresolved
13	y7ieQj		unresolved
13	dr		tooshort
13	ov		tooshort
13	fortium		unresolved
13	tyrannorum		unresolved
13			tooshort
13	we	we	rule
13	vir		unresolved
13	TQ		tooshort
13	Coromandel		unresolved
13	Huet		unresolved
13	tsw		unresolved
13	PBiat		unresolved
13	TIBIK		unresolved
13	Iv	lv	roman
13	ovyiQ		unresolved
13	Eldorado		unresolved
13	Realworterbuch		unresolved
13	Zohar		unresolved
13	ihEix		unresolved
13	seltener		unresolved
13	seltene		unresolved
13	Schdtze		unresolved
13	VBIX		unresolved
13	Sr		tooshort
13	njrt		unresolved
13	nrj		unresolved
13	rt		tooshort
13	JM3		unresolved
13	JEschylus		unresolved
13	nso		unresolved
13	nao		unresolved
13	Nxraa		unresolved
13	MSD3		unresolved
13	np		tooshort
13	tt		tooshort
13	D3		tooshort
13	KJZsi		unresolved
13	seern	seem	rule
13	fiten		unresolved
13	Madai		unresolved
13	ivho	who	wform
13	Thucydides		unresolved
13	Plutarch		unresolved
13	rn		tooshort
13	Japhet		unresolved
13	Dejoces		unresolved
13	Phraortes		unresolved
13	Cyaxares		unresolved
13	Cyaxares		unresolved
13	Av		tooshort
13	naQovreg		unresolved
13	ovrs		unresolved
13	QfafaTS		unresolved
13	nara'nn		unresolved
13	nind	wind	rule
13	Amrnianus		unresolved
13	Marcellinus		unresolved
13	Siculus		unresolved
13	Wn		tooshort
13	tht		unresolved
13	ias		unresolved
13	ri		tooshort
13	wor		unresolved
13	Armenia		unresolved
13	Realworterbuch		unresolved
13	inclyta		unresolved
13	superbia		unresolved
13	herrliche		unresolved
13	Pracht		unresolved
13	ornatus		unresolved
13	excellentiaque		unresolved
13	heerlickheyt		unresolved
13	hoovaerdigheyt		unresolved
13	Lehrg		unresolved
13	overthrew		unresolved
13	overthrew		unresolved
13	overthrew		unresolved
13	overthrew		unresolved
13	Hystaspes		unresolved
13	Demetrius		unresolved
13	sQ		tooshort
13	iav		unresolved
13	Pausanias		unresolved
13	Christol		unresolved
13	brn		unresolved
13	bno		unresolved
13	Rem		unresolved
13	VTIX		unresolved
13	bns		unresolved
13	xcu		unresolved
13			tooshort
13	ims		unresolved
13	lisw		unresolved
13	p'Un		unresolved
13	ST1		unresolved
13	Hierozoicon		unresolved
13	Qn		tooshort
13	vampyres		unresolved
13	nx		tooshort
13	ss		tooshort
13	dTix		unresolved
13	rir		unresolved
13	bw		tooshort
13	paTaiois		unresolved
13	pTc		unresolved
13	daipona		unresolved
13	daemonibus		unresolved
13	pilosi		unresolved
13	StiJ		unresolved
13	seerns	seems	rule
13	satyri		unresolved
13	Feldgeister		unresolved
13	Waldteufel		unresolved
13	modem	modern	realword
13	Apocal		unresolved
13	maa		unresolved
13	pvoxevravgoi		unresolved
13	witb		unresolved
13	psttj		unresolved
13	loc		unresolved
13	wohes		unresolved
13	Dn		tooshort
13	fyeen		unresolved
13	Ewatd		unresolved
13			tooshort
13	Milton		unresolved
13	rnaabx		unresolved
13	i		tooshort
14	WBCS		unresolved
14	lyrt		unresolved
14	Tls		unresolved
14	ri		tooshort
14	iria		unresolved
14	ins		unresolved
14	eliget		unresolved
14	Mibi		unresolved
14	ian		unresolved
14	seq		unresolved
14	nnsb		unresolved
14	Jehovah''s		unresolved
14	Stamme		unresolved
14	ibnanrj		unresolved
14	Constantius		unresolved
14	pre		unresolved
14	buWith		unresolved
14	TW		tooshort
14	rnhsj		unresolved
14	kwg		unresolved
14	rrjni		unresolved
14	btia		unresolved
14	btiJE		unresolved
14	bttto		unresolved
14	Tptf		unresolved
14	rna		unresolved
14	sri'n		unresolved
14	jt		tooshort
14	rcmE		unresolved
14	Evilmerodach		unresolved
14	ivithout	without	wform
14	ivithout	without	wform
14	na	na	rule
14	rvna3		unresolved
14	rvna		unresolved
14	iftba		unresolved
14	iE'i		unresolved
14	insg		unresolved
14	VUJE		unresolved
14	Jubel		unresolved
14	Jamne		unresolved
14	erumpere		unresolved
14	hoc		unresolved
14	licet		unresolved
14	mihi		unresolved
14	gaudium		unresolved
14	Antilibanus		unresolved
14	Libanus		unresolved
14	wbs		unresolved
14	cacumina		unresolved
14	nostra		unresolved
14	nV		tooshort
14	clamour		unresolved
14	Ipsi		unresolved
14	laetitia		unresolved
14	voces		unresolved
14	sidera		unresolved
14	Intonsi		unresolved
14	monies		unresolved
14	ipsae		unresolved
14	carmina		unresolved
14	Ipsa		unresolved
14	arbusla		unresolved
14	usus		unresolved
14	loquendi		unresolved
14	txa		unresolved
14	ascendet		unresolved
14	succidat		unresolved
14	nos		unresolved
14	Apocal		unresolved
14	spectres		unresolved
14	bi'sia		unresolved
14	sepulchre		unresolved
14	Holle		unresolved
14	Hbhle		unresolved
14	Anglo		unresolved
14	helan		unresolved
14	Schattenreich		unresolved
14	Todtenreich		unresolved
14	Unterwelt		unresolved
14	Holle		unresolved
14	tertium		unresolved
14	rnbn		unresolved
14	ms		tooshort
14	xsn		unresolved
14	spectres		unresolved
14	VM		tooshort
14	Rem		unresolved
14	nis		unresolved
14			tooshort
14	O3		tooshort
14	1		tooshort
14	nftFitt		unresolved
14	rntn		unresolved
14	von		unresolved
14	unten		unresolved
14	namlich		unresolved
14	entgegen		unresolved
14	dem		unresolved
14	von		unresolved
14	oben		unresolved
14	kommenden		unresolved
14	Chaldaer		unresolved
14	konige		unresolved
14	DiTins		unresolved
14	ins		unresolved
14	Machtigen		unresolved
14	ansiver	answer	rule
14	ludibria		unresolved
14	loquentur		unresolved
14	CEcolampadius		unresolved
14	einander		unresolved
14	reden		unresolved
14	vociferabuntur		unresolved
14	ai		unresolved
14	uraa		unresolved
14	praegnans		unresolved
14	bHS		unresolved
14	bsa		unresolved
14	sx		tooshort
14	gebettet		unresolved
14	unter		unresolved
14	dir		unresolved
14	mit		unresolved
14	Gewi'irm		unresolved
14	tJiou	thou	rule
14	Von		unresolved
14	bbn		unresolved
14	swacpoQog		unresolved
14	Tertullian		unresolved
14	rsiaa		unresolved
14	dejectus		unresolved
14	terram		unresolved
14	Hendevverk	Hendewerk	rule
14	ttJbn		unresolved
14	bs		tooshort
14	ws		tooshort
14	Iongum		unresolved
14	ir		tooshort
14	debilitator		unresolved
14	iabn		unresolved
14	tlie	the	rule
14	isi'a		unresolved
14	ISfte		unresolved
14	ista		unresolved
14	itt		unresolved
14	oitn		unresolved
14	p5ii		unresolved
14	jVi		unresolved
14	Lightfoot		unresolved
14	sitteth		unresolved
14	Meru		unresolved
14	Hindoo		unresolved
14	Elborz		unresolved
14	Elborj		unresolved
14	eV		tooshort
14	OQSI		unresolved
14	OQTJ		unresolved
14	nQog		unresolved
14	POQQUV		unresolved
14	Caucasus		unresolved
14	nsia		unresolved
14	W'a		unresolved
14	Hindoo		unresolved
14	ina		unresolved
14	iBst		unresolved
14	W'E		unresolved
14	im		tooshort
14	Berge		unresolved
14	ss		tooshort
14	SE35		unresolved
14	morabimur		unresolved
14	evidentia		unresolved
14	diutius		unresolved
14	nx		tooshort
14	jS		tooshort
14	biXtfj		unresolved
14	MtfttJ		unresolved
14	sepulchres		unresolved
14	profundum		unresolved
14	inclinabuntur		unresolved
14	iterum		unresolved
14	propheta		unresolved
14	regem		unresolved
14	siMi'an		unresolved
14	prudente		unresolved
14	deinem		unresolved
14	Beyspiele		unresolved
14	klug		unresolved
14	werden		unresolved
14	p323		unresolved
14	bnn		unresolved
14	frugiferam		unresolved
14	orbem		unresolved
14	habitalem		unresolved
14	nfi		unresolved
14	carcerem		unresolved
14	Tr		tooshort
14	pellius		unresolved
14	solvebat		unresolved
14	reversuros		unresolved
14	domum		unresolved
14	nma		unresolved
14	paid		unresolved
14	Belus		unresolved
14	Persepolis		unresolved
14	sepulchres		unresolved
14	sepulchre		unresolved
14	rv		tooshort
14	Ecc		unresolved
14	isia		unresolved
14	bs		tooshort
14	nothimg		unresolved
14	sepulchres		unresolved
14	sepulchres		unresolved
14	aiab		unresolved
14	obvolutus		unresolved
14	interfecti		unresolved
14	gladio		unresolved
14	sepulchres		unresolved
14	Tia		unresolved
14	bx		tooshort
14	Tp1		unresolved
14	C33		unresolved
14	onustis		unresolved
14	gladio		unresolved
14	onustorum		unresolved
14	crebris		unresolved
14	ictibus		unresolved
14	nsns		unresolved
14	xa		tooshort
14	Maimonides		unresolved
14	i		tooshort
14	paj		unresolved
14	JE		tooshort
14	Evilmerodach		unresolved
14	Nabonned		unresolved
14	CWE		unresolved
14	nt		tooshort
14	Hctores		unresolved
14	aut		unresolved
14	Schlachtbank		unresolved
14	Blutbad		unresolved
14	wba		unresolved
14	Von		unresolved
14	Kolln		unresolved
14	Varr		unresolved
14	ix		unresolved
14	dsH3		unresolved
14	dw		tooshort
14	diis		unresolved
14	J35		unresolved
14	nepos		unresolved
14	nm		tooshort
14	tm		tooshort
14	iaW5		unresolved
14	consanguineum		unresolved
14	reliquias		unresolved
14	progeniem		unresolved
14	tempus		unresolved
14	continnal		unresolved
14	TT		tooshort
14	OV		tooshort
14	demergam		unresolved
14	profundum		unresolved
14	lutum		unresolved
14	perdam		unresolved
14	nxsx		unresolved
14	B		tooshort
14	Abgrund		unresolved
14	des		unresolved
14	versenken		unresolved
14	MB		tooshort
14	B		tooshort
14	KBXBB		unresolved
14	p7t		unresolved
14	n'p'ppp		unresolved
14	laajn		unresolved
14	terens		unresolved
14	evacuans		unresolved
14	mentiar		unresolved
14	iirvTi		unresolved
14	oipflS		unresolved
14	pri		unresolved
14	tvo		unresolved
14	le		tooshort
14	antitnesis		unresolved
14	jwrr		unresolved
14	nipn		unresolved
14	havefactum		unresolved
14	geschehen		unresolved
14	twefth		unresolved
14	Horace		unresolved
14	libitum		unresolved
14	unbiassed		unresolved
14	iiurx		unresolved
14	ern		unresolved
14	Armenia		unresolved
14	Greece		unresolved
14	Thrace		unresolved
14	Illyria		unresolved
14	Hungary		unresolved
14	Dei		unresolved
14	terra		unresolved
14	ipsius		unresolved
14	ecclesiae		unresolved
14	suspicio		unresolved
14	igitur		unresolved
14	hanc		unresolved
14	loqui		unresolved
14	hisce		unresolved
14	nunc		unresolved
14	nominari		unresolved
14	possunt		unresolved
14	ivho	who	wform
14			tooshort
14	vereiteln		unresolved
14	miaa		unresolved
14	ausgereckte		unresolved
14	ve		tooshort
14	rb		tooshort
14	zuriickschrecken		unresolved
14	avertet		unresolved
14	retroaget		unresolved
14	consilium		unresolved
14	ceperit		unresolved
14	gestreckt		unresolved
14	wti		unresolved
14	AJiaz	Ahaz	rule
14	allofthee		unresolved
14	Cappadocia		unresolved
14	Cyprus		unresolved
14	aMcpvl		unresolved
14	oi		tooshort
14	paid		unresolved
14	Jehorarn	Jehoram	rule
14	Ilulatarivy		unresolved
14	Hierozoicon		unresolved
14	Alterthumskunde		unresolved
14	wns		unresolved
14	miseriis		unresolved
14	o		tooshort
14	JHJT1		unresolved
14	rran		unresolved
14	Ashdod		unresolved
14	aittj		unresolved
14	Erx		unresolved
14	Ibs		unresolved
14	liquefactum		unresolved
14	Palaestina		unresolved
14	universum		unresolved
14	Virgil's		unresolved
14	fumantes		unresolved
14	pulvere		unresolved
14	ias		unresolved
14	pisia		unresolved
14	fiiiS'iB		unresolved
14	isia		unresolved
14	Palestina		unresolved
14	hanc		unresolved
14	interpretationem		unresolved
14	totam		unresolved
14	suo		unresolved
14	relinquam		unresolved
14	amplius		unresolved
14	rneminero		unresolved
14	enim		unresolved
14	paradoxa		unresolved
14	communi		unresolved
14	aliena		unresolved
14	xVa		unresolved
14			tooshort
14	ii'a		unresolved
14	oxb		unresolved
14	sxba		unresolved
15	Tirhaka		unresolved
15	n3		tooshort
15	usu		unresolved
15	ja		tooshort
15	AreopoUs		unresolved
15	Rhabmathmom		unresolved
15	Rabbath		unresolved
15	Errabba		unresolved
15	Kerakka		unresolved
15	Bethmeon		unresolved
15	meon		unresolved
15	Maein		unresolved
15	rvs		unresolved
15	Chemosh		unresolved
15	Diban		unresolved
15	rPS		unresolved
15	Hesbdn		unresolved
15	Jericho		unresolved
15	Wady		unresolved
15	Hesban		unresolved
15	Eleaieh		unresolved
15	nsrn		unresolved
15	atbn		unresolved
15	sbti		unresolved
15	heroes		unresolved
15	equipped		unresolved
15	heroes		unresolved
15	vociferentur		unresolved
15	classicum		unresolved
15	canant		unresolved
15	barritum		unresolved
15	faciant		unresolved
15	clamorem		unresolved
15	tollant		unresolved
15	praelio		unresolved
15	U5S5		unresolved
15	Jclagen		unresolved
15	verzaget		unresolved
15	ululabit		unresolved
15	sibi		unresolved
15			tooshort
15	psf		unresolved
15	vectes		unresolved
15	mtt		unresolved
15	ia		tooshort
15	Eglath		unresolved
15	Shelishiyyah		unresolved
15	Eglath		unresolved
15	rtjizfttt		unresolved
15	Lightfoot		unresolved
15	Eglah		unresolved
15	Eglath		unresolved
15	Egels		unresolved
15	Eglah		unresolved
15	Eglah		unresolved
15	Lightfoot's		unresolved
15	Ramathaim		unresolved
15	horon		unresolved
15	Lightfoot		unresolved
15	Eglah		unresolved
15	A7		tooshort
15	AyvCk		unresolved
15	ku		tooshort
15	ZwaQa		unresolved
15	ffyowfu		unresolved
15			tooshort
15	Ejlun		unresolved
15	JL		tooshort
15	Abulfeda		unresolved
15	Eglath		unresolved
15	Shelishiyah		unresolved
15	tt5		unresolved
15	domitura		unresolved
15	trimatu		unresolved
15	antea		unresolved
15	Aristotle		unresolved
15	fibsa		unresolved
15	nbsn		unresolved
15	Lnhith		unresolved
15	33		unresolved
15	Areopolis		unresolved
15	rvmib		unresolved
15	nbSB		unresolved
15	horon		unresolved
15	locuscavitatis		unresolved
15	Ifc		unresolved
15	O1		tooshort
15	ss		tooshort
15	ns		tooshort
15	Pilpel		unresolved
15	isnsn		unresolved
15			tooshort
15	isHs		unresolved
15	Aurivillius		unresolved
15	Lightfoot		unresolved
15	rivorum		unresolved
15	ccnfluentium		unresolved
15	Nimrimorum		unresolved
15	desolationes		unresolved
15	erunt		unresolved
15	Nimrah		unresolved
15	nimrah		unresolved
15	i		tooshort
15	sniatua		unresolved
15	Evvald	Ewald	rule
15	Sft		unresolved
15	herba		unresolved
15	viror		unresolved
15	JSAIAH		unresolved
15	ofjhe		unresolved
15	Rabcnbach		unresolved
15	Ravenbrook		unresolved
15	Wady		unresolved
15	Ahsa		unresolved
15	Burckhardt		unresolved
15	Wady		unresolved
15	Ahsy		unresolved
15	Kerek		unresolved
15	Gebal		unresolved
15	mrH		unresolved
15	Jrirv'		unresolved
15	fTipB		unresolved
15	SX		tooshort
15	paix		unresolved
15	nsn		unresolved
15	Areopolis		unresolved
15	dyalla		unresolved
15	tf		tooshort
15	heroes		unresolved
15	ts		tooshort
15	fiia		unresolved
15	ia		tooshort
15	mappik		unresolved
15	Aurivillius		unresolved
15	Megiddo		unresolved
15	iK		tooshort
15	Admah		unresolved
15	Areopolis		unresolved
15	Admah		unresolved
16	Ahab		unresolved
16	paid		unresolved
16	Petra		unresolved
16	Petra		unresolved
16	Idumean		unresolved
16	a		tooshort
16	paid		unresolved
16	Piua		unresolved
16	Vaa		unresolved
16	Petra		unresolved
16	IJirQa		unresolved
16	Petra		unresolved
16	Trajan		unresolved
16	Hadrian		unresolved
16	Burckhardt		unresolved
16	Seetzen's		unresolved
16	Petra		unresolved
16	Wady		unresolved
16	Irby		unresolved
16	Petra		unresolved
16	Petra		unresolved
16	Petra		unresolved
16	Petra		unresolved
16	edaces		unresolved
16	Virgil		unresolved
16	neighbourhoods		unresolved
16	nisa		unresolved
16	rnsa		unresolved
16	seerns	seems	rule
16	cn		tooshort
16	fiWs		unresolved
16	nxs		unresolved
16	laran		unresolved
16	harbour		unresolved
16	tr		tooshort
16	n'ns		unresolved
16	sxfa		unresolved
16	BB		tooshort
16	bllto		unresolved
16	Gedaliah		unresolved
16	har	bar	rule
16	boured		unresolved
16	wrho		unresolved
16	S'r1		unresolved
16	ttJ		unresolved
16	aturally		unresolved
16	sso		unresolved
16	jS		tooshort
16	Ehtn		unresolved
16	ISSBIB		unresolved
16	b1		tooshort
16	njoa		unresolved
16	quotquot		unresolved
16	ganz		unresolved
16	jammre		unresolved
16	muros		unresolved
16	colloquemini		unresolved
16	iwm		unresolved
16	miittji		unresolved
16	laetantur		unresolved
16	muros		unresolved
16	cocti		unresolved
16	lateris		unresolved
16	xvm		unresolved
16	xxu		unresolved
16	IUT		unresolved
16	wineflagons		unresolved
16	tniD		unresolved
16	iiux		unresolved
16	wm		tooshort
16	uvarum		unresolved
16	nur		unresolved
16	zerschlagen		unresolved
16	als		unresolved
16	betriibt		unresolved
16	WBIIU		unresolved
16	ossthe		unresolved
16	xaTanivovTss		unresolved
16	ia		tooshort
16	pppniB		unresolved
16	overcame		unresolved
16	tt		tooshort
16	Rosenmtiller		unresolved
16	mpviia		unresolved
16	Philadelphia		unresolved
16	iai		unresolved
16	p'n		unresolved
16	ttj		unresolved
16	missiones		unresolved
16	Seetzen		unresolved
16	Szalt		unresolved
16	Burckhardt		unresolved
16	Buckingham		unresolved
16	thce		unresolved
16	h3		tooshort
16	tflebo		unresolved
16	jTns		unresolved
16	inebriabo		unresolved
16	irrigabo		unresolved
16	uberstrome		unresolved
16	pp		tooshort
16	hominem		unresolved
16	Wn		tooshort
16	Schlachtruf		unresolved
16	Herbstruf		unresolved
16			tooshort
16	wri		unresolved
16	audacter		unresolved
16	aeque		unresolved
16	ac		tooshort
16	absurde		unresolved
16	ivine	wine	wform
16	EPK		unresolved
16	nemo		unresolved
16	vociferabitur		unresolved
16	wn		tooshort
16	Palul		unresolved
16	sii		unresolved
16	ls		tooshort
16	Getiimmel		unresolved
16	wilden		unresolved
16	Larm		unresolved
16	harvestshout		unresolved
16	Kirhares		unresolved
16	lafv		unresolved
16	totus		unresolved
16	commovebor		unresolved
16	ivhen	when	wform
16	T1		tooshort
16	haoa		unresolved
16	nr		unresolved
16	Mjoa		unresolved
16	fia		unresolved
16	sieht		unresolved
16	Knobej		unresolved
16	umsonst		unresolved
16	weint		unresolved
16	bai1	bail	rule
16	iripE		unresolved
16	Ephraem		unresolved
16	Syrus		unresolved
16	Chemosh		unresolved
16	bav		unresolved
16	Chemosh		unresolved
16	spalce		unresolved
16	nn		tooshort
16	im		tooshort
16	Tirhakah		unresolved
17	J5		tooshort
17			tooshort
17	1373		unresolved
17	acervus		unresolved
17	ruinae		unresolved
17	Rezon		unresolved
17	Benhadad		unresolved
17	Hazael		unresolved
17	Rezon		unresolved
17	docet		unresolved
17	historia		unresolved
17	mundi		unresolved
17	accidere		unresolved
17	lusu		unresolved
17	quodam		unresolved
17	regna		unresolved
17	iisdem		unresolved
17	vel		unresolved
17	similibus		unresolved
17	nominibus		unresolved
17	oriantur		unresolved
17	occidant		unresolved
17	Chrysorroas		unresolved
17	ns		unresolved
17	Ephrairn	Ephraim	rule
17	isn		unresolved
17	xia		unresolved
17	naa		unresolved
17	itts		unresolved
17	quidem		unresolved
17	bx		tooshort
17	sp		tooshort
17	sj		tooshort
17	sKs		unresolved
17	Erntezeit		unresolved
17	V2		tooshort
17	rn'bbs		unresolved
17	ixujiis		unresolved
17	oyo		unresolved
17	amiral		unresolved
17	fiiis		unresolved
17	IBSO		unresolved
17	Thegleanings		unresolved
17	bs		tooshort
17	fwia		unresolved
17	nsnoi		unresolved
17	oag		unresolved
17	looti		unresolved
17	Ashtoreth		unresolved
17	erectas		unresolved
17	operi		unresolved
17	manuum		unresolved
17	hiBSa		unresolved
17	Selden		unresolved
17	Ashtoreth		unresolved
17	Gotzenhainer		unresolved
17	assn		unresolved
17	fiati		unresolved
17	cippi		unresolved
17			tooshort
17	bsn		unresolved
17	Horesh		unresolved
17	Harosheth		unresolved
17	goim		unresolved
17	Anfevda		unresolved
17	AvtQft		unresolved
17	Symrnachus	Symmachus	rule
17	EJin		unresolved
17	ol		tooshort
17	dpOQQCuot		unresolved
17	xal		unresolved
17	ol		tooshort
17	Evaioi		unresolved
17	thaf		unresolved
17	forsook		unresolved
17	Sisera		unresolved
17	Barak		unresolved
17	itsx		unresolved
17	itisa		unresolved
17	ns		tooshort
17	n3		tooshort
17	s		tooshort
17	Barbarus		unresolved
17	culta		unresolved
17	habebit		unresolved
17	plantabas		unresolved
17	quamvisplantaveris		unresolved
17	nur		unresolved
17	wachsen		unresolved
17	anss		unresolved
17	Ku		unresolved
17	Jideles		unresolved
17	yvrtvpa		unresolved
17	aTtiarov		unresolved
17	sntn		unresolved
17	ijiiaatan		unresolved
17	Mis		unresolved
17	modem	modern	realword
17	Mia		unresolved
17	Tpia		unresolved
17	nw		tooshort
17	comploratio		unresolved
17	iw		tooshort
17	nbn		unresolved
17	ns		tooshort
17	tSwx		unresolved
17	sxs		unresolved
17	tiSiss		unresolved
17	sxs		unresolved
17	iitt		unresolved
17	1		tooshort
17	ia		tooshort
17	Ovid's		unresolved
17	Qualia		unresolved
17	fluctus		unresolved
17	Aequorei		unresolved
17	faciunt		unresolved
17	procul		unresolved
17	audiat		unresolved
17	ipsos		unresolved
17	sonat		unresolved
17	ja		tooshort
17	n		tooshort
17	jixttS		unresolved
17	fugiat		unresolved
17	QQ		tooshort
17	rem		unresolved
17	volubilem		unresolved
17	im		tooshort
17	tempestate		unresolved
17	gegen		unresolved
17	zu		tooshort
17	Zeit		unresolved
17	Todesschrecken		unresolved
17	nn		tooshort
17	iM1		unresolved
17	nsni		unresolved
17	nnfea		unresolved
17	Quemadmodum		unresolved
17	tempestas		unresolved
17	vesperi		unresolved
17	excitata		unresolved
17	paulo		unresolved
17	sedata		unresolved
17	nulla		unresolved
17	amplius		unresolved
17	ideo		unresolved
17	hostibus		unresolved
17	dispulsis		unresolved
17	redeat		unresolved
17	subito		unresolved
17	spem		unresolved
17	laeta		unresolved
17	serenitas		unresolved
17	Antiochus		unresolved
17	Epiphanes		unresolved
17	Nero		unresolved
17	Chosroes		unresolved
17	France		unresolved
17	England		unresolved
17	cumprimis		unresolved
17	studiosis		unresolved
17	theologiae		unresolved
17	ecclesiae		unresolved
17	hostium		unresolved
17	ignorare		unresolved
17	Barak's		unresolved
18	Tirhakah		unresolved
18	Ethiopico		unresolved
18	Cusli	Cush	rule
18	sba		unresolved
18	crx		unresolved
18	Abulwalid		unresolved
18	Vogt		unresolved
18	Aurivillius		unresolved
18	Meroe		unresolved
18	Meroe		unresolved
18	anno		unresolved
18	absumi		unresolved
18	extendat		unresolved
18	Meroe		unresolved
18	BSD		unresolved
18	frps		unresolved
18	terrae		unresolved
18	Huet		unresolved
18	gefliigelter		unresolved
18	Kahne		unresolved
18	insa		unresolved
18	Wahl		unresolved
18	Chiisistan		unresolved
18	Turan		unresolved
18	Astaboras		unresolved
18	Astapus		unresolved
18	Astasobas		unresolved
18	Meroe		unresolved
18	K30		unresolved
18	Meroe		unresolved
18	Dereser		unresolved
18	schwirrt		unresolved
18	rfjten		unresolved
18	ns		tooshort
18	ta11		unresolved
18	Procopius		unresolved
18	Byblus		unresolved
18	OJUJQO		unresolved
18	BxiGTolag		unresolved
18	fiiftlivag		unresolved
18	Theophrastus		unresolved
18	Plutarch		unresolved
18	IUBB		unresolved
18	BIIE		unresolved
18	aiiaa		unresolved
18	Sarn	Sam	rule
18	p		tooshort
18	Iciki		unresolved
18	Ktn		unresolved
18	itn		unresolved
18	sn		tooshort
18	pnK		unresolved
18	D6derlein	Doderlein	rule
18	fifi		unresolved
18	rix		unresolved
18	rniK		unresolved
18	vis		unresolved
18	I'aa		unresolved
18	ncun		unresolved
18	doivn	down	rule
18	knives		unresolved
18	3		tooshort
18	3		tooshort
18	fromttfi		unresolved
18	n5		tooshort
18	rnnj		unresolved
18	J4		tooshort
18	darinnen		unresolved
18	nisten		unresolved
18	darinnen		unresolved
18	liegen		unresolved
18	hyperbolical		unresolved
18	sq		tooshort
18	Abyssinia		unresolved
18	dS		tooshort
18	Meroe		unresolved
18	Tirhakah		unresolved
18	na	na	rule
18	I'a		unresolved
18	ds		tooshort
19	Psammetichus		unresolved
19	Sethos		unresolved
19	Onias		unresolved
19	Manetho		unresolved
19	Psammetichus		unresolved
19	sn		tooshort
19	xtea		unresolved
19	vopoe		unresolved
19	Inl		unresolved
19	vofiov		unresolved
19	Sethos		unresolved
19	Psammetichus		unresolved
19	resemb		unresolved
19			tooshort
19	wx		tooshort
19	tn		tooshort
19	bx		tooshort
19	do	do	rule
19	ts		tooshort
19	Sethos		unresolved
19	Psammetichus		unresolved
19	Sioi		unresolved
19	dominorum		unresolved
19	dominationis		unresolved
19	taisSx		unresolved
19	Sethos		unresolved
19	Psammetichus		unresolved
19	Cambyses		unresolved
19	Ochus		unresolved
19	Charlemagne		unresolved
19	reine		unresolved
19	Ahnung		unresolved
19	nuja		unresolved
19	Mna5		unresolved
19	aj		tooshort
19	Moeris		unresolved
19	lixia		unresolved
19	SB		tooshort
19	Angstland		unresolved
19	iis		unresolved
19	ns		tooshort
19	nsts		unresolved
19	Pp		tooshort
19	inx		unresolved
19	ryra		unresolved
19	nudabitur		unresolved
19	rivi		unresolved
19	fonte		unresolved
19	suo		unresolved
19	fishermen		unresolved
19	hooJc		unresolved
19	fishermen		unresolved
19	fishermen		unresolved
19	tobac		unresolved
19	co		tooshort
19	fishermen		unresolved
19	nitt		unresolved
19	mn		unresolved
19	wp		tooshort
19	sericum		unresolved
19	ttJsa		unresolved
19	nir		unresolved
19	ot		tooshort
19	noiovvtes		unresolved
19	TOV		unresolved
19	ot		tooshort
19	rvinttj		unresolved
19	iaax		unresolved
19	ttisa		unresolved
19	counsellors		unresolved
19	Tanis		unresolved
19	ixsn		unresolved
19	counsellors		unresolved
19	counsellors		unresolved
19	counsellors		unresolved
19	statesmen		unresolved
19	counsellors		unresolved
19	counsellors		unresolved
19	Consilium		unresolved
19	certe		unresolved
19	stultum		unresolved
19	fuit		unresolved
19	Belgio		unresolved
19	episcopatus		unresolved
19	instituere		unresolved
19	Eodem		unresolved
19	anno		unresolved
19	primum		unresolved
19	bellum		unresolved
19	civile		unresolved
19	religionis		unresolved
19	causa		unresolved
19	inotum		unresolved
19	Gallia		unresolved
19	duce		unresolved
19	Guisio		unresolved
19	hinc		unresolved
19	Ludovico		unresolved
19	Condaeo		unresolved
19	fuit		unresolved
19	regina		unresolved
19	religionis		unresolved
19	reformatae		unresolved
19	exercitium		unresolved
19	permitteret		unresolved
19	sequenti		unresolved
19	anno		unresolved
19	Martii		unresolved
19	Galliae		unresolved
19	Tsoan		unresolved
19	intelligi		unresolved
19	fortasse		unresolved
19	patebit		unresolved
19	nunc		unresolved
19	nw		unresolved
19	W'i'p		unresolved
19	aut		unresolved
19	etiam		unresolved
19	sciant		unresolved
19	sciant		unresolved
19	annuncient		unresolved
19	indicent		unresolved
19	wenn		unresolved
19	wissen		unresolved
19	erfahre		unresolved
19	Memphis		unresolved
19	Psammetichus		unresolved
19	Alexandria		unresolved
19	i'ipft		unresolved
19	J7r		unresolved
19	elati		unresolved
19	emarcucrunt		unresolved
19	w53		unresolved
19	nss		unresolved
19	quoad		unresolved
19	angulum		unresolved
19	angulo		unresolved
19	isnn		unresolved
19	Memphis		unresolved
19	Tanis		unresolved
19	Gallia		unresolved
19	Belgium		unresolved
19	orae		unresolved
19	spiritualis		unresolved
19	Aegypti		unresolved
19	perverscness		unresolved
19	spiritum		unresolved
19	vertiginis		unresolved
19	Schwindelgeist		unresolved
19	nisnn		unresolved
19	Siissjia		unresolved
19	n		tooshort
19	rs		tooshort
19	Onias		unresolved
19	ofJudah		unresolved
19	ivhom	whom	wform
19	xsn		unresolved
19	rra'nx		unresolved
19	ins1		unresolved
19	P3t		unresolved
19	mincj		unresolved
19	le		tooshort
19	J5		tooshort
19	Heliopolis		unresolved
19	Memphis		unresolved
19	Bubastus		unresolved
19	Alexandria		unresolved
19	Memphis		unresolved
19	Heliopolis		unresolved
19	Diospolis		unresolved
19	Irheres		unresolved
19	oinn		unresolved
19	fQie		unresolved
19	izr'in		unresolved
19	Otfr		unresolved
19	Tahpanes		unresolved
19	ij		tooshort
19	Errettung		unresolved
19	Gliickstadt		unresolved
19	Bethshcmesh		unresolved
19	Heliopolis		unresolved
19	Heliopolitan		unresolved
19	Onias		unresolved
19	Philometor		unresolved
19	Iken		unresolved
19	1		tooshort
19			tooshort
19	Hezel		unresolved
19	civitas		unresolved
19	civitas		unresolved
19	desolationis		unresolved
19			tooshort
19	Bethshemesh		unresolved
19	Heliopolis		unresolved
19	Onias		unresolved
19	Iken		unresolved
19	oiGedex		unresolved
19	Le		tooshort
19	Moyne		unresolved
19	Mai		unresolved
19	pis		unresolved
19	Heliopolis		unresolved
19	Onias		unresolved
19	Heliopolis		unresolved
19	nn		tooshort
19	Ashdod		unresolved
19	TT'		unresolved
19	Swe		unresolved
19	thepatriarchal		unresolved
19	rrni		unresolved
19	tvzz		unresolved
19	FPiii		unresolved
19	irjfi1		unresolved
19	h3		tooshort
19	salvalorem		unresolved
19	principem		unresolved
19	an	an	rule
19	Psammetichus		unresolved
19	s'li'a		unresolved
19	tfnsx		unresolved
19	tn		tooshort
19	ins		unresolved
19	huldigen		unresolved
19	ia		tooshort
19	XTiJ1		unresolved
19	baniu11		unresolved
19	mbiB		unresolved
19	Graeco		unresolved
19	fl		tooshort
19	rj		tooshort
19	ies		unresolved
2	Hn		tooshort
2	Justi		unresolved
2	Credner		unresolved
2	Vogel		unresolved
2	Je		tooshort
2	t'n		unresolved
2	Henders		unresolved
2	modem	modern	realword
2	Hdwk		unresolved
2	rvnnxs		unresolved
2	Hn		tooshort
2	Lightfoot		unresolved
2	ol		tooshort
2	pas		unresolved
2	wai		unresolved
2	tpyavsg		unresolved
2	Umbr		unresolved
2	wrords		unresolved
2	uav		unresolved
2	movebunt		unresolved
2	werden		unresolved
2	sich		unresolved
2	aufmachen		unresolved
2	Hn		tooshort
2	Hendew		unresolved
2	meantime		unresolved
2	hoolts		unresolved
2	certa		unresolved
2	placidos		unresolved
2	curvavit		unresolved
2	usus		unresolved
2	Agricolae		unresolved
2	nunc		unresolved
2	militis		unresolved
2	fui		unresolved
2	Virgil		unresolved
2	Ovid		unresolved
2	Mn		tooshort
2	Georg		unresolved
2	Ov		tooshort
2	fiS		unresolved
2	ploughshares		unresolved
2	coulters		unresolved
2	Rosen		unresolved
2	Hn		tooshort
2	Kn		tooshort
2	Eng		unresolved
2	Hendew		unresolved
2	EBU		unresolved
2	Deyling		unresolved
2	Obs		unresolved
2	Sacr		unresolved
2	ini		unresolved
2	QlJIse		unresolved
2	ivith	with	wform
2	Eng		unresolved
2	Hendew		unresolved
2	tj		tooshort
2	olim		unresolved
2	Hn		tooshort
2	oriente		unresolved
2	vom		unresolved
2	Morgenlande		unresolved
2	DS		tooshort
2	Engt		unresolved
2	Hk		tooshort
2	Hn		tooshort
2	Eng		unresolved
2	marg		unresolved
2	ftjts		unresolved
2	foood		unresolved
2	nV		tooshort
2	nwiJai		unresolved
2	Hn		tooshort
2	Kn		tooshort
2	Hn		tooshort
2	Hk		tooshort
2			tooshort
2	idp		unresolved
2	latny		unresolved
2	tvork	work	wform
2	ds		tooshort
2	fidrcay		unresolved
2	diis		unresolved
2	nihili		unresolved
2	digiti		unresolved
2	ipsius		unresolved
2	digiti		unresolved
2	cujusque		unresolved
2	betet		unresolved
2	bx		tooshort
2	Hn		tooshort
2	Hk		tooshort
2	Kn		tooshort
2	demittas		unresolved
2	vergib		unresolved
2	ihnen		unresolved
2	dis	dis	rule
2	avi		unresolved
2	avdQwnog		unresolved
2	vir		unresolved
2	Mensch		unresolved
2	Hk		tooshort
2	Kn		tooshort
2	bx		tooshort
2	Hn		tooshort
2	Hk		tooshort
2	Pesh		unresolved
2	efe		unresolved
2	Pesh		unresolved
2	Hn		tooshort
2	hominis		unresolved
2	virorum		unresolved
2	Hochmuthsaugen		unresolved
2	nao		unresolved
2	Bb		tooshort
2	Comm		unresolved
2	gciniejj		unresolved
2	Bethenyeh		unresolved
2	Oecolampadius		unresolved
2	Musculus		unresolved
2	nhoiov		unresolved
2	alaGaris		unresolved
2	im		tooshort
2	Meer		unresolved
2	oceani		unresolved
2	Cilicia		unresolved
2	Cilicia		unresolved
2	Carthage		unresolved
2	Tartessus		unresolved
2	Spain		unresolved
2	Baetis		unresolved
2	Guadalquivir		unresolved
2	ru		tooshort
2	av		tooshort
2	pictae		unresolved
2	carinae'		unresolved
2	Thesauro		unresolved
2	omne		unresolved
2	visu		unresolved
2	pulchrum		unresolved
2	loc		unresolved
2	Hk		tooshort
2	rrn		unresolved
2	Carthage		unresolved
2	Encyclopaedia		unresolved
2	Abulfeda		unresolved
2	Tunis		unresolved
2	marg		unresolved
2	Hk		tooshort
2	Hn		tooshort
2	Aug		unresolved
2	fcs		unresolved
2	Maur		unresolved
2	1		tooshort
2	bxn		unresolved
2	ofc		unresolved
2	shaU	shall	rule
2	sn		tooshort
2	terram		unresolved
2	terrendam		unresolved
2	wenn		unresolved
2	sich		unresolved
2	erhebt		unresolved
2	bebt		unresolved
2	adoraret		unresolved
2	Rumpelkammer		unresolved
2	isrft		unresolved
2	isn		unresolved
2	acpaQcpeQaft		unresolved
2	isn		unresolved
2	Hk		tooshort
2	Hn		tooshort
2	Hn		tooshort
2	Maur		unresolved
2	anxn		unresolved
2	Hk		tooshort
2	Hn		tooshort
2	Kn		tooshort
2	ft		tooshort
2	ft		tooshort
2	sich		unresolved
2	machte		unresolved
2	qu'on		unresolved
2	faites		unresolved
2	Gotzen		unresolved
2	Silbers		unresolved
2	Hk		tooshort
2	Hn		tooshort
2	Hk		tooshort
2	Roberts's		unresolved
2	Hk		tooshort
2	Hn		tooshort
2	Bs		tooshort
2	Kn		tooshort
2	Hk		tooshort
2	Bs		tooshort
2	nBh9D		unresolved
2	axiapds		unresolved
2	cavernas		unresolved
2	Felsklufte		unresolved
2	Bergkliifte		unresolved
2	Felsblocke		unresolved
2	Hk		tooshort
2	Kn		tooshort
2	lettihg		unresolved
2	H732		unresolved
2	Origen		unresolved
2	excelsus		unresolved
2	reputatus		unresolved
2	ipse		unresolved
2	Oecolampadius		unresolved
2	Lyranus		unresolved
2	Menochius		unresolved
2	ihr		unresolved
2	wisset		unresolved
2	wie		unresolved
2	hoch		unresolved
2	geachtet		unresolved
20	Ashdod		unresolved
20	Ashdod		unresolved
20	Ashdod		unresolved
20	Ashdod		unresolved
20	Psammetichus		unresolved
20	Ashdod		unresolved
20	Esdud		unresolved
20	Marsham		unresolved
20	Tob		unresolved
20	Enemessar		unresolved
20	Aqva		unresolved
20	NctQva		unresolved
20	aQayav		unresolved
20	Ishbosheth		unresolved
20	Benaiah		unresolved
20	Nd		tooshort
20	av		tooshort
20	TavdOar		unresolved
20	Ashdod		unresolved
20	Ashdod		unresolved
20	Ashdod		unresolved
20	AmoZj		unresolved
20	Maimonides		unresolved
20	Staudlin		unresolved
20	Suetonius		unresolved
20	pto		unresolved
20	Lightfoot		unresolved
20	ia		unresolved
20	facie		unresolved
20	attJ		unresolved
20	ttjbia		unresolved
20	irbu		unresolved
20	Ashdod		unresolved
20	latfi		unresolved
20	Mb		tooshort
20	gefangene		unresolved
20	vertrieoene		unresolved
20	Mohrenland		unresolved
20	gtl		unresolved
20	o11		unresolved
20	Musculus		unresolved
20	rr		tooshort
20	Diospolis		unresolved
20	Thebes		unresolved
20	Ashdod		unresolved
20	Marsham		unresolved
20	siton		unresolved
20	Evvald	Ewald	rule
20	Dns		unresolved
20	ttSw		unresolved
20	rnasfi		unresolved
20			tooshort
20	Ashdod		unresolved
20	Ashdod		unresolved
20	Ashdod		unresolved
20	hoiv	how	rule
20	fortiori		unresolved
20	hs		tooshort
20	mainland		unresolved
20	Nt		tooshort
21	ariaa		unresolved
21	wilh		unresolved
21	prophelic		unresolved
21	facto		unresolved
21	vrtiv		unresolved
21	auihority		unresolved
21	Abydenus		unresolved
21	Cpbn		unresolved
21	Jaa		unresolved
21	Kriobel		unresolved
21	ijjia		unresolved
21	tnn		unresolved
21	mappik		unresolved
21	sc		tooshort
21	sc		tooshort
21	nsiba		unresolved
21	ftbnbn		unresolved
21	appals		unresolved
21	MQ2		unresolved
21	rv		tooshort
21	Bx		tooshort
21	assriders		unresolved
21	pib		unresolved
21	fittS		unresolved
21	M1		tooshort
21	seern	seem	rule
21	5		tooshort
21	allnight		unresolved
21	sHs		unresolved
21	sS		tooshort
21	5		tooshort
21	rvnK		unresolved
21	aprefatory		unresolved
21	roareih		unresolved
21	rrj'iK		unresolved
21	Seir		unresolved
21	xw		tooshort
21	Eljandilon		unresolved
21	Seir		unresolved
21	Seir		unresolved
21	tt		tooshort
21	d'fix		unresolved
21			tooshort
21	o'clock		unresolved
21	i'p		unresolved
21	asb		unresolved
21	Bauer		unresolved
21	Rosemmjller		unresolved
21	ixttj		unresolved
21	ttj		unresolved
21	tvirnj		unresolved
21	rn		tooshort
21	tne		unresolved
21	fl		tooshort
21	Henderson	Henderson	rule
21	niasiBj		unresolved
21			tooshort
21	jsoJs		unresolved
21	heroes		unresolved
22	sttsa		unresolved
22	Lightfoot		unresolved
22	commonlyexplained		unresolved
22	ntik		unresolved
22	Kennicott		unresolved
22	Tingstad		unresolved
22	fleeing		unresolved
22	ciiril		unresolved
22	vriJ		unresolved
22	wsttn		unresolved
22	sp		tooshort
22	sittJ		unresolved
22	ta'WB		unresolved
22	n		tooshort
22	KVQOS		unresolved
22	Caucasus		unresolved
22	Girgistan		unresolved
22	involucra		unresolved
22	clypeorum		unresolved
22	tegimenta		unresolved
22	scutis		unresolved
22	detrahenda		unresolved
22	Cicero		unresolved
22	Cesar		unresolved
22	pp		unresolved
22	mst		unresolved
22	aiffl		unresolved
22	iBn		unresolved
22	armour		unresolved
22	aafc		unresolved
22	rnirn		unresolved
22	isirt		unresolved
22	rvo		unresolved
22	piw		unresolved
22	ns		tooshort
22	Jaffa		unresolved
22	tothe		unresolved
22	nqt		unresolved
22	ivall	wall	wform
22	rtjj		unresolved
22	nbh		unresolved
22	revellers		unresolved
22	forgiven		unresolved
22	forgiven		unresolved
22	frin		unresolved
22	rrirn	mm	rule
22	i37		unresolved
22	msiaj		unresolved
22	IB5		unresolved
22	forgiven'		unresolved
22	forgiven		unresolved
22	Sochenite		unresolved
22	Sochen		unresolved
22	iti		unresolved
22	amicus		unresolved
22	regis		unresolved
22	counsellor		unresolved
22	domo		unresolved
22	du		tooshort
22	palais		unresolved
22	sepulchre		unresolved
22	KWOJ		unresolved
22	sepulchre		unresolved
22	sepulchre		unresolved
22	sepulchre		unresolved
22	Joah		unresolved
22	sepulchres		unresolved
22	sepulchre		unresolved
22	sepulchre		unresolved
22	sepulchre		unresolved
22	fho		unresolved
22	sepulchres		unresolved
22	Petra		unresolved
22	Persepolis		unresolved
22	ia		tooshort
22	ftia		unresolved
22	tornbs	tombs	rule
22	Ecc		unresolved
22	ivhom	whom	wform
22	ihee		unresolved
22	fta9		unresolved
22	fias		unresolved
22	Spx		unresolved
22	IM		tooshort
22	IM		tooshort
22	ina		unresolved
22	givren		unresolved
22	iaa		unresolved
22	laa		unresolved
22	tps		unresolved
22	eps		unresolved
22	ndvog		unresolved
22	novov		unresolved
22	jp		tooshort
22	Sophocles		unresolved
22	xaxoi		unresolved
22	Eschylus		unresolved
22	rvns'na		unresolved
22	naia		unresolved
22	France		unresolved
22	Switzerland		unresolved
22	Azariah		unresolved
22	to	to	rule
22	beinf		unresolved
22	datt		unresolved
22	fiVure		unresolved
22	hang		unresolved
22	hang		unresolved
22	desio		unresolved
22	exqepted		unresolved
22	SD		tooshort
22	na	na	rule
22	xnot		unresolved
23	mainland		unresolved
23	Tyriorum		unresolved
23	Palaetyrus		unresolved
23	Menander		unresolved
23	mainland		unresolved
23	mainland		unresolved
23	ft		tooshort
23	assD		unresolved
23	tus	this	rule
23	ihe		unresolved
23	Spain		unresolved
23	France		unresolved
23	Hungary		unresolved
23	hariolationes		unresolved
23	hae		unresolved
23	sequamur		unresolved
23	certa		unresolved
23	incerta		unresolved
23	aequo		unresolved
23	animo		unresolved
23	ignoremus		unresolved
23	etiam		unresolved
23	hanc		unresolved
23	quibusdam		unresolved
23	veterum		unresolved
23	allegorice		unresolved
23	interpretabimur		unresolved
23	indicet		unresolved
23	debere		unresolved
23	nos		unresolved
23	cernere		unresolved
23	imaginem		unresolved
23	alterius		unresolved
23	etiamsi		unresolved
23	res		unresolved
23	diversae		unresolved
23	explicatae		unresolved
23	similitudinem		unresolved
23	conformitatem		unresolved
23	aliquam		unresolved
23	habeant		unresolved
23	possumus		unresolved
23	asserere		unresolved
23	hoc		unresolved
23	illius		unresolved
23	typum		unresolved
23	figuram		unresolved
23	esse		unresolved
23	nisi		unresolved
23	quatenus		unresolved
23	conformitas		unresolved
23	Scripturarum		unresolved
23	demonstratur		unresolved
23	Tartessus		unresolved
23	tti		unresolved
23	aHn		unresolved
23	unpoetical		unresolved
23	Tnttj		unresolved
23	Ts		tooshort
23	zerstort		unresolved
23	harbour		unresolved
23	Macedonia		unresolved
23	Susiana		unresolved
23	Cilicia		unresolved
23	Cyprus		unresolved
23	Citium		unresolved
23	Cicero		unresolved
23	commeatus		unresolved
23	terra		unresolved
23	Cittim		unresolved
23	masoreiic		unresolved
23	Cyprus		unresolved
23	Melo		unresolved
23	JL		tooshort
23	Zidon		unresolved
23	Zidon		unresolved
23	Targura		unresolved
23	fcO		unresolved
23	iS'a		unresolved
23	tiso		unresolved
23	mainland		unresolved
23	Wciari		unresolved
23	xb		tooshort
23	educavi		unresolved
23	juvenes		unresolved
23	extuli		unresolved
23	virgines		unresolved
23	iVrn		unresolved
23	IIUXD		unresolved
23	utfama		unresolved
23	Egypto		unresolved
23	commoveret		unresolved
23	animos		unresolved
23	dolebunt		unresolved
23	famam		unresolved
23	Tyri		unresolved
23	gleichwie		unresolved
23	erschrak		unresolved
23	von		unresolved
23	h'drete		unresolved
23	erschrecken		unresolved
23	wenn		unresolved
23	von		unresolved
23	Tyrus		unresolved
23	h'oren		unresolved
23	auditum		unresolved
23	fuerit		unresolved
23	Egypto		unresolved
23	dolebunt		unresolved
23	niesa		unresolved
23	Batavia		unresolved
23	Carthage		unresolved
23	Tni		unresolved
23	npk		unresolved
23	commerical		unresolved
23	Ursprung		unresolved
23	Urzeit		unresolved
23	traffickers		unresolved
23	BSa		unresolved
23	coronatam		unresolved
23	Corsica		unresolved
23	n35		unresolved
23	nxt		unresolved
23	m		tooshort
23	bpn		unresolved
23	aaa		unresolved
23	Tartessus		unresolved
23	nt		tooshort
23	bankment		unresolved
23	Zidon		unresolved
23	Zidon		unresolved
23	nbina		unresolved
23	ns		tooshort
23	jVS		unresolved
23	fd		tooshort
23	Zidon		unresolved
23	THEN	THEN	rule
23	iiBS		unresolved
23	1		tooshort
23	Armenia		unresolved
23	Shinar		unresolved
23	ID11		unresolved
23	C3		tooshort
23	Tnir		unresolved
23	TIS		unresolved
23	Schleyer		unresolved
23	xm		tooshort
23	ittsx		unresolved
23	nja		unresolved
23	Schleyer's		unresolved
23	Jcing		unresolved
23	ntf		unresolved
23	inx		unresolved
23	Jcing		unresolved
23	QOVO		unresolved
23	Zedekiah		unresolved
23	Jehoahaz		unresolved
23	quomodocunque		unresolved
23	explicentur		unresolved
23	ins		unresolved
23	Johovah		unresolved
23	PTIS		unresolved
24	xxvn		unresolved
24	Oecolampadius		unresolved
24	Haccohen		unresolved
24	Abarberiel		unresolved
24	Haccohen		unresolved
24	Wallenstein		unresolved
24	Ratisbon		unresolved
24	Norlingen		unresolved
24	England		unresolved
24	Antiochus		unresolved
24	Epiphanes		unresolved
24	Nebuchadnezzar	Nebuchadnezzar	rule
24	changes	changes	rule
24	Cambyses'		unresolved
24	psfn		unresolved
24	aut		unresolved
24	aut		unresolved
24	psn		unresolved
24	bnn		unresolved
24	diia		unresolved
24	ds		tooshort
24	achzei		unresolved
24	lechzet		unresolved
24	verwelkt		unresolved
24	wclkt		unresolved
24	fallt		unresolved
24	cqporoxfOfifft		unresolved
24	rntn		unresolved
24	gentium		unresolved
24	oax		unresolved
24	nbsx		unresolved
24	merryhearted		unresolved
24	revellers		unresolved
24	pxx		unresolved
24	tva		unresolved
24	unda		unresolved
24	redundans		unresolved
24	vollcnds		unresolved
24	lahm		unresolved
24	xa		tooshort
24	rs		tooshort
24	Rem		unresolved
24	taja		unresolved
24	Bi		tooshort
24	Jarch		unresolved
24	thejires		unresolved
24	nx		tooshort
24	Urim		unresolved
24	Thumim		unresolved
24	xn		tooshort
24	K2		tooshort
24	IIX		unresolved
24	tn		tooshort
24	B'naoa		unresolved
24	Calmet		unresolved
24	xfa		unresolved
24	nx3		unresolved
24	is	is	rule
24	formido		unresolved
24	h3BE		unresolved
24	ins		unresolved
24	Milton		unresolved
24	ris		unresolved
24	fca		unresolved
24	Niebuhr		unresolved
24	Zoroas		unresolved
24	ter		unresolved
24	foregoes		unresolved
24	gatnenng		unresolved
24	nto		unresolved
24	verschlossen		unresolved
24	ins		unresolved
24	Verschloss		unresolved
25	geniiles		unresolved
25	unedel		unresolved
25	schmutzig		unresolved
25	England		unresolved
25	bfi		unresolved
25	mirabile		unresolved
25	wxsas		unresolved
25	rVMBS		unresolved
25	Zephaniah		unresolved
25	iia		unresolved
25	Virgil		unresolved
25	oppida		unresolved
25	muris		unresolved
25	cincta		unresolved
25	Capellus		unresolved
25	England		unresolved
25	episcopali		unresolved
25	fecisti		unresolved
25	acervum		unresolved
25	hoc		unresolved
25	totam		unresolved
25	diruisti		unresolved
25	Frato		unresolved
25			tooshort
25	SB		tooshort
25	TOfi		unresolved
25	tonsto		unresolved
25	STJ		unresolved
25	rtoeMs		unresolved
25	dnt		unresolved
25	Diit		unresolved
25	QVit		unresolved
25	sp		tooshort
25	fisn		unresolved
25	jr		tooshort
25	h5		tooshort
25	nn		unresolved
25	Zornhauch		unresolved
25	Schnauben		unresolved
25	Macpherson's		unresolved
25	nasn		unresolved
25	nss		unresolved
25	Bauer		unresolved
25	TPS		unresolved
25	wc		tooshort
25	diawB		unresolved
25	tfnaiB		unresolved
25	laia		unresolved
25	nn		tooshort
25	fciriBtt		unresolved
25	ral		unresolved
25	sivallow	swallow	rule
25	sn		tooshort
25	beinothe		unresolved
25	mourninowhich		unresolved
25	HS		tooshort
25	swalloived	swallowed	rule
25	hjj		unresolved
25	Karenodi		unresolved
25	nxo		unresolved
25	aV		tooshort
25	nxo		unresolved
25	nsab		unresolved
25	likeminded		unresolved
25	Edorn	Edom	rule
25	ttito		unresolved
25	Madmenahj		unresolved
25	Iceri		unresolved
25	laa		unresolved
25	iaa		unresolved
25	x1		tooshort
25	ia		tooshort
25	ns		tooshort
25	insidiis		unresolved
25	buscades		unresolved
25	pr		tooshort
25	nnia		unresolved
25	firtu		unresolved
25	ixao		unresolved
25	amutt		unresolved
25	Tpnfch		unresolved
26	ig		tooshort
26	xxvn		unresolved
26	Heil		unresolved
26	geben		unresolved
26	mici		unresolved
26	Vn		tooshort
26	QiTei		unresolved
26	dicendo		unresolved
26	c1D'sx		unresolved
26	foregoinf		unresolved
26	cogitatio		unresolved
26	fixa		unresolved
26	Einbildung		unresolved
26	steht		unresolved
26	gewisser		unresolved
26	Zusage		unresolved
26			tooshort
26	ISMS		unresolved
26	ns		tooshort
26	ia		unresolved
26	nx		tooshort
26	isin		unresolved
26	Festigen		unresolved
26	festigest		unresolved
26	fc		unresolved
26	ico		unresolved
26	xvQt		unresolved
26	xvQiog		unresolved
26	FiVrn		unresolved
26	PP		tooshort
26	tr		tooshort
26	decentia		unresolved
26	Jehovae		unresolved
26	saeculorutn		unresolved
26	esscntiae		unresolved
26	ft		unresolved
26	essentiae		unresolved
26	neverfailing		unresolved
26	nsiKaa		unresolved
26	wi		unresolved
26	thi		unresolved
26	ftDbiBtt		unresolved
26	bi		tooshort
26	Ferse		unresolved
26	vestigia		unresolved
26	iofeet		unresolved
26	ninupa		unresolved
26	souVs		unresolved
26	Ruhm		unresolved
26	S3		tooshort
26			tooshort
26	IITKS		unresolved
26	zu		tooshort
26	erfiabenen		unresolved
26	Gott		unresolved
26	tm		tooshort
26	ifm		unresolved
26	j'nmi		unresolved
26	itm		unresolved
26	C3		tooshort
26	Tm		tooshort
26	anyother		unresolved
26	i2t		unresolved
26	n5		unresolved
26	nos		unresolved
26	affaires		unresolved
26	hoc		unresolved
26	usi		unresolved
26	evertendum		unresolved
26	arbitrium		unresolved
26	Prophetae		unresolved
26	mentern		unresolved
26	assecuti		unresolved
26	Verum		unresolved
26	quidem		unresolved
26	Deum		unresolved
26	agere		unresolved
26	nobis		unresolved
26	quicquid		unresolved
26	recte		unresolved
26	instituunt		unresolved
26	homines		unresolved
26	esse		unresolved
26	illius		unresolved
26	Spiritu		unresolved
26	sed		unresolved
26	simpliciter		unresolved
26	docet		unresolved
26	Propheta		unresolved
26	bona		unresolved
26	quihus	quibus	rule
26	fruimur		unresolved
26	Dei		unresolved
26	rnanu		unresolved
26	adeptos		unresolved
26	esse		unresolved
26	colligit		unresolved
26	nullum		unresolved
26	beneficentiae		unresolved
26	finem		unresolved
26	plena		unresolved
26	felicit		unresolved
26	asaccedat		unresolved
26	DT		tooshort
26	jxm		unresolved
26	DTia		unresolved
26	heroes		unresolved
26	avaaT		unresolved
26	covai		unresolved
26	bi		tooshort
26	nl2p		unresolved
26	VGTSQOV		unresolved
26	TiQOTeQov		unresolved
26	pK		tooshort
26	iisp		unresolved
26	terrae		unresolved
26	ja		tooshort
26	tts		unresolved
26	ivas	was	wform
26	asnb		unresolved
26	Beschworung		unresolved
26	Hannah		unresolved
26	ttinb		unresolved
26	Iii	lii	roman
26	te3		unresolved
26	vords	words	rule
26	iaSD		unresolved
26	rvjra		unresolved
26	rn		tooshort
26	ibs		unresolved
26	rrrrra		unresolved
26	ibs		unresolved
26	S3		tooshort
26	greai		unresolved
26	Sprengel		unresolved
26	eine		unresolved
26	wirkliche		unresolved
26	Strohgeburt		unresolved
26	bafi		unresolved
26	corpses	corpses	rule
26	parogogic		unresolved
26	Umibreit		unresolved
26	BPJ		unresolved
26	DTE		unresolved
26	sn		tooshort
26	xa		tooshort
26	Zoroas		unresolved
26	ter		unresolved
26	Tclassisch		unresolved
26	Idassisch		unresolved
26	nunc		unresolved
26	Aramean		unresolved
26	CST		unresolved
26	pr		tooshort
26	psa		unresolved
26	srm		unresolved
26	BSES		unresolved
26			tooshort
26	Gemordeten		unresolved
26	ses		unresolved
27	Orjf		unresolved
27	p2Fi		unresolved
27	adog		unresolved
27	HS		tooshort
27	fleeing		unresolved
27	psn		unresolved
27	tb		tooshort
27	tt		tooshort
27	Schnurrer		unresolved
27	iss		unresolved
27	i3		tooshort
27	ttss		unresolved
27	Gousset		unresolved
27	Gussetius		unresolved
27	Ebr		unresolved
27	rtS5		unresolved
27	13		unresolved
27	rgn		unresolved
27	icn		unresolved
27	meantime		unresolved
27	wb		tooshort
27	pnb		unresolved
27	pS1		unresolved
27	niaflj		unresolved
27	tfl		unresolved
27	dn3		unresolved
27	xxvn		unresolved
27	xxvn		unresolved
27	b		tooshort
27	Schnurrer		unresolved
27	takehold		unresolved
27	thene		unresolved
27	ftasi		unresolved
27	ivith	with	wform
27	siatfja		unresolved
27	biniz		unresolved
27	Kb		tooshort
27			tooshort
27	meantime		unresolved
27	wn		tooshort
27	wh		tooshort
27	ITI		unresolved
27	contend		unresolved
27	rta		unresolved
27	TW		tooshort
27	trn		unresolved
27	Ashtoreth		unresolved
27			tooshort
27	IBS'1		unresolved
27	ns		tooshort
27			tooshort
27	iasfiaa		unresolved
27	seern	seem	rule
27	aan		unresolved
27	D'naiK		unresolved
27	Ws		tooshort
27	lapj		unresolved
27	fortified	fortified	rule
27	Saepe		unresolved
27	mihi		unresolved
27	mirari		unresolved
27	contingit		unresolved
27	homines		unresolved
27	ejusmodi		unresolved
27	cogitationes		unresolved
27	aut		unresolved
27	loquendi		unresolved
27	imputare		unresolved
27	Spiritui		unresolved
27	Sancto		unresolved
27	sibi		unresolved
27	vir		unresolved
27	imputari		unresolved
27	nollet		unresolved
27	children	children	rule
27	nivaia		unresolved
27	rneiosis	meiosis	rule
27	S3		tooshort
27	D5		tooshort
27	JS		tooshort
27	Wady		unresolved
27	Elarish		unresolved
27	Rhinocorura		unresolved
27	unseyen		unresolved
27	Ceschmack		unresolved
27	inx		unresolved
27	insb		unresolved
27	phrafee		unresolved
27	JEgypt		unresolved
27	Gese'nius		unresolved
28	reveller's		unresolved
28	pn		tooshort
28	peOvovzes		unresolved
28	avev		unresolved
28	Vor		unresolved
28	wxa		unresolved
28	Ephretvm		unresolved
28	ixa		unresolved
28	fis		unresolved
28	hl		tooshort
28	ttS		unresolved
28	josk		unresolved
28	dem		unresolved
28	Sammelplatze		unresolved
28	der		unresolved
28	Salben		unresolved
28	tj		tooshort
28	oaS		unresolved
28	saucius		unresolved
28	percussus		unresolved
28	nrn		unresolved
28	mox		unresolved
28	ptn		unresolved
28	paK		unresolved
28	yalidus		unresolved
28	excidii		unresolved
28	istt		unresolved
28	irui		unresolved
28	terram		unresolved
28	spatiosam		unresolved
28	na	na	rule
28	ia		tooshort
28			tooshort
28	rnsn		unresolved
28	rpsfr		unresolved
28	rvnos		unresolved
28	Jirst	first	rule
28	Askelon		unresolved
28	can't		unresolved
28	iTisiisa		unresolved
28	ovy		unresolved
28	ov		tooshort
28	flcus		unresolved
28	habet		unresolved
28	Athenis		unresolved
28	verdirbt		unresolved
28	ns		tooshort
28	iin		unresolved
28	tfiinri		unresolved
28	ns		tooshort
28	rs		tooshort
28	sr		tooshort
28	floiver	flower	rule
28	pjD		unresolved
28	iTfiaa		unresolved
28	mappik		unresolved
28	run1		unresolved
28	eine		unresolved
28	liebliche		unresolved
28	herrlicher		unresolved
28	Kranz		unresolved
28	thatsitteth		unresolved
28	BBIBBJI		unresolved
28	dicundi		unresolved
28	causa		unresolved
28	aoi		unresolved
28	revertentibus		unresolved
28	bello		unresolved
28	portam		unresolved
28	Ephrairn	Ephraim	rule
28	judgmentseat		unresolved
28	njai		unresolved
28	nsn		unresolved
28	p'n		unresolved
28	Jft		unresolved
28	tt		tooshort
28	writingdesk		unresolved
28	functione		unresolved
28	videntis		unresolved
28	fc		tooshort
28	fcs		unresolved
28	tellement		unresolved
28	que		unresolved
28	plein		unresolved
28	ivill	will	wform
28	ivill	will	wform
28	iveaned	weaned	wform
28	pw		tooshort
28	pns		unresolved
28	SISTQIS		unresolved
28	nrsiatti		unresolved
28	docebit		unresolved
28	scientiaml		unresolved
28	intelligere		unresolved
28	audituml		unresolved
28	ablactatos		unresolved
28	avulsos		unresolved
28	uberibus		unresolved
28	istb		unresolved
28	Gebot		unresolved
28	auf		unresolved
28	Gebot		unresolved
28	Verbot		unresolved
28	auf		unresolved
28	Verbot		unresolved
28	Satz		unresolved
28	zu		tooshort
28	Satz		unresolved
28	Schnur		unresolved
28	zu		tooshort
28	Schnur		unresolved
28	rtaphs		unresolved
28	wpm		unresolved
28	dtti		unresolved
28	W		tooshort
28	sb		tooshort
28	ittiit		unresolved
28	nnwa		unresolved
28	Kto		unresolved
28			tooshort
28	fisjj		unresolved
28	SD		tooshort
28	ibitis		unresolved
28	faj		unresolved
28	aaJM		unresolved
28	ittfx		unresolved
28	csrt		unresolved
28			tooshort
28	orakel		unresolved
28	visionis		unresolved
28	significat		unresolved
28	vulgo		unresolved
28	dicimus		unresolved
28	avoir		unresolved
28	DITU		unresolved
28	xia		unresolved
28	falsity		unresolved
28	Ziona		unresolved
28	Raymund		unresolved
28	Martini		unresolved
28	Pugio		unresolved
28	Fidei		unresolved
28	essentiae		unresolved
28	iG		tooshort
28	mpi		unresolved
28	sc		tooshort
28	IPD		unresolved
28	CEIE		unresolved
28	mipposes		unresolved
28	shouTCrfill		unresolved
28	nsE		unresolved
28	rumour		unresolved
28	lilce		unresolved
28	Perazim		unresolved
28	Geba		unresolved
28	Ajalon		unresolved
28	nw		tooshort
28	Achan		unresolved
28	Perez		unresolved
28	Perazim		unresolved
28	ss		tooshort
28	rrjl		unresolved
28	Perazim		unresolved
28	Perazim		unresolved
28	le		tooshort
28	Evvald	Ewald	rule
28	applic		unresolved
28	kn		tooshort
28	ploughman		unresolved
28	ploughman		unresolved
28	o3		tooshort
28	ir		tooshort
28	mrri		unresolved
28	niiiis		unresolved
28	Waizen		unresolved
28	Reihen		unresolved
28	Gerste		unresolved
28	hinein		unresolved
28	asirisb		unresolved
28	VTTO		unresolved
28	vipiarov		unresolved
28	fxtiafjit9tp't		unresolved
28	terram		unresolved
28	instituit		unresolved
28	jFor		unresolved
28	semina		unresolved
28	infirmiora		unresolved
28	ttj'isp		unresolved
28	uns		unresolved
28	h3		tooshort
29	bx		tooshort
29	heroes		unresolved
29	ol		tooshort
29	nj		tooshort
29	nn		tooshort
29	rt		tooshort
29	xxvin		unresolved
29	ive	we	wform
29	moeror		unresolved
29	ac		tooshort
29	moestitia		unresolved
29	heroes		unresolved
29	zxv		unresolved
29	by	by	rule
29	irmi		unresolved
29	Bn		tooshort
29	ft		tooshort
29	levibus		unresolved
29	volucrique		unresolved
29	simillima		unresolved
29	somno		unresolved
29	spes		unresolved
29	vigilantium		unresolved
29	somnia		unresolved
29	Nihil		unresolved
29	consolationem		unresolved
29	pertineat		unresolved
29	Ac		tooshort
29	velut		unresolved
29	somnis		unresolved
29	sitiens		unresolved
29	quum		unresolved
29	quaerit		unresolved
29	datur		unresolved
29	ardorem		unresolved
29	membris		unresolved
29	stinguere		unresolved
29	possit		unresolved
29	Sed		unresolved
29	laticum		unresolved
29	frustraque		unresolved
29	laborat		unresolved
29	rnedioque		unresolved
29	sitit		unresolved
29	torrenti		unresolved
29	flumine		unresolved
29	potans		unresolved
29	Virgil		unresolved
29	erstaunt		unresolved
29	staunt		unresolved
29	erblindet		unresolved
29	blindet		unresolved
29	cas		unresolved
29	ethe		unresolved
29	headst		unresolved
29	Weissagung		unresolved
29	iiber		unresolved
29	Schrift		unresolved
29	si1		unresolved
29	iaaa		unresolved
29	tp		tooshort
29	bi		tooshort
29	j6		tooshort
29	oaSBfi		unresolved
29			tooshort
29	ttfie		unresolved
29	seyd		unresolved
29	ihr		unresolved
29	verkehrtl		unresolved
29	bs		tooshort
29	i3n		unresolved
29	ws		tooshort
29	isipia		unresolved
29	sx		tooshort
29			tooshort
29	iirT1		unresolved
29	iinp		unresolved
29	heiligen		unresolved
29	mb1		unresolved
3	owrn		unresolved
3	iG		tooshort
3	vovGav		unresolved
3	Aqu		unresolved
3	SQeurfta		unresolved
3	xcu		unresolved
3	ZQEIGHOV		unresolved
3	Symm		unresolved
3	GTIgiyfia		unresolved
3	xal		unresolved
3	ffTijQiypov		unresolved
3	sustentador		unresolved
3	sustentadora		unresolved
3	vigorem		unresolved
3	fulcimentum		unresolved
3	fulturam		unresolved
3	Stiitze		unresolved
3	Stutzpunkt		unresolved
3	Stiitze		unresolved
3	Hk		tooshort
3	ivarrior	warrior	wform
3	etc	etc	rule
3	ia		tooshort
3	vovia		unresolved
3	Hn		tooshort
3	ii'aa		unresolved
3	clarum		unresolved
3	ordinaryrank		unresolved
3	ducem		unresolved
3	militem		unresolved
3	Kn		tooshort
3	Oberste		unresolved
3	Gemeine		unresolved
3	Hk		tooshort
3	falsa		unresolved
3	Judaeis		unresolved
3	pariter		unresolved
3	auferentur		unresolved
3	senem		unresolved
3	Bs		tooshort
3			tooshort
3	Aeltesten		unresolved
3	Luth		unresolved
3	counsellor		unresolved
3	slkilful		unresolved
3	honorabilem		unresolved
3	vultu		unresolved
3	Mai		unresolved
3	ehrliche		unresolved
3	Leute		unresolved
3	counsellor		unresolved
3	counsellor		unresolved
3	roqpo		unresolved
3	Passow's		unresolved
3	Hn		tooshort
3	Hexenmeister		unresolved
3	aQ		tooshort
3	iTMTora		unresolved
3	weise		unresolved
3	Werkleute		unresolved
3	mechanicarum		unresolved
3	artiurn		unresolved
3	peritum		unresolved
3	gute		unresolved
3	WafFenschmiede		unresolved
3	yi		tooshort
3	vQtapw		unresolved
3	prudentem		unresolved
3	susurrorum		unresolved
3	kundigen		unresolved
3	des		unresolved
3	Gefliisters		unresolved
3	ptOT		unresolved
3			tooshort
3	eloquii		unresolved
3	mystici		unresolved
3	si		unresolved
3	p's		unresolved
3	Hk		tooshort
3	Kn		tooshort
3	Gro		unresolved
3			tooshort
3	aetatis		unresolved
3	sed		unresolved
3	imprudentiae		unresolved
3	ineptitudinis'		unresolved
3	bsn		unresolved
3	cffoeminati		unresolved
3	facinorosi		unresolved
3	Bs		tooshort
3	insolescet		unresolved
3	Fr		tooshort
3	portera		unresolved
3	arrogamment		unresolved
3	Fiirst		unresolved
3	sttirmen		unresolved
3	lossturmen		unresolved
3	wiithet		unresolved
3	antea		unresolved
3	spretus		unresolved
3	erat		unresolved
3	cs		tooshort
3	patris		unresolved
3	cognatum		unresolved
3	Hendew		unresolved
3	Einen		unresolved
3	von		unresolved
3	seinen		unresolved
3	ato		unresolved
3	agedum		unresolved
3	jb		tooshort
3	Pesh		unresolved
3	Bs		tooshort
3	Kn		tooshort
3	ttnvhen		unresolved
3	tp		tooshort
3	refisal		unresolved
3	Pesh		unresolved
3	Hn		tooshort
3	Hk		tooshort
3	Hn		tooshort
3	Kn		tooshort
3	uhn		unresolved
3	Artzt		unresolved
3	Hn		tooshort
3	Kn		tooshort
3	nbizJaa		unresolved
3	adinventiones		unresolved
3	conata		unresolved
3	downfal		unresolved
3	Zedekiah		unresolved
3			tooshort
3	habita		unresolved
3	hominum		unresolved
3	ihr		unresolved
3	Ansehn		unresolved
3	der		unresolved
3	sn		tooshort
3	probatio		unresolved
3	adspectus		unresolved
3	Gussetius		unresolved
3	dant		unresolved
3	cognoscendum		unresolved
3	Ausdruck		unresolved
3	habebant		unresolved
3	peccatis		unresolved
3	bonum		unresolved
3	perdunt		unresolved
3	peccandi		unresolved
3	verecundiam		unresolved
3	d'Arblay		unresolved
3	Dr		tooshort
3	Burney		unresolved
3	Omiah		unresolved
3	ins		unresolved
3	sibimet		unresolved
3	ipsis		unresolved
3	faciunt		unresolved
3	thaten		unresolved
3	sich		unresolved
3	Comm		unresolved
3	p		tooshort
3			tooshort
3	justum		unresolved
3	praedicate		unresolved
3	beatum		unresolved
3	preiset		unresolved
3	Gerechten		unresolved
3	dicite		unresolved
3	Pitr		unresolved
3	p		tooshort
3	sianb		unresolved
3	nK		unresolved
3	sn		tooshort
3	loc		unresolved
3	TOS		unresolved
3	BS		tooshort
3	Piaab		unresolved
3	ducunt		unresolved
3	seducunt		unresolved
3	leyden		unresolved
3	verleyden		unresolved
3	deine		unresolved
3	Fiihrer		unresolved
3	verfuhren		unresolved
3	overthrown		unresolved
3			tooshort
3			tooshort
3	jn		tooshort
3	therof		unresolved
3	asn		unresolved
3	des		unresolved
3	Dulders		unresolved
3	Raub		unresolved
3	Hk		tooshort
3	Hn		tooshort
3	Hn		tooshort
3	rvhjslfla		unresolved
3	mentientes		unresolved
3	oculis		unresolved
3	oculos		unresolved
3	circumducto		unresolved
3	nigrore		unresolved
3	fucare		unresolved
3	Virg		unresolved
3			tooshort
3	ocp		unresolved
3	alpwv		unresolved
3	vagantes		unresolved
3	oculis		unresolved
3	Geseuius		unresolved
3	frech		unresolved
3	werfend		unresolved
3	schielender		unresolved
3	fcrnba1		unresolved
3	Sp'ETJi		unresolved
3	rfin		unresolved
3	sas		unresolved
3	Schroeder		unresolved
3	Commentarius		unresolved
3	criticus		unresolved
3	vestitu		unresolved
3	mulierum		unresolved
3	Hebraearum		unresolved
3	Jesai		unresolved
3	praefatione		unresolved
3	Alberti		unresolved
3	Lugd		unresolved
3	Hebraerinn		unresolved
3	Putztische		unresolved
3	als		unresolved
3	Braut		unresolved
3	Schroeder		unresolved
3	isti		unresolved
3	sunsj		unresolved
3	caiB		unresolved
3	Halsbande		unresolved
3	sweetballs		unresolved
3			tooshort
3	boxes		unresolved
3	fascinum		unresolved
3	Eng		unresolved
3	Armspangen		unresolved
3	cts		unresolved
3	ybn		unresolved
3	wrords		unresolved
3	acus		unresolved
3	acus		unresolved
3	discriminales		unresolved
3	Aax		unresolved
3	mxce		unresolved
3	Schroeder		unresolved
3	der		unresolved
3	feinen		unresolved
3	Zeuge		unresolved
3	Eng		unresolved
3	Ueberwurfe		unresolved
3	odour		unresolved
3	casa		unresolved
3	Hk		tooshort
3	laceratio		unresolved
3	Coccej		unresolved
3	lacerum		unresolved
3	ein		unresolved
3	Fetzen		unresolved
3	aj		tooshort
3	fl		tooshort
3	zona		unresolved
3	einen		unresolved
3	mrpE		unresolved
3	rurps		unresolved
3	mn		tooshort
3	Pesh		unresolved
3	3		tooshort
3	rvs		unresolved
3	JTIK		unresolved
3	au	all	rule
3	du		tooshort
3	teint		unresolved
3	le		tooshort
3	adusta		unresolved
3	fitoso		unresolved
3	rjn		unresolved
3	dein		unresolved
3	Pobel		unresolved
3	homines		unresolved
3	Fr		tooshort
3	tes		unresolved
3	deine		unresolved
3	JG		tooshort
3	vovrti		unresolved
3	Hn		tooshort
3	tuum		unresolved
3	Fr		tooshort
3	deine		unresolved
3	Mannschaft		unresolved
3	wpon		unresolved
3	expurgata		unresolved
3	evacuata		unresolved
3	ausgeleert		unresolved
3	entkr		unresolved
3	ftet		unresolved
3	desolata		unresolved
3	verodet		unresolved
3	einsam		unresolved
3	erat		unresolved
3	Vespasian's		unresolved
3	Judaea		unresolved
3	Capta		unresolved
3	ive	we	wform
3	creproach		unresolved
3	connexion1		unresolved
3	bx		tooshort
3	aivay	away	rule
3	Connubii		unresolved
3	liceat		unresolved
3	turaulo		unresolved
3	scripsisse		unresolved
3	CATONIS		unresolved
3	MAKCIA		unresolved
30	agravation		unresolved
30	fi3		unresolved
30	Tjbib		unresolved
30	svv		unresolved
30	ag		tooshort
30	fundendum		unresolved
30	fusile		unresolved
30	KnobePs		unresolved
30	Hanes		unresolved
30	Tanis		unresolved
30	wai		unresolved
30	bsn		unresolved
30	isa		unresolved
30	Hanes		unresolved
30	Champollion		unresolved
30	Awaig		unresolved
30	Hnes		unresolved
30	Ehnes		unresolved
30	Memphis		unresolved
30	Hanes		unresolved
30	Hanes		unresolved
30	iw		unresolved
30	csrtj		unresolved
30	vagances		unresolved
30	Hanes		unresolved
30	Sevechus		unresolved
30	Tirhakah		unresolved
30			tooshort
30	aon		unresolved
30	izrsirt		unresolved
30	fl		tooshort
30	K5h		unresolved
30	fc5ia		unresolved
30	saJce		unresolved
30	Sepluagint		unresolved
30	OQO		unresolved
30	KtBn		unresolved
30	Ammianus		unresolved
30	Marcellinus		unresolved
30	innumeras		unresolved
30	omnem		unresolved
30	perniciem		unresolved
30	saevientes		unresolved
30	basiliscos		unresolved
30	scytalas		unresolved
30	dipsadas		unresolved
30	aliasque		unresolved
30	complures		unresolved
30	heroes		unresolved
30	animosus		unresolved
30	annosus		unresolved
30	leacna		unresolved
30	violentus		unresolved
30	Lowe		unresolved
30	nrsx		unresolved
30	Bisa		unresolved
30	spu		unresolved
30	oratio		unresolved
30	pronunciata		unresolved
30	meridiano		unresolved
30	hippopotamo		unresolved
30	tpv		unresolved
30	ni3		unresolved
30	gibbum		unresolved
30	cameli		unresolved
30	bs		tooshort
30	DS		tooshort
30	srn		unresolved
30	superbia		unresolved
30	nattj		unresolved
30	raaj		unresolved
30	Grossmaul		unresolved
30	sitzt		unresolved
30	sitteth		unresolved
30	nst		unresolved
30	Trotzige		unresolved
30	istFrostige		unresolved
30	Tr		tooshort
30	i		tooshort
30	iy		unresolved
30			tooshort
30			tooshort
30	noi		unresolved
30	mdetis		unresolved
30	acts	acts	rule
30	perverstness		unresolved
30	pa	par	rule
30	ttp		unresolved
30	Verschmitztheit		unresolved
30	Querwege		unresolved
30	uniil		unresolved
30	bsb		unresolved
30	nson		unresolved
30	Waldstrom		unresolved
30	bsi		unresolved
30	ys		tooshort
30	ein		unresolved
30	sinkender		unresolved
30	sherd		unresolved
30	aliquis		unresolved
30	franget		unresolved
30	comminuetur		unresolved
30	rn		tooshort
30	xb		tooshort
30	rvirs		unresolved
30	Sherd		unresolved
30	aqa		unresolved
30	Lovvth	Lowth	rule
30	Jire	fire	rule
30	overwhelmning		unresolved
30	rosiaS		unresolved
30	tf		tooshort
30	13		unresolved
30	fliegen		unresolved
30	fliehen		unresolved
30	fliegen		unresolved
30	fliehen		unresolved
30	fluchtigen		unresolved
30	velociores		unresolved
30	tn		tooshort
30	exsulabitis		unresolved
30	Tannenbaum		unresolved
30	nsrn		unresolved
30	pr		tooshort
30	P1		tooshort
30	tms		unresolved
30	ls		tooshort
30	GocPs		unresolved
30	hs		tooshort
30	afiiua		unresolved
30	BSCE		unresolved
30	an	an	rule
30	ruhrt		unresolved
30	sich		unresolved
30	Thp		unresolved
30	ikon		unresolved
30	asj		unresolved
30	diu		unresolved
30	flebis		unresolved
30	weinen		unresolved
30	weinen		unresolved
30	sollst		unresolved
30	du		tooshort
30	begnadigen		unresolved
30	begnadigen		unresolved
30	audivit		unresolved
30	respondit		unresolved
30	tibi		unresolved
30			tooshort
30	dederit		unresolved
30	siquidem		unresolved
30	gibt		unresolved
30	euch		unresolved
30	dedit		unresolved
30	yrb		unresolved
30	panem		unresolved
30	arctum		unresolved
30	aquam		unresolved
30	brevem		unresolved
30	modice		unresolved
30	cibaberis		unresolved
30	itt		unresolved
30	tuum		unresolved
30	thce		unresolved
30	ivhen	when	wform
30	jdvTwv		unresolved
30	flocffiC		unresolved
30	dextraveritis		unresolved
30	sinistraveritis		unresolved
30	xn		tooshort
30	jax		unresolved
30	cntn		unresolved
30			tooshort
30	ivhich	which	wform
30	Virgil		unresolved
30	fruges		unresolved
30	cultu		unresolved
30	enatae		unresolved
30	vorgeworfen		unresolved
30	praestat		unresolved
30	tacere		unresolved
30	quam		unresolved
30	hariolari		unresolved
30	flowred		unresolved
30	Vjso		unresolved
30	efferebant		unresolved
30	Grosssprccher		unresolved
30	VOVQ		unresolved
30	o		tooshort
30	Jna		unresolved
30	a'l		unresolved
30	bleiche		unresolved
30	Mondlicht		unresolved
30	Glutlicht		unresolved
30	Maimonides		unresolved
30	ipse		unresolved
30	mihi		unresolved
30	visus		unresolved
30	pulchrior		unresolved
30	gratior		unresolved
30	melius		unresolved
30	nitent		unresolved
30	Deus		unresolved
30	omni		unresolved
30	laude		unresolved
30	dignissimus		unresolved
30	Raymund		unresolved
30	Martini		unresolved
30	striet		unresolved
30	erschallet		unresolved
30	echoes		unresolved
30	i'Bfi		unresolved
30	r		tooshort
30	DUJ		unresolved
30			tooshort
30	Rauchsdule		unresolved
30	aufstiegender		unresolved
30	Evvald	Ewald	rule
30	gewaltiger		unresolved
30	Erhebung		unresolved
30	Oecolampadius		unresolved
30	rn		tooshort
30	tottj		unresolved
30	nsa		unresolved
30	cribro		unresolved
30	mendacii		unresolved
30	ivorthless	worthless	wform
30	nihilum		unresolved
30	ns		tooshort
30	jG'i		unresolved
30	treibe		unresolved
30	Tirhakah		unresolved
30	fera		unresolved
30	travers		unresolved
30	pm		tooshort
30	voicey		unresolved
30	rro		unresolved
30	nw		tooshort
30	qs		tooshort
30	SjSta		unresolved
30	y32		unresolved
30	fS5		unresolved
30	nrn		unresolved
30	erschrecken		unresolved
30			tooshort
30	ns		tooshort
30	excidit		unresolved
30	schlug		unresolved
30	schldgt		unresolved
30	vriga		unresolved
30	percussurus		unresolved
30	ns1		unresolved
30	n1		tooshort
30	KnobePs		unresolved
30	asm		unresolved
30	JTi		unresolved
30	sra		unresolved
30	fnons		unresolved
30	ibia		unresolved
30	supplicii		unresolved
30	strafenden		unresolved
30	recht		unresolved
30	auf		unresolved
30	Riicken		unresolved
30	geleget		unresolved
30	lang		unresolved
30	verhangte		unresolved
30	njn1		unresolved
30	gekampft		unresolved
30	ns		tooshort
30	npisn		unresolved
30	JCilj'		unresolved
30	ftdmEiv		unresolved
30	Brandstatte		unresolved
30	Scheiterhaufen		unresolved
30	ranxo		unresolved
30	hesterno		unresolved
30	von		unresolved
30	gestern		unresolved
30	asn		unresolved
30	rni		unresolved
30	intcrpunction		unresolved
30	Wltn		unresolved
30	Au	all	rule
30	usti		unresolved
30	Ids		unresolved
30	rs'n		unresolved
30	h3		tooshort
30	Grube		unresolved
30	Kirchhof		unresolved
31	Jthovah		unresolved
31	Thebes		unresolved
31	Thebes		unresolved
31	Memphis		unresolved
31	rtin		unresolved
31	Montana		unresolved
31	pknitudinc		unresolved
31	oj		tooshort
31	bs		tooshort
31	cn		tooshort
31	C2		tooshort
31	iiber		unresolved
31	euher		unresolved
31	sn		tooshort
31	ri		tooshort
31	rerb		unresolved
31	xb		tooshort
31	ittJ		unresolved
31	oj		tooshort
31	sivord	sword	rule
31	nix		unresolved
31	ft		tooshort
31	fcia		unresolved
31	fortitudo		unresolved
31	transibit		unresolved
31	fugit		unresolved
31	casam		unresolved
31	Zwingle		unresolved
31	ivill	will	wform
32	fc		unresolved
32	itt		unresolved
32	Dnio		unresolved
32	izrs		unresolved
32	iveary	weary	wform
32	Hs		tooshort
32	rttSp		unresolved
32	fistii		unresolved
32	srti		unresolved
32	atfl		unresolved
32	hodily	bodily	rule
32	bss		unresolved
32	hfes		unresolved
32	Taugenichts		unresolved
32	Windbeutel		unresolved
32	fooi		unresolved
32	b3		unresolved
32	nsflj		unresolved
32	bs		tooshort
32	a		tooshort
32	ivomeii		unresolved
32	maJce		unresolved
32	ttjta1		unresolved
32	nphn		unresolved
32	ft		tooshort
32	Lovvth	Lowth	rule
32	sb		tooshort
32	XOTTTGO		unresolved
32	plango		unresolved
32	i2		unresolved
32	trirstt		unresolved
32	ob		tooshort
32	hageln		unresolved
32	verhagelt		unresolved
32	Chardin		unresolved
32	Evvald	Ewald	rule
33	Antiochus		unresolved
33	Epiphanes		unresolved
33	Ferdinand		unresolved
33	ipm		unresolved
33	fugicnt		unresolved
33	fugiant		unresolved
33	cr		tooshort
33	Spain		unresolved
33	pptts		unresolved
33	Heuschrecken		unresolved
33	giert		unresolved
33	darnach		unresolved
33	va		tooshort
33	etre		unresolved
33	magnifie		unresolved
33	rrn		unresolved
33	rsi		unresolved
33	pn		tooshort
33	possessio		unresolved
33	salutaris		unresolved
33	cfejos		unresolved
33	lQa		unresolved
33	ofjiai		unresolved
33	avToig		unresolved
33	oqi		unresolved
33	foopai		unresolved
33	videntes		unresolved
33	tfi		unresolved
33	JL		tooshort
33	qpo		unresolved
33	eo		tooshort
33	avrwv		unresolved
33	nx		tooshort
33	abana		unresolved
33	Rohrdommel		unresolved
33	heroes		unresolved
33			tooshort
33	Clerictis		unresolved
33	Niphates		unresolved
33	wjiich	which	rule
33	ishable		unresolved
33	o2rrn		unresolved
33	rrn		unresolved
33	scdratos		unresolved
33	wTords		unresolved
33	firel		unresolved
33	exerlasting		unresolved
33	Jire	fire	rule
33	devouringJirel		unresolved
33	suo		unresolved
33	commorabitur		unresolved
33	ignis		unresolved
33	dcvorat		unresolved
33	won't		unresolved
33	plurai		unresolved
33	usualy		unresolved
33	allegorias		unresolved
33	sequi		unresolved
33	putet		unresolved
33	alienus		unresolved
33	tances		unresolved
33	Virgil		unresolved
33	Panduntur		unresolved
33	portae		unresolved
33	juvat		unresolved
33	Dorica		unresolved
33	desertosque		unresolved
33	videre		unresolved
33	Jilusque		unresolved
33	rdictum		unresolved
33	Berodach		unresolved
33	yu		tooshort
33	j		tooshort
33	Tc'y		unresolved
33	jgnppaiiwn		unresolved
33	Schriftgelehrten		unresolved
33	doctus		unresolved
33	legis		unresolved
33	pondcrans		unresolved
33	parvulorum		unresolved
33	dialecticus		unresolved
33	subtilis		unresolved
33	isb		unresolved
33	BD		tooshort
33			tooshort
33	zdhlte		unresolved
33	accomptant		unresolved
33	Capellus		unresolved
33	Ludovici		unresolved
33	lipfrom		unresolved
33	ftu		unresolved
33	vqxovov		unresolved
33	gutture		unresolved
33	loquentem		unresolved
33	asb		unresolved
33	nulla		unresolved
33	sapientia		unresolved
33	Medo		unresolved
33	JST		unresolved
33	Pellican		unresolved
33	le		tooshort
33	seerns	seems	rule
33	Memphis		unresolved
33	seerns	seems	rule
33	c'lj		unresolved
33	Qto		unresolved
33	propelled		unresolved
33	pn		tooshort
33	laxati		unresolved
33	ivell	well	wform
33	adjeclive		unresolved
33	forgiven		unresolved
34	Haccohen		unresolved
34	Thcodoret		unresolved
34	praeteritum		unresolved
34	prophcticum		unresolved
34	olentcs		unresolved
34	agros		unresolved
34	volvo		unresolved
34	PfeifFer		unresolved
34	Dubia		unresolved
34	Vexata		unresolved
34	Hor		unresolved
34	horrida		unresolved
34	tempestas		unresolved
34	contraxit		unresolved
34	coelum		unresolved
34	i3		tooshort
34	coelorum		unresolved
34	nbss		unresolved
34	o		tooshort
34	niai		unresolved
34	Idumean		unresolved
34	ivie		unresolved
34	zum		unresolved
34	voraus		unresolved
34	ifc		unresolved
34	Herods		unresolved
34	Idumean		unresolved
34	BBtBfcb		unresolved
34	Bostra		unresolved
34	Auranitis		unresolved
34	Raumer		unresolved
34	Busaireh		unresolved
34	rra		unresolved
34	Thibet		unresolved
34	cfcn		unresolved
34	Virgil		unresolved
34	Macedonia		unresolved
34	contend		unresolved
34	ft		tooshort
34	Idumean		unresolved
34	iht		unresolved
34	xtt'n		unresolved
34	Latium		unresolved
34	Campania		unresolved
34	Savonarola		unresolved
34	Comines		unresolved
34	Nero		unresolved
34	dT		tooshort
34	ov		tooshort
34	diu		unresolved
34	Virgil		unresolved
34	Rosenrnuller	Rosenmuller	rule
34	Ewalo1		unresolved
34	Volney		unresolved
34	Seetzen		unresolved
34	Burckhardt		unresolved
34	Edorn	Edom	rule
34	verrath		unresolved
34	oQvsa		unresolved
34	onocrotalus		unresolved
34	Httern		unresolved
34	fyivoi		unresolved
34	Petra		unresolved
34	Burckhardt		unresolved
34	Tafyle		unresolved
34	Jcatta		unresolved
34	Jcatta		unresolved
34	nxp		unresolved
34	quisquis		unresolved
34	conabitur		unresolved
34	ziehi		unresolved
34	extendetur		unresolved
34	buildin		unresolved
34	Burckhardt		unresolved
34	perpendiculuni		unresolved
34	mensuram		unresolved
34	vastabitur		unresolved
34	regulam		unresolved
34	depopulabitur		unresolved
34	nra		unresolved
34	rp'Vn		unresolved
34	nn		tooshort
34	nJ		tooshort
34	nobiles		unresolved
34	heroes		unresolved
34	recolent		unresolved
34	nh		tooshort
34	Horites		unresolved
34	Petra		unresolved
34	pp		tooshort
34	JrmB		unresolved
34	Horites		unresolved
34	Edorn	Edom	rule
34	tles		unresolved
34	spinis		unresolved
34	Virgil		unresolved
34	spinis		unresolved
34	surgit		unresolved
34	acutis		unresolved
34	SSBa		unresolved
34	isii		unresolved
34	Weide		unresolved
34	gramen		unresolved
34	thoes		unresolved
34	Raubthiere		unresolved
34	Zihim		unresolved
34	Ijim		unresolved
34	Sylvani		unresolved
34	Faunis		unresolved
34	Kip1		unresolved
34	jicas		unresolved
34	supp'ose		unresolved
34	TW		tooshort
34	hirciform		unresolved
34	spectre		unresolved
34	duyvel		unresolved
34	pilosus		unresolved
34	Seir		unresolved
34	jftfj		unresolved
34	Horites		unresolved
34	Jinds	finds	rule
34			tooshort
34	quinimo		unresolved
34	Stt		unresolved
34	n1		unresolved
34	nonnisi		unresolved
34	nocturna		unresolved
34	rnW		unresolved
34	varnpyre		unresolved
34	spectre		unresolved
34	newborn		unresolved
34	paid		unresolved
34	rrent		unresolved
34	spectres		unresolved
34	spectres		unresolved
34	obo		unresolved
34	jections		unresolved
34	spectre		unresolved
34	anir		unresolved
34	als		unresolved
34	spectre		unresolved
34	spectre		unresolved
34	spectre		unresolved
34	spectre		unresolved
34	titith		unresolved
34	ihm		unresolved
34	beliebt		unresolved
34	ovoxwTavQoi		unresolved
34	ululd		unresolved
34	anataria		unresolved
34	jaculus		unresolved
34	n53p		unresolved
34	habuit		unresolved
34	foveam		unresolved
34	enutrivit		unresolved
34	catulos		unresolved
34	rircumfodit		unresolved
34	rrna		unresolved
34	fovei		unresolved
34	ruinis		unresolved
34	n		tooshort
34	altero		unresolved
34	magnopere		unresolved
34	torqueamur		unresolved
34	Horace		unresolved
34	Priami		unresolved
34	Paridisque		unresolved
34	busto		unresolved
34	armentum		unresolved
34	catulos		unresolved
34	celant		unresolved
34	inultae		unresolved
34	iiw		unresolved
34	isc		unresolved
34	SJE		unresolved
34	tJOp		unresolved
34	httSK		unresolved
34	nms		unresolved
34	irrs		unresolved
34	nin		unresolved
34	Jthovah		unresolved
34	Simonis		unresolved
34	xin		unresolved
34	nunquam		unresolved
34	restituetur		unresolved
34	respublica		unresolved
34	Judaeorum		unresolved
34	terra		unresolved
35	xn		tooshort
35	xin		unresolved
35	Titzig		unresolved
35	sb		tooshort
35	nnm		unresolved
35	cr		tooshort
35	Kennicott		unresolved
35	Abulwalid		unresolved
35	autumnale		unresolved
35	meadowsaffron		unresolved
35	Carrnel	Carmel	rule
35	Oecolampadius		unresolved
35	hoch		unresolved
35	sprosst		unresolved
35	auf		unresolved
35	ganz		unresolved
35	sprosset		unresolved
35	bluhen		unresolved
35	ja		tooshort
35	bluhen		unresolved
35	germinabit		unresolved
35	Eno		unresolved
35	aderunt		unresolved
35	pii		unresolved
35	mh		tooshort
35	Kennicott		unresolved
35	vestras		unresolved
35	Menochius		unresolved
35	Gurtlerus		unresolved
35	EIQ		unresolved
35	nullas		unresolved
35	aequo		unresolved
35	animo		unresolved
35	ferre		unresolved
35	possunt		unresolved
35	xia		unresolved
35	Kin11		unresolved
35	ullionem		unresolved
35	adducet		unresolved
35	retributionis		unresolved
35	xin		unresolved
35	conve		unresolved
35	ina		unresolved
35	Calovius		unresolved
35	rcr		unresolved
35	ivilderness	wilderness	wform
35	Calovius		unresolved
35	intelligere		unresolved
35	licebit		unresolved
35	quamquam		unresolved
35	propriam		unresolved
35	verborum		unresolved
35	potestatem		unresolved
35	sectemur		unresolved
35	quotiescumque		unresolved
35	licet		unresolved
35	nos		unresolved
35	necesse		unresolved
35	tralatitium		unresolved
35	adeoque		unresolved
35	allegoricum		unresolved
35	vocatur		unresolved
35	devenire		unresolved
35	erat		unresolved
35	arida		unresolved
35	fata		unresolved
35	Kimmung		unresolved
35	Wasserschein		unresolved
35	Sandmeer		unresolved
35	Sandschimmer		unresolved
35	vapoury		unresolved
35	aestivi		unresolved
35	accendit		unresolved
35	Camporum		unresolved
35	alia		unresolved
35	quam		unresolved
35	vasti		unresolved
35	profundi		unresolved
35	aequoris		unresolved
35	ol		tooshort
35	Hyde		unresolved
35	Sprudelquellen		unresolved
35	nsn		unresolved
35	tvith	with	wform
35	vsn		unresolved
35	erit		unresolved
35	arundini		unresolved
35	excrescet		unresolved
35	etjuncus		unresolved
35	fiWi		unresolved
35	orietur		unresolved
35	plaralis		unresolved
35	cubili		unresolved
35	cujusque		unresolved
35	xzn		unresolved
35	Kennicott		unresolved
35	fis		unresolved
35	aggerata		unresolved
35	exaltata		unresolved
35	lapidibus		unresolved
35	munita		unresolved
35	Musculus		unresolved
35	qnly		unresolved
35	vocabitur		unresolved
35	erit		unresolved
35	theuncircumcised		unresolved
35	erit		unresolved
35	illis		unresolved
35	ambulans		unresolved
35	erit		unresolved
35	ipse		unresolved
35	illis		unresolved
35	viae		unresolved
35	erit		unresolved
35	illis		unresolved
35	viam		unresolved
35	ingredietur		unresolved
35	salutis		unresolved
35	nostrae		unresolved
35	Weg		unresolved
35	ihnen		unresolved
35	geht		unresolved
35	stulti		unresolved
35	quidem		unresolved
35	poterunt		unresolved
35	deerrare		unresolved
35	tiisanaQftwoi		unresolved
35	leves		unresolved
35	yns		unresolved
35	bestia		unresolved
35	reissendes		unresolved
35	ferarum		unresolved
35	ein		unresolved
35	zerreissendes		unresolved
35	unter		unresolved
35	ihnen		unresolved
35	gewaltsamste		unresolved
35	der		unresolved
35	Thiere		unresolved
35	rvnn		unresolved
35	xw		unresolved
35	cnbixa		unresolved
35	vindicati		unresolved
35	asserti		unresolved
35	von		unresolved
35	ihm		unresolved
35	gesichert		unresolved
35	redempti		unresolved
35	ambulent		unresolved
35	ibunt		unresolved
35	asserti		unresolved
35	redempti		unresolved
35	erldst		unresolved
35	losgekaufte		unresolved
35	nur		unresolved
35	Erloste		unresolved
35	dort		unresolved
35	ixa		unresolved
35	ceux		unresolved
35	desquels		unresolved
35	TEternel		unresolved
35	paye		unresolved
35	rancon		unresolved
35	Ecc		unresolved
35	monstrum		unresolved
35	washerwomen's		unresolved
35	cept		unresolved
35	mecum		unresolved
35	Dominum		unresolved
35	supplex		unresolved
35	suo		unresolved
35	tempore		unresolved
35	propitius		unresolved
35	impleat		unresolved
35	credens		unresolved
35	festinabit		unresolved
36	xvm		unresolved
36	xxxn		unresolved
36	Rosenmijller		unresolved
36	oi		tooshort
36	Lachish		unresolved
36	Lachish		unresolved
36	Lachish		unresolved
36	Lachish		unresolved
36	Lachish		unresolved
36	Lachish		unresolved
36	nas	was	rule
36	Joah		unresolved
36	majordomo		unresolved
36	Joah		unresolved
36	GrandMonarque		unresolved
36	SHBK		unresolved
36	Ti'iaK		unresolved
36	Isay		unresolved
36	DTBtD		unresolved
36	niixa		unresolved
36	noles		unresolved
36	ifthou		unresolved
36	ansrn		unresolved
36	bs		tooshort
36	Joah		unresolved
36	Aramean		unresolved
36	Aramean		unresolved
36	Israelilish		unresolved
36	nbiu		unresolved
36	bx		tooshort
36	ivhereon		unresolved
36	iot		unresolved
36	ma		unresolved
36	Tpa		unresolved
36	bx		tooshort
36	isaizjn		unresolved
36	Tiandl		unresolved
36	ivho	who	wform
36	Sipphara		unresolved
36	Ivvah		unresolved
36	Joah		unresolved
36	Joah		unresolved
37	sackcloth	sackcloth	rule
37	ths	this	rule
37	Joah		unresolved
37	iltcsten		unresolved
37	Priestern		unresolved
37	Zedekiah		unresolved
37	Ahab		unresolved
37	Micaiah		unresolved
37	Amoz	Amoz	rule
37	pis		unresolved
37	Rabshalceh's		unresolved
37	oveidifffjiov		unresolved
37	nsxa		unresolved
37	Verwerfung		unresolved
37	RabghaJceh		unresolved
37	Vist		unresolved
37	ibi		unresolved
37	SWB		unresolved
37	sattr		unresolved
37	iwin		unresolved
37	cpn		unresolved
37	mnn		unresolved
37	consentientem		unresolved
37	habeo		unresolved
37	Fasium		unresolved
37	Sardis		unresolved
37	Abimelech		unresolved
37	issn		unresolved
37	Knappen		unresolved
37	Buberi		unresolved
37	ecce		unresolved
37	apponam		unresolved
37	illi		unresolved
37	ventum		unresolved
37	E1		tooshort
37	eventu		unresolved
37	Lachish		unresolved
37	Lachish		unresolved
37	Lachish		unresolved
37	Lachish		unresolved
37	Pelusium		unresolved
37	Tirhakah		unresolved
37	oj		tooshort
37	mis		unresolved
37	Tirhakah		unresolved
37	Megasthenes		unresolved
37	Sesostris		unresolved
37	Manetho		unresolved
37	Tapaxo		unresolved
37	TUQXOS		unresolved
37	xcoy		unresolved
37	Tirhakah		unresolved
37	Tacitus		unresolved
37	Tirhakah		unresolved
37	thce		unresolved
37	ivhom	whom	wform
37	mak		unresolved
37	iven		unresolved
37	himstlf		unresolved
37	ivhat	what	wform
37	hyperbolical		unresolved
37	fiB'nnnb		unresolved
37	Gozan		unresolved
37	Haran		unresolved
37	Rezeph		unresolved
37	Telassarl		unresolved
37	DSmx		unresolved
37	vibx		unresolved
37	iicx		unresolved
37	Flitzig		unresolved
37	Gozan		unresolved
37	Kaushan		unresolved
37	Gauzanitis		unresolved
37	Chaboras		unresolved
37	Haran		unresolved
37	Carrae		unresolved
37	Crassus		unresolved
37	Rezeph		unresolved
37	Rhessapha		unresolved
37	Telassar		unresolved
37	Targurn	Targum	rule
37	Tel		unresolved
37	abib		unresolved
37	Telmelah		unresolved
37	Tel		unresolved
37	tel		unresolved
37	Ivvah		unresolved
37	Ivvah		unresolved
37	Anammelech		unresolved
37	Musculus		unresolved
37	levah		unresolved
37	PX		tooshort
37	Ludolf		unresolved
37	DIIBD		unresolved
37	literae		unresolved
37	Hezekiali	Hezekiah	rule
37	Thibet		unresolved
37	xrr		unresolved
37	Bahr		unresolved
37	ygvnsg		unresolved
37	shechinah		unresolved
37	ipse		unresolved
37			tooshort
37	s		tooshort
37			tooshort
37	iy		tooshort
37	tycs		unresolved
37	prr		unresolved
37	TJS		unresolved
37	Lehrgebaudc		unresolved
37	Tjr		unresolved
37	Tx		tooshort
37	verysame		unresolved
37			tooshort
37	TX		tooshort
37	stghol		unresolved
37			tooshort
37			tooshort
37	jrs		unresolved
37	pis		unresolved
37	Greece		unresolved
37	nbc		unresolved
37	IIBX		unresolved
37	pianx		unresolved
37	izifn		unresolved
37	Hondewerk		unresolved
37	ihern		unresolved
37	insiais		unresolved
37	pp		tooshort
37	Tro3J		unresolved
37	nrx		unresolved
37	IPWS		unresolved
37	br		tooshort
37	bs		tooshort
37	ivord	word	wform
37	bs		tooshort
37	rr		tooshort
37	rbira		unresolved
37	VPS	lips	rule
37	thce		unresolved
37	asna		unresolved
37	ab'ia		unresolved
37	plify		unresolved
37	Vilringa		unresolved
37	chnriots		unresolved
37	bsns		unresolved
37	Seetzen		unresolved
37	n'sp		unresolved
37	hyperbolical		unresolved
37	Subsidere		unresolved
37	nostris		unresolved
37	pedibus		unresolved
37	monies		unresolved
37	arescere		unresolved
37	vidimus		unresolved
37	amnes		unresolved
37	fregi		unresolved
37	Alpes		unresolved
37	Padum		unresolved
37	victricibus		unresolved
37	hausi		unresolved
37	Credimus		unresolved
37	defecisse		unresolved
37	amnes		unresolved
37	epotaque		unresolved
37	flumina		unresolved
37	Vitrin		unresolved
37	pimsb		unresolved
37	TJPSI		unresolved
37	Vtrr		unresolved
37	shouldt'st		unresolved
37	p'mnV		unresolved
37	Jield	field|held	ambiguous
37	Jield	field|held	ambiguous
37	th		unresolved
37	ns		tooshort
37	rr		tooshort
37	riaita		unresolved
37	t'ley		unresolved
37	iy		tooshort
37	psffi		unresolved
37	nxft		unresolved
37	JXTB		unresolved
37	ia		tooshort
37	buffaloes		unresolved
37	ofitsdf		unresolved
37	trrnu		unresolved
37	avTo		unresolved
37	avtoyvrj		unresolved
37	bisx		unresolved
37	wiihin		unresolved
37	wiih		unresolved
37	forfh		unresolved
37	rnxrs		unresolved
37	Virgil		unresolved
37	Panduntur		unresolved
37	portae		unresolved
37	juvat		unresolved
37	Dorica		unresolved
37	desertosque		unresolved
37	videre		unresolved
37	avraamrjpbt		unresolved
37	balista		unresolved
37			tooshort
37	isx		unresolved
37	Zwtifelsucht		unresolved
37	ihe		unresolved
37	Pelusium		unresolved
37	Sethos		unresolved
37	Sethos		unresolved
37	Sethos		unresolved
37	lg		tooshort
37	V	v	rule
37	i		tooshort
37	OQ		tooshort
37	valour		unresolved
37	befell		unresolved
37	Cicero's		unresolved
37	Catiline's		unresolved
37	abiit		unresolved
37	excessit		unresolved
37	evasit		unresolved
37	erupit		unresolved
37	Cilicia		unresolved
37	Nisroch		unresolved
37	Ararat		unresolved
37	Nisroch		unresolved
37	Ardumusanus		unresolved
37	Abydenus		unresolved
37	Adramelus		unresolved
37	Aramean		unresolved
37	Asordanius		unresolved
37	Axerdis		unresolved
37	Abydenus		unresolved
37	fflergilus		unresolved
37	Abydenus		unresolved
37	Ararat		unresolved
37	Armenia		unresolved
37	Ararat		unresolved
37	Ararat		unresolved
37	Armenia		unresolved
37	Septtiagint		unresolved
38	Lightfoot		unresolved
38	Prideaux		unresolved
38	nsralj		unresolved
38	TOV		unresolved
38	ofxoi		unresolved
38	aov		unresolved
38	Plutarch		unresolved
38	trttM		unresolved
38	Ahab		unresolved
38	JL		tooshort
38	Moslirn		unresolved
38	isx		unresolved
38	xsx		unresolved
38	urbs		unresolved
38	iveeping	weeping	wform
38	Jifteen	fifteen	rule
38	qor		unresolved
38	ijsri		unresolved
38	eventu		unresolved
38	shadoiv	shadow	rule
38	shadoiv	shadow	rule
38	shadoiv	shadow	rule
38	ivhich	which	wform
38	Petavius		unresolved
38	Salmasius		unresolved
38	EEttJa		unresolved
38	fcsn		unresolved
38	CMC		unresolved
38	rifiD		unresolved
38	Tnb		unresolved
38	aegrotasset		unresolved
38	convaluisset		unresolved
38	swii		unresolved
38	rraia		unresolved
38	Scheidius		unresolved
38	Jt'ov		unresolved
38	Iv	lv	roman
38	w		tooshort
38	dimidio		unresolved
38	sm		tooshort
38	seeii		unresolved
38	vae		unresolved
38	PP		tooshort
38	cs		tooshort
38	Vm		tooshort
38	zw		unresolved
38	loth		unresolved
38	Tto		unresolved
38	Schleiermacher		unresolved
38	Fte'nw		unresolved
38	offaiishing		unresolved
38	Ty		tooshort
38	ttj		unresolved
38	ia		tooshort
38	pres		unresolved
38	ent		unresolved
38	10		unresolved
38	iwj		unresolved
38	iws		unresolved
38	Bocbart's		unresolved
38	ws		tooshort
38	msi		unresolved
38	langifage		unresolved
38			tooshort
38	j		tooshort
38	dYnab		unresolved
38	constructio		unresolved
38	praegnans		unresolved
38	cLfc		unresolved
38	prs		unresolved
38	Metheg		unresolved
38	iveave	weave	rule
38	pertexe		unresolved
38	ivas	was	wform
38	ivould	would	wform
38	Ahab		unresolved
38	ivn		unresolved
38	fc		tooshort
38	dh		tooshort
38	nn		tooshort
38	isin		unresolved
38	IB		tooshort
38	b		tooshort
38	M		tooshort
38	loth		unresolved
38	ru		tooshort
38	im		tooshort
38	signl		unresolved
38	ivhat	what	wform
38	housz		unresolved
39	Hezckiah		unresolved
39	satthi		unresolved
39	sottj		unresolved
39	Berodach		unresolved
39	Bero		unresolved
39	dach		unresolved
39	Medorach		unresolved
39	Von		unresolved
39	Bohlen		unresolved
39	Aramean		unresolved
39	Nabopolassar		unresolved
39	Mardokempad		unresolved
39	co		tooshort
39	ivonder	wonder	wform
39	ahese		unresolved
39	smbs		unresolved
39	ihem		unresolved
39	Croesus		unresolved
39	PSS		unresolved
39	niK		unresolved
39	oj		tooshort
39	Abulwalid		unresolved
39	P35		unresolved
39	Lorsbach		unresolved
39	fiiba		unresolved
39	rna		unresolved
39	nals		unresolved
39	armour		unresolved
39	ipV		unresolved
39	mix's		unresolved
39	usua		unresolved
39	thec		unresolved
39	Hezc		unresolved
39	Jciah		unresolved
39	CJericus		unresolved
39	ah's		unresolved
39	nnsax		unresolved
39	Ahijah		unresolved
39	Zedekiah		unresolved
39	oflences		unresolved
39	oj		tooshort
39	b'nb		unresolved
39	eunuchi		unresolved
39	pmm		unresolved
39	London		unresolved
39	nutriti		unresolved
39	Jhe		unresolved
39	Theasurus		unresolved
39	contends		unresolved
39	inp		unresolved
39	np		tooshort
39	naiv		unresolved
39	egoistisch		unresolved
39	egoismus		unresolved
39	Quamvis		unresolved
39	enim		unresolved
39	poena		unresolved
39	aliud		unresolved
39	seculum		unresolved
39	maneret		unresolved
39	praesentem		unresolved
39	gratiam		unresolved
39	amplecti		unresolved
39	debuit		unresolved
39	certe		unresolved
39	nostro		unresolved
39	potissimum		unresolved
39	servire		unresolved
39	debemus		unresolved
39	ejusque		unresolved
39	praecipue		unresolved
39	habenda		unresolved
39	negligendum		unresolved
39	sed		unresolved
39	offidum		unresolved
39	requirit		unresolved
39	TIVQI		unresolved
39	mihimortuo		unresolved
39	mortui		unresolved
39	tkou		unresolved
39	spo		unresolved
39	Jcen		unresolved
39	IESTI		unresolved
39	Icall		unresolved
4	ftW		unresolved
4	rnaa		unresolved
4	Schleusner		unresolved
4	rres		unresolved
4	regierende		unresolved
4	Personale		unresolved
4	des		unresolved
4	Staates		unresolved
4	1		tooshort
4	xmttE		unresolved
4	Hn		tooshort
4	rnrnn		unresolved
4	Hn		tooshort
4	Bs		tooshort
4	Hn		tooshort
4	Tthe		unresolved
4	unpoetical		unresolved
4	Hk		tooshort
4	Hn		tooshort
4	Kn		tooshort
4	ri1		unresolved
4	Bs		tooshort
4	Hk		tooshort
4	Hn		tooshort
4	lavando		unresolved
4	ejecerit		unresolved
4	Hn		tooshort
4	Bs		tooshort
4	KV		tooshort
4	ufJiaii		unresolved
4	tfa		unresolved
4	Hk		tooshort
4	Pesh		unresolved
4	Bs		tooshort
4	Bs		tooshort
4	Hn		tooshort
4	Kn		tooshort
4	Hk		tooshort
4	Hk		tooshort
4	dwellingplace		unresolved
4	jiaa		unresolved
4	bs		tooshort
4	rpK'ipE		unresolved
4	Hengst		unresolved
4	Kn		tooshort
4	Hn		tooshort
4	nx'ipE		unresolved
4	rpxipa		unresolved
4	Hn		tooshort
4	Kn		tooshort
4	rP		tooshort
4	Hengst		unresolved
4	nsn		unresolved
4	rca		unresolved
4	nss		unresolved
4	Hn		tooshort
4	Bs		tooshort
4	rt3b		unresolved
4	tnt		unresolved
4	Ungewitter		unresolved
40	sp		tooshort
40	fcific		unresolved
40	raeant		unresolved
40	aaotber		unresolved
40	popuh		unresolved
40	meus		unresolved
40	ht		tooshort
40	cxa		unresolved
40	dicet		unresolved
40	ith		unresolved
40	ss		tooshort
40	natti		unresolved
40	douhle	double	rule
40	pr		tooshort
40	terita		unresolved
40	prophetica		unresolved
40	ycovt		unresolved
40	poavroe		unresolved
40	ntion		unresolved
40	rrrn		unresolved
40	tbe		unresolved
40	a		tooshort
40			tooshort
40	reveletur		unresolved
40	Ob		tooshort
40	vox		unresolved
40	dicentis		unresolved
40	eic		unresolved
40	sn		tooshort
40	rriru		unresolved
40	cn		tooshort
40	jf		tooshort
40	esthetic		unresolved
40	shortlived		unresolved
40	rrn		unresolved
40	unpoetical		unresolved
40	IDS		unresolved
40			tooshort
40	esn		unresolved
40	crn		unresolved
40	vayyeliG		unresolved
40	tv		tooshort
40			tooshort
40	exegetieal		unresolved
40	Zlon		unresolved
40	Celeriter		unresolved
40	Gall'ia		unresolved
40	civiiates		unresolved
40	perfertur		unresolved
40	illustrior		unresolved
40	incidit		unresolved
40	res		unresolved
40	clamore		unresolved
40	agros		unresolved
40	regionesque		unresolved
40	hunc		unresolved
40	alii		unresolved
40	deinceps		unresolved
40	excipiunt		unresolved
40	proximis		unresolved
40	tradunt		unresolved
40	J'PS		unresolved
40	rntesia		unresolved
40	nbn'p		unresolved
40	raur		unresolved
40	Lehrg		unresolved
40	ivith	with	wform
40	ptna		unresolved
40	bs		tooshort
40	essentice		unresolved
40	Ephrairn	Ephraim	rule
40	si		unresolved
40	ptrja		unresolved
40	btiStt		unresolved
40	bsn'arj		unresolved
40	qb		unresolved
40	nh		tooshort
40	paid		unresolved
40	paid		unresolved
40	bis		unresolved
40	fcetas		unresolved
40	rvhii		unresolved
40	Melek		unresolved
40	pirw		unresolved
40	br		tooshort
40	ivcighed		unresolved
40	bs		tooshort
40			tooshort
40	tribus		unresolved
40	digitis		unresolved
40	yJj		unresolved
40	Lehrgebaude		unresolved
40	mdkkeph		unresolved
40	rVir2		unresolved
40	balaiice		unresolved
40	bilanx		unresolved
40	molem		unresolved
40	terra		unresolved
40	ttj		unresolved
40	TQIU		unresolved
40	inyov		unresolved
40	Richardson's		unresolved
40	xb		tooshort
40	ui	w	rule
40	jstn		unresolved
40	insn		unresolved
40	tte		unresolved
40	counsellor		unresolved
40	counsellor		unresolved
40	counsellor		unresolved
40	counsellor		unresolved
40	thejgst		unresolved
40	counsellor		unresolved
40	vir		unresolved
40	consilium		unresolved
40	scirefacict		unresolved
40	eum		unresolved
40	counsellors		unresolved
40	uber		unresolved
40	taugr		unresolved
40	rrnn		unresolved
40	a'way		unresolved
40	nVcn		unresolved
40	sapientia		unresolved
40	hypostatica		unresolved
40	communicavit		unresolved
40	consilium		unresolved
40	instrueret		unresolved
40	JLo		unresolved
40	Weite		unresolved
40	zu		tooshort
40	achten		unresolved
40			tooshort
40	im		tooshort
40	pendens		unresolved
40	pntf		unresolved
40	pntJ		unresolved
40	p1		tooshort
40	PJ		tooshort
40	pH		tooshort
40	citlos		unresolved
40	bta		unresolved
40	tollit		unresolved
40	tollens		unresolved
40	pN		tooshort
40	njr		unresolved
40	rftis		unresolved
40	IM		tooshort
40	ft		tooshort
40	Hype		unresolved
40	rion		unresolved
40	sint		unresolved
40	eo		tooshort
40	px		tooshort
40	ov		tooshort
40	nihilum		unresolved
40	ia		tooshort
40	zu		tooshort
40	gesucht		unresolved
40	Urnbreit's	Umbreit's	rule
40	gesucht		unresolved
40	noiv	now	rule
40	bx		tooshort
40	Deumfortem		unresolved
40	mclter		unresolved
40	srfn		unresolved
40	ivith	with	wform
40	argcnteae		unresolved
40	aurifabri		unresolved
40	Ys		tooshort
40	rj		tooshort
40	Poel		unresolved
40	pflor		unresolved
40	niis		unresolved
40	Lehrgebaude		unresolved
40	frugalior		unresolved
40	oblationis		unresolved
40	ttasnn		unresolved
40	amsuchan		unresolved
40	artifcx		unresolved
40	quaerit		unresolved
40	quomodo		unresolved
40	rsn		unresolved
40	ns		tooshort
40	aj		tooshort
40	yu		tooshort
40	knoiv	know	rule
40	ov		tooshort
40	yvmasa		unresolved
40	oi		tooshort
40	xoiJ		unresolved
40	T		tooshort
40	wollt		unresolved
40	ihr		unresolved
40	erkennen		unresolved
40	wollt		unresolved
40	ihrnicht		unresolved
40	horen		unresolved
40	tij		unresolved
40	yournational		unresolved
40	Hes	lies	rule
40	isahs		unresolved
40	cabbalah		unresolved
40	ttJaHa		unresolved
40	sitteth		unresolved
40	Melek		unresolved
40	pf		tooshort
40	ipr		unresolved
40	ijh		unresolved
40	ofbestiolae		unresolved
40	minuta		unresolved
40	animantia		unresolved
40	Wohnzelt		unresolved
40	Whh		unresolved
40	tP2n		unresolved
40	secretorum		unresolved
40	scrutatores		unresolved
40	blew		unresolved
40	sx		tooshort
40	Vbxs		unresolved
40	qx		tooshort
40	praeterita		unresolved
40	prophetica		unresolved
40	sirong		unresolved
40	ivho	who	wform
40	Zwingle		unresolved
40	pas		unresolved
40	ttss		unresolved
40	ib		tooshort
40	ov		tooshort
40	ntivuGti		unresolved
40	fortiori		unresolved
40	inb		unresolved
40	tj		tooshort
40	Furst		unresolved
40	ivings	wings	wform
40	moulting		unresolved
40	nreQocpvqaovaiv		unresolved
40	assument		unresolved
40	Targurn	Targum	rule
40	moulting		unresolved
40	der		unresolved
40	Gedanke		unresolved
40	richtig		unresolved
41	BBttSa		unresolved
41	fyxam'Sea		unresolved
41	tthn		unresolved
41	xcog		unresolved
41	Wr		tooshort
41	Wc		tooshort
41	pis		unresolved
41	expositio		unresolved
41	nihil		unresolved
41	sani		unresolved
41	praefert		unresolved
41	enallao		unresolved
41	Ins		unresolved
41	rrirn	mm	rule
41	p'ls		unresolved
41	Procopius		unresolved
41	feef		unresolved
41	ao'p		unresolved
41	Nt		tooshort
41	pn		tooshort
41	usus		unresolved
41	loquendi		unresolved
41	co		tooshort
41	xsin		unresolved
41	Croesus		unresolved
41	Panionion		unresolved
41	dVn		unresolved
41	Abdastartus		unresolved
41	Abdallah		unresolved
41	hrt		unresolved
41	ov		tooshort
41	fydnqaa		unresolved
41	amans		unresolved
41	amatus		unresolved
41	aJUt		unresolved
41	JuJLs		unresolved
41	JoJlit		unresolved
41	thoUj		unresolved
41	laxQav		unresolved
41	sx		tooshort
41	srx		unresolved
41	ft		tooshort
41	nox		unresolved
41	rnttStj		unresolved
41	ssiti		unresolved
41	nxryiin		unresolved
41	nstsj		unresolved
41	Hkzig		unresolved
41	naniaivm		unresolved
41	rx		tooshort
41	corroboro		unresolved
41	il		tooshort
41	truesense		unresolved
41	werenot		unresolved
41	mtn		unresolved
41	seelc		unresolved
41	trra		unresolved
41	thouworm		unresolved
41	VMQOI		unresolved
41	mortui		unresolved
41	estls		unresolved
41	rs		tooshort
41	ktyo67o		unresolved
41	izp		unresolved
41	gekrummtes		unresolved
41	redde		unresolved
41	intrepide		unresolved
41	bxh		unresolved
41	rouo		unresolved
41	pE'n		unresolved
41	m'sB		unresolved
41	threshingwain		unresolved
41	vielspitzig		unresolved
41	vielschneidig		unresolved
41	fiQti		unresolved
41	oiltree		unresolved
41	box		unresolved
41	nx		tooshort
41	praestantissima		unresolved
41	tf'ha		unresolved
41	WSJ		unresolved
41	tb		tooshort
41	sraito		unresolved
41	laia'j		unresolved
41	accedant		unresolved
41	vestra		unresolved
41	putatis		unresolved
41	esse		unresolved
41	nsniSJs		unresolved
41	an1		unresolved
41	nx		tooshort
41	pNia		unresolved
41	BS		unresolved
41	fis		unresolved
41	Melek		unresolved
41	nxi		unresolved
41	Cyaxares		unresolved
41	pi'nst		unresolved
41			tooshort
42	carne	came	rule
42	ecce		unresolved
42	ids		unresolved
42	avOQ03no		unresolved
42	Six1		unresolved
42	pp		tooshort
42	asttja		unresolved
42	tia		unresolved
42	Stte		unresolved
42	co		tooshort
42	aie		unresolved
42	Gottes		unresolved
42	Hamburg		unresolved
42	njrp		unresolved
42	nas	was	rule
42	ftjrH		unresolved
42	D		tooshort
42	wn		tooshort
42	accipiet		unresolved
42	personam		unresolved
42	efferet		unresolved
42	Ein		unresolved
42	dabit		unresolved
42	operam		unresolved
42	audiatur		unresolved
42	demeanour		unresolved
42	uiclc		unresolved
42	clamour		unresolved
42	bv		tooshort
42	rx		tooshort
42	clamour		unresolved
42	nro		unresolved
42	isn		unresolved
42	ihc		unresolved
42	xn		tooshort
42	J5		tooshort
42			tooshort
42	JTVKXXX		unresolved
42	spj		unresolved
42	u3a		unresolved
42	crp		unresolved
42	ji's		unresolved
42	majestalicus		unresolved
42	thett		unresolved
42	feeep		unresolved
42	ceep		unresolved
42	rn'ia		unresolved
42	covenantpeople		unresolved
42	Bundesvolk		unresolved
42	Mittelsvolk		unresolved
42	counsellor		unresolved
42	rvis		unresolved
42	wn		tooshort
42	paid		unresolved
42	foreseen		unresolved
42	foresaw		unresolved
42	xn		tooshort
42	toivns	towns	rule
42	efferat		unresolved
42	desertum		unresolved
42	oppida		unresolved
42	tjus		unresolved
42	pagos		unresolved
42	habitetur		unresolved
42	Kedarena		unresolved
42	ivhich	which	wform
42	rns		unresolved
42	Petra		unresolved
42	usa		unresolved
42	vir		unresolved
42	bellicosissimus		unresolved
42	evigilans		unresolved
42	zelo		unresolved
42	vir		unresolved
42	militaris		unresolved
42	peritus		unresolved
42	bellattir		unresolved
42	riiOp		unresolved
42	ardour		unresolved
42	ivill	will	wform
42	rt		tooshort
42	jvithout		unresolved
42	M2B		unresolved
42	a		tooshort
42	utparturientem		unresolved
42	viptram		unresolved
42	desolabo		unresolved
42	Bocha		unresolved
42	rt		tooshort
42	nisx		unresolved
42	DCIU		unresolved
42	des		unresolved
42	Pixd		unresolved
42	to'pant		unresolved
42	EEK		unresolved
42	cttis		unresolved
42	frattja		unresolved
42	caa		unresolved
42	USB		unresolved
42	Wj		tooshort
42	oa		tooshort
42	25		unresolved
42	lor		unresolved
42	samething		unresolved
42	vhich	which	rule
42	videndo		unresolved
42	intuemini		unresolved
42	intuemini		unresolved
42	br		tooshort
42	anc'		unresolved
42	donatus		unresolved
42	Evvald	Ewald	rule
42	JLwwuo		unresolved
42	venundatus		unresolved
42	redemtus		unresolved
42	nVrx		unresolved
42	xb		tooshort
42	Malachi		unresolved
42	nps		unresolved
42	salce		unresolved
42	ysn		unresolved
42	idiorn	idiom	rule
42	ip		tooshort
42	niB		unresolved
42	bloiv	blow	rule
42	finina		unresolved
42	tcrgo		unresolved
42	zuruckwarts		unresolved
42	MS		tooshort
42	rnin		unresolved
42	I'BX		unresolved
42	excanu'cscentid		unresolved
42	excandescentid		unresolved
42	iram		unresolved
43	downfal		unresolved
43	heen	been	rule
43	Menochius		unresolved
43	attah		unresolved
43	tlwu		unresolved
43	3		tooshort
43	sn		tooshort
43	thysclj		unresolved
43	Meroe		unresolved
43	IBS		unresolved
43	xis		unresolved
43	ivill	will	wform
43	wellfounded		unresolved
43	educ		unresolved
43	npa		unresolved
43			tooshort
43	to	to	rule
43	ipw		unresolved
43	ivas	was	wform
43	fcjo		unresolved
43	Rosentttiiller		unresolved
43			tooshort
43			tooshort
43	Vx		tooshort
43	Dia		unresolved
43	tht		unresolved
43	ir		tooshort
43	Fiom		unresolved
43	praettritum		unresolved
43	Targuin		unresolved
43	lonians		unresolved
43	O3		tooshort
43	sisb		unresolved
43	tnrj		unresolved
43	tos		unresolved
43	Xaldaioi		unresolved
43	Lustschiffe		unresolved
43	Luftschiffe		unresolved
43	w'lin		unresolved
43	rvnax		unresolved
43	n		tooshort
43	S3		tooshort
43	DTP		unresolved
43	IJehovah		unresolved
43	tbis		unresolved
43	tbe		unresolved
43	a		tooshort
43	wic		unresolved
43	ts		tooshort
43	Stiari		unresolved
43	Jield	field|held	ambiguous
43	fwor		unresolved
43	ranj		unresolved
43	olah		unresolved
43	zebahi		unresolved
43	lebonah		unresolved
43	pattah		unresolved
44	thec		unresolved
44	sp		tooshort
44	pn		tooshort
44	utero		unresolved
44	esse		unresolved
44	coepisti		unresolved
44	vm		tooshort
44	nemo		unresolved
44	dixerit		unresolved
44	esse		unresolved
44	hyperbolicum		unresolved
44	remutum		unresolved
44	w		tooshort
44	pp		tooshort
44	yyunqpevoii		unresolved
44	ev		tooshort
44	ev		tooshort
44	vTfttos		unresolved
44	rectulus		unresolved
44	justulus		unresolved
44	Frommchen		unresolved
44	P7		tooshort
44	Mai		unresolved
44	xvx		unresolved
44	rr		tooshort
44	Haggai		unresolved
44	Malachi		unresolved
44	bles		unresolved
44	pris		unresolved
44	avupwov		unresolved
44	vdarog		unresolved
44	ypQtog		unresolved
44	Symrnachus	Symmachus	rule
44	FT		tooshort
44	nsa		unresolved
44	Procopius		unresolved
44	ndvTKiv		unresolved
44	Zei		unresolved
44	TZ		tooshort
44	WTOC		unresolved
44	tytv		unresolved
44	Zsvs		unresolved
44	vGrarog		unresolved
44	hbu'b		unresolved
44	eol		unresolved
44			tooshort
44	caii		unresolved
44	iB3		unresolved
44	Dbte		unresolved
44	DS		tooshort
44	Christi		unresolved
44	nihil		unresolved
44	antiquiiis		unresolved
44	aut		unresolved
44	majus		unresolved
44	esse		unresolved
44	Kirnchi	Kimchi	rule
44	ihe		unresolved
44	Witt		unresolved
44	riri		unresolved
44	wvn		unresolved
44	pn1		unresolved
44	Jarch		unresolved
44	Knohel	Knobel	rule
44	dMsre		unresolved
44	px		tooshort
44	illorum		unresolved
44	ipsi		unresolved
44	vident		unresolved
44	Evvald	Ewald	rule
44	puncta		unresolved
44	extraordinaria		unresolved
44	ri52h		unresolved
44	nisi		unresolved
44	demens		unresolved
44	theml		unresolved
44	tne		unresolved
44	fellowworshippers		unresolved
44	taixa		unresolved
44	aixa		unresolved
44	snn		unresolved
44	ia		tooshort
44	sss		unresolved
44	d'nn		unresolved
44	masorctic		unresolved
44	ssa		unresolved
44	sint		unresolved
44	issa		unresolved
44	ti'nn		unresolved
44	ploughshare		unresolved
44	Virgil		unresolved
44	Georg		unresolved
44	itti		unresolved
44	sese		unresolved
44	magna		unresolved
44	brachia		unresolved
44	tollunt		unresolved
44	ttnn		unresolved
44	ss		tooshort
44	nn		tooshort
44	markclh		unresolved
44	nto		unresolved
44	Jilo		unresolved
44	tincto		unresolved
44	Rothtlstein		unresolved
44	ochre		unresolved
44	anx		unresolved
44	ir		tooshort
44	ia		tooshort
44	Sp		tooshort
44	Dt		tooshort
44	ltft		unresolved
44	himstlf		unresolved
44	mittit		unresolved
44	Libanum		unresolved
44	homines		unresolved
44	fuerunt		unresolved
44	supplenda		unresolved
44	constructioncs		unresolved
44	quam		unresolved
44	inveniebant		unresolved
44	suo		unresolved
44	concinnarunt		unresolved
44	rnsv		unresolved
44	sj		tooshort
44	ecies		unresolved
44	rn3		unresolved
44	psx		unresolved
44	Urnbreit's	Umbreit's	rule
44	sugo		unresolved
44	estion		unresolved
44	res		unresolved
44	ivarmed		unresolved
44	tohn		unresolved
44	cn		tooshort
44	tbat		unresolved
44	Horace		unresolved
44	Olim		unresolved
44	tmncus		unresolved
44	eram		unresolved
44	ficulnus		unresolved
44	Quum		unresolved
44	faber		unresolved
44	incortus		unresolved
44	scamnum		unresolved
44	faceretne		unresolved
44	Priapum		unresolved
44	Maluit		unresolved
44	esse		unresolved
44	Deum		unresolved
44	psnofv		unresolved
44	ofC		unresolved
44	Icnown		unresolved
44	ots		unresolved
44	frr		unresolved
44	irt		unresolved
44	ja		tooshort
44	sbn		unresolved
44	keinem		unresolved
44	Falle		unresolved
44	passend		unresolved
44	sectatur		unresolved
44	cinerem		unresolved
44	pasci		unresolved
44	aliqua		unresolved
44	metaph		unresolved
44	delectari		unresolved
44	fio		unresolved
44	urative		unresolved
44	b		tooshort
44	i		tooshort
44	interpunclion		unresolved
44	ff		tooshort
44	fr		tooshort
44	hP		tooshort
44	httx		unresolved
44	avrov		unresolved
44	madmen		unresolved
44	lEJtrj		unresolved
44	nuin		unresolved
44	Kirnchi	Kimchi	rule
44	nbis		unresolved
44	Cyropaedia		unresolved
44	Gyndes		unresolved
44	Thatof		unresolved
44	hbsia		unresolved
44	rtett		unresolved
44	Cambyses		unresolved
44	Astyages		unresolved
44	Cyropaedia		unresolved
44	unanstandig		unresolved
44	Iclingen		unresolved
44	Hebraicum		unresolved
44	res		unresolved
44	legarnus		unresolved
44	intelligitur		unresolved
44	meus		unresolved
44	sciens		unresolved
44	vel		unresolved
44	intelligens		unresolved
44	quarum		unresolved
44	similitudo		unresolved
44	parvo		unresolved
44	apice		unresolved
44	distinguitur		unresolved
44	IES		unresolved
44	xfi		unresolved
44	br		tooshort
44	tt		tooshort
44	is'nis		unresolved
44	priori		unresolved
44	ttrn'3		unresolved
44	Agradates		unresolved
44			tooshort
44	Von		unresolved
44	Lengerke		unresolved
44	urp3		unresolved
44	Abimelechs		unresolved
44	Amalekitish		unresolved
44	Einieitung		unresolved
45	wiih		unresolved
45	delumbo		unresolved
45	dumbis		unresolved
45	analo		unresolved
45	gous		unresolved
45	Abydenus		unresolved
45	Croesus		unresolved
45	Brerewood's		unresolved
45	ivill	will	wform
45	fcnpK		unresolved
45	c'E		unresolved
45	ttSa'iJ		unresolved
45	mappik		unresolved
45	occasus		unresolved
45	co		tooshort
45	Zendavesta		unresolved
45	distil		unresolved
45	prosperitv		unresolved
45	sn		tooshort
45	px		tooshort
45	rpEin		unresolved
45	sns1		unresolved
45	tiTfl		unresolved
45	S3		tooshort
45	ivork	work	wform
45	iin		unresolved
45	h		tooshort
45	ajhn		unresolved
45	Ecc		unresolved
45	MB		tooshort
45	y		tooshort
45	intosfi		unresolved
45	Ecc		unresolved
45	ivork	work	wform
45	ofthee		unresolved
45	ntesprna		unresolved
45	ivhat	what	wform
45	begettcst		unresolved
45	tTreQ'		unresolved
45	v'5		unresolved
45	WECJ		unresolved
45	ibxiy		unresolved
45	xiiS		unresolved
45	rwst		unresolved
45	2		tooshort
45	Cyropaedia		unresolved
45	Sebaim		unresolved
45	ihere		unresolved
45	Sabeans		unresolved
45	Saueans		unresolved
45	beispielsweise		unresolved
45	rrn		unresolved
45	Solinus		unresolved
45	duodccim		unresolved
45	longi		unresolved
45	Tp		tooshort
45	bx		tooshort
45	rr		tooshort
45	itfsa		unresolved
45	wn		tooshort
45	frjste		unresolved
45	xfi		unresolved
45	Urnbreit	Umbreit	rule
45	WFI		unresolved
45	ivho	who	wform
45	fleeing		unresolved
45	itl		unresolved
45	waitino		unresolved
45	Tsa		unresolved
45	Icnee		unresolved
45	ZDJ		unresolved
45	lyco		unresolved
45	npr		unresolved
45	ip		tooshort
45	fij		unresolved
45	xb		tooshort
45	idx		unresolved
45	ij		tooshort
45	dem		unresolved
45	uniruglichen		unresolved
45	Munde		unresolved
45	tjx		unresolved
45	njr		unresolved
45	T3		tooshort
45	THS	THIS	rule
45	Kin1		unresolved
45	ms		tooshort
45	ina		unresolved
46	o		tooshort
46	K2i		unresolved
46	Belteshazzar		unresolved
46	Belesys		unresolved
46	Nebuzaradan		unresolved
46	Nabopolassar		unresolved
46	Nabonned		unresolved
46	res		unresolved
46	seein		unresolved
46	s'taa		unresolved
46			tooshort
46	ft		tooshort
46	fta		unresolved
46	Cybele		unresolved
46	rj		tooshort
46	b5		tooshort
46	Xerxes		unresolved
46	iWESj		unresolved
46	x'fiv		unresolved
46	lassitudinem		unresolved
46	w7ith		unresolved
46	rrarja		unresolved
46	W9a		unresolved
46	potuerunt		unresolved
46	salvare		unresolved
46	portantem		unresolved
46	ouorht		unresolved
46	sto		unresolved
46	nrrwn		unresolved
46	downfal		unresolved
46	jn		tooshort
46	ISE		unresolved
46	Florus		unresolved
46	JC		tooshort
46	iVpoS'i		unresolved
46	ivill	will	wform
46	sittJtzJKrn		unresolved
46	vxfire		unresolved
46	reddened7		unresolved
46	confundamini		unresolved
46	fiiia		unresolved
46	niix		unresolved
46	wX		unresolved
46	avdoi		unresolved
46	srxnn		unresolved
46	icsxnn		unresolved
46	irsx		unresolved
46	tirx		unresolved
46	JL		tooshort
46	oofs		unresolved
46	n'nnx		unresolved
46	rny	my	rule
46			tooshort
46	above7		unresolved
46	Cornp	Comp	rule
46	thejfar		unresolved
46	counsellor		unresolved
46	nss		unresolved
46	Stiere		unresolved
46	Vernunft		unresolved
46	ighteousness		unresolved
47	downfal		unresolved
47	xvni		unresolved
47	Cowper		unresolved
47	xm		tooshort
47	Cowper		unresolved
47	Pizarro		unresolved
47	downfal		unresolved
47	downfal		unresolved
47	nbns		unresolved
47	filk		unresolved
47	throne	throne	rule
47	Chasdim		unresolved
47	Chasdim		unresolved
47	the	the	rule
47	bs		tooshort
47	Chasdim		unresolved
47	fcafc		unresolved
47	slcirt		unresolved
47	phras		unresolved
47	sJcirt		unresolved
47	Jarclri		unresolved
47	Bx		tooshort
47	SttB		unresolved
47	nrflvvw		unresolved
47	padscar		unresolved
47	avziaiqasTni		unresolved
47	av		tooshort
47	Qwaos		unresolved
47	resistet		unresolved
47	mihi		unresolved
47	venp		unresolved
47	eance		unresolved
47	downfal		unresolved
47	Nothbchelf		unresolved
47	Chasdim		unresolved
47	ijrt		unresolved
47	saidst		unresolved
47	ft		tooshort
47	rras		unresolved
47	segholate		unresolved
47	nMlbizJ		unresolved
47	saidst		unresolved
47	downfal		unresolved
47	Curlius		unresolved
47	nihil		unresolved
47	wbis		unresolved
47	corruptius		unresolved
47	moribus		unresolved
47	irritandas		unresolved
47	illiciendasque		unresolved
47	immodicas		unresolved
47	voluptates		unresolved
47	instructius		unresolved
47	Babylonii		unresolved
47	maxime		unresolved
47	vinum		unresolved
47	ebrietatem		unresolved
47	sequuntur		unresolved
47	effusi		unresolved
47	osx		unresolved
47	GSX		unresolved
47	px		tooshort
47	Noldius		unresolved
47	h5N		unresolved
47	cui		unresolved
47	nihil		unresolved
47	tt		tooshort
47	nihil		unresolved
47	secundum		unresolved
47	Algiers		unresolved
47	stt'i		unresolved
47	iriterpunction		unresolved
47	ihee		unresolved
47	notwithstandingj		unresolved
47	immediatelydependent		unresolved
47	nvsy		unresolved
47	Siculus		unresolved
47	trustedst		unresolved
47	asch		unresolved
47	malitia		unresolved
47	fiduciam		unresolved
47	habuisti		unresolved
47	malitia		unresolved
47	du		tooshort
47	sicher		unresolved
47	bei		unresolved
47	deiner		unresolved
47	Bosheit		unresolved
47	seeth		unresolved
47	rrjn		unresolved
47	saidst		unresolved
47	hftst		unresolved
47	Nordheiiner		unresolved
47	nnia		unresolved
47	nescis		unresolved
47	ortum		unresolved
47	cjus		unresolved
47	ifitiJ		unresolved
47	Ewaid		unresolved
47			tooshort
47	nb		tooshort
47	inta		unresolved
47	2		tooshort
47	Wfi		unresolved
47	nwa		unresolved
47	Vilringa		unresolved
47	Siculus		unresolved
47	tny		unresolved
47	Tfnss		unresolved
47	iveary	weary	wform
47	chethibh		unresolved
47	TT		tooshort
47	oP		tooshort
47	o'j'o		unresolved
47	augures		unresolved
47	coeli		unresolved
47	tp		tooshort
47	iia		unresolved
47	i	i|r	ambiguous
47	J		tooshort
47	cto		unresolved
47	px		tooshort
47	Jire	fire	rule
47	nbns		unresolved
47	SBH		unresolved
47	oiodern		unresolved
47	csnb		unresolved
47	nb		tooshort
47	Tt		tooshort
47	negociators		unresolved
47	trafficking		unresolved
47	pedlers		unresolved
47	gipsy		unresolved
47	TjT		unresolved
47	bs		tooshort
47	tt		tooshort
48	onlysafe		unresolved
48	pre		unresolved
48	downfal		unresolved
48	Flebrew		unresolved
48	fiWpa		unresolved
48	h3		tooshort
48	3		tooshort
48	nirtfsn		unresolved
48	Ikneiv		unresolved
48	sb		tooshort
48	nujp		unresolved
48	ir		tooshort
48	nirj		unresolved
48	Gousset		unresolved
48	ivill	will	wform
48	TW		unresolved
48	vaticinium		unresolved
48	fn		tooshort
48	cin		unresolved
48	Jsb		unresolved
48	Imcw		unresolved
48			tooshort
48	Iknew		unresolved
48	riaapi		unresolved
48	quando		unresolved
48	Egypto		unresolved
48	liberatus		unresolved
48	ventre		unresolved
48	B		tooshort
48	BK		tooshort
48			tooshort
48	pwtQO		unresolved
48	vpos		unresolved
48	longanimis		unresolved
48	B23		unresolved
48	G2		tooshort
48	wana		unresolved
48	Aramean		unresolved
48	O23		unresolved
48	thec		unresolved
48	quam		unresolved
48	meditationem		unresolved
48	hoc		unresolved
48	urgeo		unresolved
48	refello		unresolved
48	nnea		unresolved
48	taregmas		unresolved
48	witli	with	rule
48	na'ia		unresolved
48	vocan		unresolved
48	oj		tooshort
48	Gobryas		unresolved
48	Gadates		unresolved
48	Cyropaedia		unresolved
48	TV		tooshort
48	Athanasius		unresolved
48	CEcolampadius		unresolved
48	ft		tooshort
48	Brentius		unresolved
48	fcb		unresolved
48	verv		unresolved
48	fin'rrj		unresolved
48	PSE		unresolved
48	Mai		unresolved
48	nvsvfjta		unresolved
48	Origen's		unresolved
48	tibi		unresolved
48	consulere		unresolved
48	goest		unresolved
48	xb		tooshort
48	wenn		unresolved
48	du		tooshort
48	Evvald	Ewald	rule
48	if'it		unresolved
48	ivere	were	wform
48	animum		unresolved
48	advertisses		unresolved
48	aures		unresolved
48	ct		tooshort
48	animum		unresolved
48	Peeree'and		unresolved
48	boivels	bowels	rule
48	nisa		unresolved
48	boivels	bowels	rule
48	rvira		unresolved
48	the1		unresolved
48	liis	his	rule
48	ovde		unresolved
48	vvv		unresolved
48	ajrofocrai		unresolved
48	Chasdim		unresolved
48	fnx		unresolved
48	Ti'S		unresolved
48	whole1		unresolved
48	thqTge		unresolved
48	nuine		unresolved
49	JBSE		unresolved
49	Tichonius		unresolved
49	Christo		unresolved
49	Corpore		unresolved
49	Scripiura		unresolved
49	saepius		unresolved
49	mentionem		unresolved
49	fieri		unresolved
49	cui		unresolved
49	tribuuntur		unresolved
49	Caput		unresolved
49	competunt		unresolved
49	vero		unresolved
49	utrumque		unresolved
49	iis		unresolved
49	Pindar's		unresolved
49	Eupolis		unresolved
49	QUIOQ		unresolved
49	TDK		unresolved
49	ooo		unresolved
49	cealment		unresolved
49	In	In	rule
49	Michaelisj		unresolved
49	ss		tooshort
49	cb		tooshort
49	BBEE		unresolved
49	mt		tooshort
49	brino		unresolved
49	asitib		unresolved
49	ib		tooshort
49	fr		tooshort
49	Tb		tooshort
49	w		tooshort
49	rvirn		unresolved
49	T'sa		unresolved
49	x3		tooshort
49	Antioch		unresolved
49	Pisidia		unresolved
49	ttifia		unresolved
49	Jiia		unresolved
49	animo		unresolved
49	tfssa		unresolved
49	arr		unresolved
49	I'a		unresolved
49	abhorreth		unresolved
49	abhorreth		unresolved
49	tokenof		unresolved
49	succoured		unresolved
49	ifcxb		unresolved
49	cijrhb		unresolved
49	ri		tooshort
49			tooshort
49	freedmen		unresolved
49	seern	seem	rule
49	bna		unresolved
49	Rosenrntiller		unresolved
49	nrj		unresolved
49	rny	my	rule
49	bbo		unresolved
49	Philadelphia		unresolved
49	ithe		unresolved
49	facie		unresolved
49	usa		unresolved
49	aifeHibjection		unresolved
49	coniuins		unresolved
49	cSome		unresolved
49	France		unresolved
49	France		unresolved
49	nlbx		unresolved
49	c1		tooshort
49	Clarke's		unresolved
49	in	in	rule
49	Hermonim		unresolved
49	Hermonim		unresolved
49	Syenc		unresolved
49	Pelusium		unresolved
49	decisiveground		unresolved
49	Calmet		unresolved
49	excepiions		unresolved
49	Lassen		unresolved
49	su		tooshort
49	Thebes		unresolved
49	Sanscrit		unresolved
49	nevrer		unresolved
49	WSQ		unresolved
49	ins		unresolved
49	jaa		unresolved
49	oa		tooshort
49	rn		tooshort
49	ahD1		unresolved
49	Targurn	Targum	rule
49	noiv	now	rule
49	tvastes	wastes	wform
49	3		tooshort
49	OtheTTgive		unresolved
49	h3		tooshort
49	stj		unresolved
49	sfca		unresolved
49	Tis		unresolved
49	nst		unresolved
49	nimis		unresolved
49	rH		tooshort
49	noiqcrdv		unresolved
49	fac		unresolved
49	mihi		unresolved
49	spatium		unresolved
49	i		tooshort
49	nanha		unresolved
49	pf		tooshort
49	mpp		unresolved
49	bx		tooshort
49	rrnex		unresolved
49	clamour		unresolved
49	b		tooshort
49	clamour		unresolved
49	carne	came	rule
49	reat		unresolved
49	Vvsj		unresolved
49	ivas	was	wform
49	ms		tooshort
49	oreat		unresolved
49	co		tooshort
49	fc		tooshort
49	sn		tooshort
49	jxn		unresolved
49	hosom	bosom	rule
49	rrn		unresolved
49	ibr		unresolved
49	lor		unresolved
49	Jace	face	rule
49	thry		unresolved
49	Hindostan		unresolved
49	rfcSTa		unresolved
49	ns'iK		unresolved
49	swofd		unresolved
49	hopcrs		unresolved
49	rne	me	rule
49	oai		unresolved
49	2		tooshort
49	IMichaelis		unresolved
49	p'ls		unresolved
49	Urabreit		unresolved
49	c'a		unresolved
49	ttJ		unresolved
49	n2		tooshort
49	ivith	with	wform
5	and	and	rule
5	hasled		unresolved
5	twentysixth		unresolved
5	N3		tooshort
5	TT		tooshort
5	Vorsprung		unresolved
5	Schreckhorn		unresolved
5	Wetterhorn		unresolved
5	Switzerland		unresolved
5	Apertos		unresolved
5	amat		unresolved
5	colles		unresolved
5	Virg		unresolved
5	Georg		unresolved
5	SoreJc		unresolved
5	Sorek		unresolved
5	toiverin		unresolved
5	lacus		unresolved
5	fcrth		unresolved
5	Sedulius		unresolved
5	Labruscam		unresolved
5	placidis		unresolved
5	adhuc		unresolved
5	praeponitis		unresolved
5	uvis		unresolved
5	kindied		unresolved
5	Esop's		unresolved
5	otjier	other	rule
5	ivas	was	wform
5	was	was	rule
5	donel		unresolved
5	faciendum		unresolved
5	amplius		unresolved
5	vinae		unresolved
5	meae		unresolved
5	noch		unresolved
5	meinem		unresolved
5	Weinberge		unresolved
5	zu		tooshort
5	thun		unresolved
5	an	an	rule
5	remvve		unresolved
5	Coeceius		unresolved
5			tooshort
5			tooshort
5	ns		tooshort
5	consideredas		unresolved
5	Hendew		unresolved
5	Umbr		unresolved
5	Montamis		unresolved
5	Gerechllgkeit		unresolved
5	Schlechtigkeit		unresolved
5	Begluckung		unresolved
5	Bedruckung		unresolved
5	Milde		unresolved
5	Unbilde		unresolved
5	itable		unresolved
5	Jield	field|held	ambiguous
5	hi'n		unresolved
5	reihen		unresolved
5	iube		unresolved
5	aio		unresolved
5	Hienderson		unresolved
5	yxa		unresolved
5	ofj	off	rule
5	px		tooshort
5	Jine	fine	rule
5	HBut		unresolved
5	occupation	occupation	rule
5	ir		tooshort
5	Eng		unresolved
5	Pesh		unresolved
5	nxE		unresolved
5	Horace		unresolved
5	veteris		unresolved
5	pocula		unresolved
5	Massici		unresolved
5	partem		unresolved
5	solido		unresolved
5	clemere		unresolved
5	Spernit		unresolved
5	Propertius		unresolved
5	noctem		unresolved
5	ducam		unresolved
5	Injiciat		unresolved
5	mea		unresolved
5	ous		unresolved
5	the	the	rule
5	Dn		tooshort
5	tjttSa		unresolved
5	tainments		unresolved
5	BrpttdE		unresolved
5	ftb		unresolved
5	Hendew		unresolved
5	Umbr		unresolved
5	I'lias		unresolved
5	ttfan		unresolved
5	ns		tooshort
5	htE		unresolved
5	fita		unresolved
5	nobiles		unresolved
5	revellers		unresolved
5	Vixftj		unresolved
5	bsttj		unresolved
5	tB		tooshort
5	burialplace		unresolved
5	Holle		unresolved
5	Hohle		unresolved
5	adqs		unresolved
5	Habakkuk		unresolved
5	aSBS		unresolved
5	iafia		unresolved
5	MS		tooshort
5	usa		unresolved
5	croivd	crowd	rule
5	revellers		unresolved
5	tc		tooshort
5	prese		unresolved
5	tth		unresolved
5	D'isj		unresolved
5	Deus		unresolved
5	ille		unresolved
5	ille		unresolved
5	Deus		unresolved
5	fortissimus		unresolved
5	isipa		unresolved
5	nis		unresolved
5	deserta		unresolved
5	ubertatem		unresolved
5	versa		unresolved
5	rvia'nn		unresolved
5	rj		tooshort
5	tarv		unresolved
5	aaia		unresolved
5	cn		tooshort
5	juxta		unresolved
5	ductum		unresolved
5	1		tooshort
5	Bauer		unresolved
5	Durell		unresolved
5	Menochius		unresolved
5	m23		unresolved
5	Soncin		unresolved
5	MSS		unresolved
5	MS		tooshort
5	Aq		tooshort
5	Sym		unresolved
5	Theod		unresolved
5	rto		unresolved
5	Observ		unresolved
5	Crit		unresolved
5	loc		unresolved
5	ive	we	wform
5	JiKiaia		unresolved
5	EC		tooshort
5	nigrum		unresolved
5	Candida		unresolved
5	vertunt		unresolved
5	fallax		unresolved
5	sapientiae		unresolved
5	heroes		unresolved
5	heroes		unresolved
5	acquitting		unresolved
5	rn		tooshort
5	glumam		unresolved
5	debilitat		unresolved
5	nsnb		unresolved
5	flamma		unresolved
5	dissolvitur		unresolved
5	der		unresolved
5	Flamme		unresolved
5	zusammensinkt		unresolved
5	av		tooshort
5	o		tooshort
5	Rem		unresolved
5	Joash		unresolved
5	Amaziah		unresolved
5	nt33		unresolved
5	mutilum		unresolved
5	succisum		unresolved
5	viarum		unresolved
5	Umbr		unresolved
5	i'i		unresolved
5	Hieroz		unresolved
5	broJcen		unresolved
5	dormitat		unresolved
5	multo		unresolved
5	dormit		unresolved
5	acutae		unresolved
5	Arrian		unresolved
5	ettotw		unresolved
5	larana		unresolved
5	Aug		unresolved
5	xwi		unresolved
5	tonb		unresolved
5	embrace5	embraces	rule
5	amplexabitur		unresolved
5	corradet		unresolved
5			tooshort
5	tobt		unresolved
5	nimmt		unresolved
5	Raub		unresolved
5	sichert		unresolved
5	ihn		unresolved
5	ohne		unresolved
5	qn		tooshort
5	I's		unresolved
5	ite		unresolved
5	Eng		unresolved
5			tooshort
5	Jn		tooshort
5	px		tooshort
5	rpB		unresolved
5	condavibus		unresolved
5	tps		unresolved
5	modernGermans		unresolved
5	iiber		unresolved
5	einem		unresolved
5	Tjdn		unresolved
5	aaa		unresolved
5	adspectu		unresolved
5	Israeliticam		unresolved
5	terrebit		unresolved
5	Licht		unresolved
5	il		tooshort
5	regardera		unresolved
5	terre		unresolved
5	mais		unresolved
5	voici		unresolved
5	il		tooshort
5	des		unresolved
5	tenebres		unresolved
5	il		tooshort
5	avec		unresolved
5	lumiere		unresolved
5	il		tooshort
5	des		unresolved
5	tenebres		unresolved
5	au	all	rule
5	ciel		unresolved
5	audessus		unresolved
5	d'elle		unresolved
50	Jihovah		unresolved
50	zoi		unresolved
50	ib		tooshort
50	rx		tooshort
50	hfi		unresolved
50	IES		unresolved
50	fl		tooshort
50	Drirp		unresolved
50	Selden		unresolved
50	paid		unresolved
50	Artaxerxes		unresolved
50	Longimanus		unresolved
50	wiU	will	rule
50	fyQav		unresolved
50	faovrai		unresolved
50	pxa		unresolved
50	iJsb		unresolved
50	ylMavav		unresolved
50	succour		unresolved
50	MS		tooshort
50	sustentare		unresolved
50	starkeri		unresolved
50	Riickert		unresolved
50	LiJ		unresolved
50	rw		tooshort
50	F5		tooshort
50	TOV		unresolved
50	yiwvai		unresolved
50	ns		tooshort
50	Kirachi		unresolved
50	ivakeneth		unresolved
50	foresaw		unresolved
50	vellere		unresolved
50	barbam		unresolved
50	Horace		unresolved
50	Persius		unresolved
50	Tirshatha		unresolved
50	contended		unresolved
50	rviaVs		unresolved
50	stedfastly		unresolved
50	TTQOGWTZOV		unresolved
50	avrov		unresolved
50	undertaken		unresolved
50	contend		unresolved
50	kt		tooshort
50	kt		tooshort
50	causemaster		unresolved
50	dn		unresolved
50	bsa		unresolved
50	ivho	who	wform
50	contend		unresolved
50	wie		unresolved
50	ein		unresolved
50	Gewand		unresolved
50	verzehrt		unresolved
50	wallceth		unresolved
50	whoso		unresolved
50	walltcth		unresolved
50	RosenmiiUer	Rosenmiiller	rule
50	whoso		unresolved
50	nssi		unresolved
50	i5		tooshort
50	nw		tooshort
50	Trajan		unresolved
50	Hadrian		unresolved
50	allof		unresolved
50	sparlcs		unresolved
50	fre		unresolved
50	Hitzif		unresolved
50	jjie		unresolved
50	nemo		unresolved
50	cogitat		unresolved
50	Dei		unresolved
50	downfal		unresolved
50	P		tooshort
50	fKia		unresolved
50	TtsTivncopsva		unresolved
50	circumponitis		unresolved
50	malleolos		unresolved
50	hT		tooshort
51	ivas	was	wform
51	increa		unresolved
51	ungrarnmatical	ungrammatical	rule
51	ivird	wird	wform
51	sich		unresolved
51	erbarmen		unresolved
51	ivastes	wastes	wform
51	Ezekiel3l		unresolved
51	seern	seem	rule
51	BS		tooshort
51	fr6		unresolved
51	IBS		unresolved
51	156		unresolved
51	Lehrgebaude		unresolved
51	Kritische		unresolved
51	Grammatik		unresolved
51	ofch		unresolved
51	eine		unresolved
51	Lehre		unresolved
51	Lehre		unresolved
51	EBTSE		unresolved
51	rnin		unresolved
51	jus		unresolved
51	rrsx		unresolved
51	patefaciam		unresolved
51	promovebo		unresolved
51	CIBS		unresolved
51	lixb		unresolved
51	Grolius		unresolved
51	KXJ		unresolved
51	nsi		unresolved
51	X2		tooshort
51	downfal		unresolved
51	Croesus		unresolved
51	atiaovai		unresolved
51	quivis		unresolved
51			tooshort
51	quemadmodumprobus		unresolved
51	J3		tooshort
51	einem		unresolved
51	Riickert		unresolved
51	wie		unresolved
51	Gussetius		unresolved
51			tooshort
51	vermiculi		unresolved
51	hav7e		unresolved
51	vpon	upon	rule
51			tooshort
51	uisx		unresolved
51	rw		tooshort
51	IEJO		unresolved
51	i's		unresolved
51	rvrrrn		unresolved
51	nnd		unresolved
51	Hdlle		unresolved
51	zu		tooshort
51	sendcn		unresolved
51	MS'S		unresolved
51	nnu		unresolved
51	Tia		unresolved
51	siH		unresolved
51	5		tooshort
51	rviaai		unresolved
51	rszp		unresolved
51	bi3		unresolved
51	Ob		tooshort
51			tooshort
51	Hirsch		unresolved
51	oQvya		unresolved
51	rns		unresolved
51	Michlal		unresolved
51	Jophi		unresolved
51	Antiochus		unresolved
51	Epiphanes		unresolved
51	I'B		unresolved
51	Tp		tooshort
51	niin		unresolved
51	rian		unresolved
51	Lactantius		unresolved
51	Sesostris		unresolved
51	valour		unresolved
52	auf		unresolved
52	auf		unresolved
52	T3		tooshort
52	prisongarments		unresolved
52	tpoi1'		unresolved
52	KBB		unresolved
52	Antiochus		unresolved
52	Epiphanes		unresolved
52	aa5		unresolved
52	n'lJ		unresolved
52	wp		unresolved
52	sinnsnn		unresolved
52	nnann		unresolved
52	Tnus		unresolved
52	erns		unresolved
52	C25		unresolved
52	GExa		unresolved
52	Sjna		unresolved
52	IOBX		unresolved
52	xn		tooshort
52	nns		unresolved
52	PSEP		unresolved
52	csn		unresolved
52	Einleitung		unresolved
52	ivhat	what	wform
52	ttba		unresolved
52	bttSa		unresolved
52	tohave		unresolved
52	vVfiStt		unresolved
52	VrH		unresolved
52	sibb'in'j		unresolved
52	wilh		unresolved
52	Lovvth	Lowth	rule
52	Eichhora		unresolved
52	hoivfy		unresolved
52	jEschylus		unresolved
52	ulalare		unresolved
52	triumphis		unresolved
52	oesenius		unresolved
52	fKSTa		unresolved
52	rne	me	rule
52			tooshort
52	n3in		unresolved
52	3		tooshort
52	sn		tooshort
52	issn		unresolved
52	rtigneih		unresolved
52	x2		tooshort
52	JNah		unresolved
52	nsn		unresolved
52	MQaioi		unresolved
52	QK		tooshort
52	iiw		unresolved
52	decorus		unresolved
52	iteaa		unresolved
52	svog		unresolved
52	Vtsaa		unresolved
52	bip		unresolved
52	Ynn		unresolved
52	erheben		unresolved
52	Stimme		unresolved
52	allzumal		unresolved
52	Vitn'nga		unresolved
52	oq		tooshort
52	iioq		unresolved
52	avajj		unresolved
52	tp		tooshort
52	aitti		unresolved
52	ftx		unresolved
52	rith		unresolved
52	sich		unresolved
52	weideri		unresolved
52	pp		tooshort
52	nwtt		unresolved
52	avj		unresolved
52	nss		unresolved
52	nss		unresolved
52	praeteritum		unresolved
52	propheticum		unresolved
52	Arrian		unresolved
52	ds		tooshort
52	iov		unresolved
52	rfj		unresolved
52	Silius		unresolved
52	Italicus		unresolved
52	exscitos		unresolved
52	avide		unresolved
52	pugnae		unresolved
52	nudata		unresolved
52	lacertos		unresolved
52	Tydeus		unresolved
52	Statms		unresolved
52	exscitare		unresolved
52	nudamquc		unresolved
52	lacessere		unresolved
52	pugnam		unresolved
52	eithei		unresolved
52	ijni		unresolved
52	armourbearers		unresolved
52	fixri		unresolved
52	ia		tooshort
52	rxaa		unresolved
52			tooshort
52	Unreines		unresolved
52	angstliche		unresolved
52	pedantische		unresolved
52	Grundsatze		unresolved
52	dngsdich		unresolved
52	andpedaniisch		unresolved
52	rnrn		unresolved
52	ttnp		unresolved
52	armour		unresolved
52	tf'iJi		unresolved
52	armour		unresolved
52	nfixture		unresolved
52	armour		unresolved
52	usa		unresolved
52	yc		tooshort
52	ji'Tsn		unresolved
52	Sl		tooshort
52	Xtt		unresolved
52	Schuster		unresolved
52	etwas		unresolved
52	Zeitraubcndes		unresolved
52	Judaismus		unresolved
52	historico		unresolved
52	prophetlcal		unresolved
52	sizr		unresolved
52	Procopius		unresolved
52	jpursued		unresolved
52	morft		unresolved
52	pp		tooshort
52	Comm		unresolved
52	Bahrdt		unresolved
52	Staudlin		unresolved
52	Akiba		unresolved
52	Bolten		unresolved
52	soi		unresolved
52	disant		unresolved
52	Eckermann's		unresolved
52	libitum		unresolved
52	Martini's		unresolved
52	Commentatio		unresolved
52	critica		unresolved
52	Rostock		unresolved
52	thoitgh		unresolved
52	ty		tooshort
52	seerns	seems	rule
52	rnida		unresolved
52	ncs		unresolved
52	linx'TO		unresolved
52	ins		unresolved
52	Comm		unresolved
52	Hebrew7		unresolved
53	Martini		unresolved
53	Der		unresolved
53	nsttatiS		unresolved
53	rumour		unresolved
53	xo		tooshort
53	isatg		unresolved
53	Martini		unresolved
53	Der		unresolved
53	couragements		unresolved
53	Der		unresolved
53	Rosenraiiller		unresolved
53	ttS		unresolved
53	nto		unresolved
53	rem		unresolved
53	loquuntur		unresolved
53	forn		unresolved
53	regno		unresolved
53	cujus		unresolved
53	nulla		unresolved
53	oculis		unresolved
53	hominum		unresolved
53	nuttus		unresolved
53	decor		unresolved
53	nulla		unresolved
53	fidt		unresolved
53	disreo		unresolved
53	ard		unresolved
53			tooshort
53	irr		unresolved
53	fftfco		unresolved
53	loolc		unresolved
53	finx'ns1		unresolved
53	s'ln		unresolved
53	Vnn		unresolved
53	Gesemus		unresolved
53	Hendewetk		unresolved
53	frurn		unresolved
53	amon		unresolved
53	o't		unresolved
53	Crt		unresolved
53	uwios		unresolved
53	fywr		unresolved
53	PesRito		unresolved
53	Vin		unresolved
53	thut		unresolved
53	Martini		unresolved
53	TS		tooshort
53	yvwaros		unresolved
53	voo		unresolved
53			tooshort
53	sciens		unresolved
53	Targura		unresolved
53	Kirnchi	Kimchi	rule
53	Martini		unresolved
53	IPJOE		unresolved
53	of'no		unresolved
53	BB		tooshort
53	demeanour		unresolved
53	ntaa		unresolved
53	Martini		unresolved
53	xb		tooshort
53	iriT23		unresolved
53	bi		tooshort
53	nt		tooshort
53	SK		tooshort
53	axa		unresolved
53	ivas	was	wform
53	fctoj		unresolved
53	qitQst		unresolved
53	Symrnachus	Symmachus	rule
53	Theocloret		unresolved
53	pepaan		unresolved
53	ytQnwo		unresolved
53	jEschylus		unresolved
53	ns		tooshort
53	bbina		unresolved
53	excruciatus		unresolved
53	deriva		unresolved
53	bbn		unresolved
53	Vjn		unresolved
53	bVna		unresolved
53	IWB		unresolved
53	tumour		unresolved
53	XQ		tooshort
53	ia		tooshort
53	ivith	with	wform
53	ri		tooshort
53	cornmon	common	rule
53	J9		tooshort
53	oO		tooshort
53	Scythia		unresolved
53	Greece		unresolved
53	nku		unresolved
53	iov		unresolved
53	orra		unresolved
53	Qeov		unresolved
53	xaza		unresolved
53	sJiomoTSf		unresolved
53	spaBrt		unresolved
53	sae		unresolved
53	liess		unresolved
53	Evvald	Ewald	rule
53	liess		unresolved
53	treffen		unresolved
53	Hengstenherg	Hengstenberg	rule
53	Syrnmachus	Symmachus	rule
53	posuit		unresolved
53	eo		tooshort
53	jiis	his	rule
53	SQul		unresolved
53	exactus		unresolved
53	exigebatur		unresolved
53	pocna		unresolved
53	nss		unresolved
53	respondeo		unresolved
53	Der		unresolved
53	vx		tooshort
53	fc		tooshort
53	Martini's		unresolved
53	nasi1		unresolved
53	sifTi		unresolved
53	nys		unresolved
53	ohnehin		unresolved
53	wrn		unresolved
53	xat		unresolved
53	avzotf		unresolved
53	vnfaovae		unresolved
53	ipse		unresolved
53	voluit		unresolved
53	xisri		unresolved
53	feia		unresolved
53	erwiesen		unresolved
53	uns		unresolved
53	tyrannisch		unresolved
53	toas	was	wform
53	nnsp		unresolved
53	oi		tooshort
53	atofia		unresolved
53	quando		unresolved
53	Christus		unresolved
53	sros		unresolved
53	takejuuKay		unresolved
53	Riickert		unresolved
53	v		tooshort
53	Zwingle		unresolved
53	causa		unresolved
53	citraque		unresolved
53	judicium		unresolved
53	vin		unresolved
53	ihe		unresolved
53	osteijty		unresolved
53	jor	for	rule
53	iTn		unresolved
53	nx		tooshort
53	nnib		unresolved
53	PX		tooshort
53	Hofmann's		unresolved
53	W3		unresolved
53	Fthere		unresolved
53	SS		tooshort
53	i'a		unresolved
53	Rosennmller		unresolved
53	i'a		unresolved
53	ipsis		unresolved
53	adhaeret		unresolved
53	impuri		unresolved
53	suni		unresolved
53	Martini		unresolved
53	tumulum		unresolved
53	sepulchralem		unresolved
53	violentis		unresolved
53	nn'tea		unresolved
53	nsa		unresolved
53	Kennicott		unresolved
53	Jubb		unresolved
53	ni'aa		unresolved
53	rrea		unresolved
53	Thenius		unresolved
53	rn'pna		unresolved
53	rn		tooshort
53	Michlal		unresolved
53	Jophi		unresolved
53	Tttte		unresolved
53	Martini		unresolved
53	nizte		unresolved
53	p1		tooshort
53	Arimathea		unresolved
53	ie8		unresolved
53	Maimonides		unresolved
53	dabit		unresolved
53	impios		unresolved
53	sepultura		unresolved
53	divitem		unresolved
53	morte		unresolved
53	suo		unresolved
53	Hofmann		unresolved
53	bs		tooshort
53	ittix		unresolved
53	Pfcjy		unresolved
53	sepulchre		unresolved
53	Kennicott		unresolved
53	miaa		unresolved
53	nntea		unresolved
53	uhen	when	rule
53	Luzzaito		unresolved
53	to1		unresolved
53	contritus		unresolved
53	nrr		unresolved
53	xsn		unresolved
53	nbn		unresolved
53	Martini		unresolved
53	ixs		unresolved
53	nn		tooshort
53	plcasefi		unresolved
53	Xi		unresolved
53	Hendevverk	Hendewerk	rule
53	ii'fi		unresolved
53	icaa		unresolved
53	rxsn		unresolved
53	sinoffering		unresolved
53	wkich		unresolved
53	Martini		unresolved
53	felicissimc		unresolved
53	Jehofah		unresolved
53	itinere		unresolved
53	eo		tooshort
53	laboravit		unresolved
53	ia		tooshort
53	aia		unresolved
53	insna		unresolved
53	rtx		unresolved
53	mirifice		unresolved
53	laetabitur		unresolved
53	sapientid		unresolved
53	sua		unresolved
53	Martini		unresolved
53	inr1		unresolved
53	experi		unresolved
53	MessiaJ		unresolved
53	sV		tooshort
53	worgjjP		unresolved
53	srt		unresolved
53	P1		unresolved
53	ihe		unresolved
53	als		unresolved
53	Gerechter		unresolved
53	Martini's		unresolved
53	pis		unresolved
53	iniquitates		unresolved
53	ipse		unresolved
53	portabit		unresolved
53	illi		unresolved
53	portare		unresolved
53	poterant		unresolved
53	pondere		unresolved
53	opprimebantur		unresolved
53	Christus		unresolved
53	justificat		unresolved
53	homines		unresolved
53	dando		unresolved
53	ipsis		unresolved
53	justitiam		unresolved
53	suam		unresolved
53	vicissim		unresolved
53	suscipit		unresolved
53	peccata		unresolved
53	ipsorum		unresolved
53	eccpiet		unresolved
53	o1		tooshort
53	Martini		unresolved
53	iis		unresolved
53	ungodlybrethren		unresolved
53	P1		tooshort
53	toUere		unresolved
53	morbum		unresolved
53	laymen		unresolved
53	noMov		unresolved
53	dispertiam		unresolved
53	ei		tooshort
53	plurimos		unresolved
53	Martini		unresolved
53	rx		tooshort
53	tini		unresolved
53	tpsn		unresolved
53	rn		tooshort
53	E3		tooshort
53	K'W		unresolved
53	Nirfl		unresolved
53	P'tttt		unresolved
53	iaa		unresolved
53	Ktoa		unresolved
53	anbis		unresolved
53	tp		tooshort
53	N'jn		unresolved
53	Nitta		unresolved
53	Kw5		unresolved
53	tfitts		unresolved
53	Ntba		unresolved
53	CJ3		unresolved
53	Ktoi		unresolved
54	wornaii		unresolved
54	ris		unresolved
54	nsQ		unresolved
54	rraa'raj		unresolved
54	nbws		unresolved
54	cia		unresolved
54	pfi		unresolved
54	hisatiji		unresolved
54			tooshort
54	finpa		unresolved
54	Malachi		unresolved
54	ONEPI		unresolved
54	sssfr		unresolved
54	rnsn		unresolved
54	iax		unresolved
54	Heftderson		unresolved
54	FQITS		unresolved
54	fts		unresolved
54	ein		unresolved
54	vertriebnes		unresolved
54	Weib		unresolved
54	betrubten		unresolved
54	Herzens		unresolved
54	forsook		unresolved
54	sailh		unresolved
54	tjao		unresolved
54	W5		tooshort
54	Sj3		unresolved
54	der		unresolved
54	Fluth		unresolved
54	der		unresolved
54	Zorngluth		unresolved
54	derber		unresolved
54	Herbe		unresolved
54	als		unresolved
54	der		unresolved
54	voll		unresolved
54	js		tooshort
54	forbiddino		unresolved
54			tooshort
54	wie		unresolved
54	Wassern		unresolved
54	j3		tooshort
54	rttix		unresolved
54			tooshort
54	itfx		unresolved
54	pacificum		unresolved
54	foedus		unresolved
54	TjiBa		unresolved
54	ordinem		unresolved
54	Ludolf		unresolved
54	st3		unresolved
54	ttEn		unresolved
54	rn		tooshort
54	DHS		unresolved
54	Tf		tooshort
54	wiH		unresolved
54	hi'3'i3		unresolved
54	rvu2E'		unresolved
54	px		tooshort
54	bsna		unresolved
54	theremay		unresolved
54	sjnto		unresolved
54	bequemer		unresolved
54	passender		unresolved
54	TpB		unresolved
54	W2		unresolved
54	js		tooshort
54	dwdidaxTot		unresolved
54	Antiochus		unresolved
54	Epipbanes		unresolved
54	Tj		tooshort
54	Virgil's		unresolved
54	florentes		unresolved
54	aetatibus		unresolved
54	fxso		unresolved
54	calumniam		unresolved
54	piB3		unresolved
54	ntnna		unresolved
54	ptf		unresolved
54	fc		tooshort
54	Gousset		unresolved
54	contend		unresolved
54	rta		unresolved
54	Einleitung		unresolved
54	pp		tooshort
54	h2Eia		unresolved
54	Ffi'SB		unresolved
54	mt		tooshort
54	rny	my	rule
54	Tp		tooshort
54	S3		tooshort
54	bss		unresolved
54	adjungetur		unresolved
54	tibi		unresolved
54	uJx		unresolved
54	regimine		unresolved
54	armourer		unresolved
54	ivork	work	wform
54	ninizSa		unresolved
54	bao		unresolved
54	ihee		unresolved
54	co		tooshort
54	spu		unresolved
54	wn		tooshort
54	conquest	conquest	rule
54	Rorn	Rom	rule
54	jus		unresolved
54	of'Jehovah's		unresolved
55	yc		tooshort
55	ivine	wine	wform
55	Targurn	Targum	rule
55	wohlan		unresolved
55	aufl		unresolved
55	heu		unresolved
55	xas		unresolved
55	omne		unresolved
55	sitiens		unresolved
55	euer		unresolved
55	Ermuhetes		unresolved
55	euer		unresolved
55	Erspartes		unresolved
55	vielmehr		unresolved
55	hort		unresolved
55	Kx		tooshort
55	rnvrib		unresolved
55	Rosenmtiller's		unresolved
55	pinsp		unresolved
55	PVJDD		unresolved
55	Kirnchi	Kimchi	rule
55	t		tooshort
55	rvna		unresolved
55	rns		unresolved
55	fcs		unresolved
55	oai		unresolved
55	Mai		unresolved
55	Coccejus		unresolved
55	ft		tooshort
55	jn		tooshort
55	rns		unresolved
55	nta		unresolved
55	QI		tooshort
55	ag		tooshort
55	nyt		unresolved
55	Icnowest		unresolved
55			tooshort
55	ihee		unresolved
55	noverat		unresolved
55	ecclesiae		unresolved
55	suae		unresolved
55	membra		unresolved
55	ipsum		unresolved
55	noverant		unresolved
55	plerique		unresolved
55	etiam		unresolved
55	ipso		unresolved
55	quicquam		unresolved
55	audiverant		unresolved
55			tooshort
55	der		unresolved
55	der		unresolved
55	Missethat		unresolved
55	ttiarw		unresolved
55	Oecolampadius		unresolved
55	h3		tooshort
55	Viae		unresolved
55	Dei		unresolved
55	vel		unresolved
55	ipse		unresolved
55	incedit		unresolved
55	vel		unresolved
55	homines		unresolved
55	incedere		unresolved
55	vult		unresolved
55	Aioq		unresolved
55	xQeicaaw		unresolved
55	voog		unresolved
55	ijensQ		unresolved
55	Croesus		unresolved
55	jn		tooshort
55	rn		tooshort
55	certainlv		unresolved
55	IIBX		unresolved
55	rbv		unresolved
55	jna		unresolved
55	rr		tooshort
55	sirj		unresolved
55	Virgil		unresolved
55	ipsi		unresolved
55	laetitia		unresolved
55	monies		unresolved
55	psss		unresolved
55	pp		tooshort
55	Simonis		unresolved
55	xovv		unresolved
55	ff		unresolved
55	bequem		unresolved
55	angenehm		unresolved
56	pre		unresolved
56	co		tooshort
56	wfeich		unresolved
56	callino1		unresolved
56	lyting		unresolved
56	EQ		tooshort
56	ia		tooshort
56	fni'n		unresolved
56	xz		tooshort
56	rxi		unresolved
56	pp		tooshort
56	ivho	who	wform
56	csn		unresolved
56	ja		tooshort
56	Fremde		unresolved
56	vialls		unresolved
56	ivill	will	wform
56	n		tooshort
56	cippi		unresolved
56	rV		tooshort
56	fl		tooshort
56	sn		tooshort
56	itthi		unresolved
56	ri		tooshort
56	co		tooshort
56	Mai		unresolved
56	nbs		unresolved
56	commendabilis		unresolved
56	hac		unresolved
56	ecclesiae		unresolved
56	rnasoretic	masoretic	rule
56	fiYn		unresolved
56	Icnow		unresolved
56	w		tooshort
56	w		tooshort
56	nsn		unresolved
56	tesa		unresolved
56	inat		unresolved
56	revellers		unresolved
56	X3D		unresolved
56	crastinus		unresolved
57	sti		unresolved
57	Tertullian		unresolved
57	nulla		unresolved
57	probabilem		unresolved
57	mjeans		unresolved
57	3for		unresolved
57	denn		unresolved
57	denn		unresolved
57	BB		tooshort
57	tfl		unresolved
57	inba		unresolved
57	incedit		unresolved
57	reguicscat		unresolved
57	idenfifying		unresolved
57	nsis		unresolved
57	nVis		unresolved
57	onena		unresolved
57	nstw		unresolved
57	Mjit		unresolved
57	Gousset		unresolved
57	Mai		unresolved
57	srri		unresolved
57	Persius		unresolved
57	Livy		unresolved
57	txa		unresolved
57	paid		unresolved
57	torrentibus		unresolved
57	ihere		unresolved
57	Libanus		unresolved
57	Antilibanus		unresolved
57	drinkoffering		unresolved
57	Lowtb		unresolved
57	Arnobius		unresolved
57	lubricatum		unresolved
57	lapidem		unresolved
57	olivi		unresolved
57	unguine		unresolved
57	sordidatum		unresolved
57	rmd		unresolved
57	des		unresolved
57	Thales		unresolved
57	Steinchen		unresolved
57	dein		unresolved
57	pV		tooshort
57	lusus		unresolved
57	verborum		unresolved
57	tnax		unresolved
57	offerino		unresolved
57	Lares		unresolved
57	n		tooshort
57	psra		unresolved
57	rnrrin		unresolved
57	VsuJn		unresolved
57	qn		tooshort
57	Manrer		unresolved
57	ns		tooshort
57	seerns	seems	rule
57	ttSsos		unresolved
57	dcsperatum		unresolved
57	nn		unresolved
57			tooshort
57	mightcst		unresolved
57	csi		unresolved
57	cb		tooshort
57	cbira		unresolved
57	quidem		unresolved
57	imao		unresolved
57	l'sa		unresolved
57	nj		tooshort
57	Zwingle		unresolved
57	Thenius		unresolved
57	Tj		tooshort
57	ss		tooshort
57	theel		unresolved
57	Sf		tooshort
57	bsrj		unresolved
57	rni		unresolved
57	iax		unresolved
57	vox		unresolved
57	sni		unresolved
57	ftbinri		unresolved
57	xtea		unresolved
57	cuj		unresolved
57	holij		unresolved
57	tiinj		unresolved
57	cipa		unresolved
57	rx		tooshort
57	Tistfx		unresolved
57	yisaix		unresolved
57	Vitrino		unresolved
57	tbe		unresolved
57	contend		unresolved
57	p25		unresolved
57	caHgine		unresolved
57	obvolvitur		unresolved
57	3		tooshort
57	respirationes		unresolved
57	ventulum		unresolved
57	faciam		unresolved
57	Frattja		unresolved
57	ttSsa		unresolved
57	The	The	rule
57	teaa		unresolved
57	uas	was	rule
57	een		unresolved
57	veI7		unresolved
57	ssa		unresolved
57	scortatio		unresolved
57	gingen		unresolved
57	Narrandi		unresolved
57	nullus		unresolved
57	inceperis		unresolved
57	apree		unresolved
57	quiescere		unresolved
57	Ferdinand		unresolved
57	an'ia		unresolved
57	wickedthcy		unresolved
57	vpaTa		unresolved
57	ayQia		unresolved
57	Ovid		unresolved
57	Cumque		unresolved
57	hibernis		unresolved
57	agitatum		unresolved
57	fluctibus		unresolved
57	aequor		unresolved
57	ipso		unresolved
57	turbidiora		unresolved
57	exchangintf		unresolved
57	fvj'Ti		unresolved
57	TJ		tooshort
57	xvQiog		unresolved
57	foV		unresolved
57	Deus		unresolved
57	meus		unresolved
57	contends		unresolved
57	Riickert		unresolved
58	Iv	lv	roman
58	iGyv'i		unresolved
58	contend		unresolved
58	ivill	will	wform
58	aiss		unresolved
58	Jiast	hast	rule
58	subjectos		unresolved
58	fiis		unresolved
58	Naboth		unresolved
58	ai		unresolved
58	ain		unresolved
58	b		tooshort
58	ns		tooshort
58	ranEivbv		unresolved
58	crives		unresolved
58	hang		unresolved
58	ns		tooshort
58	ss		tooshort
58	Ahab		unresolved
58	des		unresolved
58	Tages		unresolved
58	src		unresolved
58	rraa		unresolved
58	rrao		unresolved
58	Y1		unresolved
58	Augustine		unresolved
58	Jejunium		unresolved
58	abstinere		unresolved
58	iniquitatibus		unresolved
58	illicitis		unresolved
58	voluptatibus		unresolved
58	secuJi		unresolved
58	perfectum		unresolved
58	jejunium		unresolved
58	fle		unresolved
58	commonfy		unresolved
58	dinna		unresolved
58	n'ma		unresolved
58	dsx		unresolved
58	Dachlose		unresolved
58	vagos		unresolved
58			tooshort
58	GOV		unresolved
58	rereward		unresolved
58	talte		unresolved
58	ivill	will	wform
58	Unterjochung		unresolved
58	Persius		unresolved
58	infamis		unresolved
58	rideto		unresolved
58	digitum		unresolved
58	porrigito		unresolved
58	intende		unresolved
58	digitum		unresolved
58	hunc		unresolved
58	Targuin		unresolved
58	jttJBJ		unresolved
58	Lovvth	Lowth	rule
58	Sfi		unresolved
58	snn		unresolved
58			tooshort
58	ttJsa		unresolved
58	deinen		unresolved
58	Bissen		unresolved
58	aio		unresolved
58	rotunde		unresolved
58	beneficia		unresolved
58	stricturas		unresolved
58	lucis		unresolved
58	ecclesiae		unresolved
58	inductas		unresolved
58	restat		unresolved
58	meridies		unresolved
58	expectat		unresolved
58	tibi		unresolved
58	dabit		unresolved
58	nw		tooshort
58	nrn		unresolved
58	Driessen		unresolved
58	rvinxnsa		unresolved
58	ossa		unresolved
58	liberabit		unresolved
58	sp		tooshort
58	jn		unresolved
58	llosea		unresolved
58	Habakkuk		unresolved
58	thcc		unresolved
58	thce		unresolved
58	sisa		unresolved
58	cbi's		unresolved
58	nj		tooshort
58	rTrb		unresolved
58	riri		unresolved
58	juietem		unresolved
58	quiescendum		unresolved
58	IMaurer		unresolved
58	vhorn	whom	rule
58	habitandum		unresolved
58	sc		tooshort
58	terram		unresolved
58	rvito		unresolved
58			tooshort
58	inodern		unresolved
58	dir		unresolved
58	gefdlli		unresolved
58	Ilitzig		unresolved
58	pTr		unresolved
58	cinp		unresolved
58	raits		unresolved
58	tv		tooshort
58	OQ		tooshort
58	iornn		unresolved
58	rn		tooshort
59	Hanc		unresolved
59	veniam		unresolved
59	petimusque		unresolved
59	damusque		unresolved
59	vicissim		unresolved
59	3		tooshort
59	vieltnehr		unresolved
59	viclmehr		unresolved
59	bislang		unresolved
59	scheidend		unresolved
59	Jingers	fingers	rule
59	classifies		unresolved
59	VKSS		unresolved
59	xa		tooshort
59	proferi		unresolved
59	dichtet		unresolved
59	P		tooshort
59	invocet		unresolved
59	justitiam		unresolved
59	willino		unresolved
59	voco		unresolved
59	jus		unresolved
59	preferreth		unresolved
59	fisiraxs		unresolved
59	aara		unresolved
59	bona		unresolved
59	Jides	fides	rule
59	iriti		unresolved
59	auf		unresolved
59	ein		unresolved
59	modem	modern	realword
59	i'Bs		unresolved
59	rnsit		unresolved
59	rnit		unresolved
59	nsb		unresolved
59	11		unresolved
59	a7		tooshort
59	confotum		unresolved
59	Jarcbi		unresolved
59	fnwi		unresolved
59	MichaeJis	Michaelis	rule
59	schlange		unresolved
59	Lowill's		unresolved
59	ivill	will	wform
59	bul		unresolved
59	MtiAe		unresolved
59	interprelers		unresolved
59	hasle		unresolved
59	hesilale		unresolved
59	tentious		unresolved
59	Lowtli	Lowth	rule
59	arfcasTea		unresolved
59	irpr		unresolved
59	nnn		unresolved
59	itli		unresolved
59	Vitiinga's		unresolved
59	Croesus		unresolved
59	FrstBM		unresolved
59	Houhigant	Houbigant	rule
59	JIMES		unresolved
59	abxa		unresolved
59	Riickert		unresolved
59	caliginosis		unresolved
59	trrx		unresolved
59	Bauer		unresolved
59	Ferdinand		unresolved
59	L7		tooshort
59	ivith	with	wform
59	quodque		unresolved
59	ipsum		unresolved
59	atea		unresolved
59	pito		unresolved
59	whoso		unresolved
59	nss		unresolved
59	Lovvth's	Lowth's	rule
59	WB		tooshort
59	bVa		unresolved
59	Evvald	Ewald	rule
59	fr6m	from	rule
59	selteii		unresolved
59	desole		unresolved
59	B		tooshort
59	ft		tooshort
59	ft		tooshort
59	doin		unresolved
59	amonothemselves		unresolved
59	habenda		unresolved
59	scopi		unresolved
59	singularum		unresolved
59	vocum		unresolved
59	nst		unresolved
59	rw		tooshort
59	vielory		unresolved
59	nxa		unresolved
59	armour		unresolved
59	armour		unresolved
59	armour		unresolved
59	equipped		unresolved
59	Jubb		unresolved
59	fpnn		unresolved
59	humour		unresolved
59	bs3		unresolved
59	brs		unresolved
59	Rctributor		unresolved
59	b2		tooshort
59			tooshort
59	Kennicott		unresolved
59	overthrown		unresolved
59	ivest	west	wform
59	Mai		unresolved
59	o		tooshort
59	nn		unresolved
59	JTJSTJ		unresolved
59	noob		unresolved
59	ia		tooshort
59	venerit		unresolved
59	flumus		unresolved
59	viohntus		unresolved
59	Domini		unresolved
59	cogit		unresolved
59	njrn		unresolved
59	nx		tooshort
59	Polel		unresolved
59	oa		tooshort
59	ns		tooshort
59	fluvius		unresolved
59	hostis		unresolved
59	Domini		unresolved
59	praeftrt		unresolved
59	ns3		unresolved
59	sailh		unresolved
59	yi		unresolved
59	zb		tooshort
59	trtxsv		unresolved
59	uv		tooshort
59	icor		unresolved
59	befcr		unresolved
59	exampie		unresolved
59	JXoah		unresolved
59	neverfailing		unresolved
6	aggra		unresolved
6	accpunt		unresolved
6	facie		unresolved
6	facto		unresolved
6	otber		unresolved
6	wp		tooshort
6	nanx		unresolved
6	flics		unresolved
6	Abulwalid		unresolved
6	Jire	fire	rule
6	Lightfoot		unresolved
6	Jii		unresolved
6	Urnbreit	Umbreit	rule
6	wrord		unresolved
6	Arg		unresolved
6	ivings	wings	wform
6	natur		unresolved
6	lly		unresolved
6	Origen		unresolved
6	faciem		unresolved
6	alterum		unresolved
6	conversus		unresolved
6	unitate		unresolved
6	conjuncta		unresolved
6	triplicitas		unresolved
6	yixn		unresolved
6	Wesen		unresolved
6	nixsa		unresolved
6	nw		tooshort
6	Nordh		unresolved
6	Qsn		unresolved
6	superliminaria		unresolved
6	cardinum		unresolved
6	voce		unresolved
6	clamante		unresolved
6	tacui		unresolved
6			tooshort
6	Tflaii		unresolved
6	fleiv	flew	rule
6	tips1		unresolved
6	forgiven		unresolved
6	shechinah		unresolved
6	Isend		unresolved
6	dicit		unresolved
6	praecipiat		unresolved
6	sed		unresolved
6	proponit		unresolved
6	audientibus		unresolved
6	optionem		unresolved
6	voluntas		unresolved
6	praemium		unresolved
6	consequatur		unresolved
6	nobis		unresolved
6	ibit		unresolved
6	sententia		unresolved
6	concilii		unresolved
6	angelorum		unresolved
6	sumus		unresolved
6	naturam		unresolved
6	referimus		unresolved
6	sumus		unresolved
6	personarum		unresolved
6	diversitatem		unresolved
6			tooshort
6	intelligetis		unresolved
6	auditeaudientes		unresolved
6	Videte		unresolved
6	visionem		unresolved
6	Angusti		unresolved
6	indesinenter		unresolved
6	iterum		unresolved
6	iterumque		unresolved
6	Wetstein		unresolved
6	Demosthenes		unresolved
6	py		tooshort
6	oQav		unresolved
6	axovovra		unresolved
6	axovtiv		unresolved
6	Ischylus		unresolved
6	vovv		unresolved
6	Deus		unresolved
6	praecipit		unresolved
6	judicialiter		unresolved
6	agit		unresolved
6	criminaliter		unresolved
6	propheta		unresolved
6	ministerialiter'		unresolved
6	impinguando		unresolved
6	impinguavit		unresolved
6	aggravando		unresolved
6	aggravavit		unresolved
6	oblinendo		unresolved
6	oblivit		unresolved
6	theidibyes		unresolved
6	Absque		unresolved
6	hoc		unresolved
6	manet		unresolved
6	eadem		unresolved
6	quaestio		unresolved
6	ecclesiis		unresolved
6	aut		unresolved
6	ista		unresolved
6	solventur		unresolved
6	ceterae		unresolved
6	aut		unresolved
6	ceteris		unresolved
6	indissolubilis		unresolved
6	erit		unresolved
6	pr		tooshort
6	ee		tooshort
6	intelligat		unresolved
6	KB1		unresolved
6	Leere		unresolved
6	rnifsj		unresolved
6	gf		tooshort
6	jg		tooshort
6	siiliffl		unresolved
6	gxjgflgian		unresolved
6			tooshort
6	ening		unresolved
6	le		tooshort
6	foresttrees		unresolved
6	xav3		unresolved
6	zxlopiv		unresolved
6	ftot		unresolved
6	aj		tooshort
6			tooshort
6	S2b		unresolved
6	nrv		unresolved
6	waa		unresolved
6	causeivay	causeway	rule
60	pre		unresolved
60	shali	shah	rule
60	is'contrasted		unresolved
60	Newman		unresolved
60	England		unresolved
60	rnt		unresolved
60	Shechinah		unresolved
60	Rosemniiller's		unresolved
60	unbiassed		unresolved
60	toTjttin		unresolved
60	JXoyes		unresolved
60	tbepast		unresolved
60	meantime		unresolved
60	afl		unresolved
60	pirnn		unresolved
60	ihy		unresolved
60	Chardin		unresolved
60	latere		unresolved
60	evideni		unresolved
60	ihy		unresolved
60	Michaclis		unresolved
60	Justi		unresolved
60	fit7		unresolved
60	iibi		unresolved
60	divina		unresolved
60	Percipit		unresolved
60	Soncin		unresolved
60	pn		tooshort
60	wn		tooshort
60	shctlt		unresolved
60	lastige		unresolved
60	afflues		unresolved
60	Trernellius	Tremellius	rule
60	shnlt		unresolved
60	ina		unresolved
60	it'as		unresolved
60	pESi		unresolved
60	fenn		unresolved
60	Bti		unresolved
60	inundatio		unresolved
60	nssiz		unresolved
60	axtjniai		unresolved
60	Keturah		unresolved
60	Jokshan		unresolved
60	Shebn		unresolved
60	Madiene		unresolved
60	Modion		unresolved
60	Hierozoicon		unresolved
60	nxn		unresolved
60	ntes'		unresolved
60	wto		unresolved
60	Vitiinga		unresolved
60	Kirnchi	Kimchi	rule
60	Nabataei		unresolved
60	Siculus		unresolved
60	Tisnb		unresolved
60	Visn		unresolved
60	ysv		unresolved
60	TGIB		unresolved
60	ibsi		unresolved
60	hnata		unresolved
60	V's		unresolved
60	bs		tooshort
60	p's		unresolved
60	jix'nb		unresolved
60	Suetonius		unresolved
60	Tacitus		unresolved
60	SEP		unresolved
60	rnxBn		unresolved
60			tooshort
60	Herod's		unresolved
60	Credat		unresolved
60	Judaeus		unresolved
60	apella		unresolved
60	Procopius		unresolved
60	vitanda		unresolved
60	utique		unresolved
60	applicationibus		unresolved
60	AMoyevij		unresolved
60	nostrae		unresolved
60	rationeshic		unresolved
60	liquidae		unresolved
60	cmrmst		unresolved
60	bx		tooshort
60	elende		unresolved
60	Conjectur		unresolved
60	ns		tooshort
60	iij		unresolved
60	sn		tooshort
60	Spain		unresolved
60	atjlrst		unresolved
60	Tartessus		unresolved
60	Baetis		unresolved
60	Guadalquiver		unresolved
60	Spain		unresolved
60	Spain		unresolved
60	Spain		unresolved
60	thce		unresolved
60	3		tooshort
60	ungrammaticalr		unresolved
60	lieb	heb	rule
60	wiedcr		unresolved
60	Eicbhorn		unresolved
60	cornp	comp	rule
60			tooshort
60	VTI		unresolved
60	exercilus		unresolved
60	copia		unresolved
60	CWID		unresolved
60	Targuin		unresolved
60	rirpT		unresolved
60	WI3		unresolved
60	thcc		unresolved
60	box		unresolved
60	boiv	bow	rule
60	bef		unresolved
60	adorabunf		unresolved
60	vestigia		unresolved
60	tuoruni		unresolved
60	pta		unresolved
60			tooshort
60	ofage		unresolved
60	nnn		unresolved
60	nwato		unresolved
60	rthe		unresolved
60	ste		unresolved
60	rn		tooshort
60	ito		unresolved
60	ia5		unresolved
60	cfor		unresolved
60	rvrj		unresolved
60	srfejab		unresolved
60	i		tooshort
60	QtiJ		unresolved
60	Jifertn		unresolved
60	ylv		unresolved
60	occupabit		unresolved
60	sp		tooshort
60	fiib		unresolved
60	fiabb		unresolved
60	biemish		unresolved
60	istji		unresolved
60	yvldaucw		unresolved
60	ttb		unresolved
60	il		tooshort
60	pp		tooshort
60	s		tooshort
60	WBO		unresolved
60	soa		unresolved
60	ipse		unresolved
60	subito		unresolved
60	faciam		unresolved
60	semijudaei		unresolved
60	Procopius		unresolved
61	Sarn	Sam	rule
61	Pif		unresolved
61	rhp		unresolved
61	nipnjsB		unresolved
61	nps		unresolved
61	Selbstapologie		unresolved
61	nothgedrungeii		unresolved
61	aliquid		unresolved
61	indulgendum		unresolved
61	censuit		unresolved
61	Judaeis		unresolved
61	candour		unresolved
61	PRE		unresolved
61	Alexandria		unresolved
61	Vossius		unresolved
61	wto		unresolved
61			tooshort
61	Putzfur		unresolved
61	Schmutz		unresolved
61	coronam		unresolved
61	cinere		unresolved
61	nfentn		unresolved
61	rj		tooshort
61	i3		tooshort
61	fc		tooshort
61	vv		tooshort
61	feian		unresolved
61	fvia		unresolved
61	fej		unresolved
61	majores		unresolved
61	ploughmen		unresolved
61	vinedressers		unresolved
61	laymen		unresolved
61	Procopius		unresolved
61	vinedressers		unresolved
61	superbietis		unresolved
61	nsxn'i		unresolved
61	Scheid		unresolved
61	remarkaable		unresolved
61	Macedonia		unresolved
61	Achaia		unresolved
61	JnE		unresolved
61	nn		tooshort
61	inx		unresolved
61	M		tooshort
61	rv		tooshort
61	rV3S		unresolved
61	I'BIZJ		unresolved
61	biia		unresolved
61	trr3		unresolved
61	acquitted		unresolved
61	jsn		unresolved
61	rns		unresolved
61	ins		unresolved
61	rj3		unresolved
61	rvpqttov		unresolved
61	ieQarevopevw		unresolved
61	vreqavy		unresolved
61	IXB		unresolved
61	ivhich	which	wform
61	ttmas		unresolved
61	rrssp		unresolved
61	rrr		unresolved
61	germinat		unresolved
61	germinabit		unresolved
62	Peliverer		unresolved
62	le		tooshort
62	salvator		unresolved
62	justum		unresolved
62	tuurn		unresolved
62	inclytum		unresolved
62	tuum		unresolved
62	Suetonius's		unresolved
62	athletae		unresolved
62	Brentius		unresolved
62	diadtm		unresolved
62	thce		unresolved
62	Azubah		unresolved
62	Shemamah		unresolved
62	Hephzibah		unresolved
62	Azubah		unresolved
62	Hephzibah		unresolved
62	bsii		unresolved
62	tbt		unresolved
62	cornbinations	combinations	rule
62	vth's		unresolved
62	plaralis		unresolved
62	bsa		unresolved
62	ft		tooshort
62	tbou		unresolved
62	Tp		tooshort
62	Gesenhis		unresolved
62	srt		unresolved
62	iTjstx		unresolved
62	Tertullian		unresolved
62	Deo		unresolved
62	grata		unresolved
62	xas		unresolved
62	BS		tooshort
62	ibpo		unresolved
62	jasTa		unresolved
62	br		tooshort
62	bx		tooshort
62	asjn		unresolved
62	Jn		tooshort
62	dieselben		unresolved
62	Worte		unresolved
62	eadem		unresolved
62	legimus		unresolved
62	Derushah		unresolved
62	Ir		tooshort
62	neezabah		unresolved
62	ploughmen		unresolved
63	Croesus		unresolved
63	heen	been	rule
63	overthrown		unresolved
63	Sardis		unresolved
63	pisn		unresolved
63	fiin		unresolved
63	1		tooshort
63	Michaetis		unresolved
63	njr		unresolved
63	Hagg		unresolved
63	contend		unresolved
63	Croesus		unresolved
63	Hyrcanus		unresolved
63	nsa		unresolved
63	Tbattx		unresolved
63	SUJK		unresolved
63	Psalrns	Psalms	rule
63	mbnn		unresolved
63	Crowes		unresolved
63	vsta		unresolved
63	bss		unresolved
63	postulante		unresolved
63	parallelismo		unresolved
63	verlangt		unresolved
63	der		unresolved
63	Parallelismus		unresolved
63	Tipur		unresolved
63	J56		unresolved
63	Melek		unresolved
63	omni		unresolved
63	eornm		unresolved
63	tribulatus		unresolved
63	ovds		unresolved
63	ayytvLo		unresolved
63	avro		unresolved
63	sawtitv		unresolved
63	avioi		unresolved
63			tooshort
63	irnx		unresolved
63	Aurivillius		unresolved
63	Aurivillius's		unresolved
63	6		tooshort
63	Ms		tooshort
63	Aharbenel	Abarbenel	rule
63	Mai		unresolved
63	ft		tooshort
63	olim		unresolved
63	repreted		unresolved
63	seni		unresolved
63	rjtl		unresolved
63	Itst		unresolved
63	iheir		unresolved
63	ias		unresolved
63	IES		unresolved
63	rvro		unresolved
63	vn		tooshort
63	rr		tooshort
63	niss		unresolved
63	nui		unresolved
63	csbsan		unresolved
63	rtson		unresolved
63	ia		tooshort
63	ipja		unresolved
63	Spbl'o		unresolved
63	yfcia		unresolved
63	m'Enfi		unresolved
63	straucheln		unresolved
63	anstossen		unresolved
63	Frana		unresolved
63	isnan		unresolved
63	Hagg		unresolved
63	ze		tooshort
63	Wtfsnn		unresolved
63			tooshort
63	ntf		unresolved
63	oi		tooshort
63	deine		unresolved
63	grosse		unresolved
63	herzliche		unresolved
63	Barmherzigkeit		unresolved
63	sich		unresolved
63	gegen		unresolved
63	ihee		unresolved
63			tooshort
63	pre		unresolved
63	everlastino		unresolved
63	Hitzio		unresolved
63			tooshort
63	pre		unresolved
63	nd		tooshort
63	I5sa		unresolved
63	nihilum		unresolved
63			tooshort
63	i3		tooshort
63	RosenmiiUer	Rosenmiiller	rule
63	parvum		unresolved
63	niakkeph		unresolved
63	JFJ		unresolved
63	smjv		unresolved
63	csa		unresolved
63	tobiaas		unresolved
63	fcbisa		unresolved
63	ive	we	wform
63	tabtea		unresolved
63	xib		unresolved
64	ivater	water	wform
64	rrij		unresolved
64	Cp		tooshort
64	aquae		unresolved
64	effervescunt		unresolved
64	igne		unresolved
64	itini		unresolved
64	rijjM		unresolved
64	praeterite		unresolved
64			tooshort
64	ona		unresolved
64	Poole's		unresolved
64	incidas		unresolved
64	offenderes		unresolved
64	ii'Ba		unresolved
64	sirssi		unresolved
64	bten		unresolved
64	susii		unresolved
64	ns		tooshort
64	facillimus		unresolved
64	optimus		unresolved
64	quisque		unresolved
64	viderit		unresolved
64	aegre		unresolved
64	aspicio		unresolved
64	homines		unresolved
64	videantur		unresolved
64	nihil		unresolved
64	scribere		unresolved
64	consignare		unresolved
64	ipsi		unresolved
64	praevideant		unresolved
64	neminem		unresolved
64	recepturum		unresolved
64	esse		unresolved
64	pre		unresolved
64	ss		tooshort
64	fc		tooshort
64	rjft		unresolved
64	tw		tooshort
64	nss		unresolved
64	Hilzig		unresolved
64	issjmn		unresolved
64	aia		unresolved
64	sitti		unresolved
64			tooshort
64	differentone		unresolved
64	finx		unresolved
64	JXE		unresolved
64	i		tooshort
64	NJ		tooshort
64	desertj		unresolved
64	rnn		unresolved
64	Antiochus		unresolved
64	Epiphanes		unresolved
64	pre		unresolved
65	ttJ		unresolved
65	tti		unresolved
65	tyevtj		unresolved
65	qv		tooshort
65	Moshe		unresolved
65	Haccohen		unresolved
65	pffenbar		unresolved
65	np		tooshort
65	Iricks		unresolved
65	nisa		unresolved
65	ttiaa		unresolved
65	rvia		unresolved
65	sed		unresolved
65	redeamus		unresolved
65	vatis		unresolved
65	explicando		unresolved
65	versamnr		unresolved
65	trt		unresolved
65	noke		unresolved
65	Jire	fire	rule
65	noch		unresolved
65	sagt		unresolved
65	spbx		unresolved
65	i'np		unresolved
65	rrcja		unresolved
65	aoQQet		unresolved
65	tpnirnp		unresolved
65			tooshort
65			tooshort
65	Thenius		unresolved
65			tooshort
65	Hagg		unresolved
65	ns		tooshort
65	Mai		unresolved
65	n3		tooshort
65	WjW		unresolved
65	3		tooshort
65	ausser		unresolved
65	Boaz		unresolved
65	bs		tooshort
65	bs		tooshort
65	zuersi		unresolved
65	ft		tooshort
65	JB		tooshort
65	ittsxs		unresolved
65	irx		unresolved
65	ivhen	when	wform
65	i		tooshort
65	f3		tooshort
65	ttSrrn		unresolved
65	grapejuice		unresolved
65	Vi3tt5x		unresolved
65	Jadah		unresolved
65	nt		tooshort
65	onr		unresolved
65	beins		unresolved
65	ofAchor		unresolved
65	Jericho		unresolved
65	Joppa		unresolved
65	Cesarea		unresolved
65	guaranteeing		unresolved
65	Jewls		unresolved
65	forsaJcers		unresolved
65	aftxi		unresolved
65	Zeltner		unresolved
65	ia		tooshort
65	Menij		unresolved
65			tooshort
65	m		tooshort
65	Ashtoreth		unresolved
65	Ewalcl		unresolved
65			tooshort
65			tooshort
65	sLuo		unresolved
65	Mohammed		unresolved
65			tooshort
65	na'a		unresolved
65	lectisternia		unresolved
65	showbread		unresolved
65	anders		unresolved
65	Miohaelis		unresolved
65	Meni		unresolved
65	Meni		unresolved
65	Meni		unresolved
65	n'1		unresolved
65	Shicksal		unresolved
65	schicke		unresolved
65	Verh'dngniss		unresolved
65	verhdnge		unresolved
65	Bestimmung		unresolved
65	bestimme		unresolved
65	ftM		unresolved
65	2		tooshort
65	rna		unresolved
65	ofSchlachtbanJc		unresolved
65	ofc		unresolved
65	KnobePs		unresolved
65	bidden		unresolved
65	rncrvi		unresolved
65	iitfx		unresolved
65	negligentius		unresolved
65	ittjx		unresolved
65	KX		tooshort
65	fTpt		unresolved
65	n1		tooshort
65	rrrp		unresolved
65	fiom		unresolved
65	ald		unresolved
65	Jruit	fruit	rule
65	piomise		unresolved
65	peimanent		unresolved
65	thieatenings		unresolved
65	st1		unresolved
65	cnx		unresolved
65	ivill	will	wform
65	Loid		unresolved
65	EVJ		unresolved
65	cvja		unresolved
65	hich		unresolved
65	ual		unresolved
65	audiam		unresolved
65	cjcaudiam		unresolved
65	Ecc		unresolved
65	Tnrn		unresolved
65	nba		unresolved
65	Ldmmlein		unresolved
65	comedcnt		unresolved
65	bleibc		unresolved
65	orif		unresolved
65	pp		tooshort
66	of'the		unresolved
66	cnmal		unresolved
66	rnoveable		unresolved
66	HT		tooshort
66	nri		unresolved
66	ivill	will	wform
66	Vitiinga		unresolved
66	Antiochus		unresolved
66	Epiphanes		unresolved
66	downfal		unresolved
66	trennende		unresolved
66	Kritik		unresolved
66	ny		tooshort
66	assumin		unresolved
66	ru		tooshort
66	ihe		unresolved
66	Herods		unresolved
66	Kings'8		unresolved
66	oitn		unresolved
66	ivill	will	wform
66	siill		unresolved
66	ith		unresolved
66	TXT		unresolved
66	ciiing		unresolved
66	incenac		unresolved
66	nn		tooshort
66	nsj		unresolved
66	nbria		unresolved
66	sj		tooshort
66			tooshort
66	tt		tooshort
66	pvypoavvov		unresolved
66	Horace		unresolved
66	px		tooshort
66	Lowtli	Lowth	rule
66	Hitziu		unresolved
66	irj		unresolved
66	nd		tooshort
66	xai		unresolved
66	ct		tooshort
66	ihey		unresolved
66	o'Wsn		unresolved
66	illuslones		unresolved
66	transl		unresolved
66	iting		unresolved
66	rny	my	rule
66	nj		tooshort
66	Qsnn		unresolved
66	n5T		unresolved
66	apptar		unresolved
66	nx		tooshort
66	Citsiing		unresolved
66	rw		tooshort
66	ternpJe		unresolved
66	jixcj		unresolved
66	liu		unresolved
66	vlio	who	rule
66	versebefore		unresolved
66	Antiochus		unresolved
66	JMaurer		unresolved
66	icked		unresolved
66	Jrom	from	rule
66	ith		unresolved
66	Jehnvah		unresolved
66	nx		tooshort
66	btrn		unresolved
66	H		tooshort
66	mln		unresolved
66	undertaken		unresolved
66	nefl		unresolved
66	betne		unresolved
66	consoJaticns		unresolved
66	TfcS		unresolved
66	Joubtful		unresolved
66	pt		tooshort
66	omnimoda		unresolved
66	iw		tooshort
66	bs		tooshort
66	aftyr		unresolved
66	zum		unresolved
66	Gtmss		unresolved
66	comfortelh		unresolved
66	yrit		unresolved
66	wjo		unresolved
66	der		unresolved
66	trostef		unresolved
66	wiih		unresolved
66	tt		tooshort
66	iK		tooshort
66	Achilles		unresolved
66	rfes		unresolved
66	Mannes		unresolved
66	converso		unresolved
66	T'p		unresolved
66			tooshort
66	nx		tooshort
66	n		tooshort
66	modem	modern	realword
66	it'rj		unresolved
66	rr		tooshort
66	ri		tooshort
66	isx		unresolved
66	sr		tooshort
66	Zorncsgluth		unresolved
66	ttjrt		unresolved
66	ttitt		unresolved
66	rvisan		unresolved
66	bN		tooshort
66	nisaa		unresolved
66	tov		unresolved
66	oiv		unresolved
66	rpna		unresolved
66	tem		unresolved
66	undertaken		unresolved
66	hinten		unresolved
66	hinten		unresolved
66	inx		unresolved
66	oTiiaco		unresolved
66	inx		unresolved
66	inx		unresolved
66	inx		unresolved
66	V		tooshort
66	ngo		unresolved
66	vQOis		unresolved
66	quidam		unresolved
66	nescio		unresolved
66	Sanchoniathon		unresolved
66	Adwdog		unresolved
66	Macrobius		unresolved
66	inx		unresolved
66	A		tooshort
66	a8og		unresolved
66	Achadus		unresolved
66	unatoj		unresolved
66	rotV		unresolved
66	nyodvQoig		unresolved
66	ina		unresolved
66	Boettcher		unresolved
66	fc		tooshort
66	rx		tooshort
66	fp		tooshort
66	rupeds		unresolved
66	Wilberforce		unresolved
66	Clarkson		unresolved
66	England		unresolved
66	halfforgotten		unresolved
66	ystf		unresolved
66	obK		unresolved
66	nss		unresolved
66	ivill	will	wform
66	Lud		unresolved
66	ivhich	which	wform
66	cs		tooshort
66	jbs		unresolved
66	gentcs		unresolved
66	Africam		unresolved
66	Philae		unresolved
66	Lud		unresolved
66	oi		tooshort
66	Lud		unresolved
66	Ludim		unresolved
66	D'w'a		unresolved
66	Mo6		unresolved
66	oi		tooshort
66	TifiaQrtvo		unresolved
66	Greece		unresolved
66	Ionia		unresolved
66	Aristo		unresolved
66	phanes		unresolved
66	TZ		tooshort
66	lov		unresolved
66	idovag		unresolved
66	Sanscrit		unresolved
66	aue		unresolved
66	Heber's		unresolved
66	tti		unresolved
66	ovo		unresolved
66	snfli		unresolved
66	precedino		unresolved
66	counes		unresolved
66	Thevenot		unresolved
66	wz		unresolved
66	taJce		unresolved
66	earthj		unresolved
66	pre		unresolved
66	vith	with	rule
66	newmoon		unresolved
66	carcases		unresolved
66	p'sn'		unresolved
66	nso		unresolved
66	elg		unresolved
66	oQaatv		unresolved
66	Targurn	Targum	rule
66	erunt		unresolved
66	satietatem		unresolved
66	visionis		unresolved
66	whichf		unresolved
66	frojn		unresolved
66	whimsy		unresolved
66	partaken		unresolved
66	dieth		unresolved
7	ssyria		unresolved
7	iftxasion		unresolved
7	Elath		unresolved
7	ib		tooshort
7	Remaliah		unresolved
7	bs		tooshort
7	becausethe		unresolved
7	bbj		unresolved
7	sfcaj		unresolved
7	notexcepted		unresolved
7	Lightfoot		unresolved
7	pre		unresolved
7	ead	read	rule
7	ftni		unresolved
7	Steudel		unresolved
7	nns		unresolved
7	Va		tooshort
7	fiffit		unresolved
7	frft		unresolved
7	tft		unresolved
7	AmozjGo		unresolved
7	Shearjashub		unresolved
7	Jaffa		unresolved
7	Jaffa		unresolved
7	Realworterbuch		unresolved
7	Teiche		unresolved
7	pp		tooshort
7	factthat		unresolved
7	ngt		unresolved
7	isjspoj		unresolved
7	jr		tooshort
7	Remaliah		unresolved
7	Remaliah		unresolved
7	apoleon		unresolved
7	Nalways		unresolved
7	Buonaparte		unresolved
7	Remaliah's		unresolved
7	Judahj		unresolved
7	Tabeal		unresolved
7	Tabeel		unresolved
7	fissipj		unresolved
7	suscitemus		unresolved
7	aufwecken		unresolved
7	pfcft		unresolved
7	ysg		unresolved
7	Schroeder		unresolved
7	yip		unresolved
7	rtspa		unresolved
7	avellamus		unresolved
7	nos		unresolved
7	faire		unresolved
7	bresche		unresolved
7	ou		tooshort
7	ouverture		unresolved
7	Tabeal		unresolved
7	Remaliah		unresolved
7	Tobijah		unresolved
7	Tabrimmon		unresolved
7	Benhadad		unresolved
7	Tabcel		unresolved
7	Aramean		unresolved
7	Comm		unresolved
7	Tabeal		unresolved
7	cabbala		unresolved
7	Albam		unresolved
7	ttS3		unresolved
7	wp		tooshort
7	frfi		unresolved
7			tooshort
7	Remaliah's		unresolved
7	sfxty		unresolved
7	Rernaliah's		unresolved
7	Shalmeneser		unresolved
7	Esar		unresolved
7	liaddon		unresolved
7	ses		unresolved
7	Stabat		unresolved
7	OY		tooshort
7	Cowper's		unresolved
7	Shalmeneser		unresolved
7	Esar		unresolved
7	haddon		unresolved
7	wjaich		unresolved
7	Shalmeneser		unresolved
7	Esar		unresolved
7	haddon		unresolved
7	Esar		unresolved
7	haddon		unresolved
7	Esar		unresolved
7	haddon		unresolved
7	is	is	rule
7	fiftlj		unresolved
7	suppp		unresolved
7	sition		unresolved
7	tnaa		unresolved
7	loc		unresolved
7	asm		unresolved
7	asm		unresolved
7	asm		unresolved
7	Steudel		unresolved
7	ftbttj		unresolved
7	msi		unresolved
7	asm		unresolved
7	traa		unresolved
7	lirs		unresolved
7	schbn		unresolved
7	herrlich		unresolved
7	ganz		unresolved
7	ivunderbar		unresolved
7	of	of	rule
7	commoaly		unresolved
7	n3		tooshort
7	Gldubet		unresolved
7	ihr		unresolved
7	bleibet		unresolved
7	ihr		unresolved
7	Je		tooshort
7	Pliischke		unresolved
7	ribxia		unresolved
7	VOV		unresolved
7	EIS		unresolved
7	nVxia		unresolved
7	nbsalj		unresolved
7	jjttS		unresolved
7	xa5		unresolved
7	doubts	doubts	rule
7	2		tooshort
7	Hoheisel		unresolved
7	loeary	weary	wform
7	Chrysostom		unresolved
7	Ms		tooshort
7	le		tooshort
7	th'ese		unresolved
7	Hezekiab		unresolved
7	and	and	rule
7	Immaftuel		unresolved
7	Isenbiehl		unresolved
7	Bauer		unresolved
7	Steudel		unresolved
7	stt		unresolved
7	Faber		unresolved
7	Pluschke		unresolved
7	Shearjashub		unresolved
7	ems		unresolved
7	Irnmanuel	Immanuel	rule
7	rj		tooshort
7	JLc		unresolved
7	veavie		unresolved
7	Immanucl		unresolved
7	rovro		unresolved
7	olov		unresolved
7	ytyovw		unresolved
7	two	two	rule
7	Shearjashub		unresolved
7	Shearjashub		unresolved
7	Cbrisft		unresolved
7	ashub		unresolved
7	distingmsji		unresolved
7	Jrom	from	rule
7	Shearjashub		unresolved
7	essenceof		unresolved
7	quidam		unresolved
7	nostris		unresolved
7	judai'zans		unresolved
7	tw		tooshort
7	iiclL		unresolved
7	fic		unresolved
7	jjrrences		unresolved
7	Z5		tooshort
7	orpledges		unresolved
7	birth	birth	rule
7	oth		unresolved
7	llage		unresolved
7	cquld		unresolved
7	dudum		unresolved
7	deserta		unresolved
7	erit		unresolved
7	ivere	were	wform
7	renewea		unresolved
7	Tsaiah		unresolved
7	anotherchild		unresolved
7	foreseen		unresolved
7	vvill	will	wform
7	Rosenrmiller		unresolved
7	rt		tooshort
7	srai		unresolved
7	Hagar		unresolved
7	ve		tooshort
7	xcde'da		unresolved
7	nx		tooshort
7	BS		tooshort
7	nx2n		unresolved
7	nfinp		unresolved
7	Hannah		unresolved
7	Counsellor		unresolved
7	sagt		unresolved
7	ird		unresolved
7	nennen		unresolved
7	seinen		unresolved
7	Namen		unresolved
7	sumciently		unresolved
7	Calovius		unresolved
7	TTQIV		unresolved
7	efer		unresolved
7	Shearjashub		unresolved
7	Immanuelrthe		unresolved
7	atstj		unresolved
7			tooshort
7	iB		tooshort
7	pfc		unresolved
7	fearesf		unresolved
7	Steudel		unresolved
7	facto		unresolved
7	ststo		unresolved
7	im		tooshort
7	Shearjashub		unresolved
7	if	if	rule
7			tooshort
7	OIBJ		unresolved
7	waJj		unresolved
7	Mai		unresolved
7	izna		unresolved
7	as'f		unresolved
7	Joash		unresolved
7	blosses		unresolved
7	Drohwort		unresolved
7	Cfocceius		unresolved
7	teta		unresolved
7	toit	wit	wform
7	5		tooshort
7	Aiting's		unresolved
7	nx		tooshort
7	rer		unresolved
7	nihil		unresolved
7	qannot		unresolved
7	aj		tooshort
7	ru		unresolved
7	explicitly	explicitly	rule
7	Assyrian's'and		unresolved
7	ajinoying		unresolved
7	mosquitoes		unresolved
7	ivill	will	wform
7	Henjdewerk		unresolved
7	nrs		unresolved
7	QSa		unresolved
7			tooshort
7	novacula		unresolved
7	smce		unresolved
7	tne		unresolved
7	ofl		unresolved
7	MS		tooshort
7	vGftwcp		unresolved
7	rn		tooshort
7	tEJ		unresolved
7	Peshitb		unresolved
7	Syrus		unresolved
7			tooshort
7	JH		tooshort
7	von		unresolved
7	oben		unresolved
7	unten		unresolved
7	rem		unresolved
7	turpiculam		unresolved
7	suo		unresolved
7	Prophetae		unresolved
7	admetiri		unresolved
7	videntur		unresolved
7	e'tc		unresolved
7	inj		unresolved
7	fifiori		unresolved
7	hs		tooshort
7	ft		tooshort
7	nh1		unresolved
7	nsn		unresolved
7	tfii		unresolved
7	fijft		unresolved
7	fl		tooshort
7	Boswell		unresolved
7	Dr		tooshort
7	Johnson		unresolved
7	Hebrides		unresolved
7	klingen		unresolved
7	verheissend		unresolved
7	thab		unresolved
7	O3		tooshort
7	tjlbxa		unresolved
7	Johannisberg		unresolved
7	Burckhardt		unresolved
7	ivhich	which	wform
7	ivith	with	wform
7	xn		tooshort
7	i'2n		unresolved
7	rx		tooshort
7	cthe		unresolved
7	Kiaft		unresolved
7	FX		tooshort
8	Makershalal		unresolved
8	festinavit		unresolved
8	ifitt		unresolved
8	shalalhash		unresolved
8	place	place	rule
8	ph		tooshort
8	bbs		unresolved
8	filb		unresolved
8	wpod		unresolved
8	rec		unresolved
8	deth		unresolved
8	Jeberechiah		unresolved
8	wras		unresolved
8	Jehoiada		unresolved
8	Joash		unresolved
8	Berechiah		unresolved
8	Lightfoot		unresolved
8	JKO		unresolved
8	v		tooshort
8	Jehoiakim		unresolved
8	wrould		unresolved
8	adhibui		unresolved
8	mihi		unresolved
8	ftwxj		unresolved
8	converswe		unresolved
8	rtn		unresolved
8	rj		tooshort
8	hisgname		unresolved
8	tmmanuelj		unresolved
8	Makershalal		unresolved
8	Raubebald		unresolved
8	Eilebeute		unresolved
8	Schnellraub		unresolved
8	Tertullian		unresolved
8	CEcolampadius		unresolved
8	Aquinas		unresolved
8	suo		unresolved
8	knoiv	know	rule
8	xia		unresolved
8	srjrp		unresolved
8	nft		unresolved
8	Remaliah		unresolved
8	Steudel		unresolved
8	exa		unresolved
8	contempt	contempt	rule
8	toitoa		unresolved
8	Remaliah		unresolved
8	pp		tooshort
8	nsrt		unresolved
8	Arrian		unresolved
8	Adtivgiav		unresolved
8	iTbs		unresolved
8	enga		unresolved
8	ements		unresolved
8	lyimanuel		unresolved
8	qbn		unresolved
8	ias		unresolved
8	W3		tooshort
8	acsi		unresolved
8	dixisset		unresolved
8	terra		unresolved
8	nihitominus		unresolved
8	erit		unresolved
8	nsn		unresolved
8	ssn		unresolved
8	seyd		unresolved
8	ihr		unresolved
8	Volker		unresolved
8	TBtn		unresolved
8	Loquimini		unresolved
8	existet		unresolved
8	Himmanuelis		unresolved
8	existet		unresolved
8	Iv	lv	roman
8	nvsvuavi		unresolved
8	Iv	lv	roman
8	Svvapei		unresolved
8	xcu		unresolved
8	yrvsv		unresolved
8	ntP		unresolved
8	ivhich	which	wform
8	ittij		unresolved
8	tti		unresolved
8	Bingham's		unresolved
8	Orig		unresolved
8	vm		tooshort
8	Joab		unresolved
8	Wipn		unresolved
8	piya		unresolved
8	ixiisr		unresolved
8	ttfrp		unresolved
8			tooshort
8	jj		tooshort
8	tti'npa		unresolved
8	Shammai		unresolved
8	tL		tooshort
8	inp		unresolved
8	nsis		unresolved
8	nst		unresolved
8	spiritmasters		unresolved
8	Go'd		unresolved
8	ivord	word	wform
8	voft		unresolved
8	xb		tooshort
8	nax		unresolved
8	xb		tooshort
8	xbn		unresolved
8	xb		tooshort
8	Cocreius		unresolved
8	xb		tooshort
8	Deus		unresolved
8	vult		unresolved
8	perdere		unresolved
8	mentat		unresolved
8	inti		unresolved
8	ninflj		unresolved
8	matutina		unresolved
8	Morgenrothe		unresolved
8	iss		unresolved
8	ft		tooshort
8	snaa		unresolved
8	pertransibit		unresolved
8	Schroeder		unresolved
8	fta		unresolved
8	tijps		unresolved
8	Sj5nn		unresolved
8	Milcom		unresolved
8	Ccesar		unresolved
8	qwB		unresolved
8	rrnjE		unresolved
8	as'a		unresolved
8	arctationis		unresolved
8	xoro		unresolved
8	py		tooshort
8	SiUVrm		unresolved
8	angustia		unresolved
8	hj		tooshort
8	rrst		unresolved
8	rrnja		unresolved
8	persequens		unresolved
8	impulsio		unresolved
8	ia		tooshort
8			tooshort
8	impulsa		unresolved
8	irna		unresolved
8	nbfi		unresolved
8	msa		unresolved
8	nbsx		unresolved
8	ms		tooshort
8	sameverb		unresolved
8	ITHSE		unresolved
8	qisn		unresolved
8	npix		unresolved
8	sibax		unresolved
8	ivho	who	wform
8	Zebulon		unresolved
8	ssquj		unresolved
8	Tiberias		unresolved
8	vasrt		unresolved
8	ft		tooshort
8	alleviata		unresolved
8	zsn		unresolved
8	wasfirst		unresolved
8	arbi		unresolved
8	trary		unresolved
8	h3		tooshort
8	sstja		unresolved
8	xb		tooshort
8	poterit		unresolved
8	avolare		unresolved
8	cps		unresolved
8	yy		tooshort
8	xb		tooshort
8	bj5tt		unresolved
8	nspn		unresolved
8	iss		unresolved
8	Galilaea		unresolved
8	populosa		unresolved
9	Mai		unresolved
9	Fiirst		unresolved
9	jba		unresolved
9	ecial		unresolved
9	tj		tooshort
9	Thouhast		unresolved
9	n'a		unresolved
9	ia		tooshort
9	Christol		unresolved
9	pt		tooshort
9	Syrnmachus	Symmachus	rule
9	t6		tooshort
9	sbn		unresolved
9	b		tooshort
9	loc		unresolved
9	innaia		unresolved
9	ussa		unresolved
9	ivhen	when	wform
9	senten		unresolved
9	Kirnchi	Kimchi	rule
9	paid		unresolved
9	ogether		unresolved
9	Jezreel		unresolved
9	Zebulon		unresolved
9	ivhen	when	wform
9	ag		tooshort
9	ra		unresolved
9	iiab		unresolved
9	baO		unresolved
9	sb		tooshort
9	bho		unresolved
9	armour		unresolved
9	armour		unresolved
9	Diodati		unresolved
9	jxt		unresolved
9	armour		unresolved
9	xb		tooshort
9	equipped		unresolved
9	armour		unresolved
9	tni		unresolved
9	jvv		unresolved
9	iytiwqv		unresolved
9	praedatio		unresolved
9	Hoheisel		unresolved
9	ttte		unresolved
9	xb		tooshort
9	armour		unresolved
9	Bto		unresolved
9	solet		unresolved
9	esse		unresolved
9	nbaxa		unresolved
9	rwn		unresolved
9	Counsellor		unresolved
9	Cicero		unresolved
9	rempublicam		unresolved
9	universam		unresolved
9	vestris		unresolved
9	sustinetis		unresolved
9	sedet		unresolved
9	mrr		unresolved
9	Bauer		unresolved
9	conversi		unresolved
9	nrn		unresolved
9	versa		unresolved
9	jnpi		unresolved
9	Counsellor		unresolved
9	fST1		unresolved
9	counsellor		unresolved
9	ih		tooshort
9	counsellor		unresolved
9	Tna		unresolved
9	Vx		tooshort
9	counsellor		unresolved
9	anticbristian		unresolved
9	poiver	power	rule
9	wbiu		unresolved
9	sedebit		unresolved
9	komme		unresolved
9	J3		tooshort
9	isto		unresolved
9	tempore		unresolved
9	Umbrek		unresolved
9	Hasmonean		unresolved
9	worlo1		unresolved
9	multiplicabitur		unresolved
9	durabit		unresolved
9	annos		unresolved
9	modo		unresolved
9	sempilernum		unresolved
9	initio		unresolved
9	finem		unresolved
9	vitae		unresolved
9	zclus		unresolved
9	Domini		unresolved
9	exercituum		unresolved
9	hoc		unresolved
9	Dei		unresolved
9	erga		unresolved
9	pios		unresolved
9	insunt		unresolved
9	poipulo		unresolved
9	dabit		unresolved
9	nobis		unresolved
9	ac		tooshort
9	servabit		unresolved
9	bonum		unresolved
9	principern		unresolved
9	wrhich		unresolved
9	QIB		unresolved
9	Arcano		unresolved
9	nmsb		unresolved
9	Levita		unresolved
9	tb		tooshort
9	cna		unresolved
9	rem		unresolved
9	mittet		unresolved
9	falsity		unresolved
9	selfsecurity		unresolved
9	zu		tooshort
9	Erkentniss		unresolved
9	komme		unresolved
9	QI		unresolved
9	ai		unresolved
9	sein		unresolved
9	ganzes		unresolved
9	Volk		unresolved
9	fcsn		unresolved
9	Animadv		unresolved
9	Philol		unresolved
9			tooshort
9	sisb		unresolved
9	ij		tooshort
9	aQdfa		unresolved
9	stolzem		unresolved
9	Herzen		unresolved
9	xb		tooshort
9	dicendo		unresolved
9	sagen		unresolved
9	dicunt		unresolved
9	dicunt		unresolved
9	superbia		unresolved
9	dicendumfuit		unresolved
9	ST1		unresolved
9			tooshort
9	irnm		unresolved
9	qibna		unresolved
9	splendtmr		unresolved
9	jTSfifi		unresolved
9	OQOS		unresolved
9	ZVooV		unresolved
9	Tbs		unresolved
9	T2i		unresolved
9	tumultum		unresolved
9	vertet		unresolved
9	London		unresolved
9	tumulum		unresolved
9	coadunabit		unresolved
9	conglomeravit		unresolved
9	eosque		unresolved
9	hostibus		unresolved
9	cornmiscebit		unresolved
9	Abulwalid		unresolved
9	instigat		unresolved
9	mit		unresolved
9	vollem		unresolved
9	pleine		unresolved
9			tooshort
9	bx		tooshort
9	Lehrg		unresolved
9	Comm		unresolved
9	paax		unresolved
9	a		tooshort
9	incurvantem		unresolved
9	refraenantem		unresolved
9	Kiiua		unresolved
9	fcODS		unresolved
9	Musculus		unresolved
9	Menochius		unresolved
9	thfffnrt		unresolved
9	expresison		unresolved
9	Gesemus		unresolved
9	mustta		unresolved
9	Tnma		unresolved
9	sich		unresolved
9	leiten		unresolved
9	lassen		unresolved
9	zu		tooshort
9	begliickenden		unresolved
9	mttjxis		unresolved
9	xa		tooshort
9	eo		tooshort
9	hoc		unresolved
9	populo		unresolved
9	Fiirst		unresolved
9	vom		unresolved
9	Argen		unresolved
9	vom		unresolved
9	Bosen		unresolved
9	ysi		unresolved
9	1		tooshort
9	sn		tooshort
9	gottlose		unresolved
9	Wesen		unresolved
9	rp		tooshort
9	Castellus		unresolved
9	expandant		unresolved
9	elevent		unresolved
9	Abulwalid		unresolved
9	Parchon		unresolved
9	nixa		unresolved
9	convolvetur		unresolved
9	superbia		unresolved
9	fumi		unresolved
9	tsin		unresolved
9	Jierce	fierce	rule
9	int		unresolved
9	tsrso		unresolved
9	Gessnius		unresolved
9	Rosenmtiller		unresolved
9	Y		tooshort
9	when	when	rule
9			tooshort
9	sxa		unresolved
9	iVorr		unresolved
9	iirx		unresolved
9	urx		unresolved
9	rapiet		unresolved
9	quisque		unresolved
9	isaas		unresolved
9	ib		tooshort
9	res		unresolved
9	cognatorum		unresolved
9			tooshort
9	cnb		unresolved
9	kinsmen		unresolved
9	Wf		tooshort
9	ip		tooshort
9	yov		unresolved
9	jov		unresolved
9	EpKraim		unresolved
9	rancour		unresolved
9	Ephraimum		unresolved
9	Manassen		unresolved
9	Manassen		unresolved
9	Ephraimum		unresolved
9	Targurn	Targum	rule
9	Tbes		unresolved
9	Hebr		unresolved
9	Proph		unresolved
9	Jephtha		unresolved
introduction	fiQotpqrijs		unresolved
introduction	TIQO		unresolved
introduction	foreifilier		unresolved
introduction	thgLjipmp'		unresolved
introduction	OT		tooshort
introduction	noo		unresolved
introduction	fiQocprj		unresolved
introduction	nQoyrjTrjg		unresolved
introduction	prae		unresolved
introduction	praedico		unresolved
introduction	nQo		unresolved
introduction	nQosarcoe		unresolved
introduction	nqo'iGia		unresolved
introduction	vos		unresolved
introduction	JTQO		unresolved
introduction	TIQO		unresolved
introduction	UI	w	rule
introduction	nQo		unresolved
introduction	raL		unresolved
introduction	aDj		unresolved
introduction	Redslob		unresolved
introduction	jra		unresolved
introduction	priori		unresolved
introduction	Gehazi		unresolved
introduction	undergone		unresolved
introduction	developement		unresolved
introduction	Malachi		unresolved
introduction	mocle		unresolved
introduction	JViicaiah		unresolved
introduction	IsaL		unresolved
introduction	fx		tooshort
introduction	jra		unresolved
introduction	dvTig		unresolved
introduction	pavta		unresolved
introduction	paivofiai		unresolved
introduction	Chrysostom		unresolved
introduction	officio		unresolved
introduction	Heberew		unresolved
introduction	crai		unresolved
introduction	ayio		unresolved
introduction	YQctya		unresolved
introduction	Philo		unresolved
introduction	tl		tooshort
introduction	eir		unresolved
introduction	dwss		unresolved
introduction	iQoq		unresolved
introduction	ns		tooshort
introduction	ayioyQa		unresolved
introduction	rpupzj1		unresolved
introduction	Jeshaiah		unresolved
introduction	Jesaiah		unresolved
introduction	Esaias		unresolved
introduction	Haaia		unresolved
introduction	pEij		unresolved
introduction	Wjuofe		unresolved
introduction	ftex		unresolved
introduction	Arnaziah		unresolved
introduction	stateme'nt		unresolved
introduction	overthrown		unresolved
introduction	Nabonassar		unresolved
introduction	Jehoiada		unresolved
introduction	Joash		unresolved
introduction	cb		tooshort
introduction	Bentley		unresolved
introduction	whatcarabe		unresolved
introduction	unkrilisch		unresolved
introduction	unwissenschaftlich		unresolved
introduction	antiquirt		unresolved
introduction	colourable		unresolved
introduction	GefM		unresolved
introduction	GefM		unresolved
introduction	ysvdos		unresolved
introduction	Roorda		unresolved
introduction	Onias		unresolved
introduction	RosenmijHer		unresolved
introduction	vaticinium		unresolved
introduction	eventu		unresolved
introduction	Gramberg		unresolved
introduction	Cambyses		unresolved
introduction	Vatke		unresolved
introduction	pra		unresolved
introduction	ctical		unresolved
introduction	candour		unresolved
introduction	Stat		unresolved
introduction	ratiom		unresolved
introduction	voluntas		unresolved
introduction	teyopeva		unresolved
introduction	Ars		unresolved
introduction	Poetica		unresolved
introduction	sesquipedalia		unresolved
introduction	cotis		unresolved
introduction	litura		unresolved
introduction	quincunce		unresolved
introduction	purpureus		unresolved
introduction	ovo		unresolved
introduction	lucidus		unresolved
introduction	callidajunctura		unresolved
introduction	loquendi		unresolved
introduction	res		unresolved
introduction	incredulus		unresolved
introduction	odi		unresolved
introduction	sagax		unresolved
introduction	rerum		unresolved
introduction	unguem		unresolved
introduction	voces		unresolved
introduction	decies		unresolved
introduction	repetita		unresolved
introduction	temporis		unresolved
introduction	acti		unresolved
introduction	occupet		unresolved
introduction	extremum		unresolved
introduction	Horace		unresolved
introduction	ovo		unresolved
introduction	unguem		unresolved
introduction	Persius		unresolved
introduction	Virgil		unresolved
introduction	JEneid		unresolved
introduction	tension1		unresolved
introduction	England		unresolved
introduction	insistin		unresolved
introduction	Incedis		unresolved
introduction	ignes		unresolved
introduction	suppositos		unresolved
introduction	cineri		unresolved
introduction	doloso		unresolved
introduction	neccessary		unresolved
introduction	primafacie		unresolved
introduction	Sirach		unresolved
introduction	foresaw		unresolved
introduction	Philo		unresolved
introduction	leoa		unresolved
introduction	yQ		tooshort
introduction	dp		tooshort
introduction	yQayai		unresolved
introduction	ayiai		unresolved
introduction	pre		unresolved
introduction	prophetam		unresolved
introduction	sed		unresolved
introduction	gelistametapostolum		unresolved
introduction	nonprophetiam		unresolved
introduction	sed		unresolved
introduction	evangeHum		unresolved
introduction	Talrnudists	Talmudists	rule
introduction	Le		tooshort
introduction	Clerc		unresolved
introduction	nauseam		unresolved
introduction	overcolour		unresolved
introduction	poetfy		unresolved
introduction	TTQWXOV		unresolved
introduction	jje		unresolved
introduction	foreseen		unresolved
introduction	priori		unresolved
introduction	eventu		unresolved
introduction	TTQMTOV		unresolved
introduction	ipEvdo		unresolved
introduction	ipsissima		unresolved
introduction	fiom		unresolved
introduction	ve		tooshort
introduction	uniformc		unresolved
introduction	ity		unresolved
introduction	Tf		tooshort
introduction	vho	who	rule
introduction	alreadyestablished		unresolved
introduction	facie		unresolved
introduction	ot		tooshort
introduction	indefmiteness		unresolved
introduction	Medo		unresolved
introduction	jEneid		unresolved
introduction	Divina		unresolved
introduction	Commedia		unresolved
introduction	philotypia		unresolved
introduction	typophobia		unresolved
introduction	libitum		unresolved
introduction	paid		unresolved
introduction	extreme	extreme	rule
introduction	Fschylus		unresolved
introduction	ofLowth		unresolved
introduction	Larochefoucauld		unresolved
introduction	Johnson		unresolved
introduction	Macaulay		unresolved
introduction	Jebb's		unresolved
introduction	England		unresolved
introduction	England		unresolved
introduction	Jebb		unresolved
introduction	enamoured		unresolved
introduction	undertaken		unresolved
introduction	Alexandria		unresolved
introduction	Uzziel		unresolved
introduction	Ephrern	Ephrem	rule
introduction	Syrus		unresolved
introduction	Alexandria		unresolved
introduction	London		unresolved
introduction	Gcsenius		unresolved
introduction	Origen		unresolved
introduction	Alexandria		unresolved
introduction	Chrysostom		unresolved
introduction	Procopius		unresolved
introduction	Origen		unresolved
introduction	Chrysostom		unresolved
introduction	Michlal		unresolved
introduction	Jophi		unresolved
introduction	Abendana		unresolved
introduction	Zwingli		unresolved
introduction	Oecolainpadius		unresolved
introduction	Fagius		unresolved
introduction	le		tooshort
introduction	Le		tooshort
introduction	Clerc		unresolved
introduction	Campegius		unresolved
introduction	Franeker		unresolved
introduction	candour		unresolved
introduction	Halle		unresolved
introduction	Schmid		unresolved
introduction	London		unresolved
introduction	Critici		unresolved
introduction	Sacri		unresolved
introduction	Jsai		unresolved
introduction	Dr		tooshort
introduction	London		unresolved
introduction	Poesi		unresolved
introduction	Hebraeorura		unresolved
introduction	nnd		unresolved
introduction	Gottingen		unresolved
introduction	wrorks		unresolved
introduction	Gottingen		unresolved
introduction	conlemporary		unresolved
introduction	Vogel		unresolved
introduction	Leipzig		unresolved
introduction	candour		unresolved
introduction	Rosenmliller		unresolved
introduction	Leipzig		unresolved
introduction	lexica		unresolved
introduction	sapere		unresolved
introduction	candour		unresolved
introduction	Heidelberg		unresolved
introduction	Commentarius		unresolved
introduction	Criticus		unresolved
introduction	Leipzig		unresolved
introduction	Heidelberg		unresolved
introduction	eventu		unresolved
introduction	Konigsberg		unresolved
introduction	seesas		unresolved
introduction	candour		unresolved
introduction	Philadelphia		unresolved
introduction	vo		tooshort
introduction	lications		unresolved
introduction	Critici		unresolved
introduction	Sacri		unresolved
introduction	paid		unresolved
introduction	paid		unresolved
introduction	Dr		tooshort
introduction	London		unresolved
introduction	Stuttgart		unresolved
introduction	Hamburg		unresolved
introduction	Leipzig		unresolved
introduction	followedby		unresolved
introduction	Erlangen		unresolved
introduction	Erlangen		unresolved
introduction	Hierozoicon		unresolved
introduction	HezeJciah		unresolved
introduction	xn		tooshort
introduction	xin		unresolved
introduction	xxm		unresolved
introduction	xin		unresolved
introduction	xxin		unresolved
introduction	xn		tooshort
introduction	disjecta		unresolved
introduction	membra		unresolved
introduction	Horace		unresolved
introduction	Goethe		unresolved
introduction	xn		tooshort
introduction	XITI		unresolved
introduction	xxm		unresolved
introduction	xxn		unresolved
introduction	xxvm		unresolved
introduction	xxxm		unresolved
introduction	xxvn		unresolved
introduction	terra		unresolved
introduction	xn		tooshort
introduction	xxin		unresolved
introduction	xxvu		unresolved
introduction	xxn		unresolved
introduction	xxvin		unresolved
introduction	xxxm		unresolved
introduction	ihe		unresolved
introduction	vin		unresolved
introduction	xu		tooshort
introduction	xin		unresolved
introduction	xxiu		unresolved
introduction	xxvn		unresolved
introduction	xxxvn		unresolved
introduction	xxvm		unresolved
introduction	xxxvm		unresolved
introduction	ically		unresolved
introduction	Galatia		unresolved
introduction	priori		unresolved
introduction	posteriori		unresolved
later-introduction	Ashtoreth		unresolved
later-introduction	pre		unresolved
later-introduction	fundavn		unresolved
later-introduction	pre		unresolved
later-introduction	Sweden		unresolved
later-introduction	Spain		unresolved
later-introduction	downfal		unresolved
later-introduction	pre		unresolved
later-introduction	downfal		unresolved
later-introduction	pre		unresolved
later-introduction	lhat		unresolved
later-introduction	co		tooshort
later-introduction	pre		unresolved
later-introduction	meantime		unresolved
later-introduction	priori		unresolved
later-introduction	pre		unresolved
later-introduction	Meantime		unresolved
later-introduction	totidem		unresolved
later-introduction	Pasargada		unresolved
later-introduction	Neriglassar		unresolved
later-introduction	Sardis		unresolved
later-introduction	downfal		unresolved
later-introduction	Justi		unresolved
later-introduction	Bauer		unresolved
later-introduction	candour		unresolved
later-introduction	biassed		unresolved
later-introduction	undertaken		unresolved
later-introduction	nauseam		unresolved
later-introduction	petitesse		unresolved
later-introduction	versa		unresolved
later-introduction	Comm		unresolved
later-introduction	asumption		unresolved
later-introduction	Standpunlct		unresolved
later-introduction	heroes		unresolved
later-introduction	statesmen		unresolved
later-introduction	knoiv	know	rule
later-introduction	H6seq		unresolved
later-introduction	nichtige		unresolved
later-introduction	foreseen		unresolved
later-introduction	esj		unresolved
later-introduction	ecially		unresolved
later-introduction	petitio		unresolved
later-introduction	principii		unresolved
later-introduction	co		tooshort
later-introduction	reliandfe		unresolved
later-introduction	pp		tooshort
later-introduction	foreseen		unresolved
later-introduction	Mieah		unresolved
later-introduction	Hengstenbenj		unresolved
later-introduction	rst		unresolved
later-introduction	Zephaniah		unresolved
later-introduction	Habakkuk		unresolved
later-introduction	Haggai		unresolved
later-introduction	Sirach		unresolved
later-introduction	unbiassed		unresolved
later-introduction	Antiochus		unresolved
later-introduction	Epiphanes		unresolved
later-introduction	Hasmonean		unresolved
later-introduction	meantime		unresolved
later-introduction	Christo		unresolved
later-introduction	Corpore		unresolved
later-introduction	saepius		unresolved
later-introduction	mentionem		unresolved
later-introduction	fieri		unresolved
later-introduction	cui		unresolved
later-introduction	tribuuntur		unresolved
later-introduction	Caput		unresolved
later-introduction	tantuin		unresolved
later-introduction	competunt		unresolved
later-introduction	vero		unresolved
later-introduction	utrumque		unresolved
later-introduction	foreknew		unresolved
later-introduction	sectioncs		unresolved
later-introduction	anaerisis		unresolved
later-introduction	ive	we	wform
later-introduction	BCJ		unresolved
later-introduction	tholdt's		unresolved
later-introduction	Riickert's		unresolved
later-introduction	Riickert's		unresolved
later-introduction	Riickert		unresolved
later-introduction	Riickert		unresolved
later-introduction	apostacy		unresolved
later-introduction	sixtysixth		unresolved
later-introduction	dieth		unresolved
later-preface	Cyro		unresolved
later-preface	jesaianischen		unresolved
later-preface	Weissagungen		unresolved
later-preface	Leipzig		unresolved
later-preface	Dr		tooshort
later-preface	clergymen		unresolved
later-preface	Princeton		unresolved
preface	ac		tooshort
preface	quirements		unresolved
preface	manycases		unresolved
preface	fapts		unresolved
preface	Fiirst's		unresolved
preface	candour		unresolved
preface	tPTO		unresolved
preface	itf		unresolved
preface	ri	m	rule
preface	Ktfn1		unresolved
preface	tt		tooshort
preface	ibTfi		unresolved
preface	W		tooshort
preface	ygn		unresolved
preface	iftb		unresolved
preface	noMoi		unresolved
preface	Princeton		unresolved
