ch1: 块 1480  需译 1446  缓存命中 6  英文 777,319 字符
    [tok] #1 入 2,090（新缓存 820 / 读缓存 1,268） 出 543 = 2,633 | 累计 2,633 tok $0.024
  已翻 3/1440 段
    [tok] #2 入 1,933（新缓存 663 / 读缓存 1,268） 出 647 = 2,580 | 累计 5,213 tok $0.049
  已翻 6/1440 段
    [tok] #3 入 1,788（新缓存 518 / 读缓存 1,268） 出 278 = 2,066 | 累计 7,279 tok $0.063
  已翻 9/1440 段
    [tok] #4 入 2,481（新缓存 1,211 / 读缓存 1,268） 出 1,475 = 3,956 | 累计 11,235 tok $0.114
  已翻 12/1440 段
    [tok] #5 入 2,154（新缓存 884 / 读缓存 1,268） 出 680 = 2,834 | 累计 14,069 tok $0.142
  已翻 15/1440 段
    [tok] #6 入 2,371（新缓存 1,101 / 读缓存 1,268） 出 1,005 = 3,376 | 累计 17,445 tok $0.180
  已翻 18/1440 段
    [tok] #7 入 2,150（新缓存 880 / 读缓存 1,268） 出 637 = 2,787 | 累计 20,232 tok $0.207
  已翻 21/1440 段
    [tok] #8 入 1,918（新缓存 648 / 读缓存 1,268） 出 393 = 2,311 | 累计 22,543 tok $0.226
  已翻 24/1440 段
    [tok] #9 入 2,324（新缓存 1,054 / 读缓存 1,268） 出 939 = 3,263 | 累计 25,806 tok $0.262
  已翻 27/1440 段
    [tok] #10 入 2,393（新缓存 1,123 / 读缓存 1,268） 出 939 = 3,332 | 累计 29,138 tok $0.299
  已翻 30/1440 段
    [tok] #11 入 3,362（新缓存 2,092 / 读缓存 1,268） 出 1,778 = 5,140 | 累计 34,278 tok $0.367
  已翻 33/1440 段
    [tok] #12 入 2,517（新缓存 1,247 / 读缓存 1,268） 出 973 = 3,490 | 累计 37,768 tok $0.406
  已翻 36/1440 段
    [tok] #13 入 1,869（新缓存 599 / 读缓存 1,268） 出 343 = 2,212 | 累计 39,980 tok $0.423
  已翻 39/1440 段
    [tok] #14 入 1,809（新缓存 539 / 读缓存 1,268） 出 175 = 1,984 | 累计 41,964 tok $0.435
  已翻 42/1440 段
    [tok] #15 入 2,064（新缓存 794 / 读缓存 1,268） 出 961 = 3,025 | 累计 44,989 tok $0.469
  已翻 45/1440 段
    [tok] #16 入 2,257（新缓存 987 / 读缓存 1,268） 出 964 = 3,221 | 累计 48,210 tok $0.505
  已翻 48/1440 段
    [tok] #17 入 2,184（新缓存 914 / 读缓存 1,268） 出 776 = 2,960 | 累计 51,170 tok $0.535
  已翻 51/1440 段
    [tok] #18 入 1,973（新缓存 703 / 读缓存 1,268） 出 479 = 2,452 | 累计 53,622 tok $0.556
  已翻 54/1440 段
    [tok] #19 入 2,226（新缓存 956 / 读缓存 1,268） 出 751 = 2,977 | 累计 56,599 tok $0.587
  已翻 57/1440 段
    [tok] #20 入 2,241（新缓存 971 / 读缓存 1,268） 出 800 = 3,041 | 累计 59,640 tok $0.619
  已翻 60/1440 段
    [tok] #21 入 1,691（新缓存 421 / 读缓存 1,268） 出 156 = 1,847 | 累计 61,487 tok $0.629
  已翻 63/1440 段
    [tok] #22 入 2,150（新缓存 880 / 读缓存 1,268） 出 873 = 3,023 | 累计 64,510 tok $0.662
  已翻 66/1440 段
    [tok] #23 入 1,714（新缓存 444 / 读缓存 1,268） 出 181 = 1,895 | 累计 66,405 tok $0.672
  已翻 69/1440 段
    [tok] #24 入 2,150（新缓存 880 / 读缓存 1,268） 出 729 = 2,879 | 累计 69,284 tok $0.702
  已翻 72/1440 段
    [tok] #25 入 1,784（新缓存 514 / 读缓存 1,268） 出 264 = 2,048 | 累计 71,332 tok $0.715
  已翻 75/1440 段
    [tok] #26 入 1,774（新缓存 504 / 读缓存 1,268） 出 267 = 2,041 | 累计 73,373 tok $0.729
  已翻 78/1440 段
    [tok] #27 入 1,802（新缓存 532 / 读缓存 1,268） 出 306 = 2,108 | 累计 75,481 tok $0.744
    [tok] #28 入 1,638（新缓存 368 / 读缓存 1,268） 出 399 = 2,037 | 累计 77,518 tok $0.759
    [tok] #29 入 2,963（新缓存 1,693 / 读缓存 1,268） 出 2,565 = 5,528 | 累计 83,046 tok $0.843
  已翻 81/1440 段
    [tok] #30 入 1,531（新缓存 261 / 读缓存 1,268） 出 54 = 1,585 | 累计 84,631 tok $0.848
    [tok] #31 入 2,577（新缓存 1,307 / 读缓存 1,268） 出 1,471 = 4,048 | 累计 88,679 tok $0.901
  已翻 84/1440 段
    [tok] #32 入 1,542（新缓存 272 / 读缓存 1,268） 出 73 = 1,615 | 累计 90,294 tok $0.907
  已翻 87/1440 段
    [tok] #33 入 1,954（新缓存 684 / 读缓存 1,268） 出 457 = 2,411 | 累计 92,705 tok $0.927
  已翻 90/1440 段
    [tok] #34 入 2,024（新缓存 754 / 读缓存 1,268） 出 469 = 2,493 | 累计 95,198 tok $0.948
  已翻 93/1440 段
    [tok] #35 入 2,348（新缓存 1,078 / 读缓存 1,268） 出 821 = 3,169 | 累计 98,367 tok $0.982
  已翻 96/1440 段
    [tok] #36 入 1,949（新缓存 679 / 读缓存 1,268） 出 490 = 2,439 | 累计 100,806 tok $1.003
  已翻 99/1440 段
    [tok] #37 入 2,403（新缓存 1,133 / 读缓存 1,268） 出 1,584 = 3,987 | 累计 104,793 tok $1.056
  已翻 102/1440 段
    [tok] #38 入 1,856（新缓存 586 / 读缓存 1,268） 出 321 = 2,177 | 累计 106,970 tok $1.072
  已翻 105/1440 段
    [tok] #39 入 1,714（新缓存 444 / 读缓存 1,268） 出 192 = 1,906 | 累计 108,876 tok $1.083
  已翻 108/1440 段
    [tok] #40 入 2,691（新缓存 1,421 / 读缓存 1,268） 出 1,645 = 4,336 | 累计 113,212 tok $1.141
  已翻 111/1440 段
    [tok] #41 入 1,945（新缓存 675 / 读缓存 1,268） 出 459 = 2,404 | 累计 115,616 tok $1.161
  已翻 114/1440 段
    [tok] #42 入 1,946（新缓存 676 / 读缓存 1,268） 出 435 = 2,381 | 累计 117,997 tok $1.181
  已翻 117/1440 段
    [tok] #43 入 2,281（新缓存 1,011 / 读缓存 1,268） 出 833 = 3,114 | 累计 121,111 tok $1.214
  已翻 120/1440 段
    [tok] #44 入 2,323（新缓存 1,053 / 读缓存 1,268） 出 1,295 = 3,618 | 累计 124,729 tok $1.259
  已翻 123/1440 段
    [tok] #45 入 1,993（新缓存 723 / 读缓存 1,268） 出 486 = 2,479 | 累计 127,208 tok $1.281
  已翻 126/1440 段
    [tok] #46 入 1,934（新缓存 664 / 读缓存 1,268） 出 428 = 2,362 | 累计 129,570 tok $1.300
  已翻 129/1440 段
    [tok] #47 入 2,223（新缓存 953 / 读缓存 1,268） 出 724 = 2,947 | 累计 132,517 tok $1.330
  已翻 132/1440 段
    [tok] #48 入 1,805（新缓存 535 / 读缓存 1,268） 出 315 = 2,120 | 累计 134,637 tok $1.345
  已翻 135/1440 段
    [tok] #49 入 2,018（新缓存 748 / 读缓存 1,268） 出 518 = 2,536 | 累计 137,173 tok $1.367
  已翻 138/1440 段
    [tok] #50 入 2,674（新缓存 1,404 / 读缓存 1,268） 出 1,298 = 3,972 | 累计 141,145 tok $1.417
  已翻 141/1440 段
    [tok] #51 入 2,200（新缓存 930 / 读缓存 1,268） 出 757 = 2,957 | 累计 144,102 tok $1.447
  已翻 144/1440 段
    [tok] #52 入 2,141（新缓存 871 / 读缓存 1,268） 出 784 = 2,925 | 累计 147,027 tok $1.477
  已翻 147/1440 段
    [tok] #53 入 1,897（新缓存 627 / 读缓存 1,268） 出 636 = 2,533 | 累计 149,560 tok $1.502
  已翻 150/1440 段
    [tok] #54 入 1,934（新缓存 664 / 读缓存 1,268） 出 272 = 2,206 | 累计 151,766 tok $1.517
  已翻 153/1440 段
    [tok] #55 入 1,831（新缓存 561 / 读缓存 1,268） 出 314 = 2,145 | 累计 153,911 tok $1.532
  已翻 156/1440 段
    [tok] #56 入 2,026（新缓存 756 / 读缓存 1,268） 出 682 = 2,708 | 累计 156,619 tok $1.559
  已翻 159/1440 段
    [tok] #57 入 2,112（新缓存 842 / 读缓存 1,268） 出 564 = 2,676 | 累计 159,295 tok $1.584
  已翻 162/1440 段
    [tok] #58 入 1,910（新缓存 640 / 读缓存 1,268） 出 391 = 2,301 | 累计 161,596 tok $1.602
  已翻 165/1440 段
    [tok] #59 入 2,140（新缓存 870 / 读缓存 1,268） 出 1,201 = 3,341 | 累计 164,937 tok $1.643
  已翻 168/1440 段
    [tok] #60 入 2,027（新缓存 757 / 读缓存 1,268） 出 576 = 2,603 | 累计 167,540 tok $1.667
  已翻 171/1440 段
    [tok] #61 入 1,689（新缓存 419 / 读缓存 1,268） 出 157 = 1,846 | 累计 169,386 tok $1.677
  已翻 174/1440 段
    [tok] #62 入 1,938（新缓存 668 / 读缓存 1,268） 出 433 = 2,371 | 累计 171,757 tok $1.696
  已翻 177/1440 段
    [tok] #63 入 1,950（新缓存 680 / 读缓存 1,268） 出 363 = 2,313 | 累计 174,070 tok $1.714
  已翻 180/1440 段
    [tok] #64 入 2,029（新缓存 759 / 读缓存 1,268） 出 674 = 2,703 | 累计 176,773 tok $1.740
  已翻 183/1440 段
    [tok] #65 入 1,931（新缓存 661 / 读缓存 1,268） 出 461 = 2,392 | 累计 179,165 tok $1.761
  已翻 186/1440 段
    [tok] #66 入 2,130（新缓存 860 / 读缓存 1,268） 出 632 = 2,762 | 累计 181,927 tok $1.787
  已翻 189/1440 段
    [tok] #67 入 2,421（新缓存 1,151 / 读缓存 1,268） 出 935 = 3,356 | 累计 185,283 tok $1.824
  已翻 192/1440 段
    [tok] #68 入 2,270（新缓存 1,000 / 读缓存 1,268） 出 789 = 3,059 | 累计 188,342 tok $1.856
  已翻 195/1440 段
    [tok] #69 入 1,833（新缓存 563 / 读缓存 1,268） 出 344 = 2,177 | 累计 190,519 tok $1.872
  已翻 198/1440 段
    [tok] #70 入 1,975（新缓存 705 / 读缓存 1,268） 出 823 = 2,798 | 累计 193,317 tok $1.902
  已翻 201/1440 段
    [tok] #71 入 1,778（新缓存 508 / 读缓存 1,268） 出 262 = 2,040 | 累计 195,357 tok $1.916
  已翻 204/1440 段
    [tok] #72 入 2,079（新缓存 809 / 读缓存 1,268） 出 622 = 2,701 | 累计 198,058 tok $1.941
  已翻 207/1440 段
    [tok] #73 入 2,600（新缓存 1,330 / 读缓存 1,268） 出 1,290 = 3,890 | 累计 201,948 tok $1.989
  已翻 210/1440 段
    [tok] #74 入 1,710（新缓存 440 / 读缓存 1,268） 出 233 = 1,943 | 累计 203,891 tok $2.001
  已翻 213/1440 段
    [tok] #75 入 1,817（新缓存 547 / 读缓存 1,268） 出 321 = 2,138 | 累计 206,029 tok $2.017
  已翻 216/1440 段
    [tok] #76 入 1,968（新缓存 698 / 读缓存 1,268） 出 485 = 2,453 | 累计 208,482 tok $2.038
  已翻 219/1440 段
    [tok] #77 入 2,157（新缓存 887 / 读缓存 1,268） 出 755 = 2,912 | 累计 211,394 tok $2.068
  已翻 222/1440 段
    [tok] #78 入 2,254（新缓存 984 / 读缓存 1,268） 出 898 = 3,152 | 累计 214,546 tok $2.102
  已翻 225/1440 段
    [tok] #79 入 2,304（新缓存 1,034 / 读缓存 1,268） 出 1,046 = 3,350 | 累计 217,896 tok $2.141
  已翻 228/1440 段
    [tok] #80 入 1,724（新缓存 454 / 读缓存 1,268） 出 97 = 1,821 | 累计 219,717 tok $2.150
  已翻 231/1440 段
    [tok] #81 入 2,118（新缓存 848 / 读缓存 1,268） 出 672 = 2,790 | 累计 222,507 tok $2.177
  已翻 234/1440 段
    [tok] #82 入 1,992（新缓存 722 / 读缓存 1,268） 出 455 = 2,447 | 累计 224,954 tok $2.198
  已翻 237/1440 段
    [tok] #83 入 1,881（新缓存 611 / 读缓存 1,268） 出 382 = 2,263 | 累计 227,217 tok $2.216
  已翻 240/1440 段
    [tok] #84 入 2,064（新缓存 794 / 读缓存 1,268） 出 633 = 2,697 | 累计 229,914 tok $2.242
  已翻 243/1440 段
    [tok] #85 入 2,984（新缓存 1,714 / 读缓存 1,268） 出 2,616 = 5,600 | 累计 235,514 tok $2.327
  已翻 246/1440 段
    [tok] #86 入 1,705（新缓存 435 / 读缓存 1,268） 出 268 = 1,973 | 累计 237,487 tok $2.340
  已翻 249/1440 段
    [tok] #87 入 1,794（新缓存 524 / 读缓存 1,268） 出 276 = 2,070 | 累计 239,557 tok $2.354
  已翻 252/1440 段
    [tok] #88 入 2,435（新缓存 1,165 / 读缓存 1,268） 出 2,185 = 4,620 | 累计 244,177 tok $2.422
  已翻 255/1440 段
    [tok] #89 入 1,812（新缓存 542 / 读缓存 1,268） 出 626 = 2,438 | 累计 246,615 tok $2.445
  已翻 258/1440 段
    [tok] #90 入 1,754（新缓存 484 / 读缓存 1,268） 出 224 = 1,978 | 累计 248,593 tok $2.458
  已翻 261/1440 段
    [tok] #91 入 1,792（新缓存 522 / 读缓存 1,268） 出 309 = 2,101 | 累计 250,694 tok $2.472
  已翻 264/1440 段
    [tok] #92 入 2,030（新缓存 760 / 读缓存 1,268） 出 564 = 2,594 | 累计 253,288 tok $2.496
  已翻 267/1440 段
    [tok] #93 入 1,891（新缓存 621 / 读缓存 1,268） 出 429 = 2,320 | 累计 255,608 tok $2.515
  已翻 270/1440 段
    [tok] #94 入 1,975（新缓存 705 / 读缓存 1,268） 出 452 = 2,427 | 累计 258,035 tok $2.536
  已翻 273/1440 段
    [tok] #95 入 1,654（新缓存 384 / 读缓存 1,268） 出 129 = 1,783 | 累计 259,818 tok $2.544
  已翻 276/1440 段
    [tok] #96 入 1,648（新缓存 378 / 读缓存 1,268） 出 120 = 1,768 | 累计 261,586 tok $2.552
  已翻 279/1440 段
    [tok] #97 入 1,797（新缓存 527 / 读缓存 1,268） 出 271 = 2,068 | 累计 263,654 tok $2.566
  已翻 282/1440 段
    [tok] #98 入 2,284（新缓存 1,014 / 读缓存 1,268） 出 778 = 3,062 | 累计 266,716 tok $2.598
  已翻 285/1440 段
    [tok] #99 入 2,309（新缓存 1,039 / 读缓存 1,268） 出 765 = 3,074 | 累计 269,790 tok $2.629
  已翻 288/1440 段
    [tok] #100 入 1,685（新缓存 415 / 读缓存 1,268） 出 138 = 1,823 | 累计 271,613 tok $2.639
  已翻 291/1440 段
    [tok] #101 入 1,908（新缓存 638 / 读缓存 1,268） 出 269 = 2,177 | 累计 273,790 tok $2.654
  已翻 294/1440 段
    [tok] #102 入 2,066（新缓存 796 / 读缓存 1,268） 出 546 = 2,612 | 累计 276,402 tok $2.677
  已翻 297/1440 段
    [tok] #103 入 2,864（新缓存 1,594 / 读缓存 1,268） 出 1,699 = 4,563 | 累计 280,965 tok $2.738
  已翻 300/1440 段
    [tok] #104 入 2,113（新缓存 843 / 读缓存 1,268） 出 534 = 2,647 | 累计 283,612 tok $2.762
  已翻 303/1440 段
    [tok] #105 入 2,258（新缓存 988 / 读缓存 1,268） 出 745 = 3,003 | 累计 286,615 tok $2.793
  已翻 306/1440 段
    [tok] #106 入 3,099（新缓存 1,829 / 读缓存 1,268） 出 1,904 = 5,003 | 累计 291,618 tok $2.862
  已翻 309/1440 段
    [tok] #107 入 1,973（新缓存 703 / 读缓存 1,268） 出 643 = 2,616 | 累计 294,234 tok $2.887
  已翻 312/1440 段
    [tok] #108 入 2,451（新缓存 1,181 / 读缓存 1,268） 出 1,111 = 3,562 | 累计 297,796 tok $2.929
  已翻 315/1440 段
    [tok] #109 入 2,364（新缓存 1,094 / 读缓存 1,268） 出 836 = 3,200 | 累计 300,996 tok $2.963
  已翻 318/1440 段
    [tok] #110 入 1,874（新缓存 604 / 读缓存 1,268） 出 337 = 2,211 | 累计 303,207 tok $2.979
  已翻 321/1440 段
    [tok] #111 入 2,044（新缓存 774 / 读缓存 1,268） 出 565 = 2,609 | 累计 305,816 tok $3.003
  已翻 324/1440 段
    [tok] #112 入 1,943（新缓存 673 / 读缓存 1,268） 出 276 = 2,219 | 累计 308,035 tok $3.019
  已翻 327/1440 段
    [tok] #113 入 2,228（新缓存 958 / 读缓存 1,268） 出 1,151 = 3,379 | 累计 311,414 tok $3.060
  已翻 330/1440 段
    [tok] #114 入 1,881（新缓存 611 / 读缓存 1,268） 出 372 = 2,253 | 累计 313,667 tok $3.077
  已翻 333/1440 段
    [tok] #115 入 1,992（新缓存 722 / 读缓存 1,268） 出 508 = 2,500 | 累计 316,167 tok $3.099
  已翻 336/1440 段
    [tok] #116 入 2,239（新缓存 969 / 读缓存 1,268） 出 1,044 = 3,283 | 累计 319,450 tok $3.137
  已翻 339/1440 段
    [tok] #117 入 2,198（新缓存 928 / 读缓存 1,268） 出 768 = 2,966 | 累计 322,416 tok $3.168
  已翻 342/1440 段
    [tok] #118 入 2,084（新缓存 814 / 读缓存 1,268） 出 550 = 2,634 | 累计 325,050 tok $3.192
  已翻 345/1440 段
    [tok] #119 入 2,179（新缓存 909 / 读缓存 1,268） 出 1,196 = 3,375 | 累计 328,425 tok $3.233
  已翻 348/1440 段
    [tok] #120 入 1,886（新缓存 616 / 读缓存 1,268） 出 370 = 2,256 | 累计 330,681 tok $3.250
  已翻 351/1440 段
    [tok] #121 入 1,882（新缓存 612 / 读缓存 1,268） 出 341 = 2,223 | 累计 332,904 tok $3.267
  已翻 354/1440 段
    [tok] #122 入 1,653（新缓存 383 / 读缓存 1,268） 出 120 = 1,773 | 累计 334,677 tok $3.275
  已翻 357/1440 段
    [tok] #123 入 2,022（新缓存 752 / 读缓存 1,268） 出 600 = 2,622 | 累计 337,299 tok $3.300
  已翻 360/1440 段
    [tok] #124 入 1,868（新缓存 598 / 读缓存 1,268） 出 291 = 2,159 | 累计 339,458 tok $3.315
  已翻 363/1440 段
    [tok] #125 入 1,720（新缓存 450 / 读缓存 1,268） 出 198 = 1,918 | 累计 341,376 tok $3.326
  已翻 366/1440 段
    [tok] #126 入 1,977（新缓存 707 / 读缓存 1,268） 出 483 = 2,460 | 累计 343,836 tok $3.347
  已翻 369/1440 段
    [tok] #127 入 1,933（新缓存 663 / 读缓存 1,268） 出 453 = 2,386 | 累计 346,222 tok $3.367
  已翻 372/1440 段
    [tok] #128 入 1,907（新缓存 637 / 读缓存 1,268） 出 165 = 2,072 | 累计 348,294 tok $3.380
  已翻 375/1440 段
    [tok] #129 入 1,704（新缓存 434 / 读缓存 1,268） 出 165 = 1,869 | 累计 350,163 tok $3.390
  已翻 378/1440 段
    [tok] #130 入 1,762（新缓存 492 / 读缓存 1,268） 出 274 = 2,036 | 累计 352,199 tok $3.404
  已翻 381/1440 段
    [tok] #131 入 2,062（新缓存 792 / 读缓存 1,268） 出 538 = 2,600 | 累计 354,799 tok $3.427
  已翻 384/1440 段
    [tok] #132 入 1,850（新缓存 580 / 读缓存 1,268） 出 381 = 2,231 | 累计 357,030 tok $3.445
  已翻 387/1440 段
    [tok] #133 入 2,007（新缓存 737 / 读缓存 1,268） 出 809 = 2,816 | 累计 359,846 tok $3.474
  已翻 390/1440 段
    [tok] #134 入 2,237（新缓存 967 / 读缓存 1,268） 出 767 = 3,004 | 累计 362,850 tok $3.505
  已翻 393/1440 段
    [tok] #135 入 2,706（新缓存 1,436 / 读缓存 1,268） 出 1,867 = 4,573 | 累计 367,423 tok $3.569
  已翻 396/1440 段
    [tok] #136 入 1,806（新缓存 536 / 读缓存 1,268） 出 270 = 2,076 | 累计 369,499 tok $3.583
  已翻 399/1440 段
    [tok] #137 入 1,932（新缓存 662 / 读缓存 1,268） 出 406 = 2,338 | 累计 371,837 tok $3.602
  已翻 402/1440 段
    [tok] #138 入 1,989（新缓存 719 / 读缓存 1,268） 出 469 = 2,458 | 累计 374,295 tok $3.623
  已翻 405/1440 段
    [tok] #139 入 1,793（新缓存 523 / 读缓存 1,268） 出 306 = 2,099 | 累计 376,394 tok $3.637
  已翻 408/1440 段
    [tok] #140 入 1,993（新缓存 723 / 读缓存 1,268） 出 460 = 2,453 | 累计 378,847 tok $3.658
  已翻 411/1440 段
    [tok] #141 入 1,804（新缓存 534 / 读缓存 1,268） 出 290 = 2,094 | 累计 380,941 tok $3.673
  已翻 414/1440 段
    [tok] #142 入 2,314（新缓存 1,044 / 读缓存 1,268） 出 1,094 = 3,408 | 累计 384,349 tok $3.713
  已翻 417/1440 段
    [tok] #143 入 1,923（新缓存 653 / 读缓存 1,268） 出 449 = 2,372 | 累计 386,721 tok $3.732
  已翻 420/1440 段
    [tok] #144 入 1,991（新缓存 721 / 读缓存 1,268） 出 514 = 2,505 | 累计 389,226 tok $3.754
  已翻 423/1440 段
    [tok] #145 入 2,221（新缓存 951 / 读缓存 1,268） 出 1,213 = 3,434 | 累计 392,660 tok $3.796
  已翻 426/1440 段
    [tok] #146 入 1,737（新缓存 467 / 读缓存 1,268） 出 105 = 1,842 | 累计 394,502 tok $3.806
  已翻 429/1440 段
    [tok] #147 入 1,847（新缓存 577 / 读缓存 1,268） 出 321 = 2,168 | 累计 396,670 tok $3.821
  已翻 432/1440 段
    [tok] #148 入 1,873（新缓存 603 / 读缓存 1,268） 出 371 = 2,244 | 累计 398,914 tok $3.839
  已翻 435/1440 段
    [tok] #149 入 1,981（新缓存 711 / 读缓存 1,268） 出 468 = 2,449 | 累计 401,363 tok $3.859
  已翻 438/1440 段
    [tok] #150 入 2,101（新缓存 831 / 读缓存 1,268） 出 891 = 2,992 | 累计 404,355 tok $3.892
  已翻 441/1440 段
    [tok] #151 入 1,945（新缓存 675 / 读缓存 1,268） 出 456 = 2,401 | 累计 406,756 tok $3.912
  已翻 444/1440 段
    [tok] #152 入 1,912（新缓存 642 / 读缓存 1,268） 出 670 = 2,582 | 累计 409,338 tok $3.937
  已翻 447/1440 段
    [tok] #153 入 2,029（新缓存 759 / 读缓存 1,268） 出 560 = 2,589 | 累计 411,927 tok $3.961
  已翻 450/1440 段
    [tok] #154 入 1,953（新缓存 683 / 读缓存 1,268） 出 462 = 2,415 | 累计 414,342 tok $3.981
  已翻 453/1440 段
    [tok] #155 入 2,229（新缓存 959 / 读缓存 1,268） 出 777 = 3,006 | 累计 417,348 tok $4.013
  已翻 456/1440 段
    [tok] #156 入 2,329（新缓存 1,059 / 读缓存 1,268） 出 846 = 3,175 | 累计 420,523 tok $4.047
  已翻 459/1440 段
    [tok] #157 入 2,046（新缓存 776 / 读缓存 1,268） 出 552 = 2,598 | 累计 423,121 tok $4.070
  已翻 462/1440 段
    [tok] #158 入 2,871（新缓存 1,601 / 读缓存 1,268） 出 1,315 = 4,186 | 累计 427,307 tok $4.122
  已翻 465/1440 段
    [tok] #159 入 1,727（新缓存 457 / 读缓存 1,268） 出 105 = 1,832 | 累计 429,139 tok $4.130
  已翻 468/1440 段
    [tok] #160 入 2,200（新缓存 930 / 读缓存 1,268） 出 880 = 3,080 | 累计 432,219 tok $4.163
  已翻 471/1440 段
    [tok] #161 入 1,677（新缓存 407 / 读缓存 1,268） 出 157 = 1,834 | 累计 434,053 tok $4.173
  已翻 474/1440 段
    [tok] #162 入 1,879（新缓存 609 / 读缓存 1,268） 出 426 = 2,305 | 累计 436,358 tok $4.192
  已翻 477/1440 段
    [tok] #163 入 1,948（新缓存 678 / 读缓存 1,268） 出 436 = 2,384 | 累计 438,742 tok $4.211
  已翻 480/1440 段
    [tok] #164 入 2,035（新缓存 765 / 读缓存 1,268） 出 510 = 2,545 | 累计 441,287 tok $4.234
  已翻 483/1440 段
    [tok] #165 入 2,003（新缓存 733 / 读缓存 1,268） 出 545 = 2,548 | 累计 443,835 tok $4.257
  已翻 486/1440 段
    [tok] #166 入 1,877（新缓存 607 / 读缓存 1,268） 出 419 = 2,296 | 累计 446,131 tok $4.275
  已翻 489/1440 段
    [tok] #167 入 2,050（新缓存 780 / 读缓存 1,268） 出 1,019 = 3,069 | 累计 449,200 tok $4.311
  已翻 492/1440 段
    [tok] #168 入 1,983（新缓存 713 / 读缓存 1,268） 出 509 = 2,492 | 累计 451,692 tok $4.333
  已翻 495/1440 段
    [tok] #169 入 2,066（新缓存 796 / 读缓存 1,268） 出 716 = 2,782 | 累计 454,474 tok $4.360
  已翻 498/1440 段
    [tok] #170 入 1,995（新缓存 725 / 读缓存 1,268） 出 808 = 2,803 | 累计 457,277 tok $4.390
  已翻 501/1440 段
    [tok] #171 入 1,677（新缓存 407 / 读缓存 1,268） 出 165 = 1,842 | 累计 459,119 tok $4.400
  已翻 504/1440 段
    [tok] #172 入 2,095（新缓存 825 / 读缓存 1,268） 出 867 = 2,962 | 累计 462,081 tok $4.432
  已翻 507/1440 段
    [tok] #173 入 1,882（新缓存 612 / 读缓存 1,268） 出 633 = 2,515 | 累计 464,596 tok $4.456
  已翻 510/1440 段
    [tok] #174 入 1,981（新缓存 711 / 读缓存 1,268） 出 477 = 2,458 | 累计 467,054 tok $4.477
  已翻 513/1440 段
    [tok] #175 入 2,046（新缓存 776 / 读缓存 1,268） 出 564 = 2,610 | 累计 469,664 tok $4.501
  已翻 516/1440 段
    [tok] #176 入 2,033（新缓存 763 / 读缓存 1,268） 出 572 = 2,605 | 累计 472,269 tok $4.525
  已翻 519/1440 段
    [tok] #177 入 1,709（新缓存 439 / 读缓存 1,268） 出 85 = 1,794 | 累计 474,063 tok $4.533
  已翻 522/1440 段
    [tok] #178 入 1,704（新缓存 434 / 读缓存 1,268） 出 157 = 1,861 | 累计 475,924 tok $4.543
  已翻 525/1440 段
    [tok] #179 入 1,772（新缓存 502 / 读缓存 1,268） 出 239 = 2,011 | 累计 477,935 tok $4.556
  已翻 528/1440 段
    [tok] #180 入 2,146（新缓存 876 / 读缓存 1,268） 出 665 = 2,811 | 累计 480,746 tok $4.584
  已翻 531/1440 段
    [tok] #181 入 1,841（新缓存 571 / 读缓存 1,268） 出 322 = 2,163 | 累计 482,909 tok $4.599
  已翻 534/1440 段
    [tok] #182 入 1,687（新缓存 417 / 读缓存 1,268） 出 173 = 1,860 | 累计 484,769 tok $4.610
  已翻 537/1440 段
    [tok] #183 入 2,133（新缓存 863 / 读缓存 1,268） 出 641 = 2,774 | 累计 487,543 tok $4.636
  已翻 540/1440 段
    [tok] #184 入 2,234（新缓存 964 / 读缓存 1,268） 出 722 = 2,956 | 累计 490,499 tok $4.666
  已翻 543/1440 段
    [tok] #185 入 2,315（新缓存 1,045 / 读缓存 1,268） 出 1,642 = 3,957 | 累计 494,456 tok $4.720
  已翻 546/1440 段
    [tok] #186 入 2,235（新缓存 965 / 读缓存 1,268） 出 778 = 3,013 | 累计 497,469 tok $4.751
  已翻 549/1440 段
    [tok] #187 入 2,039（新缓存 769 / 读缓存 1,268） 出 519 = 2,558 | 累计 500,027 tok $4.774
  已翻 552/1440 段
    [tok] #188 入 2,140（新缓存 870 / 读缓存 1,268） 出 642 = 2,782 | 累计 502,809 tok $4.801
  已翻 555/1440 段
    [tok] #189 入 2,487（新缓存 1,217 / 读缓存 1,268） 出 1,352 = 3,839 | 累计 506,648 tok $4.849
  已翻 558/1440 段
    [tok] #190 入 1,879（新缓存 609 / 读缓存 1,268） 出 346 = 2,225 | 累计 508,873 tok $4.866
  已翻 561/1440 段
    [tok] #191 入 1,973（新缓存 703 / 读缓存 1,268） 出 856 = 2,829 | 累计 511,702 tok $4.896
  已翻 564/1440 段
    [tok] #192 入 2,000（新缓存 730 / 读缓存 1,268） 出 349 = 2,349 | 累计 514,051 tok $4.915
  已翻 567/1440 段
    [tok] #193 入 2,177（新缓存 907 / 读缓存 1,268） 出 1,111 = 3,288 | 累计 517,339 tok $4.954
  已翻 570/1440 段
    [tok] #194 入 1,848（新缓存 578 / 读缓存 1,268） 出 382 = 2,230 | 累计 519,569 tok $4.971
  已翻 573/1440 段
    [tok] #195 入 2,349（新缓存 1,079 / 读缓存 1,268） 出 945 = 3,294 | 累计 522,863 tok $5.007
  已翻 576/1440 段
    [tok] #196 入 1,889（新缓存 619 / 读缓存 1,268） 出 502 = 2,391 | 累计 525,254 tok $5.028
  已翻 579/1440 段
    [tok] #197 入 1,912（新缓存 642 / 读缓存 1,268） 出 405 = 2,317 | 累计 527,571 tok $5.047
  已翻 582/1440 段
    [tok] #198 入 2,166（新缓存 896 / 读缓存 1,268） 出 747 = 2,913 | 累计 530,484 tok $5.077
  已翻 585/1440 段
    [tok] #199 入 2,121（新缓存 851 / 读缓存 1,268） 出 660 = 2,781 | 累计 533,265 tok $5.104
  已翻 588/1440 段
    [tok] #200 入 1,882（新缓存 612 / 读缓存 1,268） 出 323 = 2,205 | 累计 535,470 tok $5.120
  已翻 591/1440 段
    [tok] #201 入 1,895（新缓存 625 / 读缓存 1,268） 出 431 = 2,326 | 累计 537,796 tok $5.139
  已翻 594/1440 段
    [tok] #202 入 1,987（新缓存 717 / 读缓存 1,268） 出 473 = 2,460 | 累计 540,256 tok $5.160
  已翻 597/1440 段
    [tok] #203 入 1,898（新缓存 628 / 读缓存 1,268） 出 379 = 2,277 | 累计 542,533 tok $5.177
  已翻 600/1440 段
    [tok] #204 入 1,877（新缓存 607 / 读缓存 1,268） 出 363 = 2,240 | 累计 544,773 tok $5.195
  已翻 603/1440 段
    [tok] #205 入 2,357（新缓存 1,087 / 读缓存 1,268） 出 752 = 3,109 | 累计 547,882 tok $5.226
  已翻 606/1440 段
    [tok] #206 入 1,649（新缓存 379 / 读缓存 1,268） 出 114 = 1,763 | 累计 549,645 tok $5.235
  已翻 609/1440 段
    [tok] #207 入 1,914（新缓存 644 / 读缓存 1,268） 出 403 = 2,317 | 累计 551,962 tok $5.253
  已翻 612/1440 段
    [tok] #208 入 1,863（新缓存 593 / 读缓存 1,268） 出 280 = 2,143 | 累计 554,105 tok $5.268
  已翻 615/1440 段
    [tok] #209 入 1,994（新缓存 724 / 读缓存 1,268） 出 499 = 2,493 | 累计 556,598 tok $5.290
  已翻 618/1440 段
    [tok] #210 入 1,837（新缓存 567 / 读缓存 1,268） 出 379 = 2,216 | 累计 558,814 tok $5.307
  已翻 621/1440 段
    [tok] #211 入 1,880（新缓存 610 / 读缓存 1,268） 出 393 = 2,273 | 累计 561,087 tok $5.325
  已翻 624/1440 段
    [tok] #212 入 2,269（新缓存 999 / 读缓存 1,268） 出 1,267 = 3,536 | 累计 564,623 tok $5.369
  已翻 627/1440 段
    [tok] #213 入 2,188（新缓存 918 / 读缓存 1,268） 出 1,104 = 3,292 | 累计 567,915 tok $5.408
  已翻 630/1440 段
    [tok] #214 入 1,860（新缓存 590 / 读缓存 1,268） 出 362 = 2,222 | 累计 570,137 tok $5.425
  已翻 633/1440 段
    [tok] #215 入 1,967（新缓存 697 / 读缓存 1,268） 出 446 = 2,413 | 累计 572,550 tok $5.445
  已翻 636/1440 段
    [tok] #216 入 2,210（新缓存 940 / 读缓存 1,268） 出 742 = 2,952 | 累计 575,502 tok $5.475
  已翻 639/1440 段
    [tok] #217 入 1,954（新缓存 684 / 读缓存 1,268） 出 551 = 2,505 | 累计 578,007 tok $5.498
  已翻 642/1440 段
    [tok] #218 入 2,509（新缓存 1,239 / 读缓存 1,268） 出 1,056 = 3,565 | 累计 581,572 tok $5.539
  已翻 645/1440 段
    [tok] #219 入 1,806（新缓存 536 / 读缓存 1,268） 出 233 = 2,039 | 累计 583,611 tok $5.552
  已翻 648/1440 段
    [tok] #220 入 1,647（新缓存 377 / 读缓存 1,268） 出 122 = 1,769 | 累计 585,380 tok $5.560
  已翻 651/1440 段
    [tok] #221 入 1,724（新缓存 454 / 读缓存 1,268） 出 198 = 1,922 | 累计 587,302 tok $5.572
  已翻 654/1440 段
    [tok] #222 入 1,744（新缓存 474 / 读缓存 1,268） 出 223 = 1,967 | 累计 589,269 tok $5.584
  已翻 657/1440 段
    [tok] #223 入 2,010（新缓存 740 / 读缓存 1,268） 出 471 = 2,481 | 累计 591,750 tok $5.605
  已翻 660/1440 段
    [tok] #224 入 1,887（新缓存 617 / 读缓存 1,268） 出 392 = 2,279 | 累计 594,029 tok $5.623
  已翻 663/1440 段
    [tok] #225 入 3,148（新缓存 1,878 / 读缓存 1,268） 出 1,557 = 4,705 | 累计 598,734 tok $5.684
  已翻 666/1440 段
    [tok] #226 入 1,858（新缓存 588 / 读缓存 1,268） 出 312 = 2,170 | 累计 600,904 tok $5.699
  已翻 669/1440 段
    [tok] #227 入 2,741（新缓存 1,471 / 读缓存 1,268） 出 1,361 = 4,102 | 累计 605,006 tok $5.751
  已翻 672/1440 段
    [tok] #228 入 1,738（新缓存 468 / 读缓存 1,268） 出 209 = 1,947 | 累计 606,953 tok $5.762
  已翻 675/1440 段
    [tok] #229 入 3,041（新缓存 1,771 / 读缓存 1,268） 出 1,901 = 4,942 | 累计 611,895 tok $5.830
  已翻 678/1440 段
    [tok] #230 入 2,905（新缓存 1,635 / 读缓存 1,268） 出 1,982 = 4,887 | 累计 616,782 tok $5.899
  已翻 681/1440 段
    [tok] #231 入 2,099（新缓存 829 / 读缓存 1,268） 出 1,250 = 3,349 | 累计 620,131 tok $5.941
  已翻 684/1440 段
    [tok] #232 入 1,986（新缓存 716 / 读缓存 1,268） 出 523 = 2,509 | 累计 622,640 tok $5.963
  已翻 687/1440 段
    [tok] #233 入 2,179（新缓存 909 / 读缓存 1,268） 出 793 = 2,972 | 累计 625,612 tok $5.994
  已翻 690/1440 段
    [tok] #234 入 1,785（新缓存 515 / 读缓存 1,268） 出 267 = 2,052 | 累计 627,664 tok $6.008
  已翻 693/1440 段
    [tok] #235 入 2,266（新缓存 996 / 读缓存 1,268） 出 1,020 = 3,286 | 累计 630,950 tok $6.046
  已翻 696/1440 段
    [tok] #236 入 2,417（新缓存 1,147 / 读缓存 1,268） 出 1,323 = 3,740 | 累计 634,690 tok $6.092
  已翻 699/1440 段
    [tok] #237 入 2,018（新缓存 748 / 读缓存 1,268） 出 343 = 2,361 | 累计 637,051 tok $6.111
  已翻 702/1440 段
    [tok] #238 入 1,873（新缓存 603 / 读缓存 1,268） 出 358 = 2,231 | 累计 639,282 tok $6.127
  已翻 705/1440 段
    [tok] #239 入 2,478（新缓存 1,208 / 读缓存 1,268） 出 1,092 = 3,570 | 累计 642,852 tok $6.169
  已翻 708/1440 段
    [tok] #240 入 2,334（新缓存 1,064 / 读缓存 1,268） 出 1,336 = 3,670 | 累计 646,522 tok $6.216
  已翻 711/1440 段
    [tok] #241 入 2,019（新缓存 749 / 读缓存 1,268） 出 489 = 2,508 | 累计 649,030 tok $6.237
  已翻 714/1440 段
    [tok] #242 入 1,945（新缓存 675 / 读缓存 1,268） 出 429 = 2,374 | 累计 651,404 tok $6.257
  已翻 717/1440 段
    [tok] #243 入 2,079（新缓存 809 / 读缓存 1,268） 出 566 = 2,645 | 累计 654,049 tok $6.281
  已翻 720/1440 段
    [tok] #244 入 2,585（新缓存 1,315 / 读缓存 1,268） 出 1,195 = 3,780 | 累计 657,829 tok $6.327
  已翻 723/1440 段
    [tok] #245 入 1,912（新缓存 642 / 读缓存 1,268） 出 396 = 2,308 | 累计 660,137 tok $6.345
  已翻 726/1440 段
    [tok] #246 入 1,894（新缓存 624 / 读缓存 1,268） 出 325 = 2,219 | 累计 662,356 tok $6.361
  已翻 729/1440 段
    [tok] #247 入 1,958（新缓存 688 / 读缓存 1,268） 出 483 = 2,441 | 累计 664,797 tok $6.382
  已翻 732/1440 段
    [tok] #248 入 2,650（新缓存 1,380 / 读缓存 1,268） 出 1,196 = 3,846 | 累计 668,643 tok $6.428
  已翻 735/1440 段
    [tok] #249 入 1,603（新缓存 333 / 读缓存 1,268） 出 329 = 1,932 | 累计 670,575 tok $6.442
  已翻 738/1440 段
    [tok] #250 入 2,133（新缓存 863 / 读缓存 1,268） 出 658 = 2,791 | 累计 673,366 tok $6.469
  已翻 741/1440 段
    [tok] #251 入 2,057（新缓存 787 / 读缓存 1,268） 出 640 = 2,697 | 累计 676,063 tok $6.495
  已翻 744/1440 段
    [tok] #252 入 1,608（新缓存 338 / 读缓存 1,268） 出 394 = 2,002 | 累计 678,065 tok $6.510
  已翻 747/1440 段
    [tok] #253 入 1,605（新缓存 335 / 读缓存 1,268） 出 83 = 1,688 | 累计 679,753 tok $6.517
  已翻 750/1440 段
    [tok] #254 入 1,602（新缓存 332 / 读缓存 1,268） 出 246 = 1,848 | 累计 681,601 tok $6.528
  已翻 753/1440 段
    [tok] #255 入 1,678（新缓存 408 / 读缓存 1,268） 出 75 = 1,753 | 累计 683,354 tok $6.536
  已翻 756/1440 段
    [tok] #256 入 1,773（新缓存 503 / 读缓存 1,268） 出 260 = 2,033 | 累计 685,387 tok $6.549
  已翻 759/1440 段
    [tok] #257 入 1,964（新缓存 694 / 读缓存 1,268） 出 492 = 2,456 | 累计 687,843 tok $6.571
  已翻 762/1440 段
    [tok] #258 入 2,178（新缓存 908 / 读缓存 1,268） 出 682 = 2,860 | 累计 690,703 tok $6.599
  已翻 765/1440 段
    [tok] #259 入 2,250（新缓存 980 / 读缓存 1,268） 出 781 = 3,031 | 累计 693,734 tok $6.630
  已翻 768/1440 段
    [tok] #260 入 2,038（新缓存 768 / 读缓存 1,268） 出 722 = 2,760 | 累计 696,494 tok $6.658
  已翻 771/1440 段
    [tok] #261 入 1,863（新缓存 593 / 读缓存 1,268） 出 406 = 2,269 | 累计 698,763 tok $6.676
  已翻 774/1440 段
    [tok] #262 入 1,995（新缓存 725 / 读缓存 1,268） 出 806 = 2,801 | 累计 701,564 tok $6.706
  已翻 777/1440 段
    [tok] #263 入 2,024（新缓存 754 / 读缓存 1,268） 出 521 = 2,545 | 累计 704,109 tok $6.728
  已翻 780/1440 段
    [tok] #264 入 2,000（新缓存 730 / 读缓存 1,268） 出 536 = 2,536 | 累计 706,645 tok $6.751
  已翻 783/1440 段
    [tok] #265 入 1,888（新缓存 618 / 读缓存 1,268） 出 510 = 2,398 | 累计 709,043 tok $6.772
  已翻 786/1440 段
    [tok] #266 入 1,780（新缓存 510 / 读缓存 1,268） 出 122 = 1,902 | 累计 710,945 tok $6.782
  已翻 789/1440 段
    [tok] #267 入 1,968（新缓存 698 / 读缓存 1,268） 出 849 = 2,817 | 累计 713,762 tok $6.812
  已翻 792/1440 段
    [tok] #268 入 1,920（新缓存 650 / 读缓存 1,268） 出 434 = 2,354 | 累计 716,116 tok $6.832
  已翻 795/1440 段
    [tok] #269 入 1,956（新缓存 686 / 读缓存 1,268） 出 421 = 2,377 | 累计 718,493 tok $6.851
  已翻 798/1440 段
    [tok] #270 入 2,137（新缓存 867 / 读缓存 1,268） 出 950 = 3,087 | 累计 721,580 tok $6.886
  已翻 801/1440 段
    [tok] #271 入 2,169（新缓存 899 / 读缓存 1,268） 出 960 = 3,129 | 累计 724,709 tok $6.921
  已翻 804/1440 段
    [tok] #272 入 2,510（新缓存 1,240 / 读缓存 1,268） 出 1,103 = 3,613 | 累计 728,322 tok $6.963
  已翻 807/1440 段
    [tok] #273 入 1,745（新缓存 475 / 读缓存 1,268） 出 234 = 1,979 | 累计 730,301 tok $6.976
  已翻 810/1440 段
    [tok] #274 入 1,930（新缓存 660 / 读缓存 1,268） 出 452 = 2,382 | 累计 732,683 tok $6.995
  已翻 813/1440 段
    [tok] #275 入 2,000（新缓存 730 / 读缓存 1,268） 出 500 = 2,500 | 累计 735,183 tok $7.017
  已翻 816/1440 段
    [tok] #276 入 2,009（新缓存 739 / 读缓存 1,268） 出 813 = 2,822 | 累计 738,005 tok $7.047
  已翻 819/1440 段
    [tok] #277 入 2,075（新缓存 805 / 读缓存 1,268） 出 1,228 = 3,303 | 累计 741,308 tok $7.088
  已翻 822/1440 段
    [tok] #278 入 2,392（新缓存 1,122 / 读缓存 1,268） 出 982 = 3,374 | 累计 744,682 tok $7.126
  已翻 825/1440 段
    [tok] #279 入 2,138（新缓存 868 / 读缓存 1,268） 出 637 = 2,775 | 累计 747,457 tok $7.153
  已翻 828/1440 段
    [tok] #280 入 2,417（新缓存 1,147 / 读缓存 1,268） 出 948 = 3,365 | 累计 750,822 tok $7.190
  已翻 831/1440 段
    [tok] #281 入 1,872（新缓存 602 / 读缓存 1,268） 出 560 = 2,432 | 累计 753,254 tok $7.212
  已翻 834/1440 段
    [tok] #282 入 1,774（新缓存 504 / 读缓存 1,268） 出 301 = 2,075 | 累计 755,329 tok $7.227
  已翻 837/1440 段
    [tok] #283 入 1,795（新缓存 525 / 读缓存 1,268） 出 389 = 2,184 | 累计 757,513 tok $7.244
  已翻 840/1440 段
    [tok] #284 入 1,947（新缓存 677 / 读缓存 1,268） 出 459 = 2,406 | 累计 759,919 tok $7.264
  已翻 843/1440 段
    [tok] #285 入 2,687（新缓存 1,417 / 读缓存 1,268） 出 1,247 = 3,934 | 累计 763,853 tok $7.312
  已翻 846/1440 段
    [tok] #286 入 2,468（新缓存 1,198 / 读缓存 1,268） 出 926 = 3,394 | 累计 767,247 tok $7.349
  已翻 849/1440 段
    [tok] #287 入 2,033（新缓存 763 / 读缓存 1,268） 出 999 = 3,032 | 累计 770,279 tok $7.384
  已翻 852/1440 段
    [tok] #288 入 1,857（新缓存 587 / 读缓存 1,268） 出 337 = 2,194 | 累计 772,473 tok $7.400
  已翻 855/1440 段
    [tok] #289 入 1,956（新缓存 686 / 读缓存 1,268） 出 420 = 2,376 | 累计 774,849 tok $7.420
  已翻 858/1440 段
    [tok] #290 入 2,008（新缓存 738 / 读缓存 1,268） 出 507 = 2,515 | 累计 777,364 tok $7.442
  已翻 861/1440 段
    [tok] #291 入 1,942（新缓存 672 / 读缓存 1,268） 出 325 = 2,267 | 累计 779,631 tok $7.458
  已翻 864/1440 段
    [tok] #292 入 2,042（新缓存 772 / 读缓存 1,268） 出 498 = 2,540 | 累计 782,171 tok $7.481
  已翻 867/1440 段
    [tok] #293 入 2,128（新缓存 858 / 读缓存 1,268） 出 625 = 2,753 | 累计 784,924 tok $7.507
  已翻 870/1440 段
    [tok] #294 入 1,944（新缓存 674 / 读缓存 1,268） 出 429 = 2,373 | 累计 787,297 tok $7.527
  已翻 873/1440 段
    [tok] #295 入 1,961（新缓存 691 / 读缓存 1,268） 出 433 = 2,394 | 累计 789,691 tok $7.546
  已翻 876/1440 段
    [tok] #296 入 2,092（新缓存 822 / 读缓存 1,268） 出 598 = 2,690 | 累计 792,381 tok $7.572
  已翻 879/1440 段
    [tok] #297 入 2,252（新缓存 982 / 读缓存 1,268） 出 785 = 3,037 | 累计 795,418 tok $7.603
  已翻 882/1440 段
    [tok] #298 入 1,750（新缓存 480 / 读缓存 1,268） 出 109 = 1,859 | 累计 797,277 tok $7.613
  已翻 885/1440 段
    [tok] #299 入 1,832（新缓存 562 / 读缓存 1,268） 出 319 = 2,151 | 累计 799,428 tok $7.628
  已翻 888/1440 段
    [tok] #300 入 1,632（新缓存 362 / 读缓存 1,268） 出 111 = 1,743 | 累计 801,171 tok $7.636
  已翻 891/1440 段
    [tok] #301 入 1,820（新缓存 550 / 读缓存 1,268） 出 291 = 2,111 | 累计 803,282 tok $7.651
  已翻 894/1440 段
    [tok] #302 入 1,900（新缓存 630 / 读缓存 1,268） 出 374 = 2,274 | 累计 805,556 tok $7.669
  已翻 897/1440 段
    [tok] #303 入 2,201（新缓存 931 / 读缓存 1,268） 出 759 = 2,960 | 累计 808,516 tok $7.699
  已翻 900/1440 段
    [tok] #304 入 2,656（新缓存 1,386 / 读缓存 1,268） 出 1,183 = 3,839 | 累计 812,355 tok $7.745
  已翻 903/1440 段
    [tok] #305 入 1,855（新缓存 585 / 读缓存 1,268） 出 348 = 2,203 | 累计 814,558 tok $7.761
  已翻 906/1440 段
    [tok] #306 入 2,397（新缓存 1,127 / 读缓存 1,268） 出 968 = 3,365 | 累计 817,923 tok $7.799
  已翻 909/1440 段
    [tok] #307 入 1,724（新缓存 454 / 读缓存 1,268） 出 205 = 1,929 | 累计 819,852 tok $7.811
  已翻 912/1440 段
    [tok] #308 入 2,142（新缓存 872 / 读缓存 1,268） 出 606 = 2,748 | 累计 822,600 tok $7.837
  已翻 915/1440 段
    [tok] #309 入 2,579（新缓存 1,309 / 读缓存 1,268） 出 1,112 = 3,691 | 累计 826,291 tok $7.880
  已翻 918/1440 段
    [tok] #310 入 2,039（新缓存 769 / 读缓存 1,268） 出 527 = 2,566 | 累计 828,857 tok $7.903
  已翻 921/1440 段
    [tok] #311 入 1,682（新缓存 412 / 读缓存 1,268） 出 157 = 1,839 | 累计 830,696 tok $7.913
  已翻 924/1440 段
    [tok] #312 入 2,062（新缓存 792 / 读缓存 1,268） 出 575 = 2,637 | 累计 833,333 tok $7.937
  已翻 927/1440 段
    [tok] #313 入 1,923（新缓存 653 / 读缓存 1,268） 出 440 = 2,363 | 累计 835,696 tok $7.957
  已翻 930/1440 段
    [tok] #314 入 1,765（新缓存 495 / 读缓存 1,268） 出 238 = 2,003 | 累计 837,699 tok $7.970
  已翻 933/1440 段
    [tok] #315 入 2,123（新缓存 853 / 读缓存 1,268） 出 559 = 2,682 | 累计 840,381 tok $7.994
  已翻 936/1440 段
    [tok] #316 入 2,120（新缓存 850 / 读缓存 1,268） 出 648 = 2,768 | 累计 843,149 tok $8.021
  已翻 939/1440 段
    [tok] #317 入 1,767（新缓存 497 / 读缓存 1,268） 出 249 = 2,016 | 累计 845,165 tok $8.034
  已翻 942/1440 段
    [tok] #318 入 2,004（新缓存 734 / 读缓存 1,268） 出 580 = 2,584 | 累计 847,749 tok $8.058
  已翻 945/1440 段
    [tok] #319 入 2,604（新缓存 1,334 / 读缓存 1,268） 出 1,399 = 4,003 | 累计 851,752 tok $8.109
  已翻 948/1440 段
    [tok] #320 入 1,681（新缓存 411 / 读缓存 1,268） 出 156 = 1,837 | 累计 853,589 tok $8.119
  已翻 951/1440 段
    [tok] #321 入 1,949（新缓存 679 / 读缓存 1,268） 出 474 = 2,423 | 累计 856,012 tok $8.139
  已翻 954/1440 段
    [tok] #322 入 1,953（新缓存 683 / 读缓存 1,268） 出 477 = 2,430 | 累计 858,442 tok $8.160
  已翻 957/1440 段
    [tok] #323 入 2,062（新缓存 792 / 读缓存 1,268） 出 840 = 2,902 | 累计 861,344 tok $8.191
  已翻 960/1440 段
    [tok] #324 入 1,762（新缓存 492 / 读缓存 1,268） 出 234 = 1,996 | 累计 863,340 tok $8.204
  已翻 963/1440 段
    [tok] #325 入 2,144（新缓存 874 / 读缓存 1,268） 出 841 = 2,985 | 累计 866,325 tok $8.236
  已翻 966/1440 段
    [tok] #326 入 2,134（新缓存 864 / 读缓存 1,268） 出 617 = 2,751 | 累计 869,076 tok $8.262
  已翻 969/1440 段
    [tok] #327 入 1,727（新缓存 457 / 读缓存 1,268） 出 222 = 1,949 | 累计 871,025 tok $8.274
  已翻 972/1440 段
    [tok] #328 入 2,040（新缓存 770 / 读缓存 1,268） 出 581 = 2,621 | 累计 873,646 tok $8.298
  已翻 975/1440 段
    [tok] #329 入 2,446（新缓存 1,176 / 读缓存 1,268） 出 1,282 = 3,728 | 累计 877,374 tok $8.344
  已翻 978/1440 段
    [tok] #330 入 2,135（新缓存 865 / 读缓存 1,268） 出 650 = 2,785 | 累计 880,159 tok $8.371
  已翻 981/1440 段
    [tok] #331 入 2,469（新缓存 1,199 / 读缓存 1,268） 出 954 = 3,423 | 累计 883,582 tok $8.410
  已翻 984/1440 段
    [tok] #332 入 2,282（新缓存 1,012 / 读缓存 1,268） 出 806 = 3,088 | 累计 886,670 tok $8.442
  已翻 987/1440 段
    [tok] #333 入 1,864（新缓存 594 / 读缓存 1,268） 出 425 = 2,289 | 累计 888,959 tok $8.461
  已翻 990/1440 段
    [tok] #334 入 1,700（新缓存 430 / 读缓存 1,268） 出 167 = 1,867 | 累计 890,826 tok $8.471
  已翻 993/1440 段
    [tok] #335 入 2,253（新缓存 983 / 读缓存 1,268） 出 614 = 2,867 | 累计 893,693 tok $8.498
  已翻 996/1440 段
    [tok] #336 入 2,674（新缓存 1,404 / 读缓存 1,268） 出 1,572 = 4,246 | 累计 897,939 tok $8.554
  已翻 999/1440 段
    [tok] #337 入 2,145（新缓存 875 / 读缓存 1,268） 出 641 = 2,786 | 累计 900,725 tok $8.581
  已翻 1002/1440 段
    [tok] #338 入 2,423（新缓存 1,153 / 读缓存 1,268） 出 901 = 3,324 | 累计 904,049 tok $8.617
  已翻 1005/1440 段
    [tok] #339 入 2,646（新缓存 1,376 / 读缓存 1,268） 出 1,957 = 4,603 | 累计 908,652 tok $8.683
  已翻 1008/1440 段
    [tok] #340 入 2,464（新缓存 1,194 / 读缓存 1,268） 出 961 = 3,425 | 累计 912,077 tok $8.721
  已翻 1011/1440 段
    [tok] #341 入 2,217（新缓存 947 / 读缓存 1,268） 出 711 = 2,928 | 累计 915,005 tok $8.750
  已翻 1014/1440 段
    [tok] #342 入 2,083（新缓存 813 / 读缓存 1,268） 出 609 = 2,692 | 累计 917,697 tok $8.776
  已翻 1017/1440 段
    [tok] #343 入 2,083（新缓存 813 / 读缓存 1,268） 出 537 = 2,620 | 累计 920,317 tok $8.800
  已翻 1020/1440 段
    [tok] #344 入 2,850（新缓存 1,580 / 读缓存 1,268） 出 1,455 = 4,305 | 累计 924,622 tok $8.854
  已翻 1023/1440 段
    [tok] #345 入 1,744（新缓存 474 / 读缓存 1,268） 出 428 = 2,172 | 累计 926,794 tok $8.872
  已翻 1026/1440 段
    [tok] #346 入 2,144（新缓存 874 / 读缓存 1,268） 出 625 = 2,769 | 累计 929,563 tok $8.898
  已翻 1029/1440 段
    [tok] #347 入 2,217（新缓存 947 / 读缓存 1,268） 出 954 = 3,171 | 累计 932,734 tok $8.934
  已翻 1032/1440 段
    [tok] #348 入 1,612（新缓存 342 / 读缓存 1,268） 出 123 = 1,735 | 累计 934,469 tok $8.942
  已翻 1035/1440 段
    [tok] #349 入 2,114（新缓存 844 / 读缓存 1,268） 出 657 = 2,771 | 累计 937,240 tok $8.969
  已翻 1038/1440 段
    [tok] #350 入 1,682（新缓存 412 / 读缓存 1,268） 出 157 = 1,839 | 累计 939,079 tok $8.979
  已翻 1041/1440 段
    [tok] #351 入 2,004（新缓存 734 / 读缓存 1,268） 出 612 = 2,616 | 累计 941,695 tok $9.003
  已翻 1044/1440 段
    [tok] #352 入 2,038（新缓存 768 / 读缓存 1,268） 出 530 = 2,568 | 累计 944,263 tok $9.026
  已翻 1047/1440 段
    [tok] #353 入 2,117（新缓存 847 / 读缓存 1,268） 出 926 = 3,043 | 累计 947,306 tok $9.060
  已翻 1050/1440 段
    [tok] #354 入 1,817（新缓存 547 / 读缓存 1,268） 出 280 = 2,097 | 累计 949,403 tok $9.074
  已翻 1053/1440 段
    [tok] #355 入 2,229（新缓存 959 / 读缓存 1,268） 出 708 = 2,937 | 累计 952,340 tok $9.104
  已翻 1056/1440 段
    [tok] #356 入 2,216（新缓存 946 / 读缓存 1,268） 出 716 = 2,932 | 累计 955,272 tok $9.133
  已翻 1059/1440 段
    [tok] #357 入 1,789（新缓存 519 / 读缓存 1,268） 出 278 = 2,067 | 累计 957,339 tok $9.147
  已翻 1062/1440 段
    [tok] #358 入 2,466（新缓存 1,196 / 读缓存 1,268） 出 987 = 3,453 | 累计 960,792 tok $9.186
  已翻 1065/1440 段
    [tok] #359 入 2,732（新缓存 1,462 / 读缓存 1,268） 出 1,589 = 4,321 | 累计 965,113 tok $9.243
  已翻 1068/1440 段
    [tok] #360 入 2,806（新缓存 1,536 / 读缓存 1,268） 出 1,459 = 4,265 | 累计 969,378 tok $9.298
  已翻 1071/1440 段
    [tok] #361 入 2,143（新缓存 873 / 读缓存 1,268） 出 688 = 2,831 | 累计 972,209 tok $9.326
  已翻 1074/1440 段
    [tok] #362 入 2,261（新缓存 991 / 读缓存 1,268） 出 990 = 3,251 | 累计 975,460 tok $9.363
  已翻 1077/1440 段
    [tok] #363 入 2,096（新缓存 826 / 读缓存 1,268） 出 597 = 2,693 | 累计 978,153 tok $9.388
  已翻 1080/1440 段
    [tok] #364 入 2,600（新缓存 1,330 / 读缓存 1,268） 出 1,158 = 3,758 | 累计 981,911 tok $9.433
  已翻 1083/1440 段
    [tok] #365 入 1,942（新缓存 672 / 读缓存 1,268） 出 410 = 2,352 | 累计 984,263 tok $9.452
  已翻 1086/1440 段
    [tok] #366 入 2,057（新缓存 787 / 读缓存 1,268） 出 541 = 2,598 | 累计 986,861 tok $9.475
  已翻 1089/1440 段
    [tok] #367 入 2,108（新缓存 838 / 读缓存 1,268） 出 590 = 2,698 | 累计 989,559 tok $9.500
  已翻 1092/1440 段
    [tok] #368 入 2,716（新缓存 1,446 / 读缓存 1,268） 出 1,250 = 3,966 | 累计 993,525 tok $9.549
  已翻 1095/1440 段
    [tok] #369 入 1,680（新缓存 410 / 读缓存 1,268） 出 160 = 1,840 | 累计 995,365 tok $9.559
  已翻 1098/1440 段
    [tok] #370 入 2,016（新缓存 746 / 读缓存 1,268） 出 396 = 2,412 | 累计 997,777 tok $9.578
  已翻 1101/1440 段
    [tok] #371 入 1,780（新缓存 510 / 读缓存 1,268） 出 287 = 2,067 | 累计 999,844 tok $9.592
  已翻 1104/1440 段
    [tok] #372 入 1,965（新缓存 695 / 读缓存 1,268） 出 426 = 2,391 | 累计 1,002,235 tok $9.612
  已翻 1107/1440 段
    [tok] #373 入 2,283（新缓存 1,013 / 读缓存 1,268） 出 778 = 3,061 | 累计 1,005,296 tok $9.644
  已翻 1110/1440 段
    [tok] #374 入 2,432（新缓存 1,162 / 读缓存 1,268） 出 1,292 = 3,724 | 累计 1,009,020 tok $9.690
  已翻 1113/1440 段
    [tok] #375 入 2,214（新缓存 944 / 读缓存 1,268） 出 673 = 2,887 | 累计 1,011,907 tok $9.718
  已翻 1116/1440 段
    [tok] #376 入 2,195（新缓存 925 / 读缓存 1,268） 出 685 = 2,880 | 累计 1,014,787 tok $9.747
  已翻 1119/1440 段
    [tok] #377 入 2,168（新缓存 898 / 读缓存 1,268） 出 779 = 2,947 | 累计 1,017,734 tok $9.778
  已翻 1122/1440 段
    [tok] #378 入 1,983（新缓存 713 / 读缓存 1,268） 出 439 = 2,422 | 累计 1,020,156 tok $9.798
  已翻 1125/1440 段
    [tok] #379 入 1,959（新缓存 689 / 读缓存 1,268） 出 686 = 2,645 | 累计 1,022,801 tok $9.824
  已翻 1128/1440 段
    [tok] #380 入 2,105（新缓存 835 / 读缓存 1,268） 出 472 = 2,577 | 累计 1,025,378 tok $9.846
  已翻 1131/1440 段
    [tok] #381 入 2,106（新缓存 836 / 读缓存 1,268） 出 600 = 2,706 | 累计 1,028,084 tok $9.871
  已翻 1134/1440 段
    [tok] #382 入 2,172（新缓存 902 / 读缓存 1,268） 出 644 = 2,816 | 累计 1,030,900 tok $9.899
  已翻 1137/1440 段
    [tok] #383 入 1,817（新缓存 547 / 读缓存 1,268） 出 298 = 2,115 | 累计 1,033,015 tok $9.913
  已翻 1140/1440 段
    [tok] #384 入 2,761（新缓存 1,491 / 读缓存 1,268） 出 1,286 = 4,047 | 累计 1,037,062 tok $9.963
  已翻 1143/1440 段
    [tok] #385 入 1,924（新缓存 654 / 读缓存 1,268） 出 405 = 2,329 | 累计 1,039,391 tok $9.982
  已翻 1146/1440 段
    [tok] #386 入 2,371（新缓存 1,101 / 读缓存 1,268） 出 994 = 3,365 | 累计 1,042,756 tok $10.020
  已翻 1149/1440 段
    [tok] #387 入 2,609（新缓存 1,339 / 读缓存 1,268） 出 1,110 = 3,719 | 累计 1,046,475 tok $10.064
  已翻 1152/1440 段
    [tok] #388 入 2,293（新缓存 1,023 / 读缓存 1,268） 出 773 = 3,066 | 累计 1,049,541 tok $10.095
  已翻 1155/1440 段
    [tok] #389 入 2,045（新缓存 775 / 读缓存 1,268） 出 511 = 2,556 | 累计 1,052,097 tok $10.118
  已翻 1158/1440 段
    [tok] #390 入 1,602（新缓存 332 / 读缓存 1,268） 出 72 = 1,674 | 累计 1,053,771 tok $10.125
  已翻 1161/1440 段
    [tok] #391 入 1,677（新缓存 407 / 读缓存 1,268） 出 159 = 1,836 | 累计 1,055,607 tok $10.135
  已翻 1164/1440 段
    [tok] #392 入 1,898（新缓存 628 / 读缓存 1,268） 出 386 = 2,284 | 累计 1,057,891 tok $10.152
  已翻 1167/1440 段
    [tok] #393 入 2,429（新缓存 1,159 / 读缓存 1,268） 出 976 = 3,405 | 累计 1,061,296 tok $10.191
  已翻 1170/1440 段
    [tok] #394 入 2,242（新缓存 972 / 读缓存 1,268） 出 700 = 2,942 | 累计 1,064,238 tok $10.220
  已翻 1173/1440 段
    [tok] #395 入 2,484（新缓存 1,214 / 读缓存 1,268） 出 1,689 = 4,173 | 累计 1,068,411 tok $10.277
  已翻 1176/1440 段
    [tok] #396 入 1,978（新缓存 708 / 读缓存 1,268） 出 498 = 2,476 | 累计 1,070,887 tok $10.297
  已翻 1179/1440 段
    [tok] #397 入 2,265（新缓存 995 / 读缓存 1,268） 出 788 = 3,053 | 累计 1,073,940 tok $10.329
  已翻 1182/1440 段
    [tok] #398 入 1,958（新缓存 688 / 读缓存 1,268） 出 562 = 2,520 | 累计 1,076,460 tok $10.352
  已翻 1185/1440 段
    [tok] #399 入 2,422（新缓存 1,152 / 读缓存 1,268） 出 1,343 = 3,765 | 累计 1,080,225 tok $10.399
  已翻 1188/1440 段
    [tok] #400 入 1,739（新缓存 469 / 读缓存 1,268） 出 105 = 1,844 | 累计 1,082,069 tok $10.408
  已翻 1191/1440 段
    [tok] #401 入 1,732（新缓存 462 / 读缓存 1,268） 出 209 = 1,941 | 累计 1,084,010 tok $10.420
  已翻 1194/1440 段
    [tok] #402 入 1,817（新缓存 547 / 读缓存 1,268） 出 298 = 2,115 | 累计 1,086,125 tok $10.435
  已翻 1197/1440 段
    [tok] #403 入 1,866（新缓存 596 / 读缓存 1,268） 出 346 = 2,212 | 累计 1,088,337 tok $10.452
  已翻 1200/1440 段
    [tok] #404 入 2,015（新缓存 745 / 读缓存 1,268） 出 501 = 2,516 | 累计 1,090,853 tok $10.473
  已翻 1203/1440 段
    [tok] #405 入 1,939（新缓存 669 / 读缓存 1,268） 出 425 = 2,364 | 累计 1,093,217 tok $10.493
  已翻 1206/1440 段
    [tok] #406 入 2,584（新缓存 1,314 / 读缓存 1,268） 出 1,067 = 3,651 | 累计 1,096,868 tok $10.535
  已翻 1209/1440 段
    [tok] #407 入 1,844（新缓存 574 / 读缓存 1,268） 出 329 = 2,173 | 累计 1,099,041 tok $10.551
  已翻 1212/1440 段
    [tok] #408 入 2,258（新缓存 988 / 读缓存 1,268） 出 734 = 2,992 | 累计 1,102,033 tok $10.581
  已翻 1215/1440 段
    [tok] #409 入 2,316（新缓存 1,046 / 读缓存 1,268） 出 1,213 = 3,529 | 累计 1,105,562 tok $10.624
  已翻 1218/1440 段
    [tok] #410 入 2,202（新缓存 932 / 读缓存 1,268） 出 708 = 2,910 | 累计 1,108,472 tok $10.654
  已翻 1221/1440 段
    [tok] #411 入 2,442（新缓存 1,172 / 读缓存 1,268） 出 918 = 3,360 | 累计 1,111,832 tok $10.691
  已翻 1224/1440 段
    [tok] #412 入 1,818（新缓存 548 / 读缓存 1,268） 出 312 = 2,130 | 累计 1,113,962 tok $10.706
  已翻 1227/1440 段
    [tok] #413 入 1,954（新缓存 684 / 读缓存 1,268） 出 468 = 2,422 | 累计 1,116,384 tok $10.726
  已翻 1230/1440 段
    [tok] #414 入 2,248（新缓存 978 / 读缓存 1,268） 出 811 = 3,059 | 累计 1,119,443 tok $10.759
  已翻 1233/1440 段
    [tok] #415 入 1,977（新缓存 707 / 读缓存 1,268） 出 379 = 2,356 | 累计 1,121,799 tok $10.777
  已翻 1236/1440 段
    [tok] #416 入 2,262（新缓存 992 / 读缓存 1,268） 出 911 = 3,173 | 累计 1,124,972 tok $10.812
  已翻 1239/1440 段
    [tok] #417 入 1,822（新缓存 552 / 读缓存 1,268） 出 300 = 2,122 | 累计 1,127,094 tok $10.827
  已翻 1242/1440 段
    [tok] #418 入 2,136（新缓存 866 / 读缓存 1,268） 出 1,001 = 3,137 | 累计 1,130,231 tok $10.863
  已翻 1245/1440 段
    [tok] #419 入 2,316（新缓存 1,046 / 读缓存 1,268） 出 824 = 3,140 | 累计 1,133,371 tok $10.896
  已翻 1248/1440 段
    [tok] #420 入 1,958（新缓存 688 / 读缓存 1,268） 出 430 = 2,388 | 累计 1,135,759 tok $10.916
  已翻 1251/1440 段
    [tok] #421 入 2,499（新缓存 1,229 / 读缓存 1,268） 出 964 = 3,463 | 累计 1,139,222 tok $10.955
  已翻 1254/1440 段
    [tok] #422 入 2,259（新缓存 989 / 读缓存 1,268） 出 906 = 3,165 | 累计 1,142,387 tok $10.989
  已翻 1257/1440 段
    [tok] #423 入 1,707（新缓存 437 / 读缓存 1,268） 出 131 = 1,838 | 累计 1,144,225 tok $10.999
  已翻 1260/1440 段
    [tok] #424 入 1,686（新缓存 416 / 读缓存 1,268） 出 132 = 1,818 | 累计 1,146,043 tok $11.008
  已翻 1263/1440 段
    [tok] #425 入 2,230（新缓存 960 / 读缓存 1,268） 出 703 = 2,933 | 累计 1,148,976 tok $11.037
  已翻 1266/1440 段
    [tok] #426 入 1,742（新缓存 472 / 读缓存 1,268） 出 203 = 1,945 | 累计 1,150,921 tok $11.049
  已翻 1269/1440 段
    [tok] #427 入 1,667（新缓存 397 / 读缓存 1,268） 出 124 = 1,791 | 累计 1,152,712 tok $11.058
  已翻 1272/1440 段
    [tok] #428 入 2,162（新缓存 892 / 读缓存 1,268） 出 712 = 2,874 | 累计 1,155,586 tok $11.087
  已翻 1275/1440 段
    [tok] #429 入 2,293（新缓存 1,023 / 读缓存 1,268） 出 1,136 = 3,429 | 累计 1,159,015 tok $11.128
  已翻 1278/1440 段
    [tok] #430 入 2,802（新缓存 1,532 / 读缓存 1,268） 出 1,370 = 4,172 | 累计 1,163,187 tok $11.180
  已翻 1281/1440 段
    [tok] #431 入 1,882（新缓存 612 / 读缓存 1,268） 出 388 = 2,270 | 累计 1,165,457 tok $11.198
  已翻 1284/1440 段
    [tok] #432 入 2,852（新缓存 1,582 / 读缓存 1,268） 出 1,465 = 4,317 | 累计 1,169,774 tok $11.253
  已翻 1287/1440 段
    [tok] #433 入 2,984（新缓存 1,714 / 读缓存 1,268） 出 1,441 = 4,425 | 累计 1,174,199 tok $11.309
  已翻 1290/1440 段
    [tok] #434 入 2,413（新缓存 1,143 / 读缓存 1,268） 出 947 = 3,360 | 累计 1,177,559 tok $11.346
  已翻 1293/1440 段
    [tok] #435 入 2,460（新缓存 1,190 / 读缓存 1,268） 出 1,041 = 3,501 | 累计 1,181,060 tok $11.386
  已翻 1296/1440 段
    [tok] #436 入 3,293（新缓存 2,023 / 读缓存 1,268） 出 1,827 = 5,120 | 累计 1,186,180 tok $11.455
  已翻 1299/1440 段
    [tok] #437 入 2,638（新缓存 1,368 / 读缓存 1,268） 出 1,219 = 3,857 | 累计 1,190,037 tok $11.502
  已翻 1302/1440 段
    [tok] #438 入 2,255（新缓存 985 / 读缓存 1,268） 出 730 = 2,985 | 累计 1,193,022 tok $11.532
  已翻 1305/1440 段
    [tok] #439 入 2,485（新缓存 1,215 / 读缓存 1,268） 出 986 = 3,471 | 累计 1,196,493 tok $11.572
  已翻 1308/1440 段
    [tok] #440 入 2,220（新缓存 950 / 读缓存 1,268） 出 926 = 3,146 | 累计 1,199,639 tok $11.606
  已翻 1311/1440 段
    [tok] #441 入 3,114（新缓存 1,844 / 读缓存 1,268） 出 1,691 = 4,805 | 累计 1,204,444 tok $11.670
  已翻 1314/1440 段
    [tok] #442 入 2,251（新缓存 981 / 读缓存 1,268） 出 865 = 3,116 | 累计 1,207,560 tok $11.704
  已翻 1317/1440 段
    [tok] #443 入 2,186（新缓存 916 / 读缓存 1,268） 出 755 = 2,941 | 累计 1,210,501 tok $11.734
  已翻 1320/1440 段
    [tok] #444 入 1,860（新缓存 590 / 读缓存 1,268） 出 393 = 2,253 | 累计 1,212,754 tok $11.752
  已翻 1323/1440 段
    [tok] #445 入 2,595（新缓存 1,325 / 读缓存 1,268） 出 1,215 = 3,810 | 累计 1,216,564 tok $11.798
  已翻 1326/1440 段
    [tok] #446 入 2,461（新缓存 1,191 / 读缓存 1,268） 出 1,044 = 3,505 | 累计 1,220,069 tok $11.838
  已翻 1329/1440 段
    [tok] #447 入 2,237（新缓存 967 / 读缓存 1,268） 出 747 = 2,984 | 累计 1,223,053 tok $11.869
  已翻 1332/1440 段
    [tok] #448 入 2,337（新缓存 1,067 / 读缓存 1,268） 出 908 = 3,245 | 累计 1,226,298 tok $11.904
  已翻 1335/1440 段
    [tok] #449 入 2,236（新缓存 966 / 读缓存 1,268） 出 1,031 = 3,267 | 累计 1,229,565 tok $11.942
  已翻 1338/1440 段
    [tok] #450 入 2,273（新缓存 1,003 / 读缓存 1,268） 出 739 = 3,012 | 累计 1,232,577 tok $11.973
  已翻 1341/1440 段
    [tok] #451 入 2,255（新缓存 985 / 读缓存 1,268） 出 834 = 3,089 | 累计 1,235,666 tok $12.006
  已翻 1344/1440 段
    [tok] #452 入 2,443（新缓存 1,173 / 读缓存 1,268） 出 966 = 3,409 | 累计 1,239,075 tok $12.044
  已翻 1347/1440 段
    [tok] #453 入 2,699（新缓存 1,429 / 读缓存 1,268） 出 1,426 = 4,125 | 累计 1,243,200 tok $12.096
  已翻 1350/1440 段
    [tok] #454 入 2,499（新缓存 1,229 / 读缓存 1,268） 出 1,008 = 3,507 | 累计 1,246,707 tok $12.136
  已翻 1353/1440 段
    [tok] #455 入 2,085（新缓存 815 / 读缓存 1,268） 出 641 = 2,726 | 累计 1,249,433 tok $12.163
  已翻 1356/1440 段
    [tok] #456 入 2,536（新缓存 1,266 / 读缓存 1,268） 出 1,116 = 3,652 | 累计 1,253,085 tok $12.206
  已翻 1359/1440 段
    [tok] #457 入 2,349（新缓存 1,079 / 读缓存 1,268） 出 1,012 = 3,361 | 累计 1,256,446 tok $12.244
  已翻 1362/1440 段
    [tok] #458 入 2,390（新缓存 1,120 / 读缓存 1,268） 出 1,000 = 3,390 | 累计 1,259,836 tok $12.283
  已翻 1365/1440 段
    [tok] #459 入 2,896（新缓存 1,626 / 读缓存 1,268） 出 1,593 = 4,489 | 累计 1,264,325 tok $12.341
  已翻 1368/1440 段
    [tok] #460 入 2,133（新缓存 863 / 读缓存 1,268） 出 649 = 2,782 | 累计 1,267,107 tok $12.368
  已翻 1371/1440 段
    [tok] #461 入 1,843（新缓存 573 / 读缓存 1,268） 出 494 = 2,337 | 累计 1,269,444 tok $12.389
  已翻 1374/1440 段
    [tok] #462 入 2,543（新缓存 1,273 / 读缓存 1,268） 出 1,142 = 3,685 | 累计 1,273,129 tok $12.432
  已翻 1377/1440 段
    [tok] #463 入 2,109（新缓存 839 / 读缓存 1,268） 出 610 = 2,719 | 累计 1,275,848 tok $12.458
  已翻 1380/1440 段
    [tok] #464 入 2,113（新缓存 843 / 读缓存 1,268） 出 572 = 2,685 | 累计 1,278,533 tok $12.483
  已翻 1383/1440 段
    [tok] #465 入 2,356（新缓存 1,086 / 读缓存 1,268） 出 1,012 = 3,368 | 累计 1,281,901 tok $12.521
  已翻 1386/1440 段
    [tok] #466 入 2,308（新缓存 1,038 / 读缓存 1,268） 出 804 = 3,112 | 累计 1,285,013 tok $12.554
  已翻 1389/1440 段
    [tok] #467 入 2,734（新缓存 1,464 / 读缓存 1,268） 出 1,388 = 4,122 | 累计 1,289,135 tok $12.606
  已翻 1392/1440 段
    [tok] #468 入 2,076（新缓存 806 / 读缓存 1,268） 出 661 = 2,737 | 累计 1,291,872 tok $12.633
  已翻 1395/1440 段
    [tok] #469 入 2,019（新缓存 749 / 读缓存 1,268） 出 597 = 2,616 | 累计 1,294,488 tok $12.657
  已翻 1398/1440 段
    [tok] #470 入 2,238（新缓存 968 / 读缓存 1,268） 出 784 = 3,022 | 累计 1,297,510 tok $12.689
  已翻 1401/1440 段
    [tok] #471 入 2,127（新缓存 857 / 读缓存 1,268） 出 667 = 2,794 | 累计 1,300,304 tok $12.716
  已翻 1404/1440 段
    [tok] #472 入 2,178（新缓存 908 / 读缓存 1,268） 出 760 = 2,938 | 累计 1,303,242 tok $12.746
  已翻 1407/1440 段
    [tok] #473 入 2,449（新缓存 1,179 / 读缓存 1,268） 出 1,091 = 3,540 | 累计 1,306,782 tok $12.788
  已翻 1410/1440 段
    [tok] #474 入 2,603（新缓存 1,333 / 读缓存 1,268） 出 1,270 = 3,873 | 累计 1,310,655 tok $12.835
  已翻 1413/1440 段
    [tok] #475 入 2,191（新缓存 921 / 读缓存 1,268） 出 848 = 3,039 | 累计 1,313,694 tok $12.868
  已翻 1416/1440 段
    [tok] #476 入 2,502（新缓存 1,232 / 读缓存 1,268） 出 1,552 = 4,054 | 累计 1,317,748 tok $12.921
  已翻 1419/1440 段
    [tok] #477 入 2,295（新缓存 1,025 / 读缓存 1,268） 出 827 = 3,122 | 累计 1,320,870 tok $12.955
  已翻 1422/1440 段
    [tok] #478 入 2,252（新缓存 982 / 读缓存 1,268） 出 909 = 3,161 | 累计 1,324,031 tok $12.989
  已翻 1425/1440 段
    [tok] #479 入 2,820（新缓存 1,550 / 读缓存 1,268） 出 1,283 = 4,103 | 累计 1,328,134 tok $13.040
  已翻 1428/1440 段
    [tok] #480 入 2,657（新缓存 1,387 / 读缓存 1,268） 出 1,173 = 3,830 | 累计 1,331,964 tok $13.085
  已翻 1431/1440 段
    [tok] #481 入 2,526（新缓存 1,256 / 读缓存 1,268） 出 1,107 = 3,633 | 累计 1,335,597 tok $13.128
  已翻 1434/1440 段
    [tok] #482 入 2,567（新缓存 1,297 / 读缓存 1,268） 出 1,116 = 3,683 | 累计 1,339,280 tok $13.171
  已翻 1437/1440 段
    [tok] #483 入 2,810（新缓存 1,540 / 读缓存 1,268） 出 1,458 = 4,268 | 累计 1,343,548 tok $13.226
  已翻 1440/1440 段
✓ 中文 raw → /Users/yanpeifa/Documents/whcjb.github.io/davenant_raw/colossians/zh_chapters/1.md  (chmod 444)
✓ 中文页 → /Users/yanpeifa/Documents/whcjb.github.io/davenant/colossians/1/zh/index.md
✓ 英文页回填 zh_url → /Users/yanpeifa/Documents/whcjb.github.io/davenant/colossians/1.md
ch2: 块 780  需译 755  缓存命中 11  英文 455,678 字符
    [tok] #484 入 1,741（新缓存 471 / 读缓存 1,268） 出 107 = 1,848 | 累计 1,345,396 tok $13.235
  已翻 3/744 段
    [tok] #485 入 1,887（新缓存 617 / 读缓存 1,268） 出 376 = 2,263 | 累计 1,347,659 tok $13.253
  已翻 6/744 段
    [tok] #486 入 2,023（新缓存 753 / 读缓存 1,268） 出 513 = 2,536 | 累计 1,350,195 tok $13.275
  已翻 9/744 段
    [tok] #487 入 1,844（新缓存 574 / 读缓存 1,268） 出 312 = 2,156 | 累计 1,352,351 tok $13.290
  已翻 12/744 段
    [tok] #488 入 1,761（新缓存 491 / 读缓存 1,268） 出 248 = 2,009 | 累计 1,354,360 tok $13.303
  已翻 15/744 段
    [tok] #489 入 1,892（新缓存 622 / 读缓存 1,268） 出 401 = 2,293 | 累计 1,356,653 tok $13.322
  已翻 18/744 段
    [tok] #490 入 1,818（新缓存 548 / 读缓存 1,268） 出 293 = 2,111 | 累计 1,358,764 tok $13.336
  已翻 21/744 段
    [tok] #491 入 1,859（新缓存 589 / 读缓存 1,268） 出 376 = 2,235 | 累计 1,360,999 tok $13.354
  已翻 24/744 段
    [tok] #492 入 1,824（新缓存 554 / 读缓存 1,268） 出 320 = 2,144 | 累计 1,363,143 tok $13.369
  已翻 27/744 段
    [tok] #493 入 2,676（新缓存 1,406 / 读缓存 1,268） 出 1,192 = 3,868 | 累计 1,367,011 tok $13.415
  已翻 30/744 段
    [tok] #494 入 2,054（新缓存 784 / 读缓存 1,268） 出 549 = 2,603 | 累计 1,369,614 tok $13.439
  已翻 33/744 段
    [tok] #495 入 1,767（新缓存 497 / 读缓存 1,268） 出 117 = 1,884 | 累计 1,371,498 tok $13.449
  已翻 36/744 段
    [tok] #496 入 1,775（新缓存 505 / 读缓存 1,268） 出 236 = 2,011 | 累计 1,373,509 tok $13.462
  已翻 39/744 段
    [tok] #497 入 2,173（新缓存 903 / 读缓存 1,268） 出 832 = 3,005 | 累计 1,376,514 tok $13.494
  已翻 42/744 段
    [tok] #498 入 1,993（新缓存 723 / 读缓存 1,268） 出 486 = 2,479 | 累计 1,378,993 tok $13.515
  已翻 45/744 段
    [tok] #499 入 2,076（新缓存 806 / 读缓存 1,268） 出 610 = 2,686 | 累计 1,381,679 tok $13.541
  已翻 48/744 段
    [tok] #500 入 2,058（新缓存 788 / 读缓存 1,268） 出 516 = 2,574 | 累计 1,384,253 tok $13.563
  已翻 51/744 段
    [tok] #501 入 2,297（新缓存 1,027 / 读缓存 1,268） 出 902 = 3,199 | 累计 1,387,452 tok $13.598
  已翻 54/744 段
    [tok] #502 入 2,249（新缓存 979 / 读缓存 1,268） 出 762 = 3,011 | 累计 1,390,463 tok $13.630
  已翻 57/744 段
    [tok] #503 入 2,340（新缓存 1,070 / 读缓存 1,268） 出 1,299 = 3,639 | 累计 1,394,102 tok $13.675
  已翻 60/744 段
    [tok] #504 入 1,981（新缓存 711 / 读缓存 1,268） 出 495 = 2,476 | 累计 1,396,578 tok $13.696
  已翻 63/744 段
    [tok] #505 入 1,837（新缓存 567 / 读缓存 1,268） 出 311 = 2,148 | 累计 1,398,726 tok $13.712
  已翻 66/744 段
    [tok] #506 入 2,184（新缓存 914 / 读缓存 1,268） 出 670 = 2,854 | 累计 1,401,580 tok $13.740
  已翻 69/744 段
    [tok] #507 入 2,195（新缓存 925 / 读缓存 1,268） 出 703 = 2,898 | 累计 1,404,478 tok $13.769
  已翻 72/744 段
    [tok] #508 入 2,295（新缓存 1,025 / 读缓存 1,268） 出 848 = 3,143 | 累计 1,407,621 tok $13.803
  已翻 75/744 段
    [tok] #509 入 2,166（新缓存 896 / 读缓存 1,268） 出 1,216 = 3,382 | 累计 1,411,003 tok $13.844
  已翻 78/744 段
    [tok] #510 入 1,989（新缓存 719 / 读缓存 1,268） 出 448 = 2,437 | 累计 1,413,440 tok $13.864
  已翻 81/744 段
    [tok] #511 入 1,653（新缓存 383 / 读缓存 1,268） 出 121 = 1,774 | 累计 1,415,214 tok $13.873
    [tok] #512 入 2,333（新缓存 1,063 / 读缓存 1,268） 出 802 = 3,135 | 累计 1,418,349 tok $13.906
  已翻 84/744 段
    [tok] #513 入 1,549（新缓存 279 / 读缓存 1,268） 出 63 = 1,612 | 累计 1,419,961 tok $13.912
  已翻 87/744 段
    [tok] #514 入 3,289（新缓存 2,019 / 读缓存 1,268） 出 2,042 = 5,331 | 累计 1,425,292 tok $13.986
  已翻 90/744 段
    [tok] #515 入 2,006（新缓存 736 / 读缓存 1,268） 出 397 = 2,403 | 累计 1,427,695 tok $14.006
  已翻 93/744 段
    [tok] #516 入 1,833（新缓存 563 / 读缓存 1,268） 出 349 = 2,182 | 累计 1,429,877 tok $14.022
  已翻 96/744 段
    [tok] #517 入 2,524（新缓存 1,254 / 读缓存 1,268） 出 1,038 = 3,562 | 累计 1,433,439 tok $14.063
  已翻 99/744 段
    [tok] #518 入 2,239（新缓存 969 / 读缓存 1,268） 出 941 = 3,180 | 累计 1,436,619 tok $14.098
  已翻 102/744 段
    [tok] #519 入 1,958（新缓存 688 / 读缓存 1,268） 出 443 = 2,401 | 累计 1,439,020 tok $14.118
  已翻 105/744 段
    [tok] #520 入 2,195（新缓存 925 / 读缓存 1,268） 出 701 = 2,896 | 累计 1,441,916 tok $14.147
  已翻 108/744 段
    [tok] #521 入 1,793（新缓存 523 / 读缓存 1,268） 出 131 = 1,924 | 累计 1,443,840 tok $14.158
  已翻 111/744 段
    [tok] #522 入 3,078（新缓存 1,808 / 读缓存 1,268） 出 1,934 = 5,012 | 累计 1,448,852 tok $14.227
  已翻 114/744 段
    [tok] #523 入 1,950（新缓存 680 / 读缓存 1,268） 出 433 = 2,383 | 累计 1,451,235 tok $14.246
  已翻 117/744 段
    [tok] #524 入 1,992（新缓存 722 / 读缓存 1,268） 出 811 = 2,803 | 累计 1,454,038 tok $14.276
  已翻 120/744 段
    [tok] #525 入 1,611（新缓存 341 / 读缓存 1,268） 出 141 = 1,752 | 累计 1,455,790 tok $14.285
  已翻 123/744 段
    [tok] #526 入 2,124（新缓存 854 / 读缓存 1,268） 出 878 = 3,002 | 累计 1,458,792 tok $14.317
  已翻 126/744 段
    [tok] #527 入 1,610（新缓存 340 / 读缓存 1,268） 出 129 = 1,739 | 累计 1,460,531 tok $14.326
    [tok] #528 入 1,794（新缓存 524 / 读缓存 1,268） 出 276 = 2,070 | 累计 1,462,601 tok $14.340
  已翻 129/744 段
    [tok] #529 入 2,389（新缓存 1,119 / 读缓存 1,268） 出 1,260 = 3,649 | 累计 1,466,250 tok $14.385
  已翻 132/744 段
    [tok] #530 入 1,503（新缓存 233 / 读缓存 1,268） 出 129 = 1,632 | 累计 1,467,882 tok $14.392
    [tok] #531 入 1,508（新缓存 238 / 读缓存 1,268） 出 148 = 1,656 | 累计 1,469,538 tok $14.400
    [tok] #532 入 1,769（新缓存 499 / 读缓存 1,268） 出 136 = 1,905 | 累计 1,471,443 tok $14.410
  已翻 135/744 段
    [tok] #533 入 1,938（新缓存 668 / 读缓存 1,268） 出 674 = 2,612 | 累计 1,474,055 tok $14.435
  已翻 138/744 段
    [tok] #534 入 1,508（新缓存 238 / 读缓存 1,268） 出 176 = 1,684 | 累计 1,475,739 tok $14.444
  已翻 141/744 段
    [tok] #535 入 2,031（新缓存 761 / 读缓存 1,268） 出 488 = 2,519 | 累计 1,478,258 tok $14.466
  已翻 144/744 段
    [tok] #536 入 1,763（新缓存 493 / 读缓存 1,268） 出 233 = 1,996 | 累计 1,480,254 tok $14.478
  已翻 147/744 段
    [tok] #537 入 2,240（新缓存 970 / 读缓存 1,268） 出 759 = 2,999 | 累计 1,483,253 tok $14.509
  已翻 150/744 段
    [tok] #538 入 2,424（新缓存 1,154 / 读缓存 1,268） 出 981 = 3,405 | 累计 1,486,658 tok $14.548
  已翻 153/744 段
    [tok] #539 入 2,233（新缓存 963 / 读缓存 1,268） 出 709 = 2,942 | 累计 1,489,600 tok $14.577
  已翻 156/744 段
    [tok] #540 入 1,697（新缓存 427 / 读缓存 1,268） 出 158 = 1,855 | 累计 1,491,455 tok $14.587
  已翻 159/744 段
    [tok] #541 入 1,951（新缓存 681 / 读缓存 1,268） 出 493 = 2,444 | 累计 1,493,899 tok $14.608
  已翻 162/744 段
    [tok] #542 入 2,042（新缓存 772 / 读缓存 1,268） 出 591 = 2,633 | 累计 1,496,532 tok $14.633
  已翻 165/744 段
    [tok] #543 入 2,003（新缓存 733 / 读缓存 1,268） 出 353 = 2,356 | 累计 1,498,888 tok $14.651
  已翻 168/744 段
    [tok] #544 入 2,190（新缓存 920 / 读缓存 1,268） 出 803 = 2,993 | 累计 1,501,881 tok $14.682
  已翻 171/744 段
    [tok] #545 入 1,915（新缓存 645 / 读缓存 1,268） 出 392 = 2,307 | 累计 1,504,188 tok $14.701
  已翻 174/744 段
    [tok] #546 入 2,165（新缓存 895 / 读缓存 1,268） 出 708 = 2,873 | 累计 1,507,061 tok $14.729
  已翻 177/744 段
    [tok] #547 入 1,947（新缓存 677 / 读缓存 1,268） 出 476 = 2,423 | 累计 1,509,484 tok $14.750
  已翻 180/744 段
    [tok] #548 入 1,723（新缓存 453 / 读缓存 1,268） 出 95 = 1,818 | 累计 1,511,302 tok $14.759
  已翻 183/744 段
    [tok] #549 入 1,963（新缓存 693 / 读缓存 1,268） 出 492 = 2,455 | 累计 1,513,757 tok $14.780
  已翻 186/744 段
    [tok] #550 入 1,734（新缓存 464 / 读缓存 1,268） 出 180 = 1,914 | 累计 1,515,671 tok $14.791
  已翻 189/744 段
    [tok] #551 入 2,293（新缓存 1,023 / 读缓存 1,268） 出 736 = 3,029 | 累计 1,518,700 tok $14.822
  已翻 192/744 段
    [tok] #552 入 1,890（新缓存 620 / 读缓存 1,268） 出 385 = 2,275 | 累计 1,520,975 tok $14.840
  已翻 195/744 段
    [tok] #553 入 1,922（新缓存 652 / 读缓存 1,268） 出 411 = 2,333 | 累计 1,523,308 tok $14.858
  已翻 198/744 段
    [tok] #554 入 2,244（新缓存 974 / 读缓存 1,268） 出 725 = 2,969 | 累计 1,526,277 tok $14.888
  已翻 201/744 段
    [tok] #555 入 2,217（新缓存 947 / 读缓存 1,268） 出 1,138 = 3,355 | 累计 1,529,632 tok $14.929
    [tok] #556 入 1,733（新缓存 463 / 读缓存 1,268） 出 207 = 1,940 | 累计 1,531,572 tok $14.940
  已翻 204/744 段
    [tok] #557 入 2,020（新缓存 750 / 读缓存 1,268） 出 468 = 2,488 | 累计 1,534,060 tok $14.961
  已翻 207/744 段
    [tok] #558 入 1,811（新缓存 541 / 读缓存 1,268） 出 869 = 2,680 | 累计 1,536,740 tok $14.990
    [tok] #559 入 1,765（新缓存 495 / 读缓存 1,268） 出 240 = 2,005 | 累计 1,538,745 tok $15.003
  已翻 210/744 段
    [tok] #560 入 2,095（新缓存 825 / 读缓存 1,268） 出 709 = 2,804 | 累计 1,541,549 tok $15.031
  已翻 213/744 段
    [tok] #561 入 1,707（新缓存 437 / 读缓存 1,268） 出 833 = 2,540 | 累计 1,544,089 tok $15.058
    [tok] #562 入 1,608（新缓存 338 / 读缓存 1,268） 出 136 = 1,744 | 累计 1,545,833 tok $15.067
  已翻 216/744 段
    [tok] #563 入 2,040（新缓存 770 / 读缓存 1,268） 出 743 = 2,783 | 累计 1,548,616 tok $15.095
  已翻 219/744 段
    [tok] #564 入 2,143（新缓存 873 / 读缓存 1,268） 出 638 = 2,781 | 累计 1,551,397 tok $15.122
  已翻 222/744 段
    [tok] #565 入 1,968（新缓存 698 / 读缓存 1,268） 出 440 = 2,408 | 累计 1,553,805 tok $15.142
  已翻 225/744 段
    [tok] #566 入 1,626（新缓存 356 / 读缓存 1,268） 出 411 = 2,037 | 累计 1,555,842 tok $15.157
  已翻 228/744 段
    [tok] #567 入 2,301（新缓存 1,031 / 读缓存 1,268） 出 994 = 3,295 | 累计 1,559,137 tok $15.195
  已翻 231/744 段
    [tok] #568 入 2,566（新缓存 1,296 / 读缓存 1,268） 出 1,287 = 3,853 | 累计 1,562,990 tok $15.242
  已翻 234/744 段
    [tok] #569 入 1,744（新缓存 474 / 读缓存 1,268） 出 516 = 2,260 | 累计 1,565,250 tok $15.262
  已翻 237/744 段
    [tok] #570 入 1,978（新缓存 708 / 读缓存 1,268） 出 437 = 2,415 | 累计 1,567,665 tok $15.282
  已翻 240/744 段
    [tok] #571 入 2,111（新缓存 841 / 读缓存 1,268） 出 636 = 2,747 | 累计 1,570,412 tok $15.308
  已翻 243/744 段
    [tok] #572 入 3,107（新缓存 1,837 / 读缓存 1,268） 出 1,620 = 4,727 | 累计 1,575,139 tok $15.370
  已翻 246/744 段
    [tok] #573 入 3,035（新缓存 1,765 / 读缓存 1,268） 出 1,569 = 4,604 | 累计 1,579,743 tok $15.430
  已翻 249/744 段
    [tok] #574 入 2,282（新缓存 1,012 / 读缓存 1,268） 出 849 = 3,131 | 累计 1,582,874 tok $15.463
  已翻 252/744 段
    [tok] #575 入 2,297（新缓存 1,027 / 读缓存 1,268） 出 867 = 3,164 | 累计 1,586,038 tok $15.497
  已翻 255/744 段
    [tok] #576 入 3,612（新缓存 2,342 / 读缓存 1,268） 出 2,302 = 5,914 | 累计 1,591,952 tok $15.582
  已翻 258/744 段
    [tok] #577 入 1,913（新缓存 643 / 读缓存 1,268） 出 392 = 2,305 | 累计 1,594,257 tok $15.600
  已翻 261/744 段
    [tok] #578 入 2,822（新缓存 1,552 / 读缓存 1,268） 出 1,811 = 4,633 | 累计 1,598,890 tok $15.663
  已翻 264/744 段
    [tok] #579 入 1,832（新缓存 562 / 读缓存 1,268） 出 352 = 2,184 | 累计 1,601,074 tok $15.680
  已翻 267/744 段
    [tok] #580 入 2,690（新缓存 1,420 / 读缓存 1,268） 出 1,262 = 3,952 | 累计 1,605,026 tok $15.728
  已翻 270/744 段
    [tok] #581 入 2,159（新缓存 889 / 读缓存 1,268） 出 553 = 2,712 | 累计 1,607,738 tok $15.753
  已翻 273/744 段
    [tok] #582 入 2,006（新缓存 736 / 读缓存 1,268） 出 491 = 2,497 | 累计 1,610,235 tok $15.774
  已翻 276/744 段
    [tok] #583 入 2,315（新缓存 1,045 / 读缓存 1,268） 出 794 = 3,109 | 累计 1,613,344 tok $15.807
  已翻 279/744 段
    [tok] #584 入 2,200（新缓存 930 / 读缓存 1,268） 出 769 = 2,969 | 累计 1,616,313 tok $15.838
  已翻 282/744 段
    [tok] #585 入 2,211（新缓存 941 / 读缓存 1,268） 出 673 = 2,884 | 累计 1,619,197 tok $15.866
  已翻 285/744 段
    [tok] #586 入 1,941（新缓存 671 / 读缓存 1,268） 出 412 = 2,353 | 累计 1,621,550 tok $15.885
  已翻 288/744 段
    [tok] #587 入 2,056（新缓存 786 / 读缓存 1,268） 出 590 = 2,646 | 累计 1,624,196 tok $15.910
  已翻 291/744 段
    [tok] #588 入 2,436（新缓存 1,166 / 读缓存 1,268） 出 1,037 = 3,473 | 累计 1,627,669 tok $15.950
  已翻 294/744 段
    [tok] #589 入 2,847（新缓存 1,577 / 读缓存 1,268） 出 1,357 = 4,204 | 累计 1,631,873 tok $16.002
  已翻 297/744 段
    [tok] #590 入 2,406（新缓存 1,136 / 读缓存 1,268） 出 1,015 = 3,421 | 累计 1,635,294 tok $16.041
  已翻 300/744 段
    [tok] #591 入 2,173（新缓存 903 / 读缓存 1,268） 出 712 = 2,885 | 累计 1,638,179 tok $16.070
  已翻 303/744 段
    [tok] #592 入 2,101（新缓存 831 / 读缓存 1,268） 出 667 = 2,768 | 累计 1,640,947 tok $16.097
  已翻 306/744 段
    [tok] #593 入 1,781（新缓存 511 / 读缓存 1,268） 出 173 = 1,954 | 累计 1,642,901 tok $16.109
  已翻 309/744 段
    [tok] #594 入 1,912（新缓存 642 / 读缓存 1,268） 出 398 = 2,310 | 累计 1,645,211 tok $16.127
  已翻 312/744 段
    [tok] #595 入 3,189（新缓存 1,919 / 读缓存 1,268） 出 1,806 = 4,995 | 累计 1,650,206 tok $16.194
  已翻 315/744 段
    [tok] #596 入 2,408（新缓存 1,138 / 读缓存 1,268） 出 1,576 = 3,984 | 累计 1,654,190 tok $16.247
  已翻 318/744 段
    [tok] #597 入 1,867（新缓存 597 / 读缓存 1,268） 出 375 = 2,242 | 累计 1,656,432 tok $16.265
  已翻 321/744 段
    [tok] #598 入 3,028（新缓存 1,758 / 读缓存 1,268） 出 1,860 = 4,888 | 累计 1,661,320 tok $16.331
  已翻 324/744 段
    [tok] #599 入 2,210（新缓存 940 / 读缓存 1,268） 出 726 = 2,936 | 累计 1,664,256 tok $16.361
  已翻 327/744 段
    [tok] #600 入 1,897（新缓存 627 / 读缓存 1,268） 出 433 = 2,330 | 累计 1,666,586 tok $16.380
  已翻 330/744 段
    [tok] #601 入 2,294（新缓存 1,024 / 读缓存 1,268） 出 881 = 3,175 | 累计 1,669,761 tok $16.415
  已翻 333/744 段
    [tok] #602 入 2,553（新缓存 1,283 / 读缓存 1,268） 出 1,120 = 3,673 | 累计 1,673,434 tok $16.458
  已翻 336/744 段
    [tok] #603 入 2,802（新缓存 1,532 / 读缓存 1,268） 出 1,993 = 4,795 | 累计 1,678,229 tok $16.526
  已翻 339/744 段
    [tok] #604 入 2,780（新缓存 1,510 / 读缓存 1,268） 出 1,269 = 4,049 | 累计 1,682,278 tok $16.575
  已翻 342/744 段
    [tok] #605 入 2,789（新缓存 1,519 / 读缓存 1,268） 出 1,626 = 4,415 | 累计 1,686,693 tok $16.634
  已翻 345/744 段
    [tok] #606 入 2,289（新缓存 1,019 / 读缓存 1,268） 出 968 = 3,257 | 累计 1,689,950 tok $16.670
  已翻 348/744 段
    [tok] #607 入 2,127（新缓存 857 / 读缓存 1,268） 出 631 = 2,758 | 累计 1,692,708 tok $16.697
  已翻 351/744 段
    [tok] #608 入 2,152（新缓存 882 / 读缓存 1,268） 出 747 = 2,899 | 累计 1,695,607 tok $16.727
  已翻 354/744 段
    [tok] #609 入 2,005（新缓存 735 / 读缓存 1,268） 出 491 = 2,496 | 累计 1,698,103 tok $16.748
  已翻 357/744 段
    [tok] #610 入 2,138（新缓存 868 / 读缓存 1,268） 出 639 = 2,777 | 累计 1,700,880 tok $16.775
  已翻 360/744 段
    [tok] #611 入 2,042（新缓存 772 / 读缓存 1,268） 出 476 = 2,518 | 累计 1,703,398 tok $16.797
  已翻 363/744 段
    [tok] #612 入 2,175（新缓存 905 / 读缓存 1,268） 出 740 = 2,915 | 累计 1,706,313 tok $16.826
  已翻 366/744 段
    [tok] #613 入 2,226（新缓存 956 / 读缓存 1,268） 出 777 = 3,003 | 累计 1,709,316 tok $16.858
  已翻 369/744 段
    [tok] #614 入 2,024（新缓存 754 / 读缓存 1,268） 出 538 = 2,562 | 累计 1,711,878 tok $16.881
  已翻 372/744 段
    [tok] #615 入 2,182（新缓存 912 / 读缓存 1,268） 出 939 = 3,121 | 累计 1,714,999 tok $16.916
  已翻 375/744 段
    [tok] #616 入 2,378（新缓存 1,108 / 读缓存 1,268） 出 1,520 = 3,898 | 累计 1,718,897 tok $16.967
  已翻 378/744 段
    [tok] #617 入 2,489（新缓存 1,219 / 读缓存 1,268） 出 984 = 3,473 | 累计 1,722,370 tok $17.006
  已翻 381/744 段
    [tok] #618 入 1,993（新缓存 723 / 读缓存 1,268） 出 683 = 2,676 | 累计 1,725,046 tok $17.032
  已翻 384/744 段
    [tok] #619 入 2,359（新缓存 1,089 / 读缓存 1,268） 出 889 = 3,248 | 累计 1,728,294 tok $17.068
  已翻 387/744 段
    [tok] #620 入 1,821（新缓存 551 / 读缓存 1,268） 出 207 = 2,028 | 累计 1,730,322 tok $17.080
  已翻 390/744 段
    [tok] #621 入 1,700（新缓存 430 / 读缓存 1,268） 出 184 = 1,884 | 累计 1,732,206 tok $17.091
  已翻 393/744 段
    [tok] #622 入 2,249（新缓存 979 / 读缓存 1,268） 出 1,024 = 3,273 | 累计 1,735,479 tok $17.129
  已翻 396/744 段
    [tok] #623 入 2,132（新缓存 862 / 读缓存 1,268） 出 627 = 2,759 | 累计 1,738,238 tok $17.155
  已翻 399/744 段
    [tok] #624 入 2,241（新缓存 971 / 读缓存 1,268） 出 1,331 = 3,572 | 累计 1,741,810 tok $17.200
  已翻 402/744 段
    [tok] #625 入 2,239（新缓存 969 / 读缓存 1,268） 出 738 = 2,977 | 累计 1,744,787 tok $17.231
  已翻 405/744 段
    [tok] #626 入 2,178（新缓存 908 / 读缓存 1,268） 出 980 = 3,158 | 累计 1,747,945 tok $17.267
  已翻 408/744 段
    [tok] #627 入 2,379（新缓存 1,109 / 读缓存 1,268） 出 1,206 = 3,585 | 累计 1,751,530 tok $17.310
  已翻 411/744 段
    [tok] #628 入 2,811（新缓存 1,541 / 读缓存 1,268） 出 1,938 = 4,749 | 累计 1,756,279 tok $17.377
  已翻 414/744 段
    [tok] #629 入 2,063（新缓存 793 / 读缓存 1,268） 出 574 = 2,637 | 累计 1,758,916 tok $17.401
  已翻 417/744 段
    [tok] #630 入 1,878（新缓存 608 / 读缓存 1,268） 出 392 = 2,270 | 累计 1,761,186 tok $17.419
  已翻 420/744 段
    [tok] #631 入 2,247（新缓存 977 / 读缓存 1,268） 出 1,590 = 3,837 | 累计 1,765,023 tok $17.471
  已翻 423/744 段
    [tok] #632 入 2,394（新缓存 1,124 / 读缓存 1,268） 出 922 = 3,316 | 累计 1,768,339 tok $17.507
  已翻 426/744 段
    [tok] #633 入 2,143（新缓存 873 / 读缓存 1,268） 出 580 = 2,723 | 累计 1,771,062 tok $17.533
  已翻 429/744 段
    [tok] #634 入 1,840（新缓存 570 / 读缓存 1,268） 出 299 = 2,139 | 累计 1,773,201 tok $17.548
  已翻 432/744 段
    [tok] #635 入 1,840（新缓存 570 / 读缓存 1,268） 出 331 = 2,171 | 累计 1,775,372 tok $17.564
  已翻 435/744 段
    [tok] #636 入 2,161（新缓存 891 / 读缓存 1,268） 出 626 = 2,787 | 累计 1,778,159 tok $17.590
  已翻 438/744 段
    [tok] #637 入 2,032（新缓存 762 / 读缓存 1,268） 出 811 = 2,843 | 累计 1,781,002 tok $17.620
  已翻 441/744 段
    [tok] #638 入 1,825（新缓存 555 / 读缓存 1,268） 出 314 = 2,139 | 累计 1,783,141 tok $17.636
  已翻 444/744 段
    [tok] #639 入 2,612（新缓存 1,342 / 读缓存 1,268） 出 1,104 = 3,716 | 累计 1,786,857 tok $17.679
  已翻 447/744 段
    [tok] #640 入 3,114（新缓存 1,844 / 读缓存 1,268） 出 2,284 = 5,398 | 累计 1,792,255 tok $17.758
  已翻 450/744 段
    [tok] #641 入 1,829（新缓存 559 / 读缓存 1,268） 出 292 = 2,121 | 累计 1,794,376 tok $17.772
    [tok] #642 入 1,964（新缓存 694 / 读缓存 1,268） 出 495 = 2,459 | 累计 1,796,835 tok $17.794
  已翻 453/744 段
    [tok] #643 入 1,640（新缓存 370 / 读缓存 1,268） 出 150 = 1,790 | 累计 1,798,625 tok $17.803
    [tok] #644 入 2,243（新缓存 973 / 读缓存 1,268） 出 725 = 2,968 | 累计 1,801,593 tok $17.833
  已翻 456/744 段
    [tok] #645 入 1,597（新缓存 327 / 读缓存 1,268） 出 111 = 1,708 | 累计 1,803,301 tok $17.841
    [tok] #646 入 1,501（新缓存 231 / 读缓存 1,268） 出 14 = 1,515 | 累计 1,804,816 tok $17.845
  已翻 459/744 段
    [tok] #647 入 2,405（新缓存 1,135 / 读缓存 1,268） 出 942 = 3,347 | 累计 1,808,163 tok $17.882
  已翻 462/744 段
    [tok] #648 入 2,626（新缓存 1,356 / 读缓存 1,268） 出 1,342 = 3,968 | 累计 1,812,131 tok $17.932
  已翻 465/744 段
    [tok] #649 入 3,280（新缓存 2,010 / 读缓存 1,268） 出 2,568 = 5,848 | 累计 1,817,979 tok $18.019
  已翻 468/744 段
    [tok] #650 入 1,824（新缓存 554 / 读缓存 1,268） 出 329 = 2,153 | 累计 1,820,132 tok $18.035
  已翻 471/744 段
    [tok] #651 入 1,728（新缓存 458 / 读缓存 1,268） 出 95 = 1,823 | 累计 1,821,955 tok $18.044
  已翻 474/744 段
    [tok] #652 入 2,584（新缓存 1,314 / 读缓存 1,268） 出 1,298 = 3,882 | 累计 1,825,837 tok $18.092
  已翻 477/744 段
    [tok] #653 入 1,678（新缓存 408 / 读缓存 1,268） 出 132 = 1,810 | 累计 1,827,647 tok $18.101
  已翻 480/744 段
    [tok] #654 入 2,235（新缓存 965 / 读缓存 1,268） 出 834 = 3,069 | 累计 1,830,716 tok $18.133
  已翻 483/744 段
    [tok] #655 入 1,712（新缓存 442 / 读缓存 1,268） 出 203 = 1,915 | 累计 1,832,631 tok $18.145
  已翻 486/744 段
    [tok] #656 入 2,038（新缓存 768 / 读缓存 1,268） 出 513 = 2,551 | 累计 1,835,182 tok $18.167
  已翻 489/744 段
    [tok] #657 入 2,708（新缓存 1,438 / 读缓存 1,268） 出 1,151 = 3,859 | 累计 1,839,041 tok $18.213
  已翻 492/744 段
    [tok] #658 入 2,535（新缓存 1,265 / 读缓存 1,268） 出 1,025 = 3,560 | 累计 1,842,601 tok $18.254
  已翻 495/744 段
    [tok] #659 入 1,636（新缓存 366 / 读缓存 1,268） 出 411 = 2,047 | 累计 1,844,648 tok $18.269
  已翻 498/744 段
    [tok] #660 入 2,112（新缓存 842 / 读缓存 1,268） 出 896 = 3,008 | 累计 1,847,656 tok $18.302
  已翻 501/744 段
    [tok] #661 入 3,381（新缓存 2,111 / 读缓存 1,268） 出 2,374 = 5,755 | 累计 1,853,411 tok $18.386
  已翻 504/744 段
    [tok] #662 入 2,013（新缓存 743 / 读缓存 1,268） 出 502 = 2,515 | 累计 1,855,926 tok $18.408
  已翻 507/744 段
    [tok] #663 入 1,970（新缓存 700 / 读缓存 1,268） 出 439 = 2,409 | 累计 1,858,335 tok $18.428
  已翻 510/744 段
    [tok] #664 入 2,519（新缓存 1,249 / 读缓存 1,268） 出 1,513 = 4,032 | 累计 1,862,367 tok $18.481
  已翻 513/744 段
    [tok] #665 入 2,319（新缓存 1,049 / 读缓存 1,268） 出 859 = 3,178 | 累计 1,865,545 tok $18.515
  已翻 516/744 段
    [tok] #666 入 1,872（新缓存 602 / 读缓存 1,268） 出 326 = 2,198 | 累计 1,867,743 tok $18.531
  已翻 519/744 段
    [tok] #667 入 2,051（新缓存 781 / 读缓存 1,268） 出 766 = 2,817 | 累计 1,870,560 tok $18.560
  已翻 522/744 段
    [tok] #668 入 1,967（新缓存 697 / 读缓存 1,268） 出 455 = 2,422 | 累计 1,872,982 tok $18.580
  已翻 525/744 段
    [tok] #669 入 1,775（新缓存 505 / 读缓存 1,268） 出 246 = 2,021 | 累计 1,875,003 tok $18.593
  已翻 528/744 段
    [tok] #670 入 2,126（新缓存 856 / 读缓存 1,268） 出 650 = 2,776 | 累计 1,877,779 tok $18.620
  已翻 531/744 段
    [tok] #671 入 2,582（新缓存 1,312 / 读缓存 1,268） 出 1,625 = 4,207 | 累计 1,881,986 tok $18.676
  已翻 534/744 段
    [tok] #672 入 3,292（新缓存 2,022 / 读缓存 1,268） 出 2,282 = 5,574 | 累计 1,887,560 tok $18.757
  已翻 537/744 段
    [tok] #673 入 1,791（新缓存 521 / 读缓存 1,268） 出 217 = 2,008 | 累计 1,889,568 tok $18.769
  已翻 540/744 段
    [tok] #674 入 1,901（新缓存 631 / 读缓存 1,268） 出 393 = 2,294 | 累计 1,891,862 tok $18.787
  已翻 543/744 段
    [tok] #675 入 1,773（新缓存 503 / 读缓存 1,268） 出 266 = 2,039 | 累计 1,893,901 tok $18.801
  已翻 546/744 段
    [tok] #676 入 2,522（新缓存 1,252 / 读缓存 1,268） 出 1,075 = 3,597 | 累计 1,897,498 tok $18.843
  已翻 549/744 段
    [tok] #677 入 2,275（新缓存 1,005 / 读缓存 1,268） 出 1,399 = 3,674 | 累计 1,901,172 tok $18.890
  已翻 552/744 段
    [tok] #678 入 2,803（新缓存 1,533 / 读缓存 1,268） 出 1,380 = 4,183 | 累计 1,905,355 tok $18.943
  已翻 555/744 段
    [tok] #679 入 2,351（新缓存 1,081 / 读缓存 1,268） 出 1,243 = 3,594 | 累计 1,908,949 tok $18.987
  已翻 558/744 段
    [tok] #680 入 2,517（新缓存 1,247 / 读缓存 1,268） 出 1,523 = 4,040 | 累计 1,912,989 tok $19.040
  已翻 561/744 段
    [tok] #681 入 2,169（新缓存 899 / 读缓存 1,268） 出 1,225 = 3,394 | 累计 1,916,383 tok $19.082
  已翻 564/744 段
    [tok] #682 入 2,621（新缓存 1,351 / 读缓存 1,268） 出 1,366 = 3,987 | 累计 1,920,370 tok $19.132
  已翻 567/744 段
    [tok] #683 入 2,375（新缓存 1,105 / 读缓存 1,268） 出 920 = 3,295 | 累计 1,923,665 tok $19.168
  已翻 570/744 段
    [tok] #684 入 1,902（新缓存 632 / 读缓存 1,268） 出 406 = 2,308 | 累计 1,925,973 tok $19.187
  已翻 573/744 段
    [tok] #685 入 3,148（新缓存 1,878 / 读缓存 1,268） 出 2,244 = 5,392 | 累计 1,931,365 tok $19.264
  已翻 576/744 段
    [tok] #686 入 1,904（新缓存 634 / 读缓存 1,268） 出 382 = 2,286 | 累计 1,933,651 tok $19.282
  已翻 579/744 段
    [tok] #687 入 2,059（新缓存 789 / 读缓存 1,268） 出 701 = 2,760 | 累计 1,936,411 tok $19.310
  已翻 582/744 段
    [tok] #688 入 2,005（新缓存 735 / 读缓存 1,268） 出 472 = 2,477 | 累计 1,938,888 tok $19.331
  已翻 585/744 段
    [tok] #689 入 2,096（新缓存 826 / 读缓存 1,268） 出 505 = 2,601 | 累计 1,941,489 tok $19.354
  已翻 588/744 段
    [tok] #690 入 1,915（新缓存 645 / 读缓存 1,268） 出 377 = 2,292 | 累计 1,943,781 tok $19.372
  已翻 591/744 段
    [tok] #691 入 2,016（新缓存 746 / 读缓存 1,268） 出 837 = 2,853 | 累计 1,946,634 tok $19.402
  已翻 594/744 段
    [tok] #692 入 2,164（新缓存 894 / 读缓存 1,268） 出 701 = 2,865 | 累计 1,949,499 tok $19.431
  已翻 597/744 段
    [tok] #693 入 2,718（新缓存 1,448 / 读缓存 1,268） 出 1,225 = 3,943 | 累计 1,953,442 tok $19.478
  已翻 600/744 段
    [tok] #694 入 1,785（新缓存 515 / 读缓存 1,268） 出 317 = 2,102 | 累计 1,955,544 tok $19.493
  已翻 603/744 段
    [tok] #695 入 1,831（新缓存 561 / 读缓存 1,268） 出 367 = 2,198 | 累计 1,957,742 tok $19.510
  已翻 606/744 段
    [tok] #696 入 2,061（新缓存 791 / 读缓存 1,268） 出 833 = 2,894 | 累计 1,960,636 tok $19.541
  已翻 609/744 段
    [tok] #697 入 1,666（新缓存 396 / 读缓存 1,268） 出 126 = 1,792 | 累计 1,962,428 tok $19.550
  已翻 612/744 段
    [tok] #698 入 1,774（新缓存 504 / 读缓存 1,268） 出 258 = 2,032 | 累计 1,964,460 tok $19.563
  已翻 615/744 段
    [tok] #699 入 2,067（新缓存 797 / 读缓存 1,268） 出 426 = 2,493 | 累计 1,966,953 tok $19.584
  已翻 618/744 段
    [tok] #700 入 2,066（新缓存 796 / 读缓存 1,268） 出 608 = 2,674 | 累计 1,969,627 tok $19.609
  已翻 621/744 段
    [tok] #701 入 2,126（新缓存 856 / 读缓存 1,268） 出 620 = 2,746 | 累计 1,972,373 tok $19.635
  已翻 624/744 段
    [tok] #702 入 1,943（新缓存 673 / 读缓存 1,268） 出 432 = 2,375 | 累计 1,974,748 tok $19.655
  已翻 627/744 段
    [tok] #703 入 1,961（新缓存 691 / 读缓存 1,268） 出 418 = 2,379 | 累计 1,977,127 tok $19.674
  已翻 630/744 段
    [tok] #704 入 1,879（新缓存 609 / 读缓存 1,268） 出 364 = 2,243 | 累计 1,979,370 tok $19.691
  已翻 633/744 段
    [tok] #705 入 1,886（新缓存 616 / 读缓存 1,268） 出 365 = 2,251 | 累计 1,981,621 tok $19.709
  已翻 636/744 段
    [tok] #706 入 1,796（新缓存 526 / 读缓存 1,268） 出 280 = 2,076 | 累计 1,983,697 tok $19.723
  已翻 639/744 段
    [tok] #707 入 2,495（新缓存 1,225 / 读缓存 1,268） 出 1,717 = 4,212 | 累计 1,987,909 tok $19.780
  已翻 642/744 段
    [tok] #708 入 1,827（新缓存 557 / 读缓存 1,268） 出 313 = 2,140 | 累计 1,990,049 tok $19.796
  已翻 645/744 段
    [tok] #709 入 1,906（新缓存 636 / 读缓存 1,268） 出 401 = 2,307 | 累计 1,992,356 tok $19.814
  已翻 648/744 段
    [tok] #710 入 1,991（新缓存 721 / 读缓存 1,268） 出 496 = 2,487 | 累计 1,994,843 tok $19.836
  已翻 651/744 段
    [tok] #711 入 2,999（新缓存 1,729 / 读缓存 1,268） 出 1,404 = 4,403 | 累计 1,999,246 tok $19.891
  已翻 654/744 段
    [tok] #712 入 1,794（新缓存 524 / 读缓存 1,268） 出 270 = 2,064 | 累计 2,001,310 tok $19.905
  已翻 657/744 段
    [tok] #713 入 2,033（新缓存 763 / 读缓存 1,268） 出 433 = 2,466 | 累计 2,003,776 tok $19.925
  已翻 660/744 段
    [tok] #714 入 1,850（新缓存 580 / 读缓存 1,268） 出 349 = 2,199 | 累计 2,005,975 tok $19.942
  已翻 663/744 段
    [tok] #715 入 2,374（新缓存 1,104 / 读缓存 1,268） 出 997 = 3,371 | 累计 2,009,346 tok $19.980
  已翻 666/744 段
    [tok] #716 入 1,983（新缓存 713 / 读缓存 1,268） 出 488 = 2,471 | 累计 2,011,817 tok $20.001
  已翻 669/744 段
    [tok] #717 入 2,088（新缓存 818 / 读缓存 1,268） 出 656 = 2,744 | 累计 2,014,561 tok $20.028
  已翻 672/744 段
    [tok] #718 入 2,479（新缓存 1,209 / 读缓存 1,268） 出 1,732 = 4,211 | 累计 2,018,772 tok $20.086
  已翻 675/744 段
    [tok] #719 入 2,616（新缓存 1,346 / 读缓存 1,268） 出 1,649 = 4,265 | 累计 2,023,037 tok $20.143
  已翻 678/744 段
    [tok] #720 入 2,118（新缓存 848 / 读缓存 1,268） 出 656 = 2,774 | 累计 2,025,811 tok $20.170
  已翻 681/744 段
    [tok] #721 入 2,417（新缓存 1,147 / 读缓存 1,268） 出 1,210 = 3,627 | 累计 2,029,438 tok $20.214
  已翻 684/744 段
    [tok] #722 入 2,406（新缓存 1,136 / 读缓存 1,268） 出 1,200 = 3,606 | 累计 2,033,044 tok $20.258
  已翻 687/744 段
    [tok] #723 入 2,393（新缓存 1,123 / 读缓存 1,268） 出 1,091 = 3,484 | 累计 2,036,528 tok $20.299
  已翻 690/744 段
    [tok] #724 入 4,625（新缓存 3,355 / 读缓存 1,268） 出 3,368 = 7,993 | 累计 2,044,521 tok $20.420
  已翻 693/744 段
    [tok] #725 入 2,718（新缓存 1,448 / 读缓存 1,268） 出 1,270 = 3,988 | 累计 2,048,509 tok $20.469
  已翻 696/744 段
    [tok] #726 入 2,220（新缓存 950 / 读缓存 1,268） 出 1,162 = 3,382 | 累计 2,051,891 tok $20.510
  已翻 699/744 段
    [tok] #727 入 2,595（新缓存 1,325 / 读缓存 1,268） 出 1,240 = 3,835 | 累计 2,055,726 tok $20.557
  已翻 702/744 段
    [tok] #728 入 2,309（新缓存 1,039 / 读缓存 1,268） 出 876 = 3,185 | 累计 2,058,911 tok $20.591
  已翻 705/744 段
    [tok] #729 入 1,811（新缓存 541 / 读缓存 1,268） 出 367 = 2,178 | 累计 2,061,089 tok $20.608
  已翻 708/744 段
    [tok] #730 入 2,187（新缓存 917 / 读缓存 1,268） 出 731 = 2,918 | 累计 2,064,007 tok $20.637
  已翻 711/744 段
    [tok] #731 入 2,042（新缓存 772 / 读缓存 1,268） 出 640 = 2,682 | 累计 2,066,689 tok $20.663
  已翻 714/744 段
    [tok] #732 入 1,876（新缓存 606 / 读缓存 1,268） 出 376 = 2,252 | 累计 2,068,941 tok $20.681
  已翻 717/744 段
    [tok] #733 入 1,854（新缓存 584 / 读缓存 1,268） 出 358 = 2,212 | 累计 2,071,153 tok $20.697
  已翻 720/744 段
    [tok] #734 入 2,756（新缓存 1,486 / 读缓存 1,268） 出 1,257 = 4,013 | 累计 2,075,166 tok $20.746
  已翻 723/744 段
    [tok] #735 入 2,124（新缓存 854 / 读缓存 1,268） 出 597 = 2,721 | 累计 2,077,887 tok $20.772
  已翻 726/744 段
    [tok] #736 入 2,133（新缓存 863 / 读缓存 1,268） 出 665 = 2,798 | 累计 2,080,685 tok $20.799
  已翻 729/744 段
    [tok] #737 入 1,911（新缓存 641 / 读缓存 1,268） 出 410 = 2,321 | 累计 2,083,006 tok $20.818
  已翻 732/744 段
    [tok] #738 入 2,034（新缓存 764 / 读缓存 1,268） 出 605 = 2,639 | 累计 2,085,645 tok $20.843
  已翻 735/744 段
    [tok] #739 入 2,133（新缓存 863 / 读缓存 1,268） 出 635 = 2,768 | 累计 2,088,413 tok $20.870
  已翻 738/744 段
    [tok] #740 入 2,334（新缓存 1,064 / 读缓存 1,268） 出 883 = 3,217 | 累计 2,091,630 tok $20.905
  已翻 741/744 段
    [tok] #741 入 2,207（新缓存 937 / 读缓存 1,268） 出 755 = 2,962 | 累计 2,094,592 tok $20.935
  已翻 744/744 段
✓ 中文 raw → /Users/yanpeifa/Documents/whcjb.github.io/davenant_raw/colossians/zh_chapters/2.md  (chmod 444)
✓ 中文页 → /Users/yanpeifa/Documents/whcjb.github.io/davenant/colossians/2/zh/index.md
✓ 英文页回填 zh_url → /Users/yanpeifa/Documents/whcjb.github.io/davenant/colossians/2.md
ch3: 块 964  需译 940  缓存命中 7  英文 460,025 字符
    [tok] #742 入 1,762（新缓存 492 / 读缓存 1,268） 出 117 = 1,879 | 累计 2,096,471 tok $20.945
  已翻 3/933 段
    [tok] #743 入 1,803（新缓存 533 / 读缓存 1,268） 出 281 = 2,084 | 累计 2,098,555 tok $20.959
  已翻 6/933 段
    [tok] #744 入 2,025（新缓存 755 / 读缓存 1,268） 出 536 = 2,561 | 累计 2,101,116 tok $20.982
  已翻 9/933 段
    [tok] #745 入 2,173（新缓存 903 / 读缓存 1,268） 出 1,141 = 3,314 | 累计 2,104,430 tok $21.022
  已翻 12/933 段
    [tok] #746 入 2,208（新缓存 938 / 读缓存 1,268） 出 1,123 = 3,331 | 累计 2,107,761 tok $21.061
  已翻 15/933 段
    [tok] #747 入 2,274（新缓存 1,004 / 读缓存 1,268） 出 806 = 3,080 | 累计 2,110,841 tok $21.094
  已翻 18/933 段
    [tok] #748 入 2,355（新缓存 1,085 / 读缓存 1,268） 出 908 = 3,263 | 累计 2,114,104 tok $21.130
  已翻 21/933 段
    [tok] #749 入 2,234（新缓存 964 / 读缓存 1,268） 出 912 = 3,146 | 累计 2,117,250 tok $21.164
  已翻 24/933 段
    [tok] #750 入 2,734（新缓存 1,464 / 读缓存 1,268） 出 1,248 = 3,982 | 累计 2,121,232 tok $21.213
  已翻 27/933 段
    [tok] #751 入 2,110（新缓存 840 / 读缓存 1,268） 出 580 = 2,690 | 累计 2,123,922 tok $21.238
  已翻 30/933 段
    [tok] #752 入 2,219（新缓存 949 / 读缓存 1,268） 出 902 = 3,121 | 累计 2,127,043 tok $21.272
  已翻 33/933 段
    [tok] #753 入 1,786（新缓存 516 / 读缓存 1,268） 出 247 = 2,033 | 累计 2,129,076 tok $21.285
  已翻 36/933 段
    [tok] #754 入 2,461（新缓存 1,191 / 读缓存 1,268） 出 939 = 3,400 | 累计 2,132,476 tok $21.323
  已翻 39/933 段
    [tok] #755 入 1,973（新缓存 703 / 读缓存 1,268） 出 400 = 2,373 | 累计 2,134,849 tok $21.342
  已翻 42/933 段
    [tok] #756 入 2,368（新缓存 1,098 / 读缓存 1,268） 出 892 = 3,260 | 累计 2,138,109 tok $21.378
  已翻 45/933 段
    [tok] #757 入 2,529（新缓存 1,259 / 读缓存 1,268） 出 1,050 = 3,579 | 累计 2,141,688 tok $21.419
  已翻 48/933 段
    [tok] #758 入 2,092（新缓存 822 / 读缓存 1,268） 出 953 = 3,045 | 累计 2,144,733 tok $21.453
  已翻 51/933 段
    [tok] #759 入 1,725（新缓存 455 / 读缓存 1,268） 出 224 = 1,949 | 累计 2,146,682 tok $21.465
  已翻 54/933 段
    [tok] #760 入 1,845（新缓存 575 / 读缓存 1,268） 出 386 = 2,231 | 累计 2,148,913 tok $21.482
  已翻 57/933 段
    [tok] #761 入 2,106（新缓存 836 / 读缓存 1,268） 出 629 = 2,735 | 累计 2,151,648 tok $21.508
  已翻 60/933 段
    [tok] #762 入 2,379（新缓存 1,109 / 读缓存 1,268） 出 987 = 3,366 | 累计 2,155,014 tok $21.547
  已翻 63/933 段
    [tok] #763 入 1,876（新缓存 606 / 读缓存 1,268） 出 376 = 2,252 | 累计 2,157,266 tok $21.564
  已翻 66/933 段
    [tok] #764 入 2,421（新缓存 1,151 / 读缓存 1,268） 出 925 = 3,346 | 累计 2,160,612 tok $21.601
  已翻 69/933 段
    [tok] #765 入 1,845（新缓存 575 / 读缓存 1,268） 出 232 = 2,077 | 累计 2,162,689 tok $21.614
  已翻 72/933 段
    [tok] #766 入 1,791（新缓存 521 / 读缓存 1,268） 出 292 = 2,083 | 累计 2,164,772 tok $21.629
  已翻 75/933 段
    [tok] #767 入 2,390（新缓存 1,120 / 读缓存 1,268） 出 1,587 = 3,977 | 累计 2,168,749 tok $21.682
  已翻 78/933 段
    [tok] #768 入 2,429（新缓存 1,159 / 读缓存 1,268） 出 1,277 = 3,706 | 累计 2,172,455 tok $21.728
  已翻 81/933 段
    [tok] #769 入 2,417（新缓存 1,147 / 读缓存 1,268） 出 1,698 = 4,115 | 累计 2,176,570 tok $21.784
  已翻 84/933 段
    [tok] #770 入 1,778（新缓存 508 / 读缓存 1,268） 出 261 = 2,039 | 累计 2,178,609 tok $21.798
  已翻 87/933 段
    [tok] #771 入 1,774（新缓存 504 / 读缓存 1,268） 出 226 = 2,000 | 累计 2,180,609 tok $21.810
  已翻 90/933 段
    [tok] #772 入 2,723（新缓存 1,453 / 读缓存 1,268） 出 1,260 = 3,983 | 累计 2,184,592 tok $21.859
  已翻 93/933 段
    [tok] #773 入 1,966（新缓存 696 / 读缓存 1,268） 出 470 = 2,436 | 累计 2,187,028 tok $21.880
  已翻 96/933 段
    [tok] #774 入 1,848（新缓存 578 / 读缓存 1,268） 出 332 = 2,180 | 累计 2,189,208 tok $21.896
  已翻 99/933 段
    [tok] #775 入 1,962（新缓存 692 / 读缓存 1,268） 出 400 = 2,362 | 累计 2,191,570 tok $21.914
  已翻 102/933 段
    [tok] #776 入 1,994（新缓存 724 / 读缓存 1,268） 出 497 = 2,491 | 累计 2,194,061 tok $21.936
  已翻 105/933 段
    [tok] #777 入 2,320（新缓存 1,050 / 读缓存 1,268） 出 847 = 3,167 | 累计 2,197,228 tok $21.970
  已翻 108/933 段
    [tok] #778 入 1,962（新缓存 692 / 读缓存 1,268） 出 456 = 2,418 | 累计 2,199,646 tok $21.991
  已翻 111/933 段
    [tok] #779 入 2,853（新缓存 1,583 / 读缓存 1,268） 出 1,429 = 4,282 | 累计 2,203,928 tok $22.045
  已翻 114/933 段
    [tok] #780 入 2,013（新缓存 743 / 读缓存 1,268） 出 556 = 2,569 | 累计 2,206,497 tok $22.068
  已翻 117/933 段
    [tok] #781 入 1,926（新缓存 656 / 读缓存 1,268） 出 768 = 2,694 | 累计 2,209,191 tok $22.096
  已翻 120/933 段
    [tok] #782 入 1,815（新缓存 545 / 读缓存 1,268） 出 284 = 2,099 | 累计 2,211,290 tok $22.110
  已翻 123/933 段
    [tok] #783 入 1,728（新缓存 458 / 读缓存 1,268） 出 227 = 1,955 | 累计 2,213,245 tok $22.122
  已翻 126/933 段
    [tok] #784 入 1,795（新缓存 525 / 读缓存 1,268） 出 285 = 2,080 | 累计 2,215,325 tok $22.137
  已翻 129/933 段
    [tok] #785 入 1,853（新缓存 583 / 读缓存 1,268） 出 332 = 2,185 | 累计 2,217,510 tok $22.153
  已翻 132/933 段
    [tok] #786 入 2,027（新缓存 757 / 读缓存 1,268） 出 524 = 2,551 | 累计 2,220,061 tok $22.175
  已翻 135/933 段
    [tok] #787 入 1,981（新缓存 711 / 读缓存 1,268） 出 466 = 2,447 | 累计 2,222,508 tok $22.196
  已翻 138/933 段
    [tok] #788 入 2,439（新缓存 1,169 / 读缓存 1,268） 出 922 = 3,361 | 累计 2,225,869 tok $22.233
  已翻 141/933 段
    [tok] #789 入 2,152（新缓存 882 / 读缓存 1,268） 出 727 = 2,879 | 累计 2,228,748 tok $22.263
  已翻 144/933 段
    [tok] #790 入 2,094（新缓存 824 / 读缓存 1,268） 出 688 = 2,782 | 累计 2,231,530 tok $22.290
  已翻 147/933 段
    [tok] #791 入 2,087（新缓存 817 / 读缓存 1,268） 出 618 = 2,705 | 累计 2,234,235 tok $22.316
  已翻 150/933 段
    [tok] #792 入 2,170（新缓存 900 / 读缓存 1,268） 出 660 = 2,830 | 累计 2,237,065 tok $22.344
  已翻 153/933 段
    [tok] #793 入 2,784（新缓存 1,514 / 读缓存 1,268） 出 1,400 = 4,184 | 累计 2,241,249 tok $22.396
  已翻 156/933 段
    [tok] #794 入 2,064（新缓存 794 / 读缓存 1,268） 出 599 = 2,663 | 累计 2,243,912 tok $22.421
  已翻 159/933 段
    [tok] #795 入 2,635（新缓存 1,365 / 读缓存 1,268） 出 1,253 = 3,888 | 累计 2,247,800 tok $22.469
  已翻 162/933 段
    [tok] #796 入 2,130（新缓存 860 / 读缓存 1,268） 出 1,220 = 3,350 | 累计 2,251,150 tok $22.510
  已翻 165/933 段
    [tok] #797 入 2,453（新缓存 1,183 / 读缓存 1,268） 出 936 = 3,389 | 累计 2,254,539 tok $22.548
  已翻 168/933 段
    [tok] #798 入 2,523（新缓存 1,253 / 读缓存 1,268） 出 1,127 = 3,650 | 累计 2,258,189 tok $22.591
  已翻 171/933 段
    [tok] #799 入 2,210（新缓存 940 / 读缓存 1,268） 出 1,057 = 3,267 | 累计 2,261,456 tok $22.629
  已翻 174/933 段
    [tok] #800 入 2,106（新缓存 836 / 读缓存 1,268） 出 676 = 2,782 | 累计 2,264,238 tok $22.656
  已翻 177/933 段
    [tok] #801 入 2,061（新缓存 791 / 读缓存 1,268） 出 585 = 2,646 | 累计 2,266,884 tok $22.681
  已翻 180/933 段
    [tok] #802 入 1,785（新缓存 515 / 读缓存 1,268） 出 256 = 2,041 | 累计 2,268,925 tok $22.694
  已翻 183/933 段
    [tok] #803 入 1,782（新缓存 512 / 读缓存 1,268） 出 269 = 2,051 | 累计 2,270,976 tok $22.708
  已翻 186/933 段
    [tok] #804 入 1,961（新缓存 691 / 读缓存 1,268） 出 358 = 2,319 | 累计 2,273,295 tok $22.726
  已翻 189/933 段
    [tok] #805 入 1,956（新缓存 686 / 读缓存 1,268） 出 409 = 2,365 | 累计 2,275,660 tok $22.745
  已翻 192/933 段
    [tok] #806 入 1,632（新缓存 362 / 读缓存 1,268） 出 100 = 1,732 | 累计 2,277,392 tok $22.753
  已翻 195/933 段
    [tok] #807 入 2,143（新缓存 873 / 读缓存 1,268） 出 801 = 2,944 | 累计 2,280,336 tok $22.784
  已翻 198/933 段
    [tok] #808 入 2,085（新缓存 815 / 读缓存 1,268） 出 525 = 2,610 | 累计 2,282,946 tok $22.807
  已翻 201/933 段
    [tok] #809 入 2,237（新缓存 967 / 读缓存 1,268） 出 800 = 3,037 | 累计 2,285,983 tok $22.839
  已翻 204/933 段
    [tok] #810 入 1,688（新缓存 418 / 读缓存 1,268） 出 179 = 1,867 | 累计 2,287,850 tok $22.850
  已翻 207/933 段
    [tok] #811 入 1,763（新缓存 493 / 读缓存 1,268） 出 223 = 1,986 | 累计 2,289,836 tok $22.862
  已翻 210/933 段
    [tok] #812 入 1,711（新缓存 441 / 读缓存 1,268） 出 167 = 1,878 | 累计 2,291,714 tok $22.872
    [tok] #813 入 1,606（新缓存 336 / 读缓存 1,268） 出 116 = 1,722 | 累计 2,293,436 tok $22.880
    [tok] #814 入 1,515（新缓存 245 / 读缓存 1,268） 出 26 = 1,541 | 累计 2,294,977 tok $22.885
    [tok] #815 入 2,119（新缓存 849 / 读缓存 1,268） 出 595 = 2,714 | 累计 2,297,691 tok $22.911
  已翻 213/933 段
    [tok] #816 入 2,812（新缓存 1,542 / 读缓存 1,268） 出 1,737 = 4,549 | 累计 2,302,240 tok $22.972
  已翻 216/933 段
    [tok] #817 入 1,499（新缓存 229 / 读缓存 1,268） 出 9 = 1,508 | 累计 2,303,748 tok $22.975
  已翻 219/933 段
    [tok] #818 入 1,782（新缓存 512 / 读缓存 1,268） 出 268 = 2,050 | 累计 2,305,798 tok $22.989
  已翻 222/933 段
    [tok] #819 入 1,901（新缓存 631 / 读缓存 1,268） 出 445 = 2,346 | 累计 2,308,144 tok $23.008
  已翻 225/933 段
    [tok] #820 入 1,955（新缓存 685 / 读缓存 1,268） 出 469 = 2,424 | 累计 2,310,568 tok $23.029
  已翻 228/933 段
    [tok] #821 入 1,995（新缓存 725 / 读缓存 1,268） 出 246 = 2,241 | 累计 2,312,809 tok $23.044
  已翻 231/933 段
    [tok] #822 入 2,113（新缓存 843 / 读缓存 1,268） 出 847 = 2,960 | 累计 2,315,769 tok $23.076
  已翻 234/933 段
    [tok] #823 入 2,358（新缓存 1,088 / 读缓存 1,268） 出 914 = 3,272 | 累计 2,319,041 tok $23.112
  已翻 237/933 段
    [tok] #824 入 2,444（新缓存 1,174 / 读缓存 1,268） 出 1,002 = 3,446 | 累计 2,322,487 tok $23.151
  已翻 240/933 段
    [tok] #825 入 1,830（新缓存 560 / 读缓存 1,268） 出 345 = 2,175 | 累计 2,324,662 tok $23.167
  已翻 243/933 段
    [tok] #826 入 2,081（新缓存 811 / 读缓存 1,268） 出 599 = 2,680 | 累计 2,327,342 tok $23.193
  已翻 246/933 段
    [tok] #827 入 2,076（新缓存 806 / 读缓存 1,268） 出 590 = 2,666 | 累计 2,330,008 tok $23.218
  已翻 249/933 段
    [tok] #828 入 2,411（新缓存 1,141 / 读缓存 1,268） 出 1,051 = 3,462 | 累计 2,333,470 tok $23.258
  已翻 252/933 段
    [tok] #829 入 2,197（新缓存 927 / 读缓存 1,268） 出 703 = 2,900 | 累计 2,336,370 tok $23.287
  已翻 255/933 段
    [tok] #830 入 2,261（新缓存 991 / 读缓存 1,268） 出 779 = 3,040 | 累计 2,339,410 tok $23.318
  已翻 258/933 段
    [tok] #831 入 1,989（新缓存 719 / 读缓存 1,268） 出 616 = 2,605 | 累计 2,342,015 tok $23.343
  已翻 261/933 段
    [tok] #832 入 2,045（新缓存 775 / 读缓存 1,268） 出 529 = 2,574 | 累计 2,344,589 tok $23.366
  已翻 264/933 段
    [tok] #833 入 1,806（新缓存 536 / 读缓存 1,268） 出 338 = 2,144 | 累计 2,346,733 tok $23.382
  已翻 267/933 段
    [tok] #834 入 2,432（新缓存 1,162 / 读缓存 1,268） 出 1,561 = 3,993 | 累计 2,350,726 tok $23.435
  已翻 270/933 段
    [tok] #835 入 1,853（新缓存 583 / 读缓存 1,268） 出 371 = 2,224 | 累计 2,352,950 tok $23.452
  已翻 273/933 段
    [tok] #836 入 1,616（新缓存 346 / 读缓存 1,268） 出 101 = 1,717 | 累计 2,354,667 tok $23.460
  已翻 276/933 段
    [tok] #837 入 1,984（新缓存 714 / 读缓存 1,268） 出 1,024 = 3,008 | 累计 2,357,675 tok $23.494
  已翻 279/933 段
    [tok] #838 入 1,974（新缓存 704 / 读缓存 1,268） 出 508 = 2,482 | 累计 2,360,157 tok $23.516
  已翻 282/933 段
    [tok] #839 入 2,053（新缓存 783 / 读缓存 1,268） 出 582 = 2,635 | 累计 2,362,792 tok $23.541
  已翻 285/933 段
    [tok] #840 入 1,675（新缓存 405 / 读缓存 1,268） 出 165 = 1,840 | 累计 2,364,632 tok $23.551
  已翻 288/933 段
    [tok] #841 入 2,220（新缓存 950 / 读缓存 1,268） 出 861 = 3,081 | 累计 2,367,713 tok $23.584
  已翻 291/933 段
    [tok] #842 入 1,711（新缓存 441 / 读缓存 1,268） 出 102 = 1,813 | 累计 2,369,526 tok $23.593
  已翻 294/933 段
    [tok] #843 入 2,058（新缓存 788 / 读缓存 1,268） 出 1,040 = 3,098 | 累计 2,372,624 tok $23.629
  已翻 297/933 段
    [tok] #844 入 2,536（新缓存 1,266 / 读缓存 1,268） 出 1,878 = 4,414 | 累计 2,377,038 tok $23.691
  已翻 300/933 段
    [tok] #845 入 2,318（新缓存 1,048 / 读缓存 1,268） 出 869 = 3,187 | 累计 2,380,225 tok $23.725
  已翻 303/933 段
    [tok] #846 入 1,900（新缓存 630 / 读缓存 1,268） 出 391 = 2,291 | 累计 2,382,516 tok $23.743
  已翻 306/933 段
    [tok] #847 入 3,125（新缓存 1,855 / 读缓存 1,268） 出 1,754 = 4,879 | 累计 2,387,395 tok $23.809
  已翻 309/933 段
    [tok] #848 入 1,907（新缓存 637 / 读缓存 1,268） 出 442 = 2,349 | 累计 2,389,744 tok $23.828
  已翻 312/933 段
    [tok] #849 入 1,876（新缓存 606 / 读缓存 1,268） 出 352 = 2,228 | 累计 2,391,972 tok $23.845
  已翻 315/933 段
    [tok] #850 入 1,992（新缓存 722 / 读缓存 1,268） 出 487 = 2,479 | 累计 2,394,451 tok $23.866
  已翻 318/933 段
    [tok] #851 入 1,704（新缓存 434 / 读缓存 1,268） 出 89 = 1,793 | 累计 2,396,244 tok $23.875
  已翻 321/933 段
    [tok] #852 入 1,780（新缓存 510 / 读缓存 1,268） 出 266 = 2,046 | 累计 2,398,290 tok $23.888
  已翻 324/933 段
    [tok] #853 入 2,097（新缓存 827 / 读缓存 1,268） 出 594 = 2,691 | 累计 2,400,981 tok $23.913
  已翻 327/933 段
    [tok] #854 入 1,999（新缓存 729 / 读缓存 1,268） 出 484 = 2,483 | 累计 2,403,464 tok $23.935
  已翻 330/933 段
    [tok] #855 入 1,953（新缓存 683 / 读缓存 1,268） 出 421 = 2,374 | 累计 2,405,838 tok $23.954
  已翻 333/933 段
    [tok] #856 入 1,960（新缓存 690 / 读缓存 1,268） 出 472 = 2,432 | 累计 2,408,270 tok $23.975
  已翻 336/933 段
    [tok] #857 入 1,649（新缓存 379 / 读缓存 1,268） 出 103 = 1,752 | 累计 2,410,022 tok $23.983
  已翻 339/933 段
    [tok] #858 入 2,513（新缓存 1,243 / 读缓存 1,268） 出 1,377 = 3,890 | 累计 2,413,912 tok $24.032
  已翻 342/933 段
    [tok] #859 入 2,405（新缓存 1,135 / 读缓存 1,268） 出 1,518 = 3,923 | 累计 2,417,835 tok $24.084
  已翻 345/933 段
    [tok] #860 入 2,113（新缓存 843 / 读缓存 1,268） 出 522 = 2,635 | 累计 2,420,470 tok $24.108
  已翻 348/933 段
    [tok] #861 入 2,312（新缓存 1,042 / 读缓存 1,268） 出 890 = 3,202 | 累计 2,423,672 tok $24.143
  已翻 351/933 段
    [tok] #862 入 1,743（新缓存 473 / 读缓存 1,268） 出 230 = 1,973 | 累计 2,425,645 tok $24.155
  已翻 354/933 段
    [tok] #863 入 2,614（新缓存 1,344 / 读缓存 1,268） 出 1,986 = 4,600 | 累计 2,430,245 tok $24.220
  已翻 357/933 段
    [tok] #864 入 1,684（新缓存 414 / 读缓存 1,268） 出 173 = 1,857 | 累计 2,432,102 tok $24.231
  已翻 360/933 段
    [tok] #865 入 1,610（新缓存 340 / 读缓存 1,268） 出 68 = 1,678 | 累计 2,433,780 tok $24.238
  已翻 363/933 段
    [tok] #866 入 1,683（新缓存 413 / 读缓存 1,268） 出 184 = 1,867 | 累计 2,435,647 tok $24.248
  已翻 366/933 段
    [tok] #867 入 2,028（新缓存 758 / 读缓存 1,268） 出 522 = 2,550 | 累计 2,438,197 tok $24.271
  已翻 369/933 段
    [tok] #868 入 3,281（新缓存 2,011 / 读缓存 1,268） 出 1,900 = 5,181 | 累计 2,443,378 tok $24.341
  已翻 372/933 段
    [tok] #869 入 1,746（新缓存 476 / 读缓存 1,268） 出 258 = 2,004 | 累计 2,445,382 tok $24.354
  已翻 375/933 段
    [tok] #870 入 2,315（新缓存 1,045 / 读缓存 1,268） 出 816 = 3,131 | 累计 2,448,513 tok $24.388
  已翻 378/933 段
    [tok] #871 入 2,253（新缓存 983 / 读缓存 1,268） 出 847 = 3,100 | 累计 2,451,613 tok $24.421
  已翻 381/933 段
    [tok] #872 入 2,120（新缓存 850 / 读缓存 1,268） 出 623 = 2,743 | 累计 2,454,356 tok $24.447
  已翻 384/933 段
    [tok] #873 入 1,707（新缓存 437 / 读缓存 1,268） 出 168 = 1,875 | 累计 2,456,231 tok $24.457
  已翻 387/933 段
    [tok] #874 入 1,912（新缓存 642 / 读缓存 1,268） 出 407 = 2,319 | 累计 2,458,550 tok $24.476
  已翻 390/933 段
    [tok] #875 入 2,002（新缓存 732 / 读缓存 1,268） 出 484 = 2,486 | 累计 2,461,036 tok $24.497
  已翻 393/933 段
    [tok] #876 入 1,802（新缓存 532 / 读缓存 1,268） 出 314 = 2,116 | 累计 2,463,152 tok $24.512
  已翻 396/933 段
    [tok] #877 入 1,919（新缓存 649 / 读缓存 1,268） 出 393 = 2,312 | 累计 2,465,464 tok $24.531
  已翻 399/933 段
    [tok] #878 入 1,815（新缓存 545 / 读缓存 1,268） 出 321 = 2,136 | 累计 2,467,600 tok $24.546
  已翻 402/933 段
    [tok] #879 入 2,507（新缓存 1,237 / 读缓存 1,268） 出 1,628 = 4,135 | 累计 2,471,735 tok $24.602
  已翻 405/933 段
    [tok] #880 入 2,164（新缓存 894 / 读缓存 1,268） 出 943 = 3,107 | 累计 2,474,842 tok $24.636
  已翻 408/933 段
    [tok] #881 入 2,164（新缓存 894 / 读缓存 1,268） 出 661 = 2,825 | 累计 2,477,667 tok $24.664
  已翻 411/933 段
    [tok] #882 入 2,358（新缓存 1,088 / 读缓存 1,268） 出 1,527 = 3,885 | 累计 2,481,552 tok $24.715
  已翻 414/933 段
    [tok] #883 入 2,083（新缓存 813 / 读缓存 1,268） 出 791 = 2,874 | 累计 2,484,426 tok $24.745
  已翻 417/933 段
    [tok] #884 入 1,939（新缓存 669 / 读缓存 1,268） 出 403 = 2,342 | 累计 2,486,768 tok $24.764
  已翻 420/933 段
    [tok] #885 入 1,992（新缓存 722 / 读缓存 1,268） 出 484 = 2,476 | 累计 2,489,244 tok $24.785
  已翻 423/933 段
    [tok] #886 入 1,829（新缓存 559 / 读缓存 1,268） 出 359 = 2,188 | 累计 2,491,432 tok $24.802
  已翻 426/933 段
    [tok] #887 入 1,613（新缓存 343 / 读缓存 1,268） 出 88 = 1,701 | 累计 2,493,133 tok $24.809
  已翻 429/933 段
    [tok] #888 入 2,133（新缓存 863 / 读缓存 1,268） 出 615 = 2,748 | 累计 2,495,881 tok $24.835
  已翻 432/933 段
    [tok] #889 入 1,794（新缓存 524 / 读缓存 1,268） 出 309 = 2,103 | 累计 2,497,984 tok $24.850
  已翻 435/933 段
    [tok] #890 入 1,916（新缓存 646 / 读缓存 1,268） 出 380 = 2,296 | 累计 2,500,280 tok $24.868
  已翻 438/933 段
    [tok] #891 入 1,901（新缓存 631 / 读缓存 1,268） 出 363 = 2,264 | 累计 2,502,544 tok $24.886
  已翻 441/933 段
    [tok] #892 入 1,844（新缓存 574 / 读缓存 1,268） 出 364 = 2,208 | 累计 2,504,752 tok $24.902
  已翻 444/933 段
    [tok] #893 入 2,543（新缓存 1,273 / 读缓存 1,268） 出 1,122 = 3,665 | 累计 2,508,417 tok $24.946
  已翻 447/933 段
    [tok] #894 入 1,818（新缓存 548 / 读缓存 1,268） 出 307 = 2,125 | 累计 2,510,542 tok $24.961
  已翻 450/933 段
    [tok] #895 入 1,865（新缓存 595 / 读缓存 1,268） 出 338 = 2,203 | 累计 2,512,745 tok $24.977
  已翻 453/933 段
    [tok] #896 入 2,081（新缓存 811 / 读缓存 1,268） 出 818 = 2,899 | 累计 2,515,644 tok $25.007
  已翻 456/933 段
    [tok] #897 入 1,898（新缓存 628 / 读缓存 1,268） 出 366 = 2,264 | 累计 2,517,908 tok $25.025
  已翻 459/933 段
    [tok] #898 入 2,937（新缓存 1,667 / 读缓存 1,268） 出 1,997 = 4,934 | 累计 2,522,842 tok $25.094
  已翻 462/933 段
    [tok] #899 入 2,245（新缓存 975 / 读缓存 1,268） 出 1,180 = 3,425 | 累计 2,526,267 tok $25.136
  已翻 465/933 段
    [tok] #900 入 1,961（新缓存 691 / 读缓存 1,268） 出 433 = 2,394 | 累计 2,528,661 tok $25.155
  已翻 468/933 段
    [tok] #901 入 2,031（新缓存 761 / 读缓存 1,268） 出 444 = 2,475 | 累计 2,531,136 tok $25.176
  已翻 471/933 段
    [tok] #902 入 1,787（新缓存 517 / 读缓存 1,268） 出 270 = 2,057 | 累计 2,533,193 tok $25.190
  已翻 474/933 段
    [tok] #903 入 2,318（新缓存 1,048 / 读缓存 1,268） 出 828 = 3,146 | 累计 2,536,339 tok $25.223
  已翻 477/933 段
    [tok] #904 入 2,007（新缓存 737 / 读缓存 1,268） 出 563 = 2,570 | 累计 2,538,909 tok $25.247
  已翻 480/933 段
    [tok] #905 入 1,849（新缓存 579 / 读缓存 1,268） 出 333 = 2,182 | 累计 2,541,091 tok $25.263
  已翻 483/933 段
    [tok] #906 入 2,203（新缓存 933 / 读缓存 1,268） 出 1,006 = 3,209 | 累计 2,544,300 tok $25.300
  已翻 486/933 段
    [tok] #907 入 1,613（新缓存 343 / 读缓存 1,268） 出 72 = 1,685 | 累计 2,545,985 tok $25.307
  已翻 489/933 段
    [tok] #908 入 2,345（新缓存 1,075 / 读缓存 1,268） 出 860 = 3,205 | 累计 2,549,190 tok $25.341
  已翻 492/933 段
    [tok] #909 入 1,693（新缓存 423 / 读缓存 1,268） 出 178 = 1,871 | 累计 2,551,061 tok $25.352
  已翻 495/933 段
    [tok] #910 入 1,721（新缓存 451 / 读缓存 1,268） 出 217 = 1,938 | 累计 2,552,999 tok $25.363
  已翻 498/933 段
    [tok] #911 入 1,770（新缓存 500 / 读缓存 1,268） 出 264 = 2,034 | 累计 2,555,033 tok $25.377
  已翻 501/933 段
    [tok] #912 入 1,871（新缓存 601 / 读缓存 1,268） 出 342 = 2,213 | 累计 2,557,246 tok $25.393
  已翻 504/933 段
    [tok] #913 入 1,613（新缓存 343 / 读缓存 1,268） 出 384 = 1,997 | 累计 2,559,243 tok $25.408
  已翻 507/933 段
    [tok] #914 入 1,872（新缓存 602 / 读缓存 1,268） 出 370 = 2,242 | 累计 2,561,485 tok $25.425
  已翻 510/933 段
    [tok] #915 入 2,589（新缓存 1,319 / 读缓存 1,268） 出 1,118 = 3,707 | 累计 2,565,192 tok $25.469
  已翻 513/933 段
    [tok] #916 入 1,729（新缓存 459 / 读缓存 1,268） 出 206 = 1,935 | 累计 2,567,127 tok $25.481
  已翻 516/933 段
    [tok] #917 入 1,827（新缓存 557 / 读缓存 1,268） 出 335 = 2,162 | 累计 2,569,289 tok $25.497
  已翻 519/933 段
    [tok] #918 入 1,769（新缓存 499 / 读缓存 1,268） 出 266 = 2,035 | 累计 2,571,324 tok $25.510
  已翻 522/933 段
    [tok] #919 入 1,828（新缓存 558 / 读缓存 1,268） 出 306 = 2,134 | 累计 2,573,458 tok $25.525
  已翻 525/933 段
    [tok] #920 入 1,864（新缓存 594 / 读缓存 1,268） 出 371 = 2,235 | 累计 2,575,693 tok $25.542
  已翻 528/933 段
    [tok] #921 入 2,049（新缓存 779 / 读缓存 1,268） 出 525 = 2,574 | 累计 2,578,267 tok $25.565
  已翻 531/933 段
    [tok] #922 入 1,815（新缓存 545 / 读缓存 1,268） 出 156 = 1,971 | 累计 2,580,238 tok $25.577
  已翻 534/933 段
    [tok] #923 入 2,173（新缓存 903 / 读缓存 1,268） 出 693 = 2,866 | 累计 2,583,104 tok $25.605
  已翻 537/933 段
    [tok] #924 入 1,781（新缓存 511 / 读缓存 1,268） 出 300 = 2,081 | 累计 2,585,185 tok $25.620
  已翻 540/933 段
    [tok] #925 入 1,837（新缓存 567 / 读缓存 1,268） 出 350 = 2,187 | 累计 2,587,372 tok $25.636
  已翻 543/933 段
    [tok] #926 入 1,760（新缓存 490 / 读缓存 1,268） 出 234 = 1,994 | 累计 2,589,366 tok $25.648
  已翻 546/933 段
    [tok] #927 入 1,720（新缓存 450 / 读缓存 1,268） 出 206 = 1,926 | 累计 2,591,292 tok $25.660
  已翻 549/933 段
    [tok] #928 入 2,236（新缓存 966 / 读缓存 1,268） 出 683 = 2,919 | 累计 2,594,211 tok $25.689
  已翻 552/933 段
    [tok] #929 入 1,913（新缓存 643 / 读缓存 1,268） 出 382 = 2,295 | 累计 2,596,506 tok $25.707
  已翻 555/933 段
    [tok] #930 入 2,155（新缓存 885 / 读缓存 1,268） 出 685 = 2,840 | 累计 2,599,346 tok $25.735
  已翻 558/933 段
    [tok] #931 入 2,041（新缓存 771 / 读缓存 1,268） 出 511 = 2,552 | 累计 2,601,898 tok $25.758
  已翻 561/933 段
    [tok] #932 入 2,176（新缓存 906 / 读缓存 1,268） 出 856 = 3,032 | 累计 2,604,930 tok $25.790
  已翻 564/933 段
    [tok] #933 入 1,714（新缓存 444 / 读缓存 1,268） 出 199 = 1,913 | 累计 2,606,843 tok $25.802
    [tok] #934 入 1,919（新缓存 649 / 读缓存 1,268） 出 385 = 2,304 | 累计 2,609,147 tok $25.820
  已翻 567/933 段
    [tok] #935 入 1,598（新缓存 328 / 读缓存 1,268） 出 181 = 1,779 | 累计 2,610,926 tok $25.829
    [tok] #936 入 2,089（新缓存 819 / 读缓存 1,268） 出 1,058 = 3,147 | 累计 2,614,073 tok $25.866
  已翻 570/933 段
    [tok] #937 入 1,794（新缓存 524 / 读缓存 1,268） 出 266 = 2,060 | 累计 2,616,133 tok $25.880
  已翻 573/933 段
    [tok] #938 入 1,521（新缓存 251 / 读缓存 1,268） 出 192 = 1,713 | 累计 2,617,846 tok $25.889
    [tok] #939 入 1,504（新缓存 234 / 读缓存 1,268） 出 257 = 1,761 | 累计 2,619,607 tok $25.899
  已翻 576/933 段
    [tok] #940 入 2,420（新缓存 1,150 / 读缓存 1,268） 出 971 = 3,391 | 累计 2,622,998 tok $25.937
  已翻 579/933 段
    [tok] #941 入 2,272（新缓存 1,002 / 读缓存 1,268） 出 1,249 = 3,521 | 累计 2,626,519 tok $25.981
    [tok] #942 入 2,404（新缓存 1,134 / 读缓存 1,268） 出 911 = 3,315 | 累计 2,629,834 tok $26.017
  已翻 582/933 段
    [tok] #943 入 1,829（新缓存 559 / 读缓存 1,268） 出 558 = 2,387 | 累计 2,632,221 tok $26.038
  已翻 585/933 段
    [tok] #944 入 1,691（新缓存 421 / 读缓存 1,268） 出 196 = 1,887 | 累计 2,634,108 tok $26.049
  已翻 588/933 段
    [tok] #945 入 2,066（新缓存 796 / 读缓存 1,268） 出 659 = 2,725 | 累计 2,636,833 tok $26.076
  已翻 591/933 段
    [tok] #946 入 2,592（新缓存 1,322 / 读缓存 1,268） 出 1,032 = 3,624 | 累计 2,640,457 tok $26.117
  已翻 594/933 段
    [tok] #947 入 1,946（新缓存 676 / 读缓存 1,268） 出 327 = 2,273 | 累计 2,642,730 tok $26.134
  已翻 597/933 段
    [tok] #948 入 1,876（新缓存 606 / 读缓存 1,268） 出 362 = 2,238 | 累计 2,644,968 tok $26.151
  已翻 600/933 段
    [tok] #949 入 2,363（新缓存 1,093 / 读缓存 1,268） 出 1,136 = 3,499 | 累计 2,648,467 tok $26.193
  已翻 603/933 段
    [tok] #950 入 2,497（新缓存 1,227 / 读缓存 1,268） 出 999 = 3,496 | 累计 2,651,963 tok $26.233
  已翻 606/933 段
    [tok] #951 入 2,072（新缓存 802 / 读缓存 1,268） 出 573 = 2,645 | 累计 2,654,608 tok $26.257
  已翻 609/933 段
    [tok] #952 入 1,893（新缓存 623 / 读缓存 1,268） 出 385 = 2,278 | 累计 2,656,886 tok $26.275
  已翻 612/933 段
    [tok] #953 入 1,800（新缓存 530 / 读缓存 1,268） 出 290 = 2,090 | 累计 2,658,976 tok $26.289
  已翻 615/933 段
    [tok] #954 入 2,062（新缓存 792 / 读缓存 1,268） 出 507 = 2,569 | 累计 2,661,545 tok $26.312
  已翻 618/933 段
    [tok] #955 入 1,807（新缓存 537 / 读缓存 1,268） 出 373 = 2,180 | 累计 2,663,725 tok $26.329
  已翻 621/933 段
    [tok] #956 入 1,660（新缓存 390 / 读缓存 1,268） 出 130 = 1,790 | 累计 2,665,515 tok $26.338
  已翻 624/933 段
    [tok] #957 入 2,058（新缓存 788 / 读缓存 1,268） 出 450 = 2,508 | 累计 2,668,023 tok $26.359
  已翻 627/933 段
    [tok] #958 入 2,268（新缓存 998 / 读缓存 1,268） 出 1,280 = 3,548 | 累计 2,671,571 tok $26.403
  已翻 630/933 段
    [tok] #959 入 1,941（新缓存 671 / 读缓存 1,268） 出 417 = 2,358 | 累计 2,673,929 tok $26.422
  已翻 633/933 段
    [tok] #960 入 1,847（新缓存 577 / 读缓存 1,268） 出 344 = 2,191 | 累计 2,676,120 tok $26.438
  已翻 636/933 段
    [tok] #961 入 1,802（新缓存 532 / 读缓存 1,268） 出 318 = 2,120 | 累计 2,678,240 tok $26.454
  已翻 639/933 段
    [tok] #962 入 1,960（新缓存 690 / 读缓存 1,268） 出 450 = 2,410 | 累计 2,680,650 tok $26.474
  已翻 642/933 段
    [tok] #963 入 1,936（新缓存 666 / 读缓存 1,268） 出 430 = 2,366 | 累计 2,683,016 tok $26.493
  已翻 645/933 段
    [tok] #964 入 2,177（新缓存 907 / 读缓存 1,268） 出 687 = 2,864 | 累计 2,685,880 tok $26.522
  已翻 648/933 段
    [tok] #965 入 2,012（新缓存 742 / 读缓存 1,268） 出 507 = 2,519 | 累计 2,688,399 tok $26.544
  已翻 651/933 段
    [tok] #966 入 1,696（新缓存 426 / 读缓存 1,268） 出 254 = 1,950 | 累计 2,690,349 tok $26.556
  已翻 654/933 段
    [tok] #967 入 2,484（新缓存 1,214 / 读缓存 1,268） 出 957 = 3,441 | 累计 2,693,790 tok $26.595
  已翻 657/933 段
    [tok] #968 入 1,726（新缓存 456 / 读缓存 1,268） 出 209 = 1,935 | 累计 2,695,725 tok $26.606
  已翻 660/933 段
    [tok] #969 入 2,019（新缓存 749 / 读缓存 1,268） 出 439 = 2,458 | 累计 2,698,183 tok $26.627
  已翻 663/933 段
    [tok] #970 入 2,646（新缓存 1,376 / 读缓存 1,268） 出 1,261 = 3,907 | 累计 2,702,090 tok $26.675
  已翻 666/933 段
    [tok] #971 入 2,149（新缓存 879 / 读缓存 1,268） 出 730 = 2,879 | 累计 2,704,969 tok $26.704
  已翻 669/933 段
    [tok] #972 入 2,519（新缓存 1,249 / 读缓存 1,268） 出 1,462 = 3,981 | 累计 2,708,950 tok $26.755
  已翻 672/933 段
    [tok] #973 入 3,235（新缓存 1,965 / 读缓存 1,268） 出 2,391 = 5,626 | 累计 2,714,576 tok $26.838
  已翻 675/933 段
    [tok] #974 入 2,183（新缓存 913 / 读缓存 1,268） 出 915 = 3,098 | 累计 2,717,674 tok $26.872
  已翻 678/933 段
    [tok] #975 入 2,205（新缓存 935 / 读缓存 1,268） 出 1,193 = 3,398 | 累计 2,721,072 tok $26.913
  已翻 681/933 段
    [tok] #976 入 2,053（新缓存 783 / 读缓存 1,268） 出 625 = 2,678 | 累计 2,723,750 tok $26.939
  已翻 684/933 段
    [tok] #977 入 2,317（新缓存 1,047 / 读缓存 1,268） 出 825 = 3,142 | 累计 2,726,892 tok $26.972
  已翻 687/933 段
    [tok] #978 入 1,773（新缓存 503 / 读缓存 1,268） 出 251 = 2,024 | 累计 2,728,916 tok $26.985
  已翻 690/933 段
    [tok] #979 入 1,869（新缓存 599 / 读缓存 1,268） 出 270 = 2,139 | 累计 2,731,055 tok $27.000
  已翻 693/933 段
    [tok] #980 入 1,849（新缓存 579 / 读缓存 1,268） 出 359 = 2,208 | 累计 2,733,263 tok $27.017
  已翻 696/933 段
    [tok] #981 入 1,778（新缓存 508 / 读缓存 1,268） 出 273 = 2,051 | 累计 2,735,314 tok $27.030
  已翻 699/933 段
    [tok] #982 入 1,916（新缓存 646 / 读缓存 1,268） 出 441 = 2,357 | 累计 2,737,671 tok $27.050
  已翻 702/933 段
    [tok] #983 入 1,806（新缓存 536 / 读缓存 1,268） 出 286 = 2,092 | 累计 2,739,763 tok $27.064
  已翻 705/933 段
    [tok] #984 入 2,033（新缓存 763 / 读缓存 1,268） 出 565 = 2,598 | 累计 2,742,361 tok $27.088
  已翻 708/933 段
    [tok] #985 入 2,062（新缓存 792 / 读缓存 1,268） 出 633 = 2,695 | 累计 2,745,056 tok $27.114
  已翻 711/933 段
    [tok] #986 入 2,110（新缓存 840 / 读缓存 1,268） 出 901 = 3,011 | 累计 2,748,067 tok $27.147
  已翻 714/933 段
    [tok] #987 入 1,910（新缓存 640 / 读缓存 1,268） 出 386 = 2,296 | 累计 2,750,363 tok $27.165
  已翻 717/933 段
    [tok] #988 入 1,796（新缓存 526 / 读缓存 1,268） 出 276 = 2,072 | 累计 2,752,435 tok $27.179
  已翻 720/933 段
    [tok] #989 入 2,098（新缓存 828 / 读缓存 1,268） 出 606 = 2,704 | 累计 2,755,139 tok $27.205
  已翻 723/933 段
    [tok] #990 入 2,222（新缓存 952 / 读缓存 1,268） 出 738 = 2,960 | 累计 2,758,099 tok $27.235
  已翻 726/933 段
    [tok] #991 入 2,126（新缓存 856 / 读缓存 1,268） 出 668 = 2,794 | 累计 2,760,893 tok $27.262
  已翻 729/933 段
    [tok] #992 入 2,146（新缓存 876 / 读缓存 1,268） 出 690 = 2,836 | 累计 2,763,729 tok $27.291
  已翻 732/933 段
    [tok] #993 入 1,984（新缓存 714 / 读缓存 1,268） 出 467 = 2,451 | 累计 2,766,180 tok $27.311
  已翻 735/933 段
    [tok] #994 入 2,154（新缓存 884 / 读缓存 1,268） 出 678 = 2,832 | 累计 2,769,012 tok $27.339
  已翻 738/933 段
    [tok] #995 入 2,343（新缓存 1,073 / 读缓存 1,268） 出 853 = 3,196 | 累计 2,772,208 tok $27.374
  已翻 741/933 段
    [tok] #996 入 2,144（新缓存 874 / 读缓存 1,268） 出 752 = 2,896 | 累计 2,775,104 tok $27.403
  已翻 744/933 段
    [tok] #997 入 2,588（新缓存 1,318 / 读缓存 1,268） 出 2,154 = 4,742 | 累计 2,779,846 tok $27.473
  已翻 747/933 段
    [tok] #998 入 2,179（新缓存 909 / 读缓存 1,268） 出 735 = 2,914 | 累计 2,782,760 tok $27.502
  已翻 750/933 段
    [tok] #999 入 2,242（新缓存 972 / 读缓存 1,268） 出 751 = 2,993 | 累计 2,785,753 tok $27.533
  已翻 753/933 段
    [tok] #1000 入 2,387（新缓存 1,117 / 读缓存 1,268） 出 1,010 = 3,397 | 累计 2,789,150 tok $27.572
  已翻 756/933 段
    [tok] #1001 入 2,514（新缓存 1,244 / 读缓存 1,268） 出 1,079 = 3,593 | 累计 2,792,743 tok $27.614
  已翻 759/933 段
    [tok] #1002 入 2,126（新缓存 856 / 读缓存 1,268） 出 654 = 2,780 | 累计 2,795,523 tok $27.641
  已翻 762/933 段
    [tok] #1003 入 2,068（新缓存 798 / 读缓存 1,268） 出 614 = 2,682 | 累计 2,798,205 tok $27.666
  已翻 765/933 段
    [tok] #1004 入 1,866（新缓存 596 / 读缓存 1,268） 出 290 = 2,156 | 累计 2,800,361 tok $27.681
  已翻 768/933 段
    [tok] #1005 入 1,871（新缓存 601 / 读缓存 1,268） 出 543 = 2,414 | 累计 2,802,775 tok $27.703
  已翻 771/933 段
    [tok] #1006 入 1,743（新缓存 473 / 读缓存 1,268） 出 217 = 1,960 | 累计 2,804,735 tok $27.715
  已翻 774/933 段
    [tok] #1007 入 1,862（新缓存 592 / 读缓存 1,268） 出 326 = 2,188 | 累计 2,806,923 tok $27.731
  已翻 777/933 段
    [tok] #1008 入 2,064（新缓存 794 / 读缓存 1,268） 出 556 = 2,620 | 累计 2,809,543 tok $27.755
  已翻 780/933 段
    [tok] #1009 入 2,976（新缓存 1,706 / 读缓存 1,268） 出 1,529 = 4,505 | 累计 2,814,048 tok $27.813
  已翻 783/933 段
    [tok] #1010 入 2,008（新缓存 738 / 读缓存 1,268） 出 744 = 2,752 | 累计 2,816,800 tok $27.841
  已翻 786/933 段
    [tok] #1011 入 1,818（新缓存 548 / 读缓存 1,268） 出 147 = 1,965 | 累计 2,818,765 tok $27.852
  已翻 789/933 段
    [tok] #1012 入 2,334（新缓存 1,064 / 读缓存 1,268） 出 1,163 = 3,497 | 累计 2,822,262 tok $27.894
  已翻 792/933 段
    [tok] #1013 入 2,076（新缓存 806 / 读缓存 1,268） 出 565 = 2,641 | 累计 2,824,903 tok $27.918
  已翻 795/933 段
    [tok] #1014 入 2,190（新缓存 920 / 读缓存 1,268） 出 737 = 2,927 | 累计 2,827,830 tok $27.948
  已翻 798/933 段
    [tok] #1015 入 1,821（新缓存 551 / 读缓存 1,268） 出 537 = 2,358 | 累计 2,830,188 tok $27.969
  已翻 801/933 段
    [tok] #1016 入 2,209（新缓存 939 / 读缓存 1,268） 出 774 = 2,983 | 累计 2,833,171 tok $28.000
  已翻 804/933 段
    [tok] #1017 入 2,303（新缓存 1,033 / 读缓存 1,268） 出 786 = 3,089 | 累计 2,836,260 tok $28.032
  已翻 807/933 段
    [tok] #1018 入 1,830（新缓存 560 / 读缓存 1,268） 出 201 = 2,031 | 累计 2,838,291 tok $28.045
  已翻 810/933 段
    [tok] #1019 入 2,429（新缓存 1,159 / 读缓存 1,268） 出 960 = 3,389 | 累计 2,841,680 tok $28.083
  已翻 813/933 段
    [tok] #1020 入 2,091（新缓存 821 / 读缓存 1,268） 出 633 = 2,724 | 累计 2,844,404 tok $28.109
  已翻 816/933 段
    [tok] #1021 入 2,074（新缓存 804 / 读缓存 1,268） 出 795 = 2,869 | 累计 2,847,273 tok $28.139
  已翻 819/933 段
    [tok] #1022 入 1,721（新缓存 451 / 读缓存 1,268） 出 206 = 1,927 | 累计 2,849,200 tok $28.150
  已翻 822/933 段
    [tok] #1023 入 1,883（新缓存 613 / 读缓存 1,268） 出 412 = 2,295 | 累计 2,851,495 tok $28.169
  已翻 825/933 段
    [tok] #1024 入 1,827（新缓存 557 / 读缓存 1,268） 出 311 = 2,138 | 累计 2,853,633 tok $28.184
  已翻 828/933 段
    [tok] #1025 入 1,782（新缓存 512 / 读缓存 1,268） 出 114 = 1,896 | 累计 2,855,529 tok $28.194
  已翻 831/933 段
    [tok] #1026 入 1,787（新缓存 517 / 读缓存 1,268） 出 230 = 2,017 | 累计 2,857,546 tok $28.207
  已翻 834/933 段
    [tok] #1027 入 1,690（新缓存 420 / 读缓存 1,268） 出 170 = 1,860 | 累计 2,859,406 tok $28.217
  已翻 837/933 段
    [tok] #1028 入 1,927（新缓存 657 / 读缓存 1,268） 出 411 = 2,338 | 累计 2,861,744 tok $28.236
  已翻 840/933 段
    [tok] #1029 入 2,114（新缓存 844 / 读缓存 1,268） 出 936 = 3,050 | 累计 2,864,794 tok $28.270
  已翻 843/933 段
    [tok] #1030 入 1,925（新缓存 655 / 读缓存 1,268） 出 406 = 2,331 | 累计 2,867,125 tok $28.289
  已翻 846/933 段
    [tok] #1031 入 1,702（新缓存 432 / 读缓存 1,268） 出 195 = 1,897 | 累计 2,869,022 tok $28.299
  已翻 849/933 段
    [tok] #1032 入 1,803（新缓存 533 / 读缓存 1,268） 出 294 = 2,097 | 累计 2,871,119 tok $28.314
  已翻 852/933 段
    [tok] #1033 入 1,704（新缓存 434 / 读缓存 1,268） 出 80 = 1,784 | 累计 2,872,903 tok $28.322
  已翻 855/933 段
    [tok] #1034 入 2,389（新缓存 1,119 / 读缓存 1,268） 出 947 = 3,336 | 累计 2,876,239 tok $28.359
  已翻 858/933 段
    [tok] #1035 入 2,023（新缓存 753 / 读缓存 1,268） 出 523 = 2,546 | 累计 2,878,785 tok $28.382
  已翻 861/933 段
    [tok] #1036 入 2,222（新缓存 952 / 读缓存 1,268） 出 917 = 3,139 | 累计 2,881,924 tok $28.417
  已翻 864/933 段
    [tok] #1037 入 1,845（新缓存 575 / 读缓存 1,268） 出 341 = 2,186 | 累计 2,884,110 tok $28.433
  已翻 867/933 段
    [tok] #1038 入 1,634（新缓存 364 / 读缓存 1,268） 出 105 = 1,739 | 累计 2,885,849 tok $28.441
  已翻 870/933 段
    [tok] #1039 入 2,112（新缓存 842 / 读缓存 1,268） 出 613 = 2,725 | 累计 2,888,574 tok $28.467
  已翻 873/933 段
    [tok] #1040 入 1,963（新缓存 693 / 读缓存 1,268） 出 898 = 2,861 | 累计 2,891,435 tok $28.498
  已翻 876/933 段
    [tok] #1041 入 2,041（新缓存 771 / 读缓存 1,268） 出 749 = 2,790 | 累计 2,894,225 tok $28.527
  已翻 879/933 段
    [tok] #1042 入 1,615（新缓存 345 / 读缓存 1,268） 出 560 = 2,175 | 累计 2,896,400 tok $28.546
  已翻 882/933 段
    [tok] #1043 入 1,669（新缓存 399 / 读缓存 1,268） 出 186 = 1,855 | 累计 2,898,255 tok $28.556
  已翻 885/933 段
    [tok] #1044 入 2,090（新缓存 820 / 读缓存 1,268） 出 526 = 2,616 | 累计 2,900,871 tok $28.580
  已翻 888/933 段
    [tok] #1045 入 1,982（新缓存 712 / 读缓存 1,268） 出 644 = 2,626 | 累计 2,903,497 tok $28.605
  已翻 891/933 段
    [tok] #1046 入 1,804（新缓存 534 / 读缓存 1,268） 出 312 = 2,116 | 累计 2,905,613 tok $28.620
  已翻 894/933 段
    [tok] #1047 入 1,750（新缓存 480 / 读缓存 1,268） 出 240 = 1,990 | 累计 2,907,603 tok $28.633
  已翻 897/933 段
    [tok] #1048 入 2,240（新缓存 970 / 读缓存 1,268） 出 759 = 2,999 | 累计 2,910,602 tok $28.664
  已翻 900/933 段
    [tok] #1049 入 2,832（新缓存 1,562 / 读缓存 1,268） 出 1,378 = 4,210 | 累计 2,914,812 tok $28.716
  已翻 903/933 段
    [tok] #1050 入 2,454（新缓存 1,184 / 读缓存 1,268） 出 1,022 = 3,476 | 累计 2,918,288 tok $28.756
  已翻 906/933 段
    [tok] #1051 入 2,255（新缓存 985 / 读缓存 1,268） 出 743 = 2,998 | 累计 2,921,286 tok $28.787
  已翻 909/933 段
    [tok] #1052 入 1,742（新缓存 472 / 读缓存 1,268） 出 202 = 1,944 | 累计 2,923,230 tok $28.798
  已翻 912/933 段
    [tok] #1053 入 1,850（新缓存 580 / 读缓存 1,268） 出 549 = 2,399 | 累计 2,925,629 tok $28.820
  已翻 915/933 段
    [tok] #1054 入 2,794（新缓存 1,524 / 读缓存 1,268） 出 1,367 = 4,161 | 累计 2,929,790 tok $28.872
  已翻 918/933 段
    [tok] #1055 入 2,650（新缓存 1,380 / 读缓存 1,268） 出 1,159 = 3,809 | 累计 2,933,599 tok $28.917
  已翻 921/933 段
    [tok] #1056 入 2,451（新缓存 1,181 / 读缓存 1,268） 出 1,004 = 3,455 | 累计 2,937,054 tok $28.957
  已翻 924/933 段
    [tok] #1057 入 2,195（新缓存 925 / 读缓存 1,268） 出 679 = 2,874 | 累计 2,939,928 tok $28.985
  已翻 927/933 段
    [tok] #1058 入 2,496（新缓存 1,226 / 读缓存 1,268） 出 1,101 = 3,597 | 累计 2,943,525 tok $29.027
  已翻 930/933 段
    [tok] #1059 入 2,728（新缓存 1,458 / 读缓存 1,268） 出 1,261 = 3,989 | 累计 2,947,514 tok $29.076
  已翻 933/933 段
✓ 中文 raw → /Users/yanpeifa/Documents/whcjb.github.io/davenant_raw/colossians/zh_chapters/3.md  (chmod 444)
✓ 中文页 → /Users/yanpeifa/Documents/whcjb.github.io/davenant/colossians/3/zh/index.md
✓ 英文页回填 zh_url → /Users/yanpeifa/Documents/whcjb.github.io/davenant/colossians/3.md
ch4: 块 558  需译 535  缓存命中 27  英文 202,908 字符
    [tok] #1060 入 1,713（新缓存 443 / 读缓存 1,268） 出 90 = 1,803 | 累计 2,949,317 tok $29.084
  已翻 3/508 段
    [tok] #1061 入 2,057（新缓存 787 / 读缓存 1,268） 出 542 = 2,599 | 累计 2,951,916 tok $29.108
  已翻 6/508 段
    [tok] #1062 入 2,213（新缓存 943 / 读缓存 1,268） 出 1,254 = 3,467 | 累计 2,955,383 tok $29.151
  已翻 9/508 段
    [tok] #1063 入 1,662（新缓存 392 / 读缓存 1,268） 出 120 = 1,782 | 累计 2,957,165 tok $29.159
  已翻 12/508 段
    [tok] #1064 入 1,812（新缓存 542 / 读缓存 1,268） 出 289 = 2,101 | 累计 2,959,266 tok $29.174
  已翻 15/508 段
    [tok] #1065 入 2,685（新缓存 1,415 / 读缓存 1,268） 出 2,090 = 4,775 | 累计 2,964,041 tok $29.243
  已翻 18/508 段
    [tok] #1066 入 1,852（新缓存 582 / 读缓存 1,268） 出 338 = 2,190 | 累计 2,966,231 tok $29.259
  已翻 21/508 段
    [tok] #1067 入 1,800（新缓存 530 / 读缓存 1,268） 出 268 = 2,068 | 累计 2,968,299 tok $29.273
  已翻 24/508 段
    [tok] #1068 入 2,012（新缓存 742 / 读缓存 1,268） 出 508 = 2,520 | 累计 2,970,819 tok $29.295
  已翻 27/508 段
    [tok] #1069 入 2,143（新缓存 873 / 读缓存 1,268） 出 610 = 2,753 | 累计 2,973,572 tok $29.321
  已翻 30/508 段
    [tok] #1070 入 1,763（新缓存 493 / 读缓存 1,268） 出 247 = 2,010 | 累计 2,975,582 tok $29.334
  已翻 33/508 段
    [tok] #1071 入 1,590（新缓存 320 / 读缓存 1,268） 出 46 = 1,636 | 累计 2,977,218 tok $29.340
  已翻 36/508 段
    [tok] #1072 入 1,601（新缓存 331 / 读缓存 1,268） 出 58 = 1,659 | 累计 2,978,877 tok $29.347
  已翻 39/508 段
    [tok] #1073 入 1,897（新缓存 627 / 读缓存 1,268） 出 326 = 2,223 | 累计 2,981,100 tok $29.363
  已翻 42/508 段
    [tok] #1074 入 1,606（新缓存 336 / 读缓存 1,268） 出 73 = 1,679 | 累计 2,982,779 tok $29.370
  已翻 45/508 段
    [tok] #1075 入 1,634（新缓存 364 / 读缓存 1,268） 出 93 = 1,727 | 累计 2,984,506 tok $29.378
  已翻 48/508 段
    [tok] #1076 入 1,703（新缓存 433 / 读缓存 1,268） 出 101 = 1,804 | 累计 2,986,310 tok $29.386
  已翻 51/508 段
    [tok] #1077 入 1,742（新缓存 472 / 读缓存 1,268） 出 209 = 1,951 | 累计 2,988,261 tok $29.398
  已翻 54/508 段
    [tok] #1078 入 1,590（新缓存 320 / 读缓存 1,268） 出 55 = 1,645 | 累计 2,989,906 tok $29.405
  已翻 57/508 段
    [tok] #1079 入 2,148（新缓存 878 / 读缓存 1,268） 出 635 = 2,783 | 累计 2,992,689 tok $29.431
  已翻 60/508 段
    [tok] #1080 入 2,085（新缓存 815 / 读缓存 1,268） 出 1,218 = 3,303 | 累计 2,995,992 tok $29.472
  已翻 63/508 段
    [tok] #1081 入 1,941（新缓存 671 / 读缓存 1,268） 出 446 = 2,387 | 累计 2,998,379 tok $29.492
  已翻 66/508 段
    [tok] #1082 入 1,984（新缓存 714 / 读缓存 1,268） 出 503 = 2,487 | 累计 3,000,866 tok $29.514
  已翻 69/508 段
    [tok] #1083 入 2,367（新缓存 1,097 / 读缓存 1,268） 出 1,400 = 3,767 | 累计 3,004,633 tok $29.562
  已翻 72/508 段
    [tok] #1084 入 1,959（新缓存 689 / 读缓存 1,268） 出 447 = 2,406 | 累计 3,007,039 tok $29.582
  已翻 75/508 段
    [tok] #1085 入 1,949（新缓存 679 / 读缓存 1,268） 出 433 = 2,382 | 累计 3,009,421 tok $29.602
  已翻 78/508 段
    [tok] #1086 入 1,960（新缓存 690 / 读缓存 1,268） 出 444 = 2,404 | 累计 3,011,825 tok $29.622
  已翻 81/508 段
    [tok] #1087 入 2,872（新缓存 1,602 / 读缓存 1,268） 出 1,476 = 4,348 | 累计 3,016,173 tok $29.677
  已翻 84/508 段
    [tok] #1088 入 1,619（新缓存 349 / 读缓存 1,268） 出 75 = 1,694 | 累计 3,017,867 tok $29.684
  已翻 87/508 段
    [tok] #1089 入 2,114（新缓存 844 / 读缓存 1,268） 出 899 = 3,013 | 累计 3,020,880 tok $29.717
  已翻 90/508 段
    [tok] #1090 入 2,600（新缓存 1,330 / 读缓存 1,268） 出 1,089 = 3,689 | 累计 3,024,569 tok $29.760
  已翻 93/508 段
    [tok] #1091 入 1,627（新缓存 357 / 读缓存 1,268） 出 99 = 1,726 | 累计 3,026,295 tok $29.768
  已翻 96/508 段
    [tok] #1092 入 1,778（新缓存 508 / 读缓存 1,268） 出 304 = 2,082 | 累计 3,028,377 tok $29.783
  已翻 99/508 段
    [tok] #1093 入 1,910（新缓存 640 / 读缓存 1,268） 出 747 = 2,657 | 累计 3,031,034 tok $29.810
  已翻 102/508 段
    [tok] #1094 入 1,971（新缓存 701 / 读缓存 1,268） 出 727 = 2,698 | 累计 3,033,732 tok $29.837
  已翻 105/508 段
    [tok] #1095 入 1,960（新缓存 690 / 读缓存 1,268） 出 494 = 2,454 | 累计 3,036,186 tok $29.858
  已翻 108/508 段
    [tok] #1096 入 1,780（新缓存 510 / 读缓存 1,268） 出 263 = 2,043 | 累计 3,038,229 tok $29.872
  已翻 111/508 段
    [tok] #1097 入 1,610（新缓存 340 / 读缓存 1,268） 出 99 = 1,709 | 累计 3,039,938 tok $29.878
  已翻 114/508 段
    [tok] #1098 入 1,780（新缓存 510 / 读缓存 1,268） 出 123 = 1,903 | 累计 3,041,841 tok $29.888
  已翻 117/508 段
    [tok] #1099 入 1,745（新缓存 475 / 读缓存 1,268） 出 232 = 1,977 | 累计 3,043,818 tok $29.901
  已翻 120/508 段
    [tok] #1100 入 1,593（新缓存 323 / 读缓存 1,268） 出 48 = 1,641 | 累计 3,045,459 tok $29.907
  已翻 123/508 段
    [tok] #1101 入 1,785（新缓存 515 / 读缓存 1,268） 出 256 = 2,041 | 累计 3,047,500 tok $29.920
  已翻 126/508 段
    [tok] #1102 入 1,589（新缓存 319 / 读缓存 1,268） 出 51 = 1,640 | 累计 3,049,140 tok $29.927
  已翻 129/508 段
    [tok] #1103 入 1,602（新缓存 332 / 读缓存 1,268） 出 66 = 1,668 | 累计 3,050,808 tok $29.933
  已翻 132/508 段
    [tok] #1104 入 1,855（新缓存 585 / 读缓存 1,268） 出 321 = 2,176 | 累计 3,052,984 tok $29.949
  已翻 135/508 段
    [tok] #1105 入 2,022（新缓存 752 / 读缓存 1,268） 出 538 = 2,560 | 累计 3,055,544 tok $29.972
  已翻 138/508 段
    [tok] #1106 入 1,878（新缓存 608 / 读缓存 1,268） 出 340 = 2,218 | 累计 3,057,762 tok $29.989
  已翻 141/508 段
    [tok] #1107 入 2,420（新缓存 1,150 / 读缓存 1,268） 出 939 = 3,359 | 累计 3,061,121 tok $30.026
  已翻 144/508 段
    [tok] #1108 入 1,971（新缓存 701 / 读缓存 1,268） 出 527 = 2,498 | 累计 3,063,619 tok $30.048
  已翻 147/508 段
    [tok] #1109 入 2,383（新缓存 1,113 / 读缓存 1,268） 出 866 = 3,249 | 累计 3,066,868 tok $30.083
  已翻 150/508 段
    [tok] #1110 入 2,486（新缓存 1,216 / 读缓存 1,268） 出 946 = 3,432 | 累计 3,070,300 tok $30.121
  已翻 153/508 段
    [tok] #1111 入 1,995（新缓存 725 / 读缓存 1,268） 出 474 = 2,469 | 累计 3,072,769 tok $30.143
  已翻 156/508 段
    [tok] #1112 入 1,719（新缓存 449 / 读缓存 1,268） 出 195 = 1,914 | 累计 3,074,683 tok $30.154
  已翻 159/508 段
    [tok] #1113 入 2,262（新缓存 992 / 读缓存 1,268） 出 729 = 2,991 | 累计 3,077,674 tok $30.184
  已翻 162/508 段
    [tok] #1114 入 1,726（新缓存 456 / 读缓存 1,268） 出 196 = 1,922 | 累计 3,079,596 tok $30.195
  已翻 165/508 段
    [tok] #1115 入 1,915（新缓存 645 / 读缓存 1,268） 出 394 = 2,309 | 累计 3,081,905 tok $30.214
  已翻 168/508 段
    [tok] #1116 入 1,798（新缓存 528 / 读缓存 1,268） 出 294 = 2,092 | 累计 3,083,997 tok $30.228
  已翻 171/508 段
    [tok] #1117 入 1,967（新缓存 697 / 读缓存 1,268） 出 398 = 2,365 | 累计 3,086,362 tok $30.247
  已翻 174/508 段
    [tok] #1118 入 2,319（新缓存 1,049 / 读缓存 1,268） 出 873 = 3,192 | 累计 3,089,554 tok $30.282
  已翻 177/508 段
    [tok] #1119 入 1,690（新缓存 420 / 读缓存 1,268） 出 80 = 1,770 | 累计 3,091,324 tok $30.290
  已翻 180/508 段
    [tok] #1120 入 2,751（新缓存 1,481 / 读缓存 1,268） 出 1,237 = 3,988 | 累计 3,095,312 tok $30.338
  已翻 183/508 段
    [tok] #1121 入 1,692（新缓存 422 / 读缓存 1,268） 出 156 = 1,848 | 累计 3,097,160 tok $30.348
  已翻 186/508 段
    [tok] #1122 入 2,351（新缓存 1,081 / 读缓存 1,268） 出 1,488 = 3,839 | 累计 3,100,999 tok $30.398
  已翻 189/508 段
    [tok] #1123 入 1,835（新缓存 565 / 读缓存 1,268） 出 327 = 2,162 | 累计 3,103,161 tok $30.414
  已翻 192/508 段
    [tok] #1124 入 1,859（新缓存 589 / 读缓存 1,268） 出 352 = 2,211 | 累计 3,105,372 tok $30.431
  已翻 195/508 段
    [tok] #1125 入 2,088（新缓存 818 / 读缓存 1,268） 出 678 = 2,766 | 累计 3,108,138 tok $30.458
  已翻 198/508 段
