verdict	from	to	pairs	hits
fix	zs	is	18	19
fix	ts	is	11	11
fix	im	in	4	9
fix	il	ii	4	6
fix	nght	right	6	6
fix	iz	in	2	5
fix	decause	because	3	4
fix	ferfect	perfect	3	4
fix	rst	first	0	4
fix	nghtful	rightful	3	3
fix	dy	by	3	3
fix	Chnist	Christ	2	3
fix	Zhe	The	0	3
fix	wth	with	2	2
fix	spint	spirit	2	2
fix	Preetorian	Praetorian	2	2
fix	whith	which	2	2
fix	nghteousness	righteousness	1	2
fix	ef	of	2	2
fix	Zord	Lord	2	2
fix	fazth	faith	1	2
fix	Aas	has	2	2
fix	Vil	vii	2	2
fix	ove	love	0	2
fix	ves	lives	0	2
fix	ig	is	1	1
fix	vil	vii	1	1
fix	mvested	invested	1	1
fix	radica	radical	1	1
fix	Hs	His	1	1
fix	dzshops	bishops	1	1
fix	edders	elders	1	1
fix	faking	taking	1	1
fix	eace	peace	1	1
fix	charaeteristics	characteristics	1	1
fix	Hven	Even	1	1
fix	wel	well	1	1
fix	Zaboured	laboured	1	1
fix	vowledge	knowledge	1	1
fix	veigious	religious	2	1
fix	szncere	sincere	1	1
fix	Przetorian	Praetorian	1	1
fix	sfiritual	spiritual	1	1
fix	dihigent	diligent	1	1
fix	jire	fire	2	1
fix	waction	unction	0	1
fix	piace	place	1	1
fix	Tose	rose	2	1
fix	dight	light	1	1
fix	bomds	bonds	1	1
fix	mor	more	1	1
fix	ive	live	1	1
fix	ws	us	2	1
fix	ozce	once	2	1
fix	Seriptures	Scriptures	1	1
fix	Aoliness	holiness	1	1
fix	Jollow	follow	1	1
fix	hzs	this	1	1
fix	adour	labour	1	1
fix	ferception	perception	1	1
fix	Azd	And	1	1
fix	detter	better	2	1
fix	ept	except	0	1
fix	zmmediately	immediately	1	1
fix	Temaining	remaining	1	1
fix	adiding	abiding	1	1
fix	zwfedligent	intelligent	2	1
fix	nereafter	hereafter	1	1
fix	yut	but	1	1
fix	nich	which	1	1
fix	yeauty	beauty	1	1
fix	tt	it	1	1
fix	fin	find	1	1
fix	wor	world	0	1
fix	zations	nations	1	1
fix	wile	while	2	1
fix	Chtstians	Christians	1	1
fix	aven	heaven	1	1
fix	Zhat	That	1	1
fix	sfirit	spirit	2	1
fix	sowd	soul	0	1
fix	Rey	Rev	1	1
fix	doving	loving	1	1
fix	gzven	given	1	1
fix	nis	this	1	1
fix	herefore	therefore	1	1
fix	Chnistian	Christian	1	1
fix	Srotherly	Brotherly	1	1
fix	Zf	If	2	1
fix	feebieness	feebleness	1	1
fix	Zosszble	possible	2	1
fix	afostles	apostles	1	1
fix	sazzts	saints	1	1
fix	decoming	becoming	1	1
fix	ded	died	1	1
fix	decame	became	1	1
fix	Ve	VERS	1	1
fix	fis	His	1	1
fix	carth	earth	2	1
fix	Zvery	Every	1	1
fix	sfeccal	special	2	1
fix	mnghteousness	righteousness	1	1
fix	suileless	guileless	1	1
fix	vefection	reflection	2	1
fix	Zgfts	lights	2	1
fix	Chnst	Christ	1	1
fix	dabouring	labouring	1	1
fix	beng	being	1	1
fix	ufon	upon	1	1
fix	fride	pride	1	1
fix	Jdeieved	believed	2	1
fix	uf	if	1	1
fix	yersonal	personal	1	1
fix	wnspiritual	unspiritual	1	1
fix	umregenerate	unregenerate	1	1
fix	Zimothy	Timothy	1	1
fix	Sather	father	1	1
fix	Fhe	The	1	1
fix	Jomged	longed	2	1
fix	sed	send	1	1
fix	resKlence	residence	1	1
fix	inte	into	1	1
fix	Resozce	Rejoice	2	1
fix	hfe	life	1	1
fix	rejoic	rejoice	1	1
fix	frends	friends	1	1
fix	zmportant	important	1	1
fix	nghteous	righteous	2	1
fix	Aumility	humility	1	1
fix	tq	to	1	1
fix	mghteousness	righteousness	1	1
fix	Jf	If	1	1
fix	circumeised	circumcised	1	1
fix	fersecuting	persecuting	1	1
fix	Zouching	touching	1	1
fix	fersonal	personal	1	1
fix	avd	and	1	1
fix	frofession	profession	1	1
fix	itsel	itself	1	1
fix	Rasards	hazards	2	1
fix	cobnecied	connected	2	1
fix	strenuc	strenuous	1	1
fix	sartakers	partakers	1	1
fix	mofives	motives	2	1
fix	grzmary	primary	2	1
fix	XXITI	XXIII	1	1
fix	ili	iii	1	1
fix	immora	immoral	1	1
fix	az	an	1	1
fix	diving	living	1	1
fix	Fokn	John	2	1
fix	Jody	body	1	1
fix	spiritu	spiritually	0	1
fix	drethren	brethren	1	1
fix	imd	kind	1	1
fix	firs	first	1	1
fix	ln	In	1	1
fix	vange	range	0	1
fix	sfecia	special	2	1
fix	azd	and	1	1
fix	Aasseth	passeth	1	1
fix	urt	heart	0	1
fix	Zearned	learned	2	1
fix	howeyer	however	1	1
fix	orfor	torpor	0	1
fix	Azmsedf	himself	2	1
fix	yarious	various	1	1
fix	gustice	justice	1	1
fix	Aven	Even	1	1
fix	dut	but	1	1
fix	worshif	worship	1	1
fix	Przvilege	privilege	2	1
fix	mecessity	necessity	1	1
fix	Pau	Paul	1	1
fix	ujon	upon	1	1
fix	znmgs	things	2	1
fix	hzmgs	things	1	1
fix	zt	it	1	1
fix	aze	are	1	1
fix	Aerein	therein	1	1
fix	whzch	which	1	1
fix	Je	be	1	1
fix	swbstance	substance	1	1
fix	rmghteousness	righteousness	1	1
fix	examp	example	1	1
fix	Prztorian	Praetorian	1	1
fix	xil	xii	1	1
fix	dad	dead	2	1
fix	xvil	xvii	1	1
fix	Zfistle	Epistle	1	1
fix	wnitings	writings	1	1
fix	avound	around	1	1
fix	pvoved	proved	1	1
fix	zit	wit	1	1
fix	spintual	spiritual	1	1
fix	Teached	reached	1	1
fix	contradi	contradictory	0	1
fix	zow	now	1	1
fix	Outhnes	Outlines	1	1
fix	Zzstle	Epistle	1	1
fix	iil	iii	1	1
fix	wmiversality	universality	1	1
fix	fresent	present	1	1
fix	imsfired	inspired	2	1
fix	pfu	helpful	0	1
fix	cifizens	citizens	1	1
fix	phendix	Appendix	2	1
fix	Jrom	from	1	1
fix	GLAsGow	GLASGOW	0	1
fix	Luodia	Euodia	0	1
fix	icene	Nicene	0	1
fix	vil1	VIII	1	0
fix	x1	XI	1	0
fix	XI11	XIII	1	0
fix	x1v	XIV	1	0
fix	Xv1	XVI	1	0
fix	XvilI	XVIII	1	0
fix	XXI1	XXII	1	0
fix	PHILTPPIANS	PHILIPPIANS	1	0
fix	donds'	bonds'	1	0
fix	Chnist'	Christ'	1	0
fix	Zve'	live	2	0
fix	adoured'	laboured	2	0
fix	rghteous	righteous	1	0
fix	friest	priest	1	0
fix	iz'	in'	1	0
fix	ferfect'	perfect'	1	0
fix	Zerfect'	perfect'	1	0
fix	Vever	Never	1	0
fix	Motes	Notes	6	0
fix	Votes	Notes	3	0
fix	Tefer	refer	1	0
fix	Greck	Greek	1	0
fix	heayen'	heaven'	1	0
fix	Joun	John	1	0
fix	al	all	1	0
fix	Witttam	William	1	0
fix	Principat	Principal	1	0
fix	PUNISHMEN	PUNISHMENT	1	0
fix	Wituiam	William	1	0
fix	conelusive	conclusive	1	0
fix	Critica	Critical	1	0
fix	Il	II	1	0
fix	hea	hearers	0	0
fix	thil	things	0	0
hyphen-gap	direc- ‘tion	direction		
hyphen-gap	appear- _ ance	appearance		
hyphen-gap	men- _ tioned	mentioned		
hyphen-gap	Chris- — tian	Christian		
hyphen-gap	posi- — tion	position		
hyphen-gap	con- | stituted	constituted		
hyphen-gap	com- - munity	community		
hyphen-gap	par- — ticular	particular		
hyphen-gap	Cor- ᾿ς inthians	Corinthians		
hyphen-gap	con- = tinued	continued		
hyphen-gap	per- _ fections	perfections		
hyphen-gap	ex-— ceedingly	exceedingly		
hyphen-gap	posi- _ tion	position		
hyphen-gap	re- : garding	regarding		
hyphen-gap	be- ᾿ς lievers	believers		
hyphen-gap	pre- _ ferable	preferable		
hyphen-gap	unobtru-— sively	unobtrusively		
hyphen-gap	satis-. faction	satisfaction		
hyphen-gap	notwith- — standing	notwithstanding		
hyphen-gap	com- _pleteness	completeness		
hyphen-gap	imme- _ diate	immediate		
hyphen-gap	per- -sonally	personally		
hyphen-gap	reflec- ‘tion	reflection		
hyphen-gap	beauti-— ful	beautiful		
hyphen-gap	connec- ‘tion	connection		
hyphen-gap	pre-— dicate	predicate		
hyphen-gap	Com- _ pare	Compare		
hyphen-gap	con- © tinue	continue		
glued	alltheir	all their		
glued	mindin	mind in		
glued	tothe	to the		
glued	ina	in a		
glued	Weare	We are		
glued	mannerof	manner of		
glued	Iam	I am		
glued	Ifwe	If we		
glued	Ifit	If it		
glued	selfseeking	self-seeking		
glued	Itis	It is		
glued	aman	a man		
glued	andthe	and the		
glued	ofa	of a		
glued	Iam	I am		
glued	howit	how it		
glued	Iam	I am		
glued	Ina	In a		
glued	aman	a man		
glued	havetold	have told		
glued	Onecan	One can		
glued	witha	with a		
glued	saveus	save us		
glued	forus	for us		
glued	witha	with a		
glued	uponit	upon it		
glued	joyand	joy and		
glued	Itis	It is		
glued	likea	like a		
glued	wasthe	was the		
glued	ButI	But I		
glued	Iwill	I will		
glued	ina	in a		
glued	ForI	For I		
glued	ina	in a		
glued	solong	so long		
glued	ina	in a		
glued	Christin	Christ in		
glued	initself	in itself		
glued	hisfriends	his friends		
glued	itseems	it seems		
glued	iam	i am		
glued	givento	given to		
glued	Butif	But if		
glued	inme	in me		
ordinal	roth	10th		
ordinal	roth	10th		
ordinal	roth	19th		
ordinal	roth	19th		
ordinal	roth	19th		
ordinal	gth	9th		
ordinal	znd	2nd		
ordinal	gth	9th		
ordinal	oth	9th		
ordinal	znd	2nd		
ordinal	gth	9th		
ligature	Ceesar	Cæsar		
ligature	Czsar	Cæsar		
ligature	Casar	Cæsar		
ligature	Cesar	Cæsar		
ligature	Cesar	Cæsar		
ligature	Czesar	Cæsar		
ligature	Ceesar	Cæsar		
ligature	Cesar	Cæsar		
ligature	Cesar	Cæsar		
ligature	Cesar	Cæsar		
ligature	Praetorian	Prætorian		
ligature	Praetorian	Prætorian		
ligature	Praetorian	Prætorian		
ligature	Pretorian	Prætorian		
ligature	Pretorian	Prætorian		
ligature	Praetorian	Prætorian		
ligature	Praetorian	Prætorian		
ligature	Cesar	Cæsar		
ligature	Czsar	Cæsar		
ligature	Czesarea	Cæsarea		
ligature	Caesarea	Cæsarea		
ligature	Ceesarea	Cæsarea		
ligature	pretorium	prætorium		
ligature	Cesar	Cæsar		
ligature	Cesar	Cæsar		
ligature	Praetorian	Prætorian		
ligature	pretorian	Prætorian		
ligature	fretorium	prætorium		
ligature	fretorium	prætorium		
ligature	pretorium	prætorium		
ligature	Czsar	Cæsar		
ligature	pretorium	prætorium		
glyph	radical/	radical		
glyph	e/ders	elders		
glyph	a/ways	always		
glyph	/ikeness	likeness		
glyph	fownd	found		
glyph	deloved	beloved		
glyph	a/ways	always		
glyph	a//	all		
glyph	feace	peace		
glyph	/ike	like		
glyph	delieve	believe		
glyph	Zerseveringly	perseveringly		
glyph	s/ave	save		
glyph	wz//	will		
glyph	ferform	perform		
glyph	Zights	lights		
glyph	/adoured	laboured		
glyph	venunciation	renunciation		
glyph	venunciation	renunciation		
glyph	a//	all		
glyph	we//	well		
glyph	a//	all		
glyph	a//	all		
glyph	/eads	leads		
glyph	a//	all		
glyph	Ao/d	hold		
glyph	/lives	lives		
glyph	zmmediate	immediate		
glyph	a//	all		
glyph	d/e	Me		
glyph	a/ways	always		
glyph	g/adness	gladness		
glyph	degun	begun		
glyph	donds	bonds		
glyph	itself/	itself		
glyph	free/y	freely		
glyph	/onging	longing		
glyph	know/edge	knowledge		
glyph	Zerfect	perfect		
glyph	Vevertheless	Nevertheless		
glyph	/eads	leads		
glyph	wa/k	walk		
glyph	/ory	ory		
glyph	sou/	soul		
glyph	a/ways	always		
glyph	/for	for		
glyph	a//	all		
glyph	/rom	rom		
glyph	dodies	bodies		
glyph	fa//	fall		
glyph	Ao/iness	holiness		
glyph	/aw	law		
glyph	deloved	beloved		
glyph	a/way	away		
glyph	special/	special		
glyph	God/	God		
glyph	d/ack	back		
glyph	se/	self		
glyph	/ovely	lovely		
glyph	/raise	raise		
glyph	Lord/	Lord		
glyph	/ast	last		
glyph	/arn	arn		
glyph	a//	all		
glyph	wzthout	without		
glyph	rightcousness	righteousness		
glyph	a//	all		
glyph	affiiction	affliction		
glyph	wi//	will		
glyph	a/ways	always		
glyph	/live	live		
glyph	a//	all		
glyph	know/edge	knowledge		
glyph	/labour	labour		
glyph	a/ways	always		
glyph	g/orying	glorying		
glyph	a//	all		
glyph	i//	iii		
glyph	resudt	result		
glyph	Teference	reference		
glyph	Jeginning	beginning		
glyph	c/ass	class		
glyph	afproval	approval		
glyph	Aimsel/f	himself		
glyph	fee/ing	feeling		
glyph	heayen	heaven		
glyph	Himse/f	Himself		
glyph	a//	all		
glyph	/ast	last		
glyph	/razsed	raised		
italic-I	J	I		
italic-I	7	I		
italic-I	J	I		
italic-I	Z	I		
italic-I	7	I		
italic-I	7	I		
italic-I	J	I		
italic-I	J	I		
italic-I	7	I		
italic-I	7	I		
italic-I	7	I		
italic-I	Z	I		
italic-I	77	I		
italic-I	J	I		
italic-I	7	I		
italic-I	Z	I		
italic-I	J	I		
italic-I	7	I		
italic-I	TJ	I		
italic-I	7	I		
italic-I	Z	I		
italic-I	7	I		
italic-I	J	I		
italic-I	7	I		
italic-I	7	I		
reject	the	the	41	① tesseract 侧本来就是词
reject	Christ	Christ	28	① tesseract 侧本来就是词
reject	PHIL	Phil	27	① tesseract 侧本来就是词
reject	God	God	24	① tesseract 侧本来就是词
reject	and	and	22	① tesseract 侧本来就是词
reject	are	arc	22	① tesseract 侧本来就是词
reject	in	in	20	① tesseract 侧本来就是词
reject	to	to	19	① tesseract 侧本来就是词
reject	life	life	16	① tesseract 侧本来就是词
reject	that	that	16	① tesseract 侧本来就是词
reject	is	is	15	① tesseract 侧本来就是词
reject	Him	Him	14	① tesseract 侧本来就是词
reject	Lord	Lord	14	① tesseract 侧本来就是词
reject	you	you	13	① tesseract 侧本来就是词
reject	zz	in	13	② 形差太远
reject	them	them	12	① tesseract 侧本来就是词
reject	this	this	12	① tesseract 侧本来就是词
reject	of	of	12	① tesseract 侧本来就是词
reject	things	things	12	① tesseract 侧本来就是词
reject	we	wc	12	① tesseract 侧本来就是词
reject	all	all	11	① tesseract 侧本来就是词
reject	here	here	11	① tesseract 侧本来就是词
reject	glory	glor	11	① tesseract 侧本来就是词
reject	faith	faith	11	① tesseract 侧本来就是词
reject	Ellicott	EUicott	10	① tesseract 侧本来就是词
reject	death	death	10	① tesseract 侧本来就是词
reject	a	all	9	① tesseract 侧本来就是词
reject	me	me	9	① tesseract 侧本来就是词
reject	be	he	9	① tesseract 侧本来就是词
reject	it	it	9	① tesseract 侧本来就是词
reject	OF	OF	8	① tesseract 侧本来就是词
reject	D	d	8	① tesseract 侧本来就是词
reject	Jesus	Jesus	8	① tesseract 侧本来就是词
reject	world	world	8	① tesseract 侧本来就是词
reject	truth	truth	7	① tesseract 侧本来就是词
reject	with	vith	7	① tesseract 侧本来就是词
reject	as	as	7	① tesseract 侧本来就是词
reject	gospel	gospel	7	① tesseract 侧本来就是词
reject	heaven	heaven	7	① tesseract 侧本来就是词
reject	not	not	7	① tesseract 侧本来就是词
reject	ave	are	7	① tesseract 侧本来就是词
reject	has	has	7	① tesseract 侧本来就是词
reject	God'	iod'	7	① tesseract 侧本来就是词
reject	which	which	6	① tesseract 侧本来就是词
reject	us	us	6	① tesseract 侧本来就是词
reject	friends	friends	6	① tesseract 侧本来就是词
reject	grace	grace	6	① tesseract 侧本来就是词
reject	Father	Father	6	① tesseract 侧本来就是词
reject	The	I'	6	① tesseract 侧本来就是词
reject	then	then	6	① tesseract 侧本来就是词
reject	his	his	6	① tesseract 侧本来就是词
reject	born	bom	6	① tesseract 侧本来就是词
reject	men	men	6	① tesseract 侧本来就是词
reject	thing	thing	6	① tesseract 侧本来就是词
reject	but	hut	6	① tesseract 侧本来就是词
reject	roth	loth	6	① ABBYY 侧也不是词
reject	THE	THE	5	① tesseract 侧本来就是词
reject	TO	TO	5	① tesseract 侧本来就是词
reject	AND	AND	5	① tesseract 侧本来就是词
reject	Cesar	Caesar	5	③ 全书只正确出现 0 次
reject	was	was	5	① tesseract 侧本来就是词
reject	church	church	5	① tesseract 侧本来就是词
reject	A	a	5	① tesseract 侧本来就是词
reject	say	say	5	① tesseract 侧本来就是词
reject	heart	heart	5	① tesseract 侧本来就是词
reject	other	other	5	① tesseract 侧本来就是词
reject	work	work	5	① tesseract 侧本来就是词
reject	him	him	5	① tesseract 侧本来就是词
reject	Epaphroditus	Kpaphroditus	5	① tesseract 侧本来就是词
reject	salvation	salvation	5	① tesseract 侧本来就是词
reject	everything	ever	5	① tesseract 侧本来就是词
reject	nature	nature	5	① tesseract 侧本来就是词
reject	man	man	5	① tesseract 侧本来就是词
reject	Himself'	Himself	5	① tesseract 侧本来就是词
reject	who	who	5	① tesseract 侧本来就是词
reject	de	be	5	① tesseract 侧本来就是词
reject	from	from	4	① tesseract 侧本来就是词
reject	v	V	4	① tesseract 侧本来就是词
reject	form	form	4	① tesseract 侧本来就是词
reject	sin	sin	4	① tesseract 侧本来就是词
reject	true	tnie	4	① tesseract 侧本来就是词
reject	modern	modem	4	① tesseract 侧本来就是词
reject	apostle	aposde	4	① tesseract 侧本来就是词
reject	iii	iii	4	① tesseract 侧本来就是词
reject	another	another	4	① tesseract 侧本来就是词
reject	my	ny	4	① tesseract 侧本来就是词
reject	mind	mind	4	① tesseract 侧本来就是词
reject	joy	joy	4	① tesseract 侧本来就是词
reject	otherwise	othenvise	4	① tesseract 侧本来就是词
reject	thoughts	thoughts	4	① tesseract 侧本来就是词
reject	trembling	trembling	4	① tesseract 侧本来就是词
reject	Christians	Christians	4	① tesseract 侧本来就是词
reject	i	i	4	① tesseract 侧本来就是词
reject	spirit	spirit	4	① tesseract 侧本来就是词
reject	love	love	4	① tesseract 侧本来就是词
reject	But	Hut	4	① tesseract 侧本来就是词
reject	self	self	4	① tesseract 侧本来就是词
reject	burn	bum	4	① tesseract 侧本来就是词
reject	hear	hear	4	① tesseract 侧本来就是词
reject	perfect	perfect	4	① tesseract 侧本来就是词
reject	ina	in	4	② ABBYY 侧更短，多半是粘词只给了前半
reject	s	s	4	① tesseract 侧本来就是词
reject	very	ver	4	① tesseract 侧本来就是词
reject	hands	hands	4	① tesseract 侧本来就是词
reject	J	I	4	① tesseract 侧本来就是词
reject	body	body	4	① tesseract 侧本来就是词
reject	hand	hand	4	① tesseract 侧本来就是词
reject	Stedfastness	Stcdfdstncssfor	4	① tesseract 侧本来就是词
reject	element	clement	4	① tesseract 侧本来就是词
reject	holiness	holiness	4	① tesseract 侧本来就是词
reject	Saviour	Saviour	4	① tesseract 侧本来就是词
reject	rst	ist	4	④ 核过上下文，这条是错的
reject	sprung	spnmg	4	① tesseract 侧本来就是词
reject	knowledge	knowledge	4	① tesseract 侧本来就是词
reject	exercised	cxurcnscd	4	① tesseract 侧本来就是词
reject	li	ii	4	① tesseract 侧本来就是词
reject	x	k	3	① tesseract 侧本来就是词
reject	xv	XV	3	① tesseract 侧本来就是词
reject	deing	being	3	① tesseract 侧本来就是词
reject	Philippians	Phiiippians	3	① tesseract 侧本来就是词
reject	offered	oftered	3	① tesseract 侧本来就是词
reject	I	i	3	① tesseract 侧本来就是词
reject	alone	alone	3	① tesseract 侧本来就是词
reject	saints	saints	3	① tesseract 侧本来就是词
reject	familiar	faniihar	3	① tesseract 侧本来就是词
reject	Iam	I	3	② ABBYY 侧更短，多半是粘词只给了前半
reject	now	now	3	① tesseract 侧本来就是词
reject	Philippian	PhiHppian	3	① tesseract 侧本来就是词
reject	words	words	3	① tesseract 侧本来就是词
reject	Cor	Cor	3	① tesseract 侧本来就是词
reject	again	again	3	① tesseract 侧本来就是词
reject	spiritual	sj	3	① tesseract 侧本来就是词
reject	ye	yc	3	① tesseract 侧本来就是词
reject	Christ'	Christ	3	① tesseract 侧本来就是词
reject	IN	IN	3	① tesseract 侧本来就是词
reject	will	will	3	① tesseract 侧本来就是词
reject	places	places	3	① tesseract 侧本来就是词
reject	way	way	3	① tesseract 侧本来就是词
reject	Pretorian	Praetorlaii	3	① tesseract 侧本来就是词
reject	too	too	3	① tesseract 侧本来就是词
reject	whether	uhcthcr	3	① tesseract 侧本来就是词
reject	nothing	nothing	3	① tesseract 侧本来就是词
reject	happiness	happiness	3	① tesseract 侧本来就是词
reject	labour	labour	3	① tesseract 侧本来就是词
reject	kingdom	kingdom	3	① tesseract 侧本来就是词
reject	children	children	3	① tesseract 侧本来就是词
reject	own	own	3	① tesseract 侧本来就是词
reject	prayerless	pniycrlcss	3	① tesseract 侧本来就是词
reject	ah	ah	3	① tesseract 侧本来就是词
reject	for	for	3	① tesseract 侧本来就是词
reject	informed	infomied	3	① tesseract 侧本来就是词
reject	affliction	nfilirtion	3	① tesseract 侧本来就是词
reject	esteeming	Wsttrmini	3	① tesseract 侧本来就是词
reject	asa	as	3	① tesseract 侧本来就是词
reject	saying	saying	3	① tesseract 侧本来就是词
reject	present	present	3	① tesseract 侧本来就是词
reject	deloved	bclcrced	3	① ABBYY 侧也不是词
reject	works	works	3	① tesseract 侧本来就是词
reject	ourselves	ourselves	3	① tesseract 侧本来就是词
reject	character	character	3	① tesseract 侧本来就是词
reject	rejoice	rejoice	3	① tesseract 侧本来就是词
reject	sacrifice	sacrifice	3	① tesseract 侧本来就是词
reject	either	cither	3	① tesseract 侧本来就是词
reject	venunciation	renimciaiion	3	① ABBYY 侧也不是词
reject	also	also	3	① tesseract 侧本来就是词
reject	JVevertheless	Nrccrihekss	3	① ABBYY 侧也不是词
reject	believeth	bclicveth	3	① tesseract 侧本来就是词
reject	alas	alas	3	① tesseract 侧本来就是词
reject	soldier	soldier	3	① tesseract 侧本来就是词
reject	battle	Ijalllc	3	① tesseract 侧本来就是词
reject	gladness	gladness	3	① tesseract 侧本来就是词
reject	ireumibeena	circumstances	3	② 形差太远
reject	have	liave	3	① tesseract 侧本来就是词
reject	Hebrews	Jlcbrncs	3	① tesseract 侧本来就是词
reject	excellency'	exceiieftcy	3	① tesseract 侧本来就是词
reject	daw	law	3	① tesseract 侧本来就是词
reject	sins	sins	3	① tesseract 侧本来就是词
reject	ieicieardine	treacherous	3	② 形差太远
reject	Testament	Testament	3	① tesseract 侧本来就是词
reject	Pressing	Prcsshig	3	① tesseract 侧本来就是词
reject	perfect'	bepcrfccf	3	① tesseract 侧本来就是词
reject	Luodia	Euoifiti	3	① ABBYY 侧也不是词
reject	however	liowcvcr	3	① tesseract 侧本来就是词
reject	natural	natural	3	① tesseract 侧本来就是词
reject	medicamento	medicanutito	3	① ABBYY 侧也不是词
reject	prudence	priidcnrc	3	① tesseract 侧本来就是词
reject	whatever	wliatcvcr	3	① tesseract 侧本来就是词
reject	fretorium	prcetoritim	3	① ABBYY 侧也不是词
reject	Mss	mss	3	① tesseract 侧本来就是词
reject	Matt	Matt	3	① tesseract 侧本来就是词
reject	Jeginning	bcgiimiJig	3	① ABBYY 侧也不是词
reject	Aimsel	hiftiself	3	① ABBYY 侧也不是词
reject	Iv	IV	3	① tesseract 侧本来就是词
reject	EXEGETICAL	EXFrtKTiVAL	3	① tesseract 侧本来就是词
reject	PERSECUTING	PEBSEcUTIjS'	3	① tesseract 侧本来就是词
reject	EPISTLE	Epistle	2	① tesseract 侧本来就是词
reject	remarks	remarks	2	① tesseract 侧本来就是词
reject	written	mtten	2	① tesseract 侧本来就是词
reject	Vill	viil	2	① tesseract 侧本来就是词
reject	Lightfoot	Lightfoot	2	① tesseract 侧本来就是词
reject	Patres	Paircs	2	① ABBYY 侧也不是词
reject	GLAsGow	Glasgow	2	① ABBYY 侧也不是词
reject	xIx	XIX	2	① tesseract 侧本来就是词
reject	little	httie	2	① tesseract 侧本来就是词
reject	passage	passage	2	① tesseract 侧本来就是词
reject	Epistle	Kpistlo	2	① tesseract 侧本来就是词
reject	apostle'	aposde'	2	① tesseract 侧本来就是词
reject	destruction	destruction	2	① tesseract 侧本来就是词
reject	Or	or	2	① tesseract 侧本来就是词
reject	p	d	2	① tesseract 侧本来就是词
reject	Philippi	Phihppi	2	① tesseract 侧本来就是词
reject	Ar	prcetorinni'	2	① tesseract 侧本来就是词
reject	pretorium'	pratorium	2	① ABBYY 侧也不是词
reject	Czsar'	Caesar'	2	③ 全书只正确出现 0 次
reject	Dr	Dr	2	① ABBYY 侧也不是词
reject	on	on	2	① tesseract 侧本来就是词
reject	Dictionary	Duti	2	① tesseract 侧本来就是词
reject	Timotheus	Timotheiis'	2	① ABBYY 侧也不是词
reject	person	person	2	① tesseract 侧本来就是词
reject	were	were	2	① tesseract 侧本来就是词
reject	ad	all	2	① tesseract 侧本来就是词
reject	deacons	deacons	2	① tesseract 侧本来就是词
reject	word	word	2	① tesseract 侧本来就是词
reject	beloved	bclovcd	2	① tesseract 侧本来就是词
reject	prayer	prayer	2	① tesseract 侧本来就是词
reject	earth	earth	2	① tesseract 侧本来就是词
reject	and'	and	2	① tesseract 侧本来就是词
reject	paragraph	paragraph	2	① tesseract 侧本来就是词
reject	effort	eff	2	① tesseract 侧本来就是词
reject	feeling	feeling	2	① tesseract 侧本来就是词
reject	affection	aftection	2	① tesseract 侧本来就是词
reject	whom	wJioyn	2	① tesseract 侧本来就是词
reject	diseased	diseased	2	① tesseract 侧本来就是词
reject	afforded	aftbrded	2	① tesseract 侧本来就是词
reject	Saviour'	Saviours	2	① tesseract 侧本来就是词
reject	Spirit	Spirit	2	① tesseract 侧本来就是词
reject	mine	tiinefor	2	① tesseract 侧本来就是词
reject	g	nigh	2	① tesseract 侧本来就是词
reject	fellowship	fcllowshii	2	① tesseract 侧本来就是词
reject	can	can	2	① tesseract 侧本来就是词
reject	satisfactory	satisfactory	2	① tesseract 侧本来就是词
reject	Salles	felloiv	2	① tesseract 侧本来就是词
reject	standard	standard	2	① tesseract 侧本来就是词
reject	up	uj	2	① tesseract 侧本来就是词
reject	religion	religion	2	① tesseract 侧本来就是词
reject	energy	energ	2	① tesseract 侧本来就是词
reject	respect	respect	2	① tesseract 侧本来就是词
reject	others	other'	2	① tesseract 侧本来就是词
reject	sorrow	sorrow	2	① tesseract 侧本来就是词
reject	abound	abound	2	① tesseract 侧本来就是词
reject	judgment	judgmcfity	2	① tesseract 侧本来就是词
reject	by	hy	2	① tesseract 侧本来就是词
reject	willing	NviUing	2	① tesseract 侧本来就是词
reject	without	witJioiit	2	① tesseract 侧本来就是词
reject	wzthout	ivithoiU	2	① ABBYY 侧也不是词
reject	of'	of	2	① tesseract 侧本来就是词
reject	filled	Jilkd	2	① tesseract 侧本来就是词
reject	Jerusalem	Jenisalem	2	① tesseract 侧本来就是词
reject	diligently	dilipentlj'	2	① tesseract 侧本来就是词
reject	brethren	lirelhren	2	① tesseract 侧本来就是词
reject	simply	simj	2	① tesseract 侧本来就是词
reject	What	lVhath	2	① tesseract 侧本来就是词
reject	sufferings	suffcrinj	2	① tesseract 侧本来就是词
reject	Ceesar'	Caesar'	2	③ 全书只正确出现 0 次
reject	where	wlicrc	2	① tesseract 侧本来就是词
reject	persons	persons	2	① tesseract 侧本来就是词
reject	himself	himself	2	① tesseract 侧本来就是词
reject	brethren'	brethren	2	① tesseract 侧本来就是词
reject	ee	The	2	② 形差太远
reject	experience	experience	2	① tesseract 侧本来就是词
reject	warm	wami	2	① tesseract 侧本来就是词
reject	Cesar'	Cxsar'	2	① ABBYY 侧也不是词
reject	conceived	conceived	2	① tesseract 侧本来就是词
reject	yea	yea	2	① tesseract 侧本来就是词
reject	readers	readers	2	① tesseract 侧本来就是词
reject	Aa	hath	2	① tesseract 侧本来就是词
reject	away	away	2	① tesseract 侧本来就是词
reject	help	help	2	① tesseract 侧本来就是词
reject	believe	believe	2	① tesseract 侧本来就是词
reject	Israel	Israel	2	① tesseract 侧本来就是词
reject	ashamed	ashamed	2	① tesseract 侧本来就是词
reject	shame	shame	2	① tesseract 侧本来就是词
reject	thought	thouj	2	① tesseract 侧本来就是词
reject	save	save	2	① tesseract 侧本来就是词
reject	also'	also	2	① tesseract 侧本来就是词
reject	Ist	ist	2	① tesseract 侧本来就是词
reject	Zo	to	2	① tesseract 侧本来就是词
reject	acquainted	accjuainted	2	① tesseract 侧本来就是词
reject	rest	rest	2	① tesseract 侧本来就是词
reject	fight	fghi	2	① tesseract 侧本来就是词
reject	Thee	Thee	2	① tesseract 侧本来就是词
reject	desire	desire	2	① tesseract 侧本来就是词
reject	writings	wTitings	2	① tesseract 侧本来就是词
reject	Me	Me	2	① tesseract 侧本来就是词
reject	obedience	obedience	2	① tesseract 侧本来就是词
reject	hay	hav	2	① tesseract 侧本来就是词
reject	good	good	2	① tesseract 侧本来就是词
reject	marrying	mairj'	2	① tesseract 侧本来就是词
reject	tors	oTJsv	2	① tesseract 侧本来就是词
reject	gain	gain	2	① tesseract 侧本来就是词
reject	animos	amnios	2	① tesseract 侧本来就是词
reject	guts	qtiis	2	① tesseract 侧本来就是词
reject	magne	viagnce	2	① ABBYY 侧也不是词
reject	anime	animte	2	① tesseract 侧本来就是词
reject	blandula	blandida	2	① ABBYY 侧也不是词
reject	time	time	2	① tesseract 侧本来就是词
reject	matter	matter	2	① tesseract 侧本来就是词
reject	attained	attained	2	① tesseract 侧本来就是词
reject	them'	them	2	① tesseract 侧本来就是词
reject	communion	comnmnion	2	① tesseract 侧本来就是词
reject	Asa	As	2	① tesseract 侧本来就是词
reject	therefore	therefore	2	① tesseract 侧本来就是词
reject	meefest	mcetcst	2	① ABBYY 侧也不是词
reject	tule	rule	2	① tesseract 侧本来就是词
reject	into	into	2	① tesseract 侧本来就是词
reject	corn	com	2	① tesseract 侧本来就是词
reject	account	account	2	① tesseract 侧本来就是词
reject	more	more	2	① tesseract 侧本来就是词
reject	conduct	conduct	2	① tesseract 侧本来就是词
reject	evil	evil	2	① tesseract 侧本来就是词
reject	sea	sea	2	① tesseract 侧本来就是词
reject	because	ccaiisc	2	① tesseract 侧本来就是词
reject	law	law	2	① tesseract 侧本来就是词
reject	every	ever	2	① tesseract 侧本来就是词
reject	darkness	darkness	2	① tesseract 侧本来就是词
reject	senses	senses	2	① tesseract 侧本来就是词
reject	see	see	2	① tesseract 侧本来就是词
reject	feel	feci	2	① tesseract 侧本来就是词
reject	zorvment	torment	2	② ABBYY 侧更短，多半是粘词只给了前半
reject	like	like	2	① tesseract 侧本来就是词
reject	mothing	notJwig	2	① tesseract 侧本来就是词
reject	w	will	2	① tesseract 侧本来就是词
reject	minded	ninded	2	① tesseract 侧本来就是词
reject	English	English	2	① tesseract 侧本来就是词
reject	bowels	Iwwcls	2	① tesseract 侧本来就是词
reject	godliness	godliness	2	① tesseract 侧本来就是词
reject	lowliness	ioiuiiness	2	① tesseract 侧本来就是词
reject	Diotrephes	Diotrcplics	2	① tesseract 侧本来就是词
reject	Zook	looJz	2	① ABBYY 侧也不是词
reject	themselves	themselves	2	① tesseract 侧本来就是词
reject	fosszbilities	possibilities	2	③ 全书只正确出现 1 次
reject	He	lie	2	① tesseract 侧本来就是词
reject	servant	servant	2	① tesseract 侧本来就是词
reject	Zhe	thefor7	2	① ABBYY 侧也不是词
reject	servant'	sercanV	2	① tesseract 侧本来就是词
reject	reputation	reputation	2	① tesseract 侧本来就是词
reject	power	jjovvcr	2	① tesseract 侧本来就是词
reject	Himself	Himself	2	① tesseract 侧本来就是词
reject	cross	cross	2	① tesseract 侧本来就是词
reject	likeness	likeness	2	① tesseract 侧本来就是词
reject	dissimilarity	dissitnilariiy	2	① tesseract 侧本来就是词
reject	evidence	cuidcnce	2	① tesseract 侧本来就是词
reject	humbled	hiunbled	2	① tesseract 侧本来就是词
reject	obedient	obedient	2	① tesseract 侧本来就是词
reject	blessing	blessing	2	① tesseract 侧本来就是词
reject	appointed	apjiointcd	2	① tesseract 侧本来就是词
reject	done	ilonc	2	① tesseract 侧本来就是词
reject	Then	Then	2	① tesseract 侧本来就是词
reject	honour	honour	2	① tesseract 侧本来就是词
reject	name	tiamey	2	① tesseract 侧本来就是词
reject	tongue	tojigiie	2	① tesseract 侧本来就是词
reject	Father'	Father	2	① tesseract 侧本来就是词
reject	dow'	bow	2	① tesseract 侧本来就是词
reject	corner	comer	2	① tesseract 侧本来就是词
reject	Jesus'	Jesiis	2	① tesseract 侧本来就是词
reject	His	His	2	① tesseract 侧本来就是词
reject	through	tlirougli	2	① tesseract 侧本来就是词
reject	delieve	Miei'	2	① ABBYY 侧也不是词
reject	Because	IJccausc	2	① tesseract 侧本来就是词
reject	they	tbej	2	① tesseract 侧本来就是词
reject	givens	gives	2	② ABBYY 侧更短，多半是粘词只给了前半
reject	father	father	2	① tesseract 侧本来就是词
reject	e'	be'	2	① tesseract 侧本来就是词
reject	called	railed	2	① tesseract 侧本来就是词
reject	employed	emj	2	① tesseract 侧本来就是词
reject	privilege	privilege	2	① tesseract 侧本来就是词
reject	generation	gefieraiion	2	① tesseract 侧本来就是词
reject	fellow	fellow	2	① tesseract 侧本来就是词
reject	much	niucli	2	① tesseract 侧本来就是词
reject	your	voiir	2	① tesseract 侧本来就是词
reject	statement	statement	2	① tesseract 侧本来就是词
reject	educational	cduciitional	2	① tesseract 侧本来就是词
reject	expect	expect	2	① tesseract 侧本来就是词
reject	repentance	repentance	2	① tesseract 侧本来就是词
reject	peculiar	pccuhar	2	① tesseract 侧本来就是词
reject	shine	shine	2	① tesseract 侧本来就是词
reject	deinmg	being	2	② ABBYY 侧更短，多半是粘词只给了前半
reject	explicitly	cxj	2	① tesseract 侧本来就是词
reject	s'	s	2	① tesseract 侧本来就是词
reject	had	liad	2	① tesseract 侧本来就是词
reject	conformity	confomiity	2	① tesseract 侧本来就是词
reject	plain	j	2	① tesseract 侧本来就是词
reject	schools	schools	2	① tesseract 侧本来就是词
reject	so	so	2	① tesseract 侧本来就是词
reject	opposition	opposition	2	① tesseract 侧本来就是词
reject	ministered'	ninistered	2	① tesseract 侧本来就是词
reject	need	need	2	① tesseract 侧本来就是词
reject	Before	Jieforc	2	① tesseract 侧本来就是词
reject	heard	heard	2	① tesseract 侧本来就是词
reject	aged	aged	2	① tesseract 侧本来就是词
reject	sorrowful	sorroiuftiC	2	① tesseract 侧本来就是词
reject	Ao	holiness	2	① tesseract 侧本来就是词
reject	inza	Finally'	2	④ ABBYY 侧长出一截（tesseract 截词），未逐句核过不采信
reject	Itis	It	2	② ABBYY 侧更短，多半是粘词只给了前半
reject	Lord'	Lord'	2	① tesseract 侧本来就是词
reject	might	mi	2	① tesseract 侧本来就是词
reject	unneeded	unnecdcd	2	① tesseract 侧本来就是词
reject	aman	a	2	② 形差太远
reject	ever	ever	2	① tesseract 侧本来就是词
reject	health	hcaltli	2	① tesseract 侧本来就是词
reject	ves	rest	2	④ 核过上下文，这条是错的
reject	ona	on	2	① tesseract 侧本来就是词
reject	religious	religkiiis	2	① tesseract 侧本来就是词
reject	zmmediate	imjuediate	2	① ABBYY 侧也不是词
reject	impressive	rcssivc	2	① tesseract 侧本来就是词
reject	wisdom	wisdom	2	① tesseract 侧本来就是词
reject	Bible	Iiil	2	① tesseract 侧本来就是词
reject	probably	probably	2	① tesseract 侧本来就是词
reject	sight	sight	2	① tesseract 侧本来就是词
reject	deceiving	dccciving	2	① tesseract 侧本来就是词
reject	soul	soul	2	① tesseract 侧本来就是词
reject	adopted	iidopterl	2	① tesseract 侧本来就是词
reject	workers	ivorkers	2	① tesseract 侧本来就是词
reject	fulfilment	fuHllment	2	① tesseract 侧本来就是词
reject	excellences	excellences	2	① tesseract 侧本来就是词
reject	Benjamin'	Bcttjamin	2	① tesseract 侧本来就是词
reject	Hebrew	llcbmv	2	① tesseract 侧本来就是词
reject	things'	tliim	2	① tesseract 侧本来就是词
reject	fazth'	faith	2	② ABBYY 侧更短，多半是粘词只给了前半
reject	sfizvitual	spiritual	2	② ABBYY 侧更短，多半是粘词只给了前半
reject	believer'	bchevcr'	2	① tesseract 侧本来就是词
reject	connection	ronnertion	2	① tesseract 侧本来就是词
reject	death'	death	2	① tesseract 侧本来就是词
reject	dead	dead	2	① tesseract 侧本来就是词
reject	ht	with	2	② 形差太远
reject	broad	world	2	① tesseract 侧本来就是词
reject	blasphemous	homoiis	2	① tesseract 侧本来就是词
reject	already	already	2	① tesseract 侧本来就是词
reject	perform	perfomi	2	① tesseract 侧本来就是词
reject	child	child	2	① tesseract 侧本来就是词
reject	prize	uzq	2	① tesseract 侧本来就是词
reject	zvzews	vieivs	2	① ABBYY 侧也不是词
reject	minded'	nmided	2	① tesseract 侧本来就是词
reject	zmmature	imjnature	2	① ABBYY 侧也不是词
reject	zevea	rojeal	2	① ABBYY 侧也不是词
reject	walk	valk	2	① tesseract 侧本来就是词
reject	rule	riile	2	① tesseract 侧本来就是词
reject	same	snmo	2	① tesseract 侧本来就是词
reject	seer	remembering	2	① tesseract 侧本来就是词
reject	wife	unite	2	① tesseract 侧本来就是词
reject	wa	icaik'	2	① tesseract 侧本来就是词
reject	posed	jtoscd	2	① tesseract 侧本来就是词
reject	witha	with	2	② ABBYY 侧更短，多半是粘词只给了前半
reject	days	days	2	① tesseract 侧本来就是词
reject	sou	soul	2	① tesseract 侧本来就是词
reject	They	I'	2	① tesseract 侧本来就是词
reject	Sabbath	Sahhatli	2	① tesseract 侧本来就是词
reject	their	their	2	① tesseract 侧本来就是词
reject	many'	rnany	2	① tesseract 侧本来就是词
reject	principles	pnncij	2	① tesseract 侧本来就是词
reject	ensample	cnsampkj	2	① tesseract 侧本来就是词
reject	appetites	appftita	2	① tesseract 侧本来就是词
reject	vants	ranis	2	③ 全书只正确出现 0 次
reject	Joved	lored	2	① tesseract 侧本来就是词
reject	eughing	lau	2	① ABBYY 侧也不是词
reject	come	come'	2	① tesseract 侧本来就是词
reject	property	property	2	① tesseract 侧本来就是词
reject	dodies	IhhiU'	2	① ABBYY 侧也不是词
reject	crown'	crcnvn	2	① tesseract 侧本来就是词
reject	xow	noWy	2	③ 全书只正确出现 0 次
reject	thee	thee	2	① tesseract 侧本来就是词
reject	acquirements	arfiuiremcnts	2	① tesseract 侧本来就是词
reject	convenient	convenient	2	① tesseract 侧本来就是词
reject	consideration	consideration	2	① tesseract 侧本来就是词
reject	Clement	CUmmt	2	① tesseract 侧本来就是词
reject	labourers	labourcrs	2	① tesseract 侧本来就是词
reject	dof	book	2	② 形差太远
reject	alway	alway	2	① tesseract 侧本来就是词
reject	Prayerfulness	Praycyfulncss	2	① tesseract 侧本来就是词
reject	equability	ccjuabilily	2	① tesseract 侧本来就是词
reject	something	soinctliing	2	① tesseract 侧本来就是词
reject	flight	tlight	2	① tesseract 侧本来就是词
reject	eater	reality	2	① tesseract 侧本来就是词
reject	blonetneen	blessedness	2	② 形差太远
reject	shielded	sliicklcd	2	① tesseract 侧本来就是词
reject	eronentiel	intlucntial	2	① ABBYY 侧也不是词
reject	perception	perrci	2	① tesseract 侧本来就是词
reject	Buf	liuf	2	① ABBYY 侧也不是词
reject	accidental	arcidcntal	2	① tesseract 侧本来就是词
reject	documents	donimcnts	2	① tesseract 侧本来就是词
reject	generations	generations	2	① tesseract 侧本来就是词
reject	undoing	imdoing	2	① tesseract 侧本来就是词
reject	loved	lavedy	2	① tesseract 侧本来就是词
reject	virtue	virtue	2	① tesseract 侧本来就是词
reject	flourished	llourislied	2	① tesseract 侧本来就是词
reject	learned	Icarnctl	2	① tesseract 侧本来就是词
reject	Vof	Not	2	② 形差太远
reject	th	tli	2	① tesseract 侧本来就是词
reject	withstanding	uithstandini	2	① tesseract 侧本来就是词
reject	for'	For'	2	① tesseract 侧本来就是词
reject	Ephesus	Kphcsus	2	① tesseract 侧本来就是词
reject	pleasing	plcasmg	2	① tesseract 侧本来就是词
reject	ordinances	ordinanrcs	2	① tesseract 侧本来就是词
reject	household'	household	2	① tesseract 侧本来就是词
reject	pretorium	praetorium	2	③ 全书只正确出现 0 次
reject	one	one	2	① tesseract 侧本来就是词
reject	been	been	2	① tesseract 侧本来就是词
reject	Translation	ratKslntion	2	① tesseract 侧本来就是词
reject	Kowwvia	Kotvtuvta	2	① ABBYY 侧也不是词
reject	specifically	spccifirally	2	① tesseract 侧本来就是词
reject	etxapicr	evx	2	① ABBYY 侧也不是词
reject	iva	tva	2	① tesseract 侧本来就是词
reject	rodro	tovto	2	① ABBYY 侧也不是词
reject	Eis	Ets	2	① ABBYY 侧也不是词
reject	Areforium	prcBtorium	2	① ABBYY 侧也不是词
reject	sretorium	pratorium	2	① ABBYY 侧也不是词
reject	mss	MSS	2	① tesseract 侧本来就是词
reject	vwpifew	rvojpi	2	① ABBYY 侧也不是词
reject	etc	etc	2	① tesseract 侧本来就是词
reject	firmness	Jirfnness	2	① tesseract 侧本来就是词
reject	cvvafAodvres	Aovvrc	2	① ABBYY 侧也不是词
reject	xyapay	xa	2	① ABBYY 侧也不是词
reject	incarnate	incamateglory	2	① tesseract 侧本来就是词
reject	zor	not	2	② 形差太远
reject	Aafov	kaftwv	2	① ABBYY 侧也不是词
reject	rovpaycor	iTTovpaj	2	① ABBYY 侧也不是词
reject	vill	viii	2	① tesseract 侧本来就是词
reject	Avfig	Antiq	2	① ABBYY 侧也不是词
reject	ese	ehe	2	① ABBYY 侧也不是词
reject	Moles	Notes	2	① tesseract 侧本来就是词
reject	widere	viderCy	2	① ABBYY 侧也不是词
reject	read	rautj	2	① tesseract 侧本来就是词
reject	sof	notion	2	② 形差太远
reject	rod	rov	2	① tesseract 侧本来就是词
reject	xairep	rtpThe	2	① ABBYY 侧也不是词
reject	frvevenire	nrvenire	2	① ABBYY 侧也不是词
reject	frst	Jirsf	2	① ABBYY 侧也不是词
reject	gui	qui	2	③ 全书只正确出现 0 次
reject	fenmse	tense	2	② ABBYY 侧更短，多半是粘词只给了前半
reject	peutnuo	fiefivrjfiaL	2	① ABBYY 侧也不是词
reject	pvety	fivelv	2	① ABBYY 侧也不是词
reject	Ae	helpful	2	① tesseract 侧本来就是词
reject	Zpistle'	EpistW	2	① ABBYY 侧也不是词
reject	razsed	praised	2	③ 全书只正确出现 1 次
reject	OFFICE	OFFlCH	2	① tesseract 侧本来就是词
reject	WORKS	WORKS	2	① tesseract 侧本来就是词
reject	GILES	GILES	2	① tesseract 侧本来就是词
reject	Revised	Uevm	2	① tesseract 侧本来就是词
reject	Rev	Kev	2	① tesseract 侧本来就是词
reject	PRACTICAL	PKACTICAI	2	① tesseract 侧本来就是词
reject	undoubtedly	undouhtodly	2	① tesseract 侧本来就是词
reject	general	pcneraj	2	① tesseract 侧本来就是词
reject	ele	valiiiihio	2	① ABBYY 侧也不是词
reject	vo	vo	2	① ABBYY 侧也不是词
reject	Rosson	INmsoy	2	① ABBYY 侧也不是词
reject	Scotsman	Scotxmnn	2	① tesseract 侧本来就是词
reject	Brethrenism	BrethrenLim	2	① ABBYY 侧也不是词
reject	THorNLEY	Thornley	2	① ABBYY 侧也不是词
reject	demy	fleniT	2	① tesseract 侧本来就是词
reject	Havpang	Haujaxe	2	① ABBYY 侧也不是词
reject	Hanpsoox	Handbook	2	③ 全书只正确出现 0 次
reject	Recent	Beceut	2	① tesseract 侧本来就是词
reject	Introduction	lutroductiou	2	① tesseract 侧本来就是词
reject	Hircucock	Hitchcock	2	① ABBYY 侧也不是词
reject	Reip	Eeid	2	① ABBYY 侧也不是词
reject	Road	Eoad	2	① tesseract 侧本来就是词
reject	SHEepv	Shedu	2	① ABBYY 侧也不是词
reject	Cuvuncn	Students	2	② 形差太远
reject	SoMeERVILLE	Somerville	2	① ABBYY 侧也不是词
reject	WittiAM	WiLLiAii	2	① ABBYY 侧也不是词
reject	Marsnatt	Marshall	2	③ 全书只正确出现 0 次
reject	Jaconus	lACoias	2	① ABBYY 侧也不是词
reject	Epixsurcu	Euinuhk	2	① ABBYY 侧也不是词
reject	LATE	LATEMARY	1	① tesseract 侧本来就是词
reject	Archive	Archivein	1	① tesseract 侧本来就是词
reject	Toronto	Torontohttp	1	① ABBYY 侧也不是词
reject	lecturesexegeti0	lecturesexegetiOOjohn	1	① ABBYY 侧也不是词
reject	ON	on	1	① tesseract 侧本来就是词
reject	Pris	THE	1	② 形差太远
reject	Pri	PHILIPPIANSWITH	1	① ABBYY 侧也不是词
reject	Ans	PHILIPPIANSWITH	1	① ABBYY 侧也不是词
reject	TEXT	Text	1	① tesseract 侧本来就是词
reject	BY	TEXTBY	1	① tesseract 侧本来就是词
reject	ROBERT	ROBERT	1	① tesseract 侧本来就是词
reject	LLB	LL	1	① ABBYY 侧也不是词
reject	GLASGOW	GLASGOWEDINBURGH	1	① ABBYY 侧也不是词
reject	OLIPHANT	T	1	① tesseract 侧本来就是词
reject	JUL	J5	1	① ABBYY 侧也不是词
reject	UNITED	THEUNITED	1	① tesseract 侧本来就是词
reject	PRESBYTERIAN	PRESBYTERIAN	1	① tesseract 侧本来就是词
reject	MUCH	MUCH	1	① tesseract 侧本来就是词
reject	THEIR	BYTHEIR	1	① tesseract 侧本来就是词
reject	P	PREFACEIN	1	① tesseract 侧本来就是词
reject	Reis	PREFACEIN	1	① tesseract 侧本来就是词
reject	F	PREFACEIN	1	① tesseract 侧本来就是词
reject	ACC	PREFACEIN	1	① ABBYY 侧也不是词
reject	E	PREFACEIN	1	① tesseract 侧本来就是词
reject	consists	consists	1	① tesseract 侧本来就是词
reject	authors	author'	1	① tesseract 侧本来就是词
reject	Daill	Daillc	1	① ABBYY 侧也不是词
reject	Neander	Neandcr	1	① tesseract 侧本来就是词
reject	ix	ixchurch	1	① tesseract 侧本来就是词
reject	WELLESLEY	Wellesley	1	① ABBYY 侧也不是词
reject	PLACE	Place	1	① tesseract 侧本来就是词
reject	INTRODUCTION	Introduction	1	① tesseract 侧本来就是词
reject	Bright	Brigh	1	① tesseract 侧本来就是词
reject	vi	VI	1	① tesseract 侧本来就是词
reject	x11	XII	1	② 形差太远
reject	Salvation	Salvation	1	① tesseract 侧本来就是词
reject	XxI	XXI	1	① tesseract 侧本来就是词
reject	XX11	XXIII	1	② 形差太远
reject	xXxv	Lect	1	① tesseract 侧本来就是词
reject	Peaceof	Peace	1	② ABBYY 侧更短，多半是粘词只给了前半
reject	Te	iv	1	① tesseract 侧本来就是词
reject	andits	and	1	② ABBYY 侧更短，多半是粘词只给了前半
reject	REVISED	Revised	1	① tesseract 侧本来就是词
reject	TRANSLATION	Translation	1	① tesseract 侧本来就是词
reject	NOTES	Notes	1	① tesseract 侧本来就是词
reject	GREEK	Greek	1	① tesseract 侧本来就是词
reject	CHAPTER	Chapter	1	① tesseract 侧本来就是词
reject	L	i	1	① tesseract 侧本来就是词
reject	APPENDIX	Appendix	1	① tesseract 侧本来就是词
reject	POLYCARP	Polycarp	1	① tesseract 侧本来就是词
reject	PHILIPPIANS	Philippians	1	① tesseract 侧本来就是词
reject	LECTURES	LECTURESON	1	① tesseract 侧本来就是词
reject	town	to	1	① tesseract 侧本来就是词
reject	fertile	fertile	1	① tesseract 侧本来就是词
reject	times	times	1	① tesseract 侧本来就是词
reject	wall	v	1	① tesseract 侧本来就是词
reject	history	history	1	① tesseract 侧本来就是词
reject	afterwards	aftenvards	1	① tesseract 侧本来就是词
reject	Christin	Christ	1	② ABBYY 侧更短，多半是粘词只给了前半
reject	It	It	1	① tesseract 侧本来就是词
reject	Rome	Rome	1	① tesseract 侧本来就是词
reject	territory	territor	1	① tesseract 侧本来就是词
reject	Xvi	xvi	1	① tesseract 侧本来就是词
reject	tory	Qxy	1	① tesseract 侧本来就是词
reject	consuming	consuming	1	① tesseract 侧本来就是词
reject	Lydia	I	1	① tesseract 侧本来就是词
reject	imprisonment	imi	1	① tesseract 侧本来就是词
reject	Czesarea	Caesarea	1	① ABBYY 侧也不是词
reject	torium'	prcetorinni'	1	① ABBYY 侧也不是词
reject	xxiii	xxiii	1	① tesseract 侧本来就是词
reject	Ceesarea	Caisarea	1	① ABBYY 侧也不是词
reject	congruity	congniity	1	① tesseract 侧本来就是词
reject	Commentary	Commetitary	1	① tesseract 侧本来就是词
reject	pians	pians	1	① tesseract 侧本来就是词
reject	churches	churches	1	① tesseract 侧本来就是词
reject	Bullock	r	1	① tesseract 侧本来就是词
reject	tuins	ruins	1	③ 全书只正确出现 0 次
reject	denial	denial	1	① tesseract 侧本来就是词
reject	official	ofiicial	1	① tesseract 侧本来就是词
reject	founded	founded	1	① tesseract 侧本来就是词
reject	Philippt'	Philippi	1	② ABBYY 侧更短，多半是粘词只给了前半
reject	We	We	1	① tesseract 侧本来就是词
reject	or	the	1	① tesseract 侧本来就是词
reject	primary	primar	1	① tesseract 侧本来就是词
reject	myself'	myself	1	② ABBYY 侧更短，多半是粘词只给了前半
reject	consecrated	consecrated	1	① tesseract 侧本来就是词
reject	truth'	truth	1	① tesseract 侧本来就是词
reject	wrote	vTOte	1	① tesseract 侧本来就是词
reject	office	otlice	1	① tesseract 侧本来就是词
reject	out'	out	1	② ABBYY 侧更短，多半是粘词只给了前半
reject	elder	elder	1	① tesseract 侧本来就是词
reject	New	Xew	1	① tesseract 侧本来就是词
reject	e	help'	1	① tesseract 侧本来就是词
reject	Acts	x	1	① tesseract 侧本来就是词
reject	Greeks	ireeks	1	① tesseract 侧本来就是词
reject	deacon	dcaco7i	1	① tesseract 侧本来就是词
reject	can'	can	1	② ABBYY 侧更短，多半是粘词只给了前半
reject	city'	cit	1	① tesseract 侧本来就是词
reject	writer	wnriter	1	① tesseract 侧本来就是词
reject	frequently	freciuently	1	① tesseract 侧本来就是词
reject	well	well	1	① tesseract 侧本来就是词
reject	prospereth	prospcreth	1	① tesseract 侧本来就是词
reject	rams	trans	1	① tesseract 侧本来就是词
reject	Jorming	forming	1	③ 全书只正确出现 1 次
reject	morning'	morning	1	① tesseract 侧本来就是词
reject	praying	prajang	1	① tesseract 侧本来就是词
reject	house	house	1	① tesseract 侧本来就是词
reject	significance	significance	1	① tesseract 侧本来就是词
reject	being'	being	1	① tesseract 侧本来就是词
reject	toa	to	1	② ABBYY 侧更短，多半是粘词只给了前半
reject	peace'	jx'	1	① tesseract 侧本来就是词
reject	II	Rs	1	① tesseract 侧本来就是词
reject	MEMORIES	MOIORIES	1	① tesseract 侧本来就是词
reject	For	P	1	① tesseract 侧本来就是词
reject	inspiration	inspiration	1	① tesseract 侧本来就是词
reject	anon	anon	1	① tesseract 侧本来就是词
reject	even	rcen	1	① tesseract 侧本来就是词
reject	prove	rove	1	① tesseract 侧本来就是词
reject	he	lie	1	① tesseract 侧本来就是词
reject	interest	interest'	1	① tesseract 侧本来就是词
reject	efforts	efl	1	① tesseract 侧本来就是词
reject	sow	souls	1	① tesseract 侧本来就是词
reject	parts	parts	1	① tesseract 侧本来就是词
reject	exclusively	exclusively	1	① tesseract 侧本来就是词
reject	Holy	Holy	1	① tesseract 侧本来就是词
reject	Growth	irowth	1	① tesseract 侧本来就是词
reject	illustrative	illostrative	1	① tesseract 侧本来就是词
reject	particular	parti	1	① tesseract 侧本来就是词
reject	upon	upo7i	1	① tesseract 侧本来就是词
reject	remembrance	rem	1	① tesseract 侧本来就是词
reject	ways	always	1	① tesseract 侧本来就是词
reject	produced	roduccd	1	① tesseract 侧本来就是词
reject	Egypt	Kgypt	1	① tesseract 侧本来就是词
reject	specially	sj	1	① tesseract 侧本来就是词
reject	occupies	occui	1	① tesseract 侧本来就是词
reject	gospel'	gospeP	1	① tesseract 侧本来就是词
reject	ax	an	1	① tesseract 侧本来就是词
reject	mentioned	mentioned	1	① tesseract 侧本来就是词
reject	begun	begim	1	① tesseract 侧本来就是词
reject	degun'	begun'	1	③ 全书只正确出现 1 次
reject	work'	wo	1	① tesseract 侧本来就是词
reject	reserved	reserv	1	① tesseract 侧本来就是词
reject	Finisher	Finisher	1	① tesseract 侧本来就是词
reject	en	y	1	① tesseract 侧本来就是词
reject	glorious	glorious	1	① tesseract 侧本来就是词
reject	happy	happy	1	① tesseract 侧本来就是词
reject	Wow	How	1	① tesseract 侧本来就是词
reject	valid	vaHd	1	① tesseract 侧本来就是词
reject	all'	all	1	② ABBYY 侧更短，多半是粘词只给了前半
reject	decause'	because'	1	③ 全书只正确出现 0 次
reject	proved	proi'cd	1	① tesseract 侧本来就是词
reject	suffered	suffered	1	① tesseract 侧本来就是词
reject	feeling'	feelin	1	① tesseract 侧本来就是词
reject	suffering	sutTcring	1	① tesseract 侧本来就是词
reject	relatives	relatives	1	① tesseract 侧本来就是词
reject	discern	discern	1	① tesseract 侧本来就是词
reject	lighted	h'	1	① tesseract 侧本来就是词
reject	wicked	wickeil	1	① tesseract 侧本来就是词
reject	great	i	1	① tesseract 侧本来就是词
reject	confirmation	conjirmation	1	① tesseract 侧本来就是词
reject	gainsayers	gainsaycrs	1	① tesseract 侧本来就是词
reject	sift	gift	1	① tesseract 侧本来就是词
reject	record	recordj	1	① tesseract 侧本来就是词
reject	how	liow	1	① tesseract 侧本来就是词
reject	Record'	Record'	1	① tesseract 侧本来就是词
reject	means	means'	1	① tesseract 侧本来就是词
reject	xvi	xvii	1	① tesseract 侧本来就是词
reject	longing'	longing	1	① tesseract 侧本来就是词
reject	inference	inference	1	① tesseract 侧本来就是词
reject	affections	is	1	① tesseract 侧本来就是词
reject	This	Tliis	1	① tesseract 侧本来就是词
reject	channel	channel	1	① tesseract 侧本来就是词
reject	care	care	1	① tesseract 侧本来就是词
reject	delight	delight	1	① tesseract 侧本来就是词
reject	hike	like	1	① tesseract 侧本来就是词
reject	compacted	com	1	① tesseract 侧本来就是词
reject	grow	grow	1	① tesseract 侧本来就是词
reject	Blind	BHnd	1	① tesseract 侧本来就是词
reject	dangers	dangers	1	① tesseract 侧本来就是词
reject	According	Accordin	1	① tesseract 侧本来就是词
reject	approved	ajjproved	1	① tesseract 侧本来就是词
reject	version	version	1	① tesseract 侧本来就是词
reject	that'	thaf	1	① tesseract 侧本来就是词
reject	excellent	excellent	1	① tesseract 侧本来就是词
reject	lation	lotion	1	① tesseract 侧本来就是词
reject	distinguish	distinguish	1	① tesseract 侧本来就是词
reject	differ'	differ'	1	① tesseract 侧本来就是词
reject	counterfeits	counterfeits	1	① tesseract 侧本来就是词
reject	may	viay	1	① tesseract 侧本来就是词
reject	offence	offenre	1	① tesseract 侧本来就是词
reject	Nowif	Now	1	② ABBYY 侧更短，多半是粘词只给了前半
reject	mixture'	mixture	1	① tesseract 侧本来就是词
reject	base	base	1	① tesseract 侧本来就是词
reject	our	oui	1	① tesseract 侧本来就是词
reject	stumbling'	stumbling	1	① tesseract 侧本来就是词
reject	influence	intluence	1	① tesseract 侧本来就是词
reject	being	l	1	① tesseract 侧本来就是词
reject	fruit	fruit	1	① tesseract 侧本来就是词
reject	Righteousness'	RighteousTiess'	1	① tesseract 侧本来就是词
reject	righteousness	righteousness	1	① tesseract 侧本来就是词
reject	patient	i	1	① tesseract 侧本来就是词
reject	some	some	1	① tesseract 侧本来就是词
reject	unto	utito	1	① tesseract 侧本来就是词
reject	preferable	preferable	1	① tesseract 侧本来就是词
reject	adequate	adecjuate	1	① tesseract 侧本来就是词
reject	Praise	Praise'	1	① tesseract 侧本来就是词
reject	b	by	1	① tesseract 侧本来就是词
reject	sol	such	1	① tesseract 侧本来就是词
reject	heavenly	lieavenly	1	① tesseract 侧本来就是词
reject	perfection	perfections	1	① tesseract 侧本来就是词
reject	sublime	subHme	1	① tesseract 侧本来就是词
reject	saved	saved	1	① tesseract 侧本来就是词
reject	effect	eftect	1	① tesseract 侧本来就是词
reject	obstructed	obstructed	1	① tesseract 侧本来就是词
reject	happened	hap	1	① tesseract 侧本来就是词
reject	than	hdSi	1	① tesseract 侧本来就是词
reject	manifest	matiifest	1	① tesseract 侧本来就是词
reject	palace'	palace	1	① tesseract 侧本来就是词
reject	Czesar'	Caesar'	1	③ 全书只正确出现 0 次
reject	court	court'	1	① tesseract 侧本来就是词
reject	Praetorian	Prwtorian	1	① tesseract 侧本来就是词
reject	Emperor	P	1	① tesseract 侧本来就是词
reject	permanently	i	1	① tesseract 侧本来就是词
reject	Festus	Festiis	1	① ABBYY 侧也不是词
reject	xxvii	xxviii	1	① tesseract 侧本来就是词
reject	officials	ofificials	1	① tesseract 侧本来就是词
reject	palace	palace	1	① tesseract 侧本来就是词
reject	ordinary	ordinaryN	1	① tesseract 侧本来就是词
reject	Augustus'	Augustus	1	① tesseract 侧本来就是词
reject	Preetorians	Praetorians	1	③ 全书只正确出现 0 次
reject	officers	officers	1	① tesseract 侧本来就是词
reject	anion	ani	1	① tesseract 侧本来就是词
reject	Pretorians	Praetorians	1	① tesseract 侧本来就是词
reject	knew	knew	1	① tesseract 侧本来就是词
reject	reveals	reveals	1	① tesseract 侧本来就是词
reject	any'	many	1	① tesseract 侧本来就是词
reject	most	mostdeeply	1	① tesseract 侧本来就是词
reject	confident	ifide7it	1	① tesseract 侧本来就是词
reject	fear	fear	1	① tesseract 侧本来就是词
reject	advice	advice	1	① tesseract 侧本来就是词
reject	privileges	rivilcges	1	① tesseract 侧本来就是词
reject	formed	foraied	1	① tesseract 侧本来就是词
reject	cases	cases	1	① tesseract 侧本来就是词
reject	government	government	1	① tesseract 侧本来就是词
reject	bonds	bonds'	1	① tesseract 侧本来就是词
reject	ing	ing	1	① tesseract 侧本来就是词
reject	ally	afly	1	① tesseract 侧本来就是词
reject	valleys	valleys	1	① tesseract 侧本来就是词
reject	ela	Gospel	1	② 形差太远
reject	sufferer	sufterer	1	① tesseract 侧本来就是词
reject	down	down	1	① tesseract 侧本来就是词
reject	Some	Some	1	① tesseract 侧本来就是词
reject	party	dxty	1	① tesseract 侧本来就是词
reject	factiousness	factiousness	1	① tesseract 侧本来就是词
reject	sincerely	sincerely	1	① tesseract 侧本来就是词
reject	affiic	afflic	1	① ABBYY 侧也不是词
reject	am	am	1	① tesseract 侧本来就是词
reject	stroyed	stroyed	1	① tesseract 侧本来就是词
reject	frustrated	fnistrated	1	① tesseract 侧本来就是词
reject	Thessalonica	Thcssalonica	1	① tesseract 侧本来就是词
reject	known	known	1	① tesseract 侧本来就是词
reject	notwithstand	wtzoithsta	1	① ABBYY 侧也不是词
reject	wrath	wTath	1	① tesseract 侧本来就是词
reject	malignity	mahgnity	1	① tesseract 侧本来就是词
reject	believers	beHevers	1	① tesseract 侧本来就是词
reject	reconciliation	reconciUation	1	① tesseract 侧本来就是词
reject	rejoice'	rejoice	1	② ABBYY 侧更短，多半是粘词只给了前半
reject	unscrupulous	unscru	1	① tesseract 侧本来就是词
reject	sanctified	sanctitied	1	① tesseract 侧本来就是词
reject	said	saiil	1	① tesseract 侧本来就是词
reject	know	knowledge	1	① tesseract 侧本来就是词
reject	tion'	tion	1	① ABBYY 侧也不是词
reject	Ais'	this'	1	③ 全书只正确出现 1 次
reject	pying'	pying	1	① ABBYY 侧也不是词
reject	talents	talents	1	① tesseract 侧本来就是词
reject	notwithstanding	fiot2vithstandi	1	① tesseract 侧本来就是词
reject	actuated'	actuated	1	① tesseract 侧本来就是词
reject	Azs'	this'	1	② 形差太远
reject	hereafter	hereafter	1	① tesseract 侧本来就是词
reject	cities	cities	1	① tesseract 侧本来就是词
reject	wi	will	1	① tesseract 侧本来就是词
reject	greatness	gTeatness	1	① tesseract 侧本来就是词
reject	prominent	romincnt	1	① tesseract 侧本来就是词
reject	yet	yd	1	① tesseract 侧本来就是词
reject	Iwill	I	1	② 形差太远
reject	hope	io	1	① tesseract 侧本来就是词
reject	vez'	iew	1	① ABBYY 侧也不是词
reject	Hoe'	Hope'	1	① tesseract 侧本来就是词
reject	waiting	waiting'	1	① tesseract 侧本来就是词
reject	Such	Sucli	1	① tesseract 侧本来就是词
reject	Peter	Tcter	1	① tesseract 侧本来就是词
reject	et	Ut	1	① tesseract 侧本来就是词
reject	over	over	1	① tesseract 侧本来就是词
reject	magnified	magnified	1	① tesseract 侧本来就是词
reject	memory	memory	1	① tesseract 侧本来就是词
reject	bote	bore	1	① tesseract 侧本来就是词
reject	persuadest	persuadcst	1	① tesseract 侧本来就是词
reject	overpowered	overpowered	1	① tesseract 侧本来就是词
reject	buffetings	buff'	1	① tesseract 侧本来就是词
reject	cause	caused	1	① tesseract 侧本来就是词
reject	forbid	forbid	1	① tesseract 侧本来就是词
reject	Wh	len	1	② 形差太远
reject	drink	drink	1	① tesseract 侧本来就是词
reject	swelling	sweUing	1	① tesseract 侧本来就是词
reject	illness	illness	1	① tesseract 侧本来就是词
reject	association	association	1	① tesseract 侧本来就是词
reject	andI	and	1	② ABBYY 侧更短，多半是粘词只给了前半
reject	Spiritual	itllal	1	① tesseract 侧本来就是词
reject	liveth	liveth	1	① tesseract 侧本来就是词
reject	constitution	constitution	1	① tesseract 侧本来就是词
reject	inhabitants	inhabitants	1	① tesseract 侧本来就是词
reject	longer	longer	1	① tesseract 侧本来就是词
reject	While	WTiile	1	① tesseract 侧本来就是词
reject	Illyricum	lilyricum	1	① tesseract 侧本来就是词
reject	rom	roni	1	① tesseract 侧本来就是词
reject	patience	patience	1	① tesseract 侧本来就是词
reject	devotion	devotion	1	① tesseract 侧本来就是词
reject	substance	substance	1	① tesseract 侧本来就是词
reject	narrowness	narroNMiess	1	① tesseract 侧本来就是词
reject	impels	impels	1	① tesseract 侧本来就是词
reject	limit	limit	1	① tesseract 侧本来就是词
reject	task	task	1	① tesseract 侧本来就是词
reject	SAINTS	SAINT'	1	① tesseract 侧本来就是词
reject	GAIN	GAIN	1	① tesseract 侧本来就是词
reject	blighting	bHghting	1	① tesseract 侧本来就是词
reject	revolt	revoh	1	① tesseract 侧本来就是词
reject	debility	debility	1	① tesseract 侧本来就是词
reject	its	its	1	① tesseract 侧本来就是词
reject	dust	dust	1	① tesseract 侧本来就是词
reject	place	place	1	① tesseract 侧本来就是词
reject	tombstone	tombstone	1	① tesseract 侧本来就是词
reject	fact	fact	1	① tesseract 侧本来就是词
reject	stern	stem	1	① tesseract 侧本来就是词
reject	ripe	ripe	1	① tesseract 侧本来就是词
reject	cistern	cistern	1	① tesseract 侧本来就是词
reject	irrevocableness	inevocableness	1	① tesseract 侧本来就是词
reject	speculation	speculation	1	① tesseract 侧本来就是词
reject	conviction	convictioni	1	① tesseract 侧本来就是词
reject	AAAw	AkXa	1	① ABBYY 侧也不是词
reject	knows	knows	1	① tesseract 侧本来就是词
reject	quod	quod	1	① tesseract 侧本来就是词
reject	erro	errOy	1	① ABBYY 侧也不是词
reject	si	sif	1	① tesseract 侧本来就是词
reject	sapientibus	sapientihus	1	① ABBYY 侧也不是词
reject	extinguuntur	extinguuntiir	1	① ABBYY 侧也不是词
reject	Animula	Animiila	1	① ABBYY 侧也不是词
reject	vagula	vagiila	1	① ABBYY 侧也不是词
reject	Flospes	Ilospes	1	① ABBYY 侧也不是词
reject	comesque	comesqtte	1	① ABBYY 侧也不是词
reject	Que	Qtue	1	① ABBYY 侧也不是词
reject	loca	loca	1	① tesseract 侧本来就是词
reject	nudula	nitdula	1	① ABBYY 侧也不是词
reject	brightly	briglitly	1	① tesseract 侧本来就是词
reject	calm	calm	1	① tesseract 侧本来就是词
reject	wages	iHiges	1	① tesseract 侧本来就是词
reject	affairs	aftairs	1	① tesseract 侧本来就是词
reject	an	and	1	① tesseract 侧本来就是词
reject	dying	dpng	1	① tesseract 侧本来就是词
reject	astray	astray	1	① tesseract 侧本来就是词
reject	quickening	quickening'	1	① tesseract 侧本来就是词
reject	All	All	1	① tesseract 侧本来就是词
reject	liveliness	liveHness	1	① tesseract 侧本来就是词
reject	verse	verse	1	① tesseract 侧本来就是词
reject	physical	i	1	① tesseract 侧本来就是词
reject	Scripture	Scripture	1	① tesseract 侧本来就是词
reject	Think	Tiiink	1	① tesseract 侧本来就是词
reject	edge	knowledge	1	① tesseract 侧本来就是词
reject	dependent	lci	1	① tesseract 侧本来就是词
reject	longings	longings	1	① tesseract 侧本来就是词
reject	recognition	recognition	1	① tesseract 侧本来就是词
reject	Worthy	Worthy	1	① tesseract 侧本来就是词
reject	believer	believer	1	① tesseract 侧本来就是词
reject	abolished	abolisheddiCSiih'	1	① tesseract 侧本来就是词
reject	unbelief	unbelief	1	① tesseract 侧本来就是词
reject	mises	mises	1	① tesseract 侧本来就是词
reject	STRAIT	STRAIT	1	① tesseract 侧本来就是词
reject	BETWIXT	BETWIXT	1	① tesseract 侧本来就是词
reject	TWaG	TWO	1	② ABBYY 侧更短，多半是粘词只给了前半
reject	chooseI	choose	1	② ABBYY 侧更短，多半是粘词只给了前半
reject	ForI	For	1	② ABBYY 侧更短，多半是粘词只给了前半
reject	still	still	1	① tesseract 侧本来就是词
reject	dive	live	1	① tesseract 侧本来就是词
reject	fresh	Jfes	1	① tesseract 侧本来就是词
reject	flesh	llesh	1	① tesseract 侧本来就是词
reject	solong	so	1	② ABBYY 侧更短，多半是粘词只给了前半
reject	precious	precious	1	① tesseract 侧本来就是词
reject	existence	existence	1	① tesseract 侧本来就是词
reject	hammer	hammer	1	① tesseract 侧本来就是词
reject	business	business	1	① tesseract 侧本来就是词
reject	kings	kings	1	① tesseract 侧本来就是词
reject	constraineth	constraincth	1	① tesseract 侧本来就是词
reject	planting	jilanting	1	① tesseract 侧本来就是词
reject	exertion	exertion	1	① tesseract 侧本来就是词
reject	best	best	1	① tesseract 侧本来就是词
reject	serve	ser	1	① tesseract 侧本来就是词
reject	maketh	raaketh	1	① tesseract 侧本来就是词
reject	bringeth	bringcth	1	① tesseract 侧本来就是词
reject	mother'	mothers	1	① tesseract 侧本来就是词
reject	waters	waters	1	① tesseract 侧本来就是词
reject	live	live	1	① tesseract 侧本来就是词
reject	betwixt	bettvixt	1	① tesseract 侧本来就是词
reject	zo	to	1	① tesseract 侧本来就是词
reject	wilder	vilder	1	① tesseract 侧本来就是词
reject	Vet	Yet	1	① tesseract 侧本来就是词
reject	bear	bear	1	① tesseract 侧本来就是词
reject	offers	off	1	① tesseract 侧本来就是词
reject	thereby	thereby	1	① tesseract 侧本来就是词
reject	Statements	statements	1	① tesseract 侧本来就是词
reject	unconsciousness	unconsciousness	1	① tesseract 侧本来就是词
reject	Indeed	Indeed	1	① tesseract 侧本来就是词
reject	Old	Old	1	① tesseract 侧本来就是词
reject	future	future	1	① tesseract 侧本来就是词
reject	per	per	1	① tesseract 侧本来就是词
reject	struggle	struggle	1	① tesseract 侧本来就是词
reject	Z	life	1	① tesseract 侧本来就是词
reject	while	while	1	① tesseract 侧本来就是词
reject	having	laving	1	① tesseract 侧本来就是词
reject	confi	canfi	1	① ABBYY 侧也不是词
reject	fulfilled	fulfilled	1	① tesseract 侧本来就是词
reject	martyrdom	martjTdom	1	① tesseract 侧本来就是词
reject	dies	dii'	1	① tesseract 侧本来就是词
reject	consequently	consecjuently	1	① tesseract 侧本来就是词
reject	coming	comitig	1	① tesseract 侧本来就是词
reject	returns	returns	1	① tesseract 侧本来就是词
reject	glorying	glorymg	1	① tesseract 侧本来就是词
reject	Ww	ITH	1	① ABBYY 侧也不是词
reject	Only	ily	1	① tesseract 侧本来就是词
reject	let	kt	1	① tesseract 侧本来就是词
reject	generally	generally	1	① tesseract 侧本来就是词
reject	und	and	1	① tesseract 侧本来就是词
reject	Pet	Pet	1	① tesseract 侧本来就是词
reject	everywhere	vhe	1	① tesseract 侧本来就是词
reject	serjeants	Serjeants	1	① tesseract 侧本来就是词
reject	privily	privily	1	① tesseract 侧本来就是词
reject	verily	verily	1	① tesseract 侧本来就是词
reject	becometh	beco7neth	1	① tesseract 侧本来就是词
reject	becometh'	becometh	1	① tesseract 侧本来就是词
reject	Jaramount	paramount	1	③ 全书只正确出现 0 次
reject	conversation'	com'crsation'	1	① tesseract 侧本来就是词
reject	becoming	becotning	1	① tesseract 侧本来就是词
reject	influences	intluences	1	① tesseract 侧本来就是词
reject	animal	animal	1	① tesseract 侧本来就是词
reject	forgetfulness	diforgdfulness	1	① tesseract 侧本来就是词
reject	sometimes	sometimes	1	① tesseract 侧本来就是词
reject	reliance	reliafice	1	① tesseract 侧本来就是词
reject	often	often	1	① tesseract 侧本来就是词
reject	landsman	landsman	1	① tesseract 侧本来就是词
reject	agonized	ngonized	1	① tesseract 侧本来就是词
reject	appeal	ajipeal	1	① tesseract 侧本来就是词
reject	god	j	1	① tesseract 侧本来就是词
reject	sleeper	sleeper	1	① tesseract 侧本来就是词
reject	importance	ortancc	1	① tesseract 侧本来就是词
reject	welfare	welfiire	1	① tesseract 侧本来就是词
reject	must	musl	1	① tesseract 侧本来就是词
reject	against	against	1	① tesseract 侧本来就是词
reject	unclean	unclean	1	① tesseract 侧本来就是词
reject	prayers	j	1	① tesseract 侧本来就是词
reject	creature	creature	1	① tesseract 侧本来就是词
reject	Fathers	Father'	1	① tesseract 侧本来就是词
reject	Instruction	instruction	1	① tesseract 侧本来就是词
reject	wise	uise	1	① tesseract 侧本来就是词
reject	ov	only	1	② 形差太远
reject	ot	uoi	1	① ABBYY 侧也不是词
reject	bea	cheer	1	① tesseract 侧本来就是词
reject	at	to	1	① tesseract 侧本来就是词
reject	tind	mind	1	① tesseract 侧本来就是词
reject	ove	one	1	④ 核过上下文，这条是错的
reject	hee	hearing	1	② 形差太远
reject	K	testimony	1	① tesseract 侧本来就是词
reject	FOR	FOR	1	① tesseract 侧本来就是词
reject	saries	saries	1	① ABBYY 侧也不是词
reject	injunction	injunction	1	① tesseract 侧本来就是词
reject	fast	past	1	① tesseract 侧本来就是词
reject	zx	in	1	② 形差太远
reject	notoriety	notorietv	1	① tesseract 侧本来就是词
reject	example	example	1	① tesseract 侧本来就是词
reject	Thess	Thess	1	① tesseract 侧本来就是词
reject	Heb	Ilcb	1	① tesseract 侧本来就是词
reject	repugnances	iignanccs	1	① tesseract 侧本来就是词
reject	conscientiousness	conscientiousness	1	① tesseract 侧本来就是词
reject	soul'	souP	1	① tesseract 侧本来就是词
reject	doctrine	doctrine	1	① tesseract 侧本来就是词
reject	belief	beHef	1	① tesseract 侧本来就是词
reject	nought	nought	1	① tesseract 侧本来就是词
reject	terrified'	terrified	1	① tesseract 侧本来就是词
reject	token	tokefi	1	① tesseract 侧本来就是词
reject	which'	whicJi'	1	① tesseract 侧本来就是词
reject	granted	Tantcd	1	① tesseract 侧本来就是词
reject	opposing	oj	1	① tesseract 侧本来就是词
reject	plainly	j	1	① tesseract 侧本来就是词
reject	Whether	VTiether	1	① tesseract 侧本来就是词
reject	thee'	tJiee'	1	① tesseract 侧本来就是词
reject	Mr	Tvlr	1	① tesseract 侧本来就是词
reject	closes	closes	1	① tesseract 侧本来就是词
reject	Kor	For	1	① tesseract 侧本来就是词
reject	saw	sa7a	1	① tesseract 侧本来就是词
reject	beautify	beautifyI	1	① tesseract 侧本来就是词
reject	z	kin	1	① tesseract 侧本来就是词
reject	given	given	1	① tesseract 侧本来就是词
reject	ree	freely	1	① tesseract 侧本来就是词
reject	suffer	suffer13	1	① tesseract 侧本来就是词
reject	behalf'	behalf	1	② ABBYY 侧更短，多半是粘词只给了前半
reject	VERS	VKRS	1	① tesseract 侧本来就是词
reject	afflictions	afttictions	1	① tesseract 侧本来就是词
reject	heat	heat	1	① tesseract 侧本来就是词
reject	Having	JLiving	1	① tesseract 侧本来就是词
reject	love'	love	1	① tesseract 侧本来就是词
reject	bounden	boundcn	1	① tesseract 侧本来就是词
reject	duty	hity	1	① tesseract 侧本来就是词
reject	definite	defmite	1	① tesseract 侧本来就是词
reject	helpfulness	helpfidness	1	① tesseract 侧本来就是词
reject	che	the	1	① tesseract 侧本来就是词
reject	Paul	Paul	1	① tesseract 侧本来就是词
reject	mercies	mercies'	1	① tesseract 侧本来就是词
reject	prison	i	1	① tesseract 侧本来就是词
reject	wrought	Tought	1	① tesseract 侧本来就是词
reject	Us	ii	1	① tesseract 侧本来就是词
reject	those	tliose	1	① tesseract 侧本来就是词
reject	proportions	roj	1	① tesseract 侧本来就是词
reject	loveth	lovcth	1	① tesseract 侧本来就是词
reject	dissension	dissension	1	① tesseract 侧本来就是词
reject	faction	fiiction	1	① tesseract 侧本来就是词
reject	trifles	tritles	1	① tesseract 侧本来就是词
reject	interests	interests	1	① tesseract 侧本来就是词
reject	Other	Other'	1	① tesseract 侧本来就是词
reject	broken	broken	1	① tesseract 侧本来就是词
reject	feet	feet'	1	① tesseract 侧本来就是词
reject	when	wlicn	1	① tesseract 侧本来就是词
reject	plural	phiral	1	① tesseract 侧本来就是词
reject	cleanseth	cleanscth	1	① tesseract 侧本来就是词
reject	mind'	mind	1	① tesseract 侧本来就是词
reject	himself'	himself	1	① tesseract 侧本来就是词
reject	though	tliough	1	① tesseract 侧本来就是词
reject	to'	to	1	② ABBYY 侧更短，多半是粘词只给了前半
reject	szzners	mersJAnother	1	① ABBYY 侧也不是词
reject	brawling	brawHng	1	① tesseract 侧本来就是词
reject	Bunyan	Bunyan	1	① tesseract 侧本来就是词
reject	GREAT	GREAT	1	① tesseract 侧本来就是词
reject	zatures	natures	1	③ 全书只正确出现 1 次
reject	capture	turc	1	① tesseract 侧本来就是词
reject	conquering	conciuering	1	① tesseract 侧本来就是词
reject	ambiguity	ambiguity	1	① tesseract 侧本来就是词
reject	grasping	grasping	1	① tesseract 侧本来就是词
reject	intended	intended	1	① tesseract 侧本来就是词
reject	clearly	clr	1	① tesseract 侧本来就是词
reject	inconceivable	inconceivable	1	① tesseract 侧本来就是词
reject	retained	retained	1	① tesseract 侧本来就是词
reject	contrary	contrar	1	① tesseract 侧本来就是词
reject	no	my	1	① tesseract 侧本来就是词
reject	everlastingly	everlastingly	1	① tesseract 侧本来就是词
reject	ikeness	ikenessJThus	1	① tesseract 侧本来就是词
reject	face	face	1	① tesseract 侧本来就是词
reject	blinded	bUnded	1	① tesseract 侧本来就是词
reject	find	fmd	1	① tesseract 侧本来就是词
reject	Man	Man	1	① tesseract 侧本来就是词
reject	Himewhich	Him	1	② ABBYY 侧更短，多半是粘词只给了前半
reject	Fe	He	1	① tesseract 侧本来就是词
reject	incarnation	incarnation	1	① tesseract 侧本来就是词
reject	uniqueness	uniciueness	1	① tesseract 侧本来就是词
reject	mi	similarity	1	① tesseract 侧本来就是词
reject	visible	oiiisihle	1	① tesseract 侧本来就是词
reject	contrasted	contra	1	① tesseract 侧本来就是词
reject	Weare	We	1	② ABBYY 侧更短，多半是粘词只给了前半
reject	find'	find	1	① tesseract 侧本来就是词
reject	obedient'	obedient	1	② ABBYY 侧更短，多半是粘词只给了前半
reject	secured	secured	1	① tesseract 侧本来就是词
reject	projection	jjrojection	1	① tesseract 侧本来就是词
reject	sentence	sentence	1	① tesseract 侧本来就是词
reject	worst	Worst	1	① tesseract 侧本来就是词
reject	post	post	1	① tesseract 侧本来就是词
reject	ment	m	1	① tesseract 侧本来就是词
reject	mannerof	of	1	② 形差太远
reject	SS	VERS	1	② 形差太远
reject	part	part	1	① tesseract 侧本来就是词
reject	reward	racard	1	① tesseract 侧本来就是词
reject	crowned	croicned	1	① tesseract 侧本来就是词
reject	Servant	Serv	1	① tesseract 侧本来就是词
reject	carrying	carr	1	① tesseract 侧本来就是词
reject	bow	boza	1	① tesseract 侧本来就是词
reject	should	should	1	① tesseract 侧本来就是词
reject	knee'	knee	1	① tesseract 侧本来就是词
reject	Ps	Ps	1	① tesseract 侧本来就是词
reject	heavens	heavens	1	① tesseract 侧本来就是词
reject	lv	Iv	1	① tesseract 侧本来就是词
reject	abyss'	abyss	1	① tesseract 侧本来就是词
reject	deep'	deep	1	① tesseract 侧本来就是词
reject	summed	summed	1	① tesseract 侧本来就是词
reject	Apart	A	1	① tesseract 侧本来就是词
reject	prosper	prosper	1	① tesseract 侧本来就是词
reject	obeyed'	obeyed	1	② ABBYY 侧更短，多半是粘词只给了前半
reject	Stripes	stripes	1	① tesseract 侧本来就是词
reject	quickened	cjuickened	1	① tesseract 侧本来就是词
reject	Let	T	1	① tesseract 侧本来就是词
reject	glad	glad	1	① tesseract 侧本来就是词
reject	tidings	tidings	1	① tesseract 侧本来就是词
reject	passed	passed	1	① tesseract 侧本来就是词
reject	out	out	1	① tesseract 侧本来就是词
reject	gether	gether	1	① tesseract 侧本来就是词
reject	feace	acf	1	① ABBYY 侧也不是词
reject	id	Miei'e	1	① tesseract 侧本来就是词
reject	sent'	sent	1	① tesseract 侧本来就是词
reject	domain	domain	1	① tesseract 侧本来就是词
reject	impossibility	impossibiHty	1	① tesseract 侧本来就是词
reject	Fear	I'	1	① tesseract 侧本来就是词
reject	sfectators	spectators	1	③ 全书只正确出现 1 次
reject	pathway	i	1	① tesseract 侧本来就是词
reject	Zerseveringly	perseveri	1	① ABBYY 侧也不是词
reject	cumstances	cumstances	1	① ABBYY 侧也不是词
reject	enough	enough	1	① tesseract 侧本来就是词
reject	eternity	eternity	1	① tesseract 侧本来就是词
reject	attempt	attemj	1	① tesseract 侧本来就是词
reject	insufficiency	insufhciency	1	① tesseract 侧本来就是词
reject	Wherefore	Wherefore	1	① tesseract 侧本来就是词
reject	candid	candid	1	① tesseract 侧本来就是词
reject	wz	wiir	1	① ABBYY 侧也不是词
reject	As	His	1	① tesseract 侧本来就是词
reject	ferform	qperfor7n	1	① ABBYY 侧也不是词
reject	pleasure	pleasure	1	① tesseract 侧本来就是词
reject	affectionate	aftectionate	1	① tesseract 侧本来就是词
reject	earned	earned	1	① tesseract 侧本来就是词
reject	gift	y	1	① tesseract 侧本来就是词
reject	LIGHTS	iITS	1	① tesseract 侧本来就是词
reject	struggles	strugi	1	① tesseract 侧本来就是词
reject	chiefly	chietly	1	① tesseract 侧本来就是词
reject	d	rf	1	① tesseract 侧本来就是词
reject	sons	sofis	1	① tesseract 侧本来就是词
reject	rebuke	rebuke	1	① tesseract 侧本来就是词
reject	nation	iation	1	① tesseract 侧本来就是词
reject	among	ainong	1	① tesseract 侧本来就是词
reject	whole	i'	1	① tesseract 侧本来就是词
reject	powerful	powerfulM	1	① tesseract 侧本来就是词
reject	armless'	harfuless'	1	① tesseract 侧本来就是词
reject	simple	sinii	1	① tesseract 侧本来就是词
reject	guile	guile	1	① tesseract 侧本来就是词
reject	simplicity	simplicity	1	① tesseract 侧本来就是词
reject	Guileless'	Guileless	1	① tesseract 侧本来就是词
reject	selfish	selfish	1	① tesseract 侧本来就是词
reject	guilelessness'	guilelessness	1	① tesseract 侧本来就是词
reject	choose	hoosc	1	① tesseract 侧本来就是词
reject	simplicity'	simi	1	① tesseract 侧本来就是词
reject	disputings	disi	1	① tesseract 侧本来就是词
reject	memories	memories	1	① tesseract 侧本来就是词
reject	ie	the	1	① tesseract 侧本来就是词
reject	sons'	sons	1	② ABBYY 侧更短，多半是粘词只给了前半
reject	children'	children	1	① tesseract 侧本来就是词
reject	utmost	utmrost	1	① tesseract 侧本来就是词
reject	aversion	aversion	1	① tesseract 侧本来就是词
reject	midst	midsf	1	① tesseract 侧本来就是词
reject	murmurings	miirmurings	1	① tesseract 侧本来就是词
reject	blamelessness	blamclessness	1	① tesseract 侧本来就是词
reject	By	IW	1	① tesseract 侧本来就是词
reject	Woe	MVoe	1	① tesseract 侧本来就是词
reject	hypocrites	hypocrites	1	① tesseract 侧本来就是词
reject	lights	ligJiis	1	① tesseract 侧本来就是词
reject	cad	calling	1	① tesseract 侧本来就是词
reject	sent	sent'	1	① tesseract 侧本来就是词
reject	Zights'	lights'	1	③ 全书只正确出现 0 次
reject	Greek	irec	1	① tesseract 侧本来就是词
reject	One	One	1	① tesseract 侧本来就是词
reject	Junar	lunar	1	③ 全书只正确出现 0 次
reject	sun	sun	1	① tesseract 侧本来就是词
reject	holding	holditii	1	① tesseract 侧本来就是词
reject	convincing	conWncing	1	① tesseract 侧本来就是词
reject	Biggar	Biggar	1	① tesseract 侧本来就是词
reject	diffusers	difiusers	1	① tesseract 侧本来就是词
reject	wn'	nm	1	① ABBYY 侧也不是词
reject	pity	i	1	① tesseract 侧本来就是词
reject	iv	in	1	① tesseract 侧本来就是词
reject	vain	v	1	① tesseract 侧本来就是词
reject	par	i	1	① tesseract 侧本来就是词
reject	day	dayR	1	① tesseract 侧本来就是词
reject	acknowledgment	acknowledgment	1	① tesseract 侧本来就是词
reject	XV	XV	1	① tesseract 侧本来就是词
reject	service	service	1	① tesseract 侧本来就是词
reject	faith'	faith	1	① tesseract 侧本来就是词
reject	complete	complete'	1	① tesseract 侧本来就是词
reject	offered'	off'cred'	1	① tesseract 侧本来就是词
reject	service'	service'	1	① tesseract 侧本来就是词
reject	sacrifices	sacrifices'	1	① tesseract 侧本来就是词
reject	liberality	liberality	1	① tesseract 侧本来就是词
reject	valued	valued	1	① tesseract 侧本来就是词
reject	Ifwe	If	1	② ABBYY 侧更短，多半是粘词只给了前半
reject	torpor	torj	1	① tesseract 侧本来就是词
reject	open	Oj	1	① tesseract 侧本来就是词
reject	beauty	beauty	1	① tesseract 侧本来就是词
reject	There	Tliere	1	① tesseract 侧本来就是词
reject	session	session	1	① tesseract 侧本来就是词
reject	observe	observ	1	① tesseract 侧本来就是词
reject	venuncia	renuncia	1	① ABBYY 侧也不是词
reject	important	important	1	① tesseract 侧本来就是词
reject	built	uili	1	① tesseract 侧本来就是词
reject	comprehend	zprehend	1	① tesseract 侧本来就是词
reject	scrutinizes	scnitinizes	1	① tesseract 侧本来就是词
reject	prone	pronc	1	① tesseract 侧本来就是词
reject	especially	esj	1	① tesseract 侧本来就是词
reject	suit	suit	1	① tesseract 侧本来就是词
reject	dislike	dishke	1	① tesseract 侧本来就是词
reject	Calvary	Calvar	1	① tesseract 侧本来就是词
reject	bearers	hearers	1	① tesseract 侧本来就是词
reject	consequent	consefjuent	1	① tesseract 侧本来就是词
reject	common	common	1	① tesseract 侧本来就是词
reject	question	juestion	1	① tesseract 侧本来就是词
reject	keeper	keejier	1	① tesseract 侧本来就是词
reject	offering	oftering	1	① tesseract 侧本来就是词
reject	Ifit	If	1	② ABBYY 侧更短，多半是粘词只给了前半
reject	scaffold	scaftbld	1	① tesseract 侧本来就是词
reject	noinformation	no	1	② 形差太远
reject	Mammon	Mamfnon	1	① tesseract 侧本来就是词
reject	answer	answer	1	① tesseract 侧本来就是词
reject	do	do	1	① tesseract 侧本来就是词
reject	Foy	Joy	1	① tesseract 侧本来就是词
reject	Martyrdom	Martyrdom	1	① tesseract 侧本来就是词
reject	forth	fortii	1	① tesseract 侧本来就是词
reject	supporting	ortin	1	① tesseract 侧本来就是词
reject	departure	dcjjarture	1	① tesseract 侧本来就是词
reject	Henceforth	ienceforth	1	① tesseract 侧本来就是词
reject	accrue	accnie	1	① tesseract 侧本来就是词
reject	meat	meat	1	① tesseract 侧本来就是词
reject	souls	souls	1	① tesseract 侧本来就是词
reject	Sr	Prospect	1	② 形差太远
reject	Coane	Gentiles	1	② 形差太远
reject	singing	singinf	1	① tesseract 侧本来就是词
reject	chi	childlike	1	① tesseract 侧本来就是词
reject	unders	understand	1	① tesseract 侧本来就是词
reject	profoundest	profoundcst	1	① tesseract 侧本来就是词
reject	zoth	oih	1	① ABBYY 侧也不是词
reject	paraphrase	paraj	1	① tesseract 侧本来就是词
reject	pretence	pretenre	1	① tesseract 侧本来就是词
reject	naturally'	naturally	1	① tesseract 侧本来就是词
reject	direction	direction	1	① tesseract 侧本来就是词
reject	worldliness	world	1	① tesseract 侧本来就是词
reject	selfseeking	self	1	② ABBYY 侧更短，多半是粘词只给了前半
reject	societies	societies	1	① tesseract 侧本来就是词
reject	would	would	1	① tesseract 侧本来就是词
reject	tumults	tumults	1	① tesseract 侧本来就是词
reject	xii	xii	1	① tesseract 侧本来就是词
reject	eighteen	litccn	1	① tesseract 侧本来就是词
reject	society	society	1	① tesseract 侧本来就是词
reject	professing	j	1	① tesseract 侧本来就是词
reject	kinsfolk	kinsfolk	1	① tesseract 侧本来就是词
reject	unspiritu	un	1	② 形差太远
reject	agencies	agencies	1	① tesseract 侧本来就是词
reject	respectably	respectably	1	① tesseract 侧本来就是词
reject	served	scncd	1	① tesseract 侧本来就是词
reject	shortly	sliortly	1	① tesseract 侧本来就是词
reject	praise	j	1	① tesseract 侧本来就是词
reject	cousin	cousin	1	① tesseract 侧本来就是词
reject	personal	personal	1	① tesseract 侧本来就是词
reject	Geschwisterkind'	Geschwistcrkind'	1	① ABBYY 侧也不是词
reject	overcome	overcome	1	① tesseract 侧本来就是词
reject	profitable	roritable	1	① tesseract 侧本来就是词
reject	practical	prat	1	① tesseract 侧本来就是词
reject	production	i	1	① tesseract 侧本来就是词
reject	parental	rtrr	1	① tesseract 侧本来就是词
reject	discipline	discipline	1	① tesseract 侧本来就是词
reject	taught	taught	1	① tesseract 侧本来就是词
reject	instruction	instniction	1	① tesseract 侧本来就是词
reject	admit	admit	1	① tesseract 侧本来就是词
reject	mere	n	1	① tesseract 侧本来就是词
reject	win	wnn	1	① tesseract 侧本来就是词
reject	wrestlings	wTestlings	1	① tesseract 侧本来就是词
reject	aif	and	1	② 形差太远
reject	says	says	1	① tesseract 侧本来就是词
reject	ownroom	own	1	② ABBYY 侧更短，多半是粘词只给了前半
reject	school	school	1	① tesseract 侧本来就是词
reject	mothers	mothers	1	① tesseract 侧本来就是词
reject	Yet	Vet	1	① tesseract 侧本来就是词
reject	regarding	regarding	1	① tesseract 侧本来就是词
reject	writing	wTiting	1	① tesseract 侧本来就是词
reject	fe	fellow	1	① tesseract 侧本来就是词
reject	brother	brother	1	① tesseract 侧本来就是词
reject	companion	compa7iion	1	① tesseract 侧本来就是词
reject	bound	bouiul	1	① tesseract 侧本来就是词
reject	danger	danger'	1	① tesseract 侧本来就是词
reject	brotherhood	brotlierhood	1	① tesseract 侧本来就是词
reject	wants	wants	1	① tesseract 侧本来就是词
reject	Christlike	Christlikc	1	① tesseract 侧本来就是词
reject	Philip	Philif	1	① tesseract 侧本来就是词
reject	supply	supply	1	① tesseract 侧本来就是词
reject	near	near	1	① tesseract 侧本来就是词
reject	cloud	rloud	1	① tesseract 侧本来就是词
reject	peller	l	1	① tesseract 侧本来就是词
reject	assume	a	1	① tesseract 侧本来就是词
reject	Affliction	Aflliction	1	① tesseract 侧本来就是词
reject	ria	trials	1	① tesseract 侧本来就是词
reject	efficient	efficient	1	① tesseract 侧本来就是词
reject	shadow	sharlow	1	① tesseract 侧本来就是词
reject	better'	better	1	① tesseract 侧本来就是词
reject	restoration	restoration	1	① tesseract 侧本来就是词
reject	ness	ness'	1	① tesseract 侧本来就是词
reject	T	T	1	① tesseract 侧本来就是词
reject	alway'	alway	1	① tesseract 侧本来就是词
reject	loves	loves	1	① tesseract 侧本来就是词
reject	prophets	proi	1	① tesseract 侧本来就是词
reject	pline	pHne	1	① ABBYY 侧也不是词
reject	does	docs	1	① tesseract 侧本来就是词
reject	devotedness	devoledness	1	① tesseract 侧本来就是词
reject	A7	his	1	② 形差太远
reject	carefully	carefully	1	① tesseract 侧本来就是词
reject	sound	sound	1	① tesseract 侧本来就是词
reject	Epistles	Kpistles	1	① tesseract 侧本来就是词
reject	bs	P	1	② 形差太远
reject	solicitude	soUcitude	1	① tesseract 侧本来就是词
reject	welcome	welcome	1	① tesseract 侧本来就是词
reject	brotherly	brotlierly	1	① tesseract 侧本来就是词
reject	came	came	1	① tesseract 侧本来就是词
reject	cH	en	1	① tesseract 侧本来就是词
reject	grief	grief	1	① tesseract 侧本来就是词
reject	subject	suljject	1	① tesseract 侧本来就是词
reject	write	lurite	1	① tesseract 侧本来就是词
reject	grievous	ria'	1	① tesseract 侧本来就是词
reject	safe	safe'	1	① tesseract 侧本来就是词
reject	Originative	originative	1	① tesseract 侧本来就是词
reject	grievous'	tiot	1	① tesseract 侧本来就是词
reject	outcome	outcome	1	① tesseract 侧本来就是词
reject	imposes	imposes	1	① tesseract 侧本来就是词
reject	slake	slake	1	① tesseract 侧本来就是词
reject	yoke'	yoke	1	① tesseract 侧本来就是词
reject	burden'	burden	1	① tesseract 侧本来就是词
reject	vitality	vitaUty	1	① tesseract 侧本来就是词
reject	bitter	bitter	1	① tesseract 侧本来就是词
reject	Beautiful	IJeautiful	1	① tesseract 侧本来就是词
reject	Glorious	ilorious	1	① tesseract 侧本来就是词
reject	people	i	1	① tesseract 侧本来就是词
reject	prosperity	j	1	① tesseract 侧本来就是词
reject	far	fiir	1	① tesseract 侧本来就是词
reject	certainly	certainly	1	① tesseract 侧本来就是词
reject	con	co7i	1	① tesseract 侧本来就是词
reject	tinued	tirmed	1	① ABBYY 侧也不是词
reject	No	Xo	1	① tesseract 侧本来就是词
reject	belie	infinite	1	① tesseract 侧本来就是词
reject	if	in	1	① tesseract 侧本来就是词
reject	defence	defence	1	① tesseract 侧本来就是词
reject	andthe	and	1	② ABBYY 侧更短，多半是粘词只给了前半
reject	ends	ends	1	① tesseract 侧本来就是词
reject	doeth	doeth	1	① tesseract 侧本来就是词
reject	Creator	Creator	1	① tesseract 侧本来就是词
reject	trust	trust	1	① tesseract 侧本来就是词
reject	Christian	Christian	1	① tesseract 侧本来就是词
reject	Thelawo	of	1	② 形差太远
reject	end	etui	1	① tesseract 侧本来就是词
reject	below	beloNv	1	① tesseract 侧本来就是词
reject	crying	cr	1	① tesseract 侧本来就是词
reject	servants	servants	1	① tesseract 侧本来就是词
reject	adorneth	adometh	1	① tesseract 侧本来就是词
reject	ful	fiil	1	① ABBYY 侧也不是词
reject	ruffle	ruflle	1	① tesseract 侧本来就是词
reject	tranquil	trancjuil	1	① tesseract 侧本来就是词
reject	rejoicing	rejoicing	1	① tesseract 侧本来就是词
reject	fall	fall	1	① tesseract 侧本来就是词
reject	last'	last	1	① tesseract 侧本来就是词
reject	y	j	1	① tesseract 侧本来就是词
reject	pit	VER	1	① tesseract 侧本来就是词
reject	fective	fcctive	1	① ABBYY 侧也不是词
reject	apprehension	apprehetision	1	① tesseract 侧本来就是词
reject	fulness	fulticss	1	① tesseract 侧本来就是词
reject	freeness	atidfrccness	1	① tesseract 侧本来就是词
reject	OP	in	1	② 形差太远
reject	ry	Lord	1	② 形差太远
reject	ours	course	1	① tesseract 侧本来就是词
reject	joyous	joyous	1	① tesseract 侧本来就是词
reject	potency	Otcncy	1	① tesseract 侧本来就是词
reject	strength	strength'	1	① tesseract 侧本来就是词
reject	weary	weary	1	① tesseract 侧本来就是词
reject	light	lieht	1	① tesseract 侧本来就是词
reject	concision	concision	1	① tesseract 侧本来就是词
reject	apostles	apostles	1	① tesseract 侧本来就是词
reject	experiences	experiences	1	① tesseract 侧本来就是词
reject	half	liair	1	① tesseract 侧本来就是词
reject	pestilent	i	1	① tesseract 侧本来就是词
reject	poison	ix	1	① tesseract 侧本来就是词
reject	extent	extent	1	① tesseract 侧本来就是词
reject	acceptance	tancc	1	① tesseract 侧本来就是词
reject	message	mesfJage	1	① tesseract 侧本来就是词
reject	lays	Mays	1	① tesseract 侧本来就是词
reject	dogs	dogs'	1	① tesseract 侧本来就是词
reject	wickedness	wickedness	1	① tesseract 侧本来就是词
reject	woman	woman	1	① tesseract 侧本来就是词
reject	trying	trj	1	① tesseract 侧本来就是词
reject	unsuited	unsuited	1	① tesseract 侧本来就是词
reject	emphatic	emjihatic	1	① tesseract 侧本来就是词
reject	explained	laincd	1	① tesseract 侧本来就是词
reject	Gentiles	ientiles	1	① tesseract 侧本来就是词
reject	jidence	fidence	1	① ABBYY 侧也不是词
reject	confidence	cojifidence	1	① tesseract 侧本来就是词
reject	mained	maincd	1	① tesseract 侧本来就是词
reject	faithful	faitliful	1	① tesseract 侧本来就是词
reject	improbable	robal	1	① tesseract 侧本来就是词
reject	Olid	Old	1	② ABBYY 侧更短，多半是粘词只给了前半
reject	Pharisee	Pharisee	1	① tesseract 侧本来就是词
reject	zeal'	zeaV	1	① tesseract 侧本来就是词
reject	daw'	law'	1	① tesseract 侧本来就是词
reject	ddame	bla	1	① ABBYY 侧也不是词
reject	kind	kind	1	① tesseract 侧本来就是词
reject	Grassmarket	Grassmarkct	1	① ABBYY 侧也不是词
reject	mercantile	mercantile	1	① tesseract 侧本来就是词
reject	doubtless	doubtless	1	① tesseract 侧本来就是词
reject	meaning	meaningwhich	1	① tesseract 侧本来就是词
reject	Ker	Ker	1	① tesseract 侧本来就是词
reject	different	dilTerent	1	① tesseract 侧本来就是词
reject	Zoss'	I	1	② 形差太远
reject	equivalent	ecjiiivalent	1	① tesseract 侧本来就是词
reject	count	county	1	① tesseract 侧本来就是词
reject	counted'	counted	1	② ABBYY 侧更短，多半是粘词只给了前半
reject	my'	ny'	1	① tesseract 侧本来就是词
reject	since	since	1	① tesseract 侧本来就是词
reject	point	point	1	① tesseract 侧本来就是词
reject	trusted	trusted	1	① tesseract 侧本来就是词
reject	win'	Svin'	1	① tesseract 侧本来就是词
reject	responsibility	responsibiHty	1	① tesseract 侧本来就是词
reject	deeper	deei	1	① tesseract 侧本来就是词
reject	inquisition'	intjuisition'	1	① tesseract 侧本来就是词
reject	plead	i	1	① tesseract 侧本来就是词
reject	appeareth	appeareth	1	① tesseract 侧本来就是词
reject	S	s	1	① tesseract 侧本来就是词
reject	Christianity	Christianity	1	① tesseract 侧本来就是词
reject	wretchedness	wTetchedness	1	① tesseract 侧本来就是词
reject	eternal	eternal	1	① tesseract 侧本来就是词
reject	looking	looking	1	① tesseract 侧本来就是词
reject	aspects	asi	1	① tesseract 侧本来就是词
reject	student	student	1	① tesseract 侧本来就是词
reject	King	King	1	① tesseract 侧本来就是词
reject	excellence	excellence	1	① tesseract 侧本来就是词
reject	shown	slunvn	1	① tesseract 侧本来就是词
reject	Saviours	Saviour'	1	① tesseract 侧本来就是词
reject	Eph	Kph	1	① tesseract 侧本来就是词
reject	gloomy	gloorny	1	① tesseract 侧本来就是词
reject	Sena	moments	1	② 形差太远
reject	depravity	dei	1	① tesseract 侧本来就是词
reject	made	nade	1	① tesseract 侧本来就是词
reject	translation	translation	1	① tesseract 侧本来就是词
reject	conformed	conformed	1	① tesseract 侧本来就是词
reject	howit	how	1	② ABBYY 侧更短，多半是粘词只给了前半
reject	punishment	punishment	1	① tesseract 侧本来就是词
reject	fain	pain	1	① tesseract 侧本来就是词
reject	shall	shall'	1	① tesseract 侧本来就是词
reject	spring	si	1	① tesseract 侧本来就是词
reject	country	countr	1	① tesseract 侧本来就是词
reject	dead'	dead	1	① tesseract 侧本来就是词
reject	phrase	j	1	① tesseract 侧本来就是词
reject	alike	alike	1	① tesseract 侧本来就是词
reject	Felix	P'	1	① tesseract 侧本来就是词
reject	expressive	exj	1	① tesseract 侧本来就是词
reject	means'	means	1	① tesseract 侧本来就是词
reject	farasa	far	1	② ABBYY 侧更短，多半是粘词只给了前半
reject	em	SainCs	1	① tesseract 侧本来就是词
reject	distrust	distmst	1	① tesseract 侧本来就是词
reject	vigilant	vi	1	① tesseract 侧本来就是词
reject	h	hope	1	① tesseract 侧本来就是词
reject	Th	The	1	① tesseract 侧本来就是词
reject	any	aqy	1	① tesseract 侧本来就是词
reject	lows	lows	1	① tesseract 侧本来就是词
reject	imperfect	ittiperfect	1	① tesseract 侧本来就是词
reject	Romans	Romans	1	① tesseract 侧本来就是词
reject	unregenerate	unregenerate	1	① tesseract 侧本来就是词
reject	gooda	good	1	② ABBYY 侧更短，多半是粘词只给了前半
reject	imaginations	imaginations	1	① tesseract 侧本来就是词
reject	toward	toivard	1	① tesseract 侧本来就是词
reject	sistent	sistcnt	1	① ABBYY 侧也不是词
reject	free	freely	1	① tesseract 侧本来就是词
reject	tendency	tendency	1	① tesseract 侧本来就是词
reject	dealings	deahngs	1	① tesseract 侧本来就是词
reject	abundant	abundant	1	① tesseract 侧本来就是词
reject	lay	layout	1	① tesseract 侧本来就是词
reject	intent	intent	1	① tesseract 侧本来就是词
reject	Ina	In	1	② ABBYY 侧更短，多半是粘词只给了前半
reject	behind	behind	1	① tesseract 侧本来就是词
reject	before'	before	1	② ABBYY 侧更短，多半是粘词只给了前半
reject	despondency	despondency	1	① tesseract 侧本来就是词
reject	Brighton	Brighton	1	① ABBYY 侧也不是词
reject	downward	dowTiward	1	① tesseract 侧本来就是词
reject	what	what2	1	① tesseract 侧本来就是词
reject	ea	VFRS	1	① tesseract 侧本来就是词
reject	high	hi	1	① tesseract 侧本来就是词
reject	calling	ini	1	① tesseract 侧本来就是词
reject	hath	liath	1	① tesseract 侧本来就是词
reject	immeasurable	immeasurable	1	① tesseract 侧本来就是词
reject	viewa	view	1	② ABBYY 侧更短，多半是粘词只给了前半
reject	high'	high	1	② ABBYY 侧更短，多半是粘词只给了前半
reject	struggling	strugglingbeliever	1	① tesseract 侧本来就是词
reject	When	len	1	① tesseract 侧本来就是词
reject	entered	enteredon	1	① tesseract 侧本来就是词
reject	unsummoned	unsummoned	1	① tesseract 侧本来就是词
reject	cheer	cheer	1	① tesseract 侧本来就是词
reject	corners	comers	1	① tesseract 侧本来就是词
reject	On	i	1	① tesseract 侧本来就是词
reject	garner	gamer	1	① tesseract 侧本来就是词
reject	three	three	1	① tesseract 侧本来就是词
reject	cording	coriling	1	① tesseract 侧本来就是词
reject	ripeness	rii	1	① tesseract 侧本来就是词
reject	pride	jjride	1	① tesseract 侧本来就是词
reject	crushing	cnishing	1	① tesseract 侧本来就是词
reject	childhood	childhood	1	① tesseract 侧本来就是词
reject	firmer	firmer	1	① tesseract 侧本来就是词
reject	reveal	rrceal	1	① tesseract 侧本来就是词
reject	Upon	upon	1	① tesseract 侧本来就是词
reject	temperament	temi	1	① tesseract 侧本来就是词
reject	divine	divijte	1	① tesseract 侧本来就是词
reject	susceptibility	susceptibiUty	1	① tesseract 侧本来就是词
reject	sweetness	sweetness	1	① tesseract 侧本来就是词
reject	dull	dull	1	① tesseract 侧本来就是词
reject	illustration	illustration	1	① tesseract 侧本来就是词
reject	photographer	j	1	① tesseract 侧本来就是词
reject	perfectly	perfecUy	1	① tesseract 侧本来就是词
reject	sustained	sustained	1	① tesseract 侧本来就是词
reject	reveal'	rrc'	1	① tesseract 侧本来就是词
reject	anew	a	1	① tesseract 侧本来就是词
reject	recognise	recognise	1	① tesseract 侧本来就是词
reject	public	puljlic	1	① tesseract 侧本来就是词
reject	affect	aftect	1	① tesseract 侧本来就是词
reject	unjust	unjust'	1	① tesseract 侧本来就是词
reject	supplying	suj	1	① tesseract 侧本来就是词
reject	theless'	theless	1	① tesseract 侧本来就是词
reject	sphere	sj	1	① tesseract 侧本来就是词
reject	keep	keej	1	① tesseract 侧本来就是词
reject	drawn	drawTi	1	① tesseract 侧本来就是词
reject	icy	remembering	1	① tesseract 侧本来就是词
reject	sanctification'	sanctification	1	① tesseract 侧本来就是词
reject	Each	Kach	1	① tesseract 侧本来就是词
reject	havetold	have	1	② ABBYY 侧更短，多半是粘词只给了前半
reject	views	views	1	① tesseract 侧本来就是词
reject	wholly	wholly	1	① tesseract 侧本来就是词
reject	report	reports	1	① tesseract 侧本来就是词
reject	verses	verses	1	① tesseract 侧本来就是词
reject	weeping	weepings	1	① tesseract 侧本来就是词
reject	belly	belly	1	① tesseract 侧本来就是词
reject	whose	ichose	1	① tesseract 侧本来就是词
reject	differently	difterently	1	① tesseract 侧本来就是词
reject	Onecan	One	1	② ABBYY 侧更短，多半是粘词只给了前半
reject	these	those	1	① tesseract 侧本来就是词
reject	press	press	1	① tesseract 侧本来就是词
reject	temptation	temi	1	① tesseract 侧本来就是词
reject	possible	jiossible	1	① tesseract 侧本来就是词
reject	faileth	faileth	1	① tesseract 侧本来就是词
reject	drunkenness	drunkenness	1	① tesseract 侧本来就是词
reject	Assyria	Assyria	1	① tesseract 侧本来就是词
reject	lions	lions	1	① tesseract 侧本来就是词
reject	gods	gods	1	① tesseract 侧本来就是词
reject	ing'	ing	1	② ABBYY 侧更短，多半是粘词只给了前半
reject	evidences	roidences	1	① tesseract 侧本来就是词
reject	suppose	supfKJse	1	① tesseract 侧本来就是词
reject	pursuits	pursuits	1	① tesseract 侧本来就是词
reject	enjoyments	ejijoyments	1	① tesseract 侧本来就是词
reject	thereof	thereof	1	① tesseract 侧本来就是词
reject	profess	j	1	① tesseract 侧本来就是词
reject	hold	hold	1	① tesseract 侧本来就是词
reject	evemies	nies	1	① ABBYY 侧也不是词
reject	saveus	save	1	② ABBYY 侧更短，多半是粘词只给了前半
reject	acquaintance	accjuaintance	1	① tesseract 侧本来就是词
reject	tains'	tains	1	① tesseract 侧本来就是词
reject	forus	for	1	② ABBYY 侧更短，多半是粘词只给了前半
reject	promises	promises	1	① tesseract 侧本来就是词
reject	Be	Jic	1	① tesseract 侧本来就是词
reject	followers	followers	1	① tesseract 侧本来就是词
reject	hem	ihcm	1	① tesseract 侧本来就是词
reject	companions	omj	1	① tesseract 侧本来就是词
reject	difficulty	difliculty	1	① tesseract 侧本来就是词
reject	d7	broad	1	② 形差太远
reject	And	kind	1	① tesseract 侧本来就是词
reject	temperance	temperance	1	① tesseract 侧本来就是词
reject	andtotem	to	1	② 形差太远
reject	perance	perancc	1	① ABBYY 侧也不是词
reject	kindness	kindness	1	① tesseract 侧本来就是词
reject	ser	sir	1	① tesseract 侧本来就是词
reject	glorifying	glorif	1	① tesseract 侧本来就是词
reject	exten	e	1	② 形差太远
reject	giloried	gloried	1	② ABBYY 侧更短，多半是粘词只给了前半
reject	weeping'	weeping	1	② ABBYY 侧更短，多半是粘词只给了前半
reject	Duncan	I	1	① tesseract 侧本来就是词
reject	note	note	1	① tesseract 侧本来就是词
reject	profession	essian	1	① tesseract 侧本来就是词
reject	State	state	1	① tesseract 侧本来就是词
reject	staff	ta5	1	① tesseract 侧本来就是词
reject	crowd	crowd	1	① tesseract 侧本来就是词
reject	com	cobs	1	③ 全书只正确出现 0 次
reject	LAUGHING	LAUGHLJfG	1	① tesseract 侧本来就是词
reject	conversation	conversation	1	① tesseract 侧本来就是词
reject	citizenship	citizenshijj	1	① tesseract 侧本来就是词
reject	probable	robabIe	1	① tesseract 侧本来就是词
reject	eyvi	evi	1	① ABBYY 侧也不是词
reject	saints'	saints	1	① tesseract 侧本来就是词
reject	white	white	1	① tesseract 侧本来就是词
reject	spirits'	sjurits'	1	① tesseract 侧本来就是词
reject	clime	cHme	1	① tesseract 侧本来就是词
reject	commonwealth	commonw	1	① tesseract 侧本来就是词
reject	bellion	bellion	1	① ABBYY 侧也不是词
reject	prey	rcy	1	① tesseract 侧本来就是词
reject	fowler	jw'	1	① tesseract 侧本来就是词
reject	destruction'	destruction	1	① tesseract 侧本来就是词
reject	pre	preposi	1	① ABBYY 侧也不是词
reject	speaking	sjicaking	1	① tesseract 侧本来就是词
reject	fa	fall	1	① tesseract 侧本来就是词
reject	foreknow	foreknow	1	① tesseract 侧本来就是词
reject	sting	sting	1	① tesseract 侧本来就是词
reject	victory	victory	1	① tesseract 侧本来就是词
reject	age	age	1	① tesseract 侧本来就是词
reject	languid	languid	1	① tesseract 侧本来就是词
reject	power'	j	1	① tesseract 侧本来就是词
reject	adapted	adapted	1	① tesseract 侧本来就是词
reject	difficulties	difticulties	1	① tesseract 侧本来就是词
reject	ita	it	1	② ABBYY 侧更短，多半是粘词只给了前半
reject	fo	to	1	① tesseract 侧本来就是词
reject	strongerto	stronger	1	② ABBYY 侧更短，多半是粘词只给了前半
reject	havell	have	1	② ABBYY 侧更短，多半是粘词只给了前半
reject	r	no	1	① tesseract 侧本来就是词
reject	therefore'	therefore'	1	① tesseract 侧本来就是词
reject	Therefore'	Therefore'	1	① tesseract 侧本来就是词
reject	You	Vou	1	① tesseract 侧本来就是词
reject	a2	a	1	② ABBYY 侧更短，多半是粘词只给了前半
reject	maintaining	maintaining	1	① tesseract 侧本来就是词
reject	so'	so	1	② ABBYY 侧更短，多半是粘词只给了前半
reject	apparently	apj	1	① tesseract 侧本来就是词
reject	such	such	1	① tesseract 侧本来就是词
reject	room	room	1	① tesseract 侧本来就是词
reject	uponit	upon	1	② ABBYY 侧更短，多半是粘词只给了前半
reject	ail	all	1	① tesseract 侧本来就是词
reject	Civilisation	civilisation	1	① ABBYY 侧也不是词
reject	vice	vice	1	① tesseract 侧本来就是词
reject	price	pricf	1	① tesseract 侧本来就是词
reject	strongly	stroni	1	① tesseract 侧本来就是词
reject	Every	Kvery	1	① tesseract 侧本来就是词
reject	respectability	resi	1	① tesseract 侧本来就是词
reject	sufficient	sufficient	1	① tesseract 侧本来就是词
reject	Howwould	How	1	② ABBYY 侧更短，多半是粘词只给了前半
reject	capabilities	capabiHties	1	① tesseract 侧本来就是词
reject	humiliation	humiliation	1	① tesseract 侧本来就是词
reject	crown	erown	1	① tesseract 侧本来就是词
reject	garland	garlaiul	1	① tesseract 侧本来就是词
reject	progress	j	1	① tesseract 侧本来就是词
reject	vain'	vain	1	② ABBYY 侧更短，多半是粘词只给了前半
reject	joyand	joy	1	② ABBYY 侧更短，多半是粘词只给了前半
reject	emperors	emperor'	1	① tesseract 侧本来就是词
reject	firmament	firmament	1	① tesseract 侧本来就是词
reject	glimpse	ghmpse	1	① tesseract 侧本来就是词
reject	painful	f	1	① tesseract 侧本来就是词
reject	fail	fiiil	1	① tesseract 侧本来就是词
reject	firmly	firmly	1	① tesseract 侧本来就是词
reject	Jove	love	1	① tesseract 侧本来就是词
reject	unblameable	unb	1	① ABBYY 侧也不是词
reject	sisters	sisters	1	① tesseract 侧本来就是词
reject	Son	Son	1	① tesseract 侧本来就是词
reject	sinful	sinful	1	① tesseract 侧本来就是词
reject	finite	fmite	1	① tesseract 侧本来就是词
reject	exercise	exercise	1	① tesseract 侧本来就是词
reject	cold	cold	1	① tesseract 侧本来就是词
reject	perfectness	perfectness	1	① tesseract 侧本来就是词
reject	Bushnell	Bushneil	1	① ABBYY 侧也不是词
reject	Brother	Brother	1	① tesseract 侧本来就是词
reject	loveableness	Icveableness	1	① tesseract 侧本来就是词
reject	impulsive	impulsive	1	① tesseract 侧本来就是词
reject	difference	difl'	1	① tesseract 侧本来就是词
reject	deseeches	beseeches	1	③ 全书只正确出现 1 次
reject	coldness	coldness	1	① tesseract 侧本来就是词
reject	beseech	besfcch	1	① tesseract 侧本来就是词
reject	laboured	Liboured	1	① tesseract 侧本来就是词
reject	Paul'	Paur	1	① tesseract 侧本来就是词
reject	thither	thither	1	① tesseract 侧本来就是词
reject	domestic	domestic	1	① tesseract 侧本来就是词
reject	handling	handling'	1	① tesseract 侧本来就是词
reject	perhaps	perhaj	1	① tesseract 侧本来就是词
reject	fruits	fniits	1	① tesseract 侧本来就是词
reject	original	orii	1	① tesseract 侧本来就是词
reject	specific	specific	1	① tesseract 侧本来就是词
reject	Onesimus'	Onesimus	1	① ABBYY 侧也不是词
reject	helpers	helpers	1	① tesseract 侧本来就是词
reject	named	nameil	1	① tesseract 侧本来就是词
reject	extant	extant	1	① tesseract 侧本来就是词
reject	life'	life	1	① tesseract 侧本来就是词
reject	suf	suf	1	① ABBYY 侧也不是词
reject	Thus	I'	1	① tesseract 侧本来就是词
reject	Ze	The	1	② 形差太远
reject	logical	logicalconnection	1	① tesseract 侧本来就是词
reject	naturally	naturallybe	1	① tesseract 侧本来就是词
reject	priests	priestsof	1	① tesseract 侧本来就是词
reject	journey	journey	1	① tesseract 侧本来就是词
reject	usage	usageof	1	① tesseract 侧本来就是词
reject	advent	adz'	1	① tesseract 侧本来就是词
reject	draweth	drawethnigh	1	① tesseract 侧本来就是词
reject	condemned	condemned	1	① tesseract 侧本来就是词
reject	ames	jfameSy	1	① tesseract 侧本来就是词
reject	creation	rcation	1	① tesseract 侧本来就是词
reject	impatient	imj	1	① tesseract 侧本来就是词
reject	hoary	hoar	1	① tesseract 侧本来就是词
reject	vER	VER	1	① tesseract 侧本来就是词
reject	precept	recej	1	① tesseract 侧本来就是词
reject	exquisite	exciuisite	1	① tesseract 侧本来就是词
reject	seek	sttV	1	① tesseract 侧本来就是词
reject	division	division	1	① tesseract 侧本来就是词
reject	pray	pray	1	① tesseract 侧本来就是词
reject	supplication	supplication	1	① tesseract 侧本来就是词
reject	giving	vingy	1	① tesseract 侧本来就是词
reject	experienced	experienced	1	① tesseract 侧本来就是词
reject	requests	requests''''	1	① tesseract 侧本来就是词
reject	enjoins	enjoins	1	① tesseract 侧本来就是词
reject	purer	i	1	① tesseract 侧本来就是词
reject	dealeth	dealcth	1	① tesseract 侧本来就是词
reject	anxiety	anxiety	1	① tesseract 侧本来就是词
reject	Aud'	id	1	② 形差太远
reject	understanding	understandings	1	① tesseract 侧本来就是词
reject	torment	torment'	1	① tesseract 侧本来就是词
reject	Righteousness	Righteousness	1	① tesseract 侧本来就是词
reject	tranquillity	trancjuillity	1	① tesseract 侧本来就是词
reject	Spirit'	Spirit	1	① tesseract 侧本来就是词
reject	teaching	teaching	1	① tesseract 侧本来就是词
reject	mystery	mystery	1	① tesseract 侧本来就是词
reject	possibility	possibiHty	1	① tesseract 侧本来就是词
reject	discerned	discerned	1	① tesseract 侧本来就是词
reject	hearts	hearts	1	① tesseract 侧本来就是词
reject	terrors	terrors	1	① tesseract 侧本来就是词
reject	knowing	knowing	1	① tesseract 侧本来就是词
reject	disciples	lcs	1	① tesseract 侧本来就是词
reject	hat	i	1	① tesseract 侧本来就是词
reject	peace	peace	1	① tesseract 侧本来就是词
reject	evinced	evinced	1	① tesseract 侧本来就是词
reject	Abednego	Abedncgo	1	① tesseract 侧本来就是词
reject	Him'	Him	1	① tesseract 侧本来就是词
reject	friend	friend	1	① tesseract 侧本来就是词
reject	minds	minds	1	① tesseract 侧本来就是词
reject	ceas	ceased	1	③ 全书只正确出现 0 次
reject	fence	existence	1	① tesseract 侧本来就是词
reject	wine	wind	1	① tesseract 侧本来就是词
reject	Lp	the	1	② 形差太远
reject	rd	and	1	② 形差太远
reject	tn	true	1	② 形差太远
reject	kept	ke	1	① tesseract 侧本来就是词
reject	hagnest	hqnest	1	① ABBYY 侧也不是词
reject	whatsoever	whatsorcer	1	① tesseract 侧本来就是词
reject	purity	purity	1	① tesseract 侧本来就是词
reject	needful	needful	1	① tesseract 侧本来就是词
reject	fitting	fitting'	1	① tesseract 侧本来就是词
reject	true'	true	1	① tesseract 侧本来就是词
reject	Stitute	stitute	1	① ABBYY 侧也不是词
reject	Ephesians	Ephcsians	1	① tesseract 侧本来就是词
reject	firm	firm	1	① tesseract 侧本来就是词
reject	casuistty	casuistry	1	③ 全书只正确出现 0 次
reject	playful	pla	1	① tesseract 侧本来就是词
reject	obvious	ob	1	① tesseract 侧本来就是词
reject	honest	honest	1	① tesseract 侧本来就是词
reject	loftiness	luftiness	1	① tesseract 侧本来就是词
reject	impression	imj	1	① tesseract 侧本来就是词
reject	nowise	nowise	1	① tesseract 侧本来就是词
reject	thinking'	thinking	1	② ABBYY 侧更短，多半是粘词只给了前半
reject	just	j	1	① tesseract 侧本来就是词
reject	VER	Ver	1	① tesseract 侧本来就是词
reject	next	next'	1	① tesseract 侧本来就是词
reject	neither	neither	1	① tesseract 侧本来就是词
reject	filthiness	filthiness	1	① tesseract 侧本来就是词
reject	talking	talking	1	① tesseract 侧本来就是词
reject	institutions	institutions	1	① tesseract 侧本来就是词
reject	vwth	imt	1	① ABBYY 侧也不是词
reject	se	self	1	① tesseract 侧本来就是词
reject	physician	j	1	① tesseract 侧本来就是词
reject	portant	jiortant	1	① ABBYY 侧也不是词
reject	lovely	lovely	1	① tesseract 侧本来就是词
reject	ovely'	loi'	1	① ABBYY 侧也不是词
reject	endeavour	endeavour	1	① tesseract 侧本来就是词
reject	within	dthin	1	① tesseract 侧本来就是词
reject	te	to	1	① tesseract 侧本来就是词
reject	herbis	herbis	1	① ABBYY 侧也不是词
reject	sit	sine	1	① tesseract 侧本来就是词
reject	ullius	itllius	1	① ABBYY 侧也不是词
reject	venefice	veneficcB	1	① ABBYY 侧也不是词
reject	wish	vish	1	① tesseract 侧本来就是词
reject	flax	flax	1	① tesseract 侧本来就是词
reject	likea	like	1	② ABBYY 侧更短，多半是粘词只给了前半
reject	pursue	j	1	① tesseract 侧本来就是词
reject	thou	thou	1	① tesseract 侧本来就是词
reject	unexpressed	une	1	① tesseract 侧本来就是词
reject	diligent	dihgent	1	① tesseract 侧本来就是词
reject	sexes	sexes2	1	① tesseract 侧本来就是词
reject	liness'	liness	1	① ABBYY 侧也不是词
reject	string	string	1	① tesseract 侧本来就是词
reject	four	four	1	① tesseract 侧本来就是词
reject	truthfulness	tnithfulness	1	① tesseract 侧本来就是词
reject	wirtue'	virtue'	1	③ 全书只正确出现 1 次
reject	produce	produce	1	① tesseract 侧本来就是词
reject	Eadie	Eadie	1	① tesseract 侧本来就是词
reject	right	right	1	① tesseract 侧本来就是词
reject	pander	pandei	1	① tesseract 侧本来就是词
reject	tends	tends	1	① tesseract 侧本来就是词
reject	construction	construction	1	① tesseract 侧本来就是词
reject	considering	considerini	1	① tesseract 侧本来就是词
reject	fud	fully	1	① tesseract 侧本来就是词
reject	Vital	Vitalto	1	① tesseract 侧本来就是词
reject	harm	harm	1	① tesseract 侧本来就是词
reject	m	viilitare	1	① tesseract 侧本来就是词
reject	wasthe	was	1	② ABBYY 侧更短，多半是粘词只给了前半
reject	again'	ai	1	① tesseract 侧本来就是词
reject	poetry	jioetry	1	① tesseract 侧本来就是词
reject	ow	iioiu	1	① tesseract 侧本来就是词
reject	misconstruction	misconstruction	1	① tesseract 侧本来就是词
reject	IT	I	1	① tesseract 侧本来就是词
reject	wand	want	1	① tesseract 侧本来就是词
reject	painfully	j	1	① tesseract 侧本来就是词
reject	burdens	burdens	1	① tesseract 侧本来就是词
reject	troubles	troubles	1	① tesseract 侧本来就是词
reject	calumny	calumny	1	① tesseract 侧本来就是词
reject	inheritance'	inheritance	1	② ABBYY 侧更短，多半是粘词只给了前半
reject	control	control	1	① tesseract 侧本来就是词
reject	foes	foesA	1	① tesseract 侧本来就是词
reject	defeat	defeatWould	1	① tesseract 侧本来就是词
reject	overmuch	overmuchLet	1	① tesseract 侧本来就是词
reject	Archilochus	Archilochus	1	① ABBYY 侧也不是词
reject	Being	Heing	1	① tesseract 侧本来就是词
reject	activity	activity	1	① tesseract 侧本来就是词
reject	storms	stonns	1	① tesseract 侧本来就是词
reject	trouble	trouble	1	① tesseract 侧本来就是词
reject	grain	grain	1	① tesseract 侧本来就是词
reject	faults	faults	1	① tesseract 侧本来就是词
reject	wlimited	inilimited	1	① ABBYY 侧也不是词
reject	witness	vitness	1	① tesseract 侧本来就是词
reject	rences	rences	1	① ABBYY 侧也不是词
reject	homewards	homewards	1	① tesseract 侧本来就是词
reject	flints	flints	1	① tesseract 侧本来就是词
reject	short	shorty	1	① tesseract 侧本来就是词
reject	arrows	arrows	1	① tesseract 侧本来就是词
reject	uw	Contentment	1	② 形差太远
reject	instructed	mstructed	1	① tesseract 侧本来就是词
reject	emervate	enervate	1	③ 全书只正确出现 0 次
reject	hness	Kness	1	① ABBYY 侧也不是词
reject	arn	kam	1	① tesseract 侧本来就是词
reject	proving	j	1	① tesseract 侧本来就是词
reject	initiated'	initiated	1	① tesseract 侧本来就是词
reject	efficiency	efiiciency	1	① tesseract 侧本来就是词
reject	thankfulness	thankfulness	1	① tesseract 侧本来就是词
reject	Strengtheneth	strengtheneth	1	① tesseract 侧本来就是词
reject	JZ	I	1	② 形差太远
reject	ButI	But	1	② ABBYY 侧更短，多半是粘词只给了前半
reject	remark	remark	1	① tesseract 侧本来就是词
reject	tion	tiony	1	① ABBYY 侧也不是词
reject	low	low	1	① tesseract 侧本来就是词
reject	necessity	necessity	1	① tesseract 侧本来就是词
reject	xvii	xvii	1	① tesseract 侧本来就是词
reject	suffi	sufll	1	① ABBYY 侧也不是词
reject	ciency	cicncy	1	① ABBYY 侧也不是词
reject	TJ	I	1	② 形差太远
reject	concerning	coNcerning	1	① tesseract 侧本来就是词
reject	receiving	receivini	1	① tesseract 侧本来就是词
reject	receiving'	receiving	1	② ABBYY 侧更短，多半是粘词只给了前半
reject	altar	altar	1	① tesseract 侧本来就是词
reject	wot	not	1	① tesseract 侧本来就是词
reject	ordained'	ordained	1	① tesseract 侧本来就是词
reject	accepted	accei	1	① tesseract 侧本来就是词
reject	freely	freely	1	① tesseract 侧本来就是词
reject	concerned	concerned	1	① tesseract 侧本来就是词
reject	smell	smelly	1	① tesseract 侧本来就是词
reject	marvels	marvels	1	① tesseract 侧本来就是词
reject	need'	need	1	① tesseract 侧本来就是词
reject	Observe	observe	1	① tesseract 侧本来就是词
reject	utterly	utterly2	1	① tesseract 侧本来就是词
reject	Casar'	Ccesar'	1	① ABBYY 侧也不是词
reject	chie	chiefly'	1	④ ABBYY 侧长出一截（tesseract 截词），未逐句核过不采信
reject	Amen	Amen'	1	① tesseract 侧本来就是词
reject	NW	I	1	② 形差太远
reject	bold	bold1	1	① tesseract 侧本来就是词
reject	set	set17	1	① tesseract 侧本来就是词
reject	proclaimed	proclaimed	1	① tesseract 侧本来就是词
reject	Butif	if	1	② ABBYY 侧更短，多半是粘词只给了前半
reject	yourselves	yourselves	1	① tesseract 侧本来就是词
reject	shat	that	1	① tesseract 侧本来就是词
reject	furtherance	furtherance23	1	① tesseract 侧本来就是词
reject	Beware	Ikware	1	① tesseract 侧本来就是词
reject	counted	counted8	1	① tesseract 侧本来就是词
reject	inme	in	1	② ABBYY 侧更短，多半是粘词只给了前半
reject	speak	speak	1	① tesseract 侧本来就是词
reject	once	once17	1	① tesseract 侧本来就是词
reject	TEAT	TEXT	1	① tesseract 侧本来就是词
reject	ideas	ideas	1	① tesseract 侧本来就是词
reject	Emi	EttI	1	① ABBYY 侧也不是词
reject	translators	translators	1	① tesseract 侧本来就是词
reject	towards	towards	1	① tesseract 侧本来就是词
reject	springing	springinp	1	① tesseract 侧本来就是词
reject	Rom	Kom	1	① tesseract 侧本来就是词
reject	algebra	algebra	1	① tesseract 侧本来就是词
reject	pera	xcra	1	① ABBYY 侧也不是词
reject	structure	stmcture	1	① tesseract 侧本来就是词
reject	wardness'	wardness	1	① tesseract 侧本来就是词
reject	prominence	prominence	1	① tesseract 侧本来就是词
reject	pe	xc	1	① tesseract 侧本来就是词
reject	Rosenmiiller	Rosenmiillcr	1	① tesseract 侧本来就是词
reject	books	books	1	① tesseract 侧本来就是词
reject	pov	xov	1	① ABBYY 侧也不是词
reject	observes	observes	1	① tesseract 侧本来就是词
reject	foll	foil	1	③ 全书只正确出现 0 次
reject	Exiyvwors	rtyvo	1	① ABBYY 侧也不是词
reject	full	w	1	① tesseract 侧本来就是词
reject	perception'	percej	1	① tesseract 侧本来就是词
reject	deals	deals	1	① tesseract 侧本来就是词
reject	dey	Iltur	1	① tesseract 侧本来就是词
reject	towards'	towards	1	② ABBYY 侧更短，多半是粘词只给了前半
reject	Chrysostom	Chrj'	1	① tesseract 侧本来就是词
reject	eis	ct	1	① ABBYY 侧也不是词
reject	Kapwov	Kapirov	1	① ABBYY 侧也不是词
reject	oles	Nolcs	1	① tesseract 侧本来就是词
reject	Text	Tt'Xt	1	① tesseract 侧本来就是词
reject	pretoriani	prcBtoriani	1	① ABBYY 侧也不是词
reject	pretorian	prcXtorian	1	① tesseract 侧本来就是词
reject	To	To	1	① tesseract 侧本来就是词
reject	in'	in	1	① tesseract 侧本来就是词
reject	pretorio	prcetorio	1	① ABBYY 侧也不是词
reject	admirable	admirable	1	① tesseract 侧本来就是词
reject	exhausts	exhausts	1	① tesseract 侧本来就是词
reject	rots	rot	1	① tesseract 侧本来就是词
reject	cu	cii	1	② 形差太远
reject	oi	ol	1	① ABBYY 侧也不是词
reject	rwes	TLvh	1	① ABBYY 侧也不是词
reject	many	many	1	① tesseract 侧本来就是词
reject	hisfriends	his	1	② 形差太远
reject	required	recpiired	1	① tesseract 侧本来就是词
reject	With	with	1	① tesseract 侧本来就是词
reject	resudt	resuU	1	① ABBYY 侧也不是词
reject	apodosis	apodosis	1	① tesseract 侧本来就是词
reject	Ty	rvojpi	1	① ABBYY 侧也不是词
reject	Mark	Markvii	1	① tesseract 侧本来就是词
reject	o	o78	1	① tesseract 侧本来就是词
reject	stay	stay	1	① tesseract 侧本来就是词
reject	adequately	adecjuately	1	① tesseract 侧本来就是词
reject	ya	xa	1	① tesseract 侧本来就是词
reject	thus	thus	1	① tesseract 侧本来就是词
reject	affairs'	affairs	1	② ABBYY 侧更短，多半是粘词只给了前半
reject	uses	usesof	1	① tesseract 侧本来就是词
reject	historical	historical	1	① tesseract 侧本来就是词
reject	xovres	ovT	1	① ABBYY 侧也不是词
reject	whilst	vhilst	1	① tesseract 侧本来就是词
reject	consolation	consolation	1	① tesseract 侧本来就是词
reject	comfort	comfort'	1	① tesseract 侧本来就是词
reject	tis	ns	1	① ABBYY 侧也不是词
reject	Ms	ms	1	① ABBYY 侧也不是词
reject	indeclinable	indeclinable	1	① tesseract 侧本来就是词
reject	copyist	copyist2	1	① tesseract 侧本来就是词
reject	stand	Stand	1	① tesseract 侧本来就是词
reject	gives	gives	1	① tesseract 侧本来就是词
reject	distinctive	distinctive	1	① tesseract 侧本来就是词
reject	authority	authority	1	① tesseract 侧本来就是词
reject	obviously	ol	1	① tesseract 侧本来就是词
reject	implies	impHes	1	① tesseract 侧本来就是词
reject	sense	senseof	1	① tesseract 侧本来就是词
reject	In	In	1	① tesseract 侧本来就是词
reject	participle	participlevirdpxoiv	1	① tesseract 侧本来就是词
reject	force	forceof	1	① tesseract 侧本来就是词
reject	equality	equalitywith	1	① tesseract 侧本来就是词
reject	writers	writers	1	① tesseract 侧本来就是词
reject	subordt	subordi	1	① ABBYY 侧也不是词
reject	oix	ov	1	① ABBYY 侧也不是词
reject	ii	ii	1	① tesseract 侧本来就是词
reject	omit	omit	1	① tesseract 侧本来就是词
reject	sazm	saints	1	② 形差太远
reject	CH	ni	1	① tesseract 侧本来就是词
reject	belongs	beloni	1	① tesseract 侧本来就是词
reject	Qs	iU	1	① ABBYY 侧也不是词
reject	Deut	Deut	1	① tesseract 侧本来就是词
reject	lx	Ix	1	① tesseract 侧本来就是词
reject	Macc	Mace	1	③ 全书只正确出现 0 次
reject	rising	isiftg	1	① tesseract 侧本来就是词
reject	preceding	preceding	1	① tesseract 侧本来就是词
reject	wow	now	1	① tesseract 侧本来就是词
reject	act	acf	1	① tesseract 侧本来就是词
reject	sacrificing	sacrificing	1	① tesseract 侧本来就是词
reject	ill	iii	1	① tesseract 侧本来就是词
reject	offerings	off	1	① tesseract 侧本来就是词
reject	vyxaipw	vyxaipo	1	① ABBYY 侧也不是词
reject	seems	seems	1	① tesseract 侧本来就是词
reject	appears	a	1	① tesseract 侧本来就是词
reject	me'	me'	1	① tesseract 侧本来就是词
reject	andern	andern	1	① ABBYY 侧也不是词
reject	nO	no	1	① tesseract 侧本来就是词
reject	c	class	1	① tesseract 侧本来就是词
reject	truly	truly	1	① tesseract 侧本来就是词
reject	inadequate	inadequate	1	① tesseract 侧本来就是词
reject	yev	yfv	1	① ABBYY 侧也不是词
reject	af	aj	1	① ABBYY 侧也不是词
reject	proval	provaL	1	① ABBYY 侧也不是词
reject	vied	tried	1	① tesseract 侧本来就是词
reject	only	only	1	① tesseract 侧本来就是词
reject	understood	understood	1	① tesseract 侧本来就是词
reject	relic	reUc	1	① tesseract 侧本来就是词
reject	wissen	wisscn	1	① ABBYY 侧也不是词
reject	placing	l	1	① tesseract 侧本来就是词
reject	past	past	1	① tesseract 侧本来就是词
reject	nos	noSj	1	① ABBYY 侧也不是词
reject	Version	Vernon	1	① tesseract 侧本来就是词
reject	suppose'	suppose	1	② ABBYY 侧更短，多半是粘词只给了前半
reject	supposed'	supposed	1	① tesseract 侧本来就是词
reject	wfon	tipon	1	① ABBYY 侧也不是词
reject	Jdefore	before	1	② ABBYY 侧更短，多半是粘词只给了前半
reject	male	ma	1	① tesseract 侧本来就是词
reject	consulere	consulere	1	① ABBYY 侧也不是词
reject	beyond	beyond	1	① tesseract 侧本来就是词
reject	r7	rfj	1	① ABBYY 侧也不是词
reject	Hazard'	Hazard	1	② ABBYY 侧更短，多半是粘词只给了前半
reject	azzardo	azzardoj	1	① ABBYY 侧也不是词
reject	ut	III	1	① tesseract 侧本来就是词
reject	Ver	Vkr	1	① tesseract 侧本来就是词
reject	Kupiw	Ktpt'o	1	① ABBYY 侧也不是词
reject	occurred	occurred	1	① tesseract 侧本来就是词
reject	disagreeable	disagruable	1	① tesseract 侧本来就是词
reject	impetuosity	impetuosit	1	① tesseract 侧本来就是词
reject	fatherly	fatheriy	1	① tesseract 侧本来就是词
reject	reiteration	reiterarion	1	① tesseract 侧本来就是词
reject	amy	any	1	① tesseract 侧本来就是词
reject	chap	chap	1	① tesseract 侧本来就是词
reject	Col	CoL	1	① tesseract 侧本来就是词
reject	Hengel	Hcnf	1	① ABBYY 侧也不是词
reject	adversaries	adversaries	1	① tesseract 侧本来就是词
reject	lxx	Ixx	1	① tesseract 侧本来就是词
reject	possesses	possesses	1	① tesseract 侧本来就是词
reject	use'	use	1	① tesseract 侧本来就是词
reject	assumed	assumed	1	① tesseract 侧本来就是词
reject	fee	feeling	1	① tesseract 侧本来就是词
reject	feeding	feeling	1	① tesseract 侧本来就是词
reject	expression	expression	1	① tesseract 侧本来就是词
reject	Oar	ia	1	① tesseract 侧本来就是词
reject	Elli	EUi	1	① ABBYY 侧也不是词
reject	pp	pp	1	① tesseract 侧本来就是词
reject	attain'	attain	1	① tesseract 侧本来就是词
reject	Ed'	E	1	① tesseract 侧本来就是词
reject	propterea	propterca	1	① ABBYY 侧也不是词
reject	adverbial	adverbial2	1	① tesseract 侧本来就是词
reject	itself	itst'	1	① tesseract 侧本来就是词
reject	suitable	suitable	1	① tesseract 侧本来就是词
reject	m1	III	1	② 形差太远
reject	definiteness	definiteness	1	① tesseract 侧本来就是词
reject	details	details	1	① tesseract 侧本来就是词
reject	heaven'	heaven	1	① tesseract 侧本来就是词
reject	civifas	civitas	1	① ABBYY 侧也不是词
reject	amwdaa	dTrojActcu	1	① ABBYY 侧也不是词
reject	fleeting	fieeting	1	① tesseract 侧本来就是词
reject	change	M	1	① tesseract 侧本来就是词
reject	nature'	nature	1	① tesseract 侧本来就是词
reject	mainverb	main	1	② ABBYY 侧更短，多半是粘词只给了前半
reject	women	wotnen	1	① tesseract 侧本来就是词
reject	guippe	quippe	1	① ABBYY 侧也不是词
reject	AapBavov	Xa	1	① ABBYY 侧也不是词
reject	Ep	Eptu	1	① ABBYY 侧也不是词
reject	z7d	wills3	1	① ABBYY 侧也不是词
reject	See	see	1	① tesseract 侧本来就是词
reject	reason	reason	1	① tesseract 侧本来就是词
reject	itseems	it	1	② 形差太远
reject	implied	implied	1	① tesseract 侧本来就是词
reject	compare	coraj	1	① tesseract 侧本来就是词
reject	earlier	earher	1	① tesseract 侧本来就是词
reject	both	both	1	① tesseract 侧本来就是词
reject	uoi	aot	1	① ABBYY 侧也不是词
reject	zap'	Trap'	1	③ 全书只正确出现 0 次
reject	Td	To	1	① tesseract 侧本来就是词
reject	expected	expected	1	① tesseract 侧本来就是词
reject	xxxvil	xxxvii	1	③ 全书只正确出现 0 次
reject	namely	namely	1	① tesseract 侧本来就是词
reject	notion	notion	1	① tesseract 侧本来就是词
reject	Adyos	Xoyos	1	① ABBYY 侧也不是词
reject	agree	a	1	① tesseract 侧本来就是词
reject	dis	xai	1	① tesseract 侧本来就是词
reject	twice	tMrice	1	① tesseract 侧本来就是词
reject	pwoe	po	1	② ABBYY 侧更短，多半是粘词只给了前半
reject	elsewhere	elsewhere	1	① tesseract 侧本来就是词
reject	lies	Hes	1	① tesseract 侧本来就是词
reject	emphasis	emphasis	1	① tesseract 侧本来就是词
reject	NOTICE	NOTICE	1	① tesseract 侧本来就是词
reject	wrong	vrong	1	① tesseract 侧本来就是词
reject	numerous	numerous	1	① tesseract 侧本来就是词
reject	congratulate	congratulate	1	① tesseract 侧本来就是词
reject	efistolary	epistolary	1	③ 全书只正确出现 0 次
reject	endured'	endured	1	② ABBYY 侧更短，多半是粘词只给了前半
reject	worshippeth	worshippeth	1	① ABBYY 侧也不是词
reject	blood	blood	1	① tesseract 侧本来就是词
reject	doit	do	1	① tesseract 侧本来就是词
reject	presence	rescnce	1	① tesseract 侧本来就是词
reject	restraint	restraint	1	① tesseract 侧本来就是词
reject	ourselves'	ourselves	1	② ABBYY 侧更短，多半是粘词只给了前半
reject	wives	wives	1	① tesseract 侧本来就是词
reject	deacon'	deacon	1	① tesseract 侧本来就是词
reject	tinctly	tinctly	1	① tesseract 侧本来就是词
reject	Aivgs	XvV	1	① ABBYY 侧也不是词
reject	Tim	Tim	1	① tesseract 侧本来就是词
reject	iam	ii	1	② 形差太远
reject	warreth	warrcth	1	① ABBYY 侧也不是词
reject	VI	VL	1	① tesseract 侧本来就是词
reject	elders	elders	1	① tesseract 侧本来就是词
reject	forgive	forgive	1	① tesseract 侧本来就是词
reject	beginning	beginning	1	① tesseract 侧本来就是词
reject	fastings	fastings	1	① tesseract 侧本来就是词
reject	the'	the	1	② ABBYY 侧更短，多半是粘词只给了前半
reject	seen	seen	1	① tesseract 侧本来就是词
reject	Stand	Stand	1	① tesseract 侧本来就是词
reject	Eusebius	Eusebius	1	① tesseract 侧本来就是词
reject	apocryphal	apocrj	1	① tesseract 侧本来就是词
reject	ize	ii	1	② 形差太远
reject	blasphemed	blasphemed	1	① tesseract 侧本来就是词
reject	givento	given	1	② ABBYY 侧更短，多半是粘词只给了前半
reject	praised'	praised	1	① tesseract 侧本来就是词
reject	Smyrna	Smyrna	1	① tesseract 侧本来就是词
reject	Blessed	lilessed	1	① tesseract 侧本来就是词
reject	XIII	XHL	1	① tesseract 侧本来就是词
reject	Yewrote	Ye	1	② 形差太远
reject	hence	haice	1	① tesseract 侧本来就是词
reject	distinctly	d	1	① tesseract 侧本来就是词
reject	Polycarp	Polycarj	1	① tesseract 侧本来就是词
reject	vili	viii	1	① tesseract 侧本来就是词
reject	concerneth	concemeth	1	① tesseract 侧本来就是词
reject	gud	qtii	1	① tesseract 侧本来就是词
reject	co	eo	1	① ABBYY 侧也不是词
reject	sunt	sunt	1	① tesseract 侧本来就是词
reject	isa	is	1	① tesseract 侧本来就是词
reject	GIBB	Gllin	1	① ABBYY 侧也不是词
reject	PRINTERS	TRINTERS	1	① tesseract 侧本来就是词
reject	MAJESTY'	MAJlibTY'	1	① tesseract 侧本来就是词
reject	STATIONERY	STATIONKhY	1	① tesseract 侧本来就是词
reject	WILLIAM	BYWILLIAM	1	① tesseract 侧本来就是词
reject	CO	CO	1	① ABBYY 侧也不是词
reject	ISTLE	ISTLK	1	① tesseract 侧本来就是词
reject	Notes	Notrs	1	① tesseract 侧本来就是词
reject	R	KoIlKKT	1	① tesseract 侧本来就是词
reject	osnert	KoIlKKT	1	① ABBYY 侧也不是词
reject	Jounsrone	JoIINSTtiNE	1	① ABBYY 侧也不是词
reject	B	H	1	① tesseract 侧本来就是词
reject	Glasgow	Iai	1	① ABBYY 侧也不是词
reject	TURES	ITTrKE	1	① ABBYY 侧也不是词
reject	JAMES	JAMKS	1	① tesseract 侧本来就是词
reject	epistle	epistlo	1	① tesseract 侧本来就是词
reject	Congregational	Conyregational	1	① tesseract 侧本来就是词
reject	azine	Mofjnzine	1	① tesseract 侧本来就是词
reject	RELATIONS	UKLATIONS	1	① tesseract 侧本来就是词
reject	Ajmere	Ajinere	1	① ABBYY 侧也不是词
reject	Robson	IJobson	1	① ABBYY 侧也不是词
reject	sttidied	tudied	1	① ABBYY 侧也不是词
reject	above	al	1	① tesseract 侧本来就是词
reject	LYMOUTH	PLYMOUTH	1	③ 全书只正确出现 0 次
reject	UNVEILED	UNYEILED	1	① tesseract 侧本来就是词
reject	Rep	Kkid	1	① tesseract 侧本来就是词
reject	u	Fifth	1	① tesseract 侧本来就是词
reject	Edition	Edition	1	① tesseract 侧本来就是词
reject	Smita	Smith	1	③ 全书只正确出现 1 次
reject	HE	niHE	1	① tesseract 侧本来就是词
reject	JOSHUA	JOSHUA	1	① tesseract 侧本来就是词
reject	TIMES	TIMES	1	① tesseract 侧本来就是词
reject	Egyptian	Ejryptian	1	① tesseract 侧本来就是词
reject	Loxpon	n	1	② 形差太远
reject	CQ	CO	1	① ABBYY 侧也不是词
reject	PUBLISHED	PUBLISHED	1	① tesseract 侧本来就是词
reject	Rupert	KoBEKT	1	① tesseract 侧本来就是词
reject	yo	vo	1	① tesseract 侧本来就是词
reject	ORIGIN	ORIGIN	1	① tesseract 侧本来就是词
reject	Epwr1	Edwin	1	② 形差太远
reject	Epwr1y	Edwin	1	② 形差太远
reject	Bissett	Bisskll	1	① ABBYY 侧也不是词
reject	VERLASTING	PVEPJ	1	① ABBYY 侧也不是词
reject	MODERN	MODERN	1	① tesseract 侧本来就是词
reject	DD	D	1	② ABBYY 侧更短，多半是粘词只给了前半
reject	Trowel	Troicel	1	① tesseract 侧本来就是词
reject	Review	eciew	1	① tesseract 侧本来就是词
reject	PASTORAL	PASTOKAL	1	① tesseract 侧本来就是词
reject	pertaius	pertains	1	③ 全书只正确出现 1 次
reject	Crown	wu	1	① tesseract 侧本来就是词
reject	ANDREW	Andkew	1	① tesseract 侧本来就是词
reject	late	late	1	① tesseract 侧本来就是词
reject	Foreign	Foreign	1	① tesseract 侧本来就是词
reject	Coupar	Coupai	1	① ABBYY 侧也不是词
reject	Gi	In	1	① tesseract 侧本来就是词
reject	thesis	thesis	1	① tesseract 侧本来就是词
reject	Hetherington	Hetheriugton	1	① ABBYY 侧也不是词
reject	O	U0	1	① tesseract 侧本来就是词
reject	ExpLanatory	Explanatory	1	① tesseract 侧本来就是词
reject	IIT	IlL	1	② 形差太远
reject	carefuly	y	1	② 形差太远
reject	Johnstone	JohnstoneJ5	1	① tesseract 侧本来就是词
reject	Lectures	LecturesPLEASE	1	① tesseract 侧本来就是词
reject	POCKET	POCKETUNIVERSITY	1	① tesseract 侧本来就是词
reject	wid	w	1	① tesseract 侧本来就是词
reject	re	v	1	① tesseract 侧本来就是词
reject	VOM	V	1	② ABBYY 侧更短，多半是粘词只给了前半
reject	PrP	V	1	② 形差太远
