▶ 批量中译 4 篇  2026-09-04 09:36:22
════════ [1/4] owen/hebrews/10/index.md  2026-09-04 09:36:22 ════════
owen/hebrews/10/index.md: 810 个可译单元
    [tok] #1 入 1,870（新缓存 1,868 / 读缓存 0） 出 19 = 1,889 | 累计 1,889 tok $0.020
  已翻 1/808 段
    [tok] #2 入 1,929（新缓存 341 / 读缓存 1,586） 出 74 = 2,003 | 累计 3,892 tok $0.027
  已翻 2/808 段
    [tok] #3 入 2,033（新缓存 445 / 读缓存 1,586） 出 160 = 2,193 | 累计 6,085 tok $0.038
  已翻 3/808 段
    [tok] #4 入 2,297（新缓存 709 / 读缓存 1,586） 出 506 = 2,803 | 累计 8,888 tok $0.060
  已翻 4/808 段
    [tok] #5 入 2,301（新缓存 713 / 读缓存 1,586） 出 453 = 2,754 | 累计 11,642 tok $0.080
  已翻 5/808 段
    [tok] #6 入 1,975（新缓存 387 / 读缓存 1,586） 出 150 = 2,125 | 累计 13,767 tok $0.090
    [tok] #7 入 1,923（新缓存 335 / 读缓存 1,586） 出 137 = 2,060 | 累计 15,827 tok $0.099
  已翻 6/808 段
    [tok] #8 入 1,993（新缓存 405 / 读缓存 1,586） 出 140 = 2,133 | 累计 17,960 tok $0.108
  已翻 7/808 段
    [tok] #9 入 1,982（新缓存 394 / 读缓存 1,586） 出 241 = 2,223 | 累计 20,183 tok $0.120
    [tok] #10 入 1,930（新缓存 342 / 读缓存 1,586） 出 214 = 2,144 | 累计 22,327 tok $0.131
  已翻 8/808 段
    [tok] #11 入 2,110（新缓存 522 / 读缓存 1,586） 出 278 = 2,388 | 累计 24,715 tok $0.145
  已翻 9/808 段
    [tok] #12 入 1,922（新缓存 334 / 读缓存 1,586） 出 76 = 1,998 | 累计 26,713 tok $0.152
  已翻 10/808 段
    [tok] #13 入 2,306（新缓存 718 / 读缓存 1,586） 出 482 = 2,788 | 累计 29,501 tok $0.173
  已翻 11/808 段
    [tok] #14 入 2,111（新缓存 523 / 读缓存 1,586） 出 273 = 2,384 | 累计 31,885 tok $0.187
  已翻 12/808 段
    [tok] #15 入 2,114（新缓存 526 / 读缓存 1,586） 出 337 = 2,451 | 累计 34,336 tok $0.203
  已翻 13/808 段
    [tok] #16 入 2,549（新缓存 961 / 读缓存 1,586） 出 679 = 3,228 | 累计 37,564 tok $0.232
  已翻 14/808 段
    [tok] #17 入 2,033（新缓存 445 / 读缓存 1,586） 出 174 = 2,207 | 累计 39,771 tok $0.243
  已翻 15/808 段
    [tok] #18 入 1,992（新缓存 404 / 读缓存 1,586） 出 194 = 2,186 | 累计 41,957 tok $0.254
  已翻 16/808 段
    [tok] #19 入 2,111（新缓存 523 / 读缓存 1,586） 出 277 = 2,388 | 累计 44,345 tok $0.268
  已翻 17/808 段
    [tok] #20 入 2,018（新缓存 430 / 读缓存 1,586） 出 501 = 2,519 | 累计 46,864 tok $0.287
    [tok] #21 入 1,966（新缓存 378 / 读缓存 1,586） 出 205 = 2,171 | 累计 49,035 tok $0.297
  已翻 18/808 段
    [tok] #22 入 1,953（新缓存 365 / 读缓存 1,586） 出 135 = 2,088 | 累计 51,123 tok $0.306
  已翻 19/808 段
    [tok] #23 入 2,111（新缓存 523 / 读缓存 1,586） 出 321 = 2,432 | 累计 53,555 tok $0.322
  已翻 20/808 段
    [tok] #24 入 2,033（新缓存 445 / 读缓存 1,586） 出 251 = 2,284 | 累计 55,839 tok $0.334
  已翻 21/808 段
    [tok] #25 入 2,041（新缓存 453 / 读缓存 1,586） 出 720 = 2,761 | 累计 58,600 tok $0.359
    [tok] #26 入 1,989（新缓存 401 / 读缓存 1,586） 出 1,005 = 2,994 | 累计 61,594 tok $0.390
  已翻 22/808 段
    [tok] #27 入 2,000（新缓存 412 / 读缓存 1,586） 出 184 = 2,184 | 累计 63,778 tok $0.401
  已翻 23/808 段
    [tok] #28 入 2,273（新缓存 685 / 读缓存 1,586） 出 435 = 2,708 | 累计 66,486 tok $0.420
  已翻 24/808 段
    [tok] #29 入 2,005（新缓存 417 / 读缓存 1,586） 出 163 = 2,168 | 累计 68,654 tok $0.431
  已翻 25/808 段
    [tok] #30 入 2,195（新缓存 607 / 读缓存 1,586） 出 386 = 2,581 | 累计 71,235 tok $0.449
  已翻 26/808 段
    [tok] #31 入 1,974（新缓存 386 / 读缓存 1,586） 出 105 = 2,079 | 累计 73,314 tok $0.457
  已翻 27/808 段
    [tok] #32 入 2,270（新缓存 682 / 读缓存 1,586） 出 508 = 2,778 | 累计 76,092 tok $0.479
  已翻 28/808 段
    [tok] #33 入 2,278（新缓存 690 / 读缓存 1,586） 出 418 = 2,696 | 累计 78,788 tok $0.498
  已翻 29/808 段
    [tok] #34 入 1,999（新缓存 411 / 读缓存 1,586） 出 115 = 2,114 | 累计 80,902 tok $0.507
  已翻 30/808 段
    [tok] #35 入 2,074（新缓存 486 / 读缓存 1,586） 出 282 = 2,356 | 累计 83,258 tok $0.521
  已翻 31/808 段
    [tok] #36 入 2,001（新缓存 413 / 读缓存 1,586） 出 146 = 2,147 | 累计 85,405 tok $0.531
  已翻 32/808 段
    [tok] #37 入 2,417（新缓存 829 / 读缓存 1,586） 出 740 = 3,157 | 累计 88,562 tok $0.560
  已翻 33/808 段
    [tok] #38 入 2,426（新缓存 838 / 读缓存 1,586） 出 576 = 3,002 | 累计 91,564 tok $0.585
  已翻 34/808 段
    [tok] #39 入 2,190（新缓存 602 / 读缓存 1,586） 出 390 = 2,580 | 累计 94,144 tok $0.603
  已翻 35/808 段
    [tok] #40 入 1,917（新缓存 329 / 读缓存 1,586） 出 63 = 1,980 | 累计 96,124 tok $0.610
  已翻 36/808 段
    [tok] #41 入 1,909（新缓存 321 / 读缓存 1,586） 出 53 = 1,962 | 累计 98,086 tok $0.616
  已翻 37/808 段
    [tok] #42 入 2,190（新缓存 602 / 读缓存 1,586） 出 331 = 2,521 | 累计 100,607 tok $0.632
  已翻 38/808 段
    [tok] #43 入 2,603（新缓存 1,015 / 读缓存 1,586） 出 925 = 3,528 | 累计 104,135 tok $0.668
    [tok] #44 入 2,551（新缓存 963 / 读缓存 1,586） 出 1,108 = 3,659 | 累计 107,794 tok $0.708
  已翻 39/808 段
    [tok] #45 入 2,244（新缓存 656 / 读缓存 1,586） 出 415 = 2,659 | 累计 110,453 tok $0.727
    [tok] #46 入 2,192（新缓存 604 / 读缓存 1,586） 出 414 = 2,606 | 累计 113,059 tok $0.745
  已翻 40/808 段
    [tok] #47 入 2,009（新缓存 421 / 读缓存 1,586） 出 186 = 2,195 | 累计 115,254 tok $0.756
  已翻 41/808 段
    [tok] #48 入 2,091（新缓存 503 / 读缓存 1,586） 出 1,048 = 3,139 | 累计 118,393 tok $0.789
  已翻 42/808 段
    [tok] #49 入 2,143（新缓存 555 / 读缓存 1,586） 出 326 = 2,469 | 累计 120,862 tok $0.805
  已翻 43/808 段
    [tok] #50 入 2,156（新缓存 568 / 读缓存 1,586） 出 313 = 2,469 | 累计 123,331 tok $0.821
  已翻 44/808 段
    [tok] #51 入 2,049（新缓存 461 / 读缓存 1,586） 出 225 = 2,274 | 累计 125,605 tok $0.833
  已翻 45/808 段
    [tok] #52 入 2,024（新缓存 436 / 读缓存 1,586） 出 193 = 2,217 | 累计 127,822 tok $0.844
  已翻 46/808 段
    [tok] #53 入 2,061（新缓存 473 / 读缓存 1,586） 出 186 = 2,247 | 累计 130,069 tok $0.855
  已翻 47/808 段
    [tok] #54 入 2,042（新缓存 454 / 读缓存 1,586） 出 326 = 2,368 | 累计 132,437 tok $0.870
    [tok] #55 入 1,990（新缓存 402 / 读缓存 1,586） 出 230 = 2,220 | 累计 134,657 tok $0.882
  已翻 48/808 段
    [tok] #56 入 2,026（新缓存 438 / 读缓存 1,586） 出 237 = 2,263 | 累计 136,920 tok $0.894
  已翻 49/808 段
    [tok] #57 入 3,149（新缓存 1,561 / 读缓存 1,586） 出 1,593 = 4,742 | 累计 141,662 tok $0.952
    [tok] #58 入 3,097（新缓存 1,509 / 读缓存 1,586） 出 1,755 = 4,852 | 累计 146,514 tok $1.014
  已翻 50/808 段
    [tok] #59 入 2,140（新缓存 552 / 读缓存 1,586） 出 490 = 2,630 | 累计 149,144 tok $1.034
    [tok] #60 入 2,088（新缓存 500 / 读缓存 1,586） 出 307 = 2,395 | 累计 151,539 tok $1.049
  已翻 51/808 段
    [tok] #61 入 1,907（新缓存 319 / 读缓存 1,586） 出 265 = 2,172 | 累计 153,711 tok $1.060
  已翻 52/808 段
    [tok] #62 入 2,082（新缓存 494 / 读缓存 1,586） 出 224 = 2,306 | 累计 156,017 tok $1.073
  已翻 53/808 段
    [tok] #63 入 2,312（新缓存 724 / 读缓存 1,586） 出 594 = 2,906 | 累计 158,923 tok $1.097
  已翻 54/808 段
    [tok] #64 入 2,021（新缓存 433 / 读缓存 1,586） 出 208 = 2,229 | 累计 161,152 tok $1.109
  已翻 55/808 段
    [tok] #65 入 1,981（新缓存 393 / 读缓存 1,586） 出 157 = 2,138 | 累计 163,290 tok $1.119
    [tok] #66 入 1,929（新缓存 341 / 读缓存 1,586） 出 199 = 2,128 | 累计 165,418 tok $1.129
  已翻 56/808 段
    [tok] #67 入 2,382（新缓存 794 / 读缓存 1,586） 出 552 = 2,934 | 累计 168,352 tok $1.153
    [tok] #68 入 2,330（新缓存 742 / 读缓存 1,586） 出 534 = 2,864 | 累计 171,216 tok $1.176
  已翻 57/808 段
    [tok] #69 入 2,077（新缓存 489 / 读缓存 1,586） 出 248 = 2,325 | 累计 173,541 tok $1.189
  已翻 58/808 段
    [tok] #70 入 2,059（新缓存 471 / 读缓存 1,586） 出 253 = 2,312 | 累计 175,853 tok $1.202
  已翻 59/808 段
    [tok] #71 入 2,011（新缓存 423 / 读缓存 1,586） 出 152 = 2,163 | 累计 178,016 tok $1.212
  已翻 60/808 段
    [tok] #72 入 2,046（新缓存 458 / 读缓存 1,586） 出 302 = 2,348 | 累计 180,364 tok $1.226
    [tok] #73 入 1,994（新缓存 406 / 读缓存 1,586） 出 356 = 2,350 | 累计 182,714 tok $1.241
  已翻 61/808 段
    [tok] #74 入 2,000（新缓存 412 / 读缓存 1,586） 出 142 = 2,142 | 累计 184,856 tok $1.251
  已翻 62/808 段
    [tok] #75 入 2,040（新缓存 452 / 读缓存 1,586） 出 331 = 2,371 | 累计 187,227 tok $1.265
  已翻 63/808 段
    [tok] #76 入 2,104（新缓存 516 / 读缓存 1,586） 出 312 = 2,416 | 累计 189,643 tok $1.280
    [tok] #77 入 2,052（新缓存 464 / 读缓存 1,586） 出 281 = 2,333 | 累计 191,976 tok $1.294
  已翻 64/808 段
    [tok] #78 入 1,983（新缓存 395 / 读缓存 1,586） 出 219 = 2,202 | 累计 194,178 tok $1.305
  已翻 65/808 段
    [tok] #79 入 2,063（新缓存 475 / 读缓存 1,586） 出 453 = 2,516 | 累计 196,694 tok $1.323
  已翻 66/808 段
    [tok] #80 入 1,968（新缓存 380 / 读缓存 1,586） 出 201 = 2,169 | 累计 198,863 tok $1.334
  已翻 67/808 段
    [tok] #81 入 2,318（新缓存 730 / 读缓存 1,586） 出 507 = 2,825 | 累计 201,688 tok $1.356
  已翻 68/808 段
    [tok] #82 入 2,272（新缓存 684 / 读缓存 1,586） 出 534 = 2,806 | 累计 204,494 tok $1.379
  已翻 69/808 段
    [tok] #83 入 2,001（新缓存 413 / 读缓存 1,586） 出 168 = 2,169 | 累计 206,663 tok $1.389
  已翻 70/808 段
    [tok] #84 入 2,186（新缓存 598 / 读缓存 1,586） 出 408 = 2,594 | 累计 209,257 tok $1.407
  已翻 71/808 段
    [tok] #85 入 1,938（新缓存 350 / 读缓存 1,586） 出 89 = 2,027 | 累计 211,284 tok $1.415
  已翻 72/808 段
    [tok] #86 入 1,902（新缓存 314 / 读缓存 1,586） 出 56 = 1,958 | 累计 213,242 tok $1.421
  已翻 73/808 段
    [tok] #87 入 1,927（新缓存 339 / 读缓存 1,586） 出 87 = 2,014 | 累计 215,256 tok $1.429
  已翻 74/808 段
    [tok] #88 入 1,896（新缓存 308 / 读缓存 1,586） 出 32 = 1,928 | 累计 217,184 tok $1.435
  已翻 75/808 段
    [tok] #89 入 2,000（新缓存 412 / 读缓存 1,586） 出 153 = 2,153 | 累计 219,337 tok $1.444
  已翻 76/808 段
    [tok] #90 入 1,989（新缓存 401 / 读缓存 1,586） 出 130 = 2,119 | 累计 221,456 tok $1.454
  已翻 77/808 段
    [tok] #91 入 2,018（新缓存 430 / 读缓存 1,586） 出 279 = 2,297 | 累计 223,753 tok $1.467
  已翻 78/808 段
    [tok] #92 入 2,191（新缓存 603 / 读缓存 1,586） 出 388 = 2,579 | 累计 226,332 tok $1.485
  已翻 79/808 段
    [tok] #93 入 2,277（新缓存 689 / 读缓存 1,586） 出 453 = 2,730 | 累计 229,062 tok $1.505
    [tok] #94 入 2,225（新缓存 637 / 读缓存 1,586） 出 488 = 2,713 | 累计 231,775 tok $1.526
  已翻 80/808 段
    [tok] #95 入 2,104（新缓存 516 / 读缓存 1,586） 出 240 = 2,344 | 累计 234,119 tok $1.539
  已翻 81/808 段
    [tok] #96 入 2,194（新缓存 606 / 读缓存 1,586） 出 410 = 2,604 | 累计 236,723 tok $1.557
  已翻 82/808 段
    [tok] #97 入 1,922（新缓存 334 / 读缓存 1,586） 出 82 = 2,004 | 累计 238,727 tok $1.565
  已翻 83/808 段
    [tok] #98 入 2,567（新缓存 979 / 读缓存 1,586） 出 812 = 3,379 | 累计 242,106 tok $1.597
  已翻 84/808 段
    [tok] #99 入 1,914（新缓存 326 / 读缓存 1,586） 出 194 = 2,108 | 累计 244,214 tok $1.607
  已翻 85/808 段
    [tok] #100 入 2,041（新缓存 453 / 读缓存 1,586） 出 229 = 2,270 | 累计 246,484 tok $1.619
  已翻 86/808 段
    [tok] #101 入 1,893（新缓存 305 / 读缓存 1,586） 出 136 = 2,029 | 累计 248,513 tok $1.628
  已翻 87/808 段
    [tok] #102 入 1,974（新缓存 386 / 读缓存 1,586） 出 128 = 2,102 | 累计 250,615 tok $1.637
  已翻 88/808 段
    [tok] #103 入 2,076（新缓存 488 / 读缓存 1,586） 出 325 = 2,401 | 累计 253,016 tok $1.652
  已翻 89/808 段
    [tok] #104 入 2,046（新缓存 458 / 读缓存 1,586） 出 189 = 2,235 | 累计 255,251 tok $1.663
  已翻 90/808 段
    [tok] #105 入 2,372（新缓存 784 / 读缓存 1,586） 出 648 = 3,020 | 累计 258,271 tok $1.689
  已翻 91/808 段
    [tok] #106 入 2,017（新缓存 429 / 读缓存 1,586） 出 207 = 2,224 | 累计 260,495 tok $1.701
  已翻 92/808 段
    [tok] #107 入 2,020（新缓存 432 / 读缓存 1,586） 出 183 = 2,203 | 累计 262,698 tok $1.712
  已翻 93/808 段
    [tok] #108 入 2,112（新缓存 524 / 读缓存 1,586） 出 277 = 2,389 | 累计 265,087 tok $1.726
  已翻 94/808 段
    [tok] #109 入 1,950（新缓存 362 / 读缓存 1,586） 出 113 = 2,063 | 累计 267,150 tok $1.734
  已翻 95/808 段
    [tok] #110 入 2,018（新缓存 430 / 读缓存 1,586） 出 135 = 2,153 | 累计 269,303 tok $1.744
  已翻 96/808 段
    [tok] #111 入 2,193（新缓存 605 / 读缓存 1,586） 出 366 = 2,559 | 累计 271,862 tok $1.761
  已翻 97/808 段
    [tok] #112 入 1,991（新缓存 403 / 读缓存 1,586） 出 150 = 2,141 | 累计 274,003 tok $1.771
  已翻 98/808 段
    [tok] #113 入 2,156（新缓存 568 / 读缓存 1,586） 出 301 = 2,457 | 累计 276,460 tok $1.786
  已翻 99/808 段
    [tok] #114 入 2,070（新缓存 482 / 读缓存 1,586） 出 253 = 2,323 | 累计 278,783 tok $1.799
  已翻 100/808 段
    [tok] #115 入 2,363（新缓存 775 / 读缓存 1,586） 出 512 = 2,875 | 累计 281,658 tok $1.822
    [tok] #116 入 2,311（新缓存 723 / 读缓存 1,586） 出 533 = 2,844 | 累计 284,502 tok $1.845
  已翻 101/808 段
    [tok] #117 入 2,309（新缓存 721 / 读缓存 1,586） 出 1,261 = 3,570 | 累计 288,072 tok $1.886
  已翻 102/808 段
    [tok] #118 入 2,315（新缓存 727 / 读缓存 1,586） 出 553 = 2,868 | 累计 290,940 tok $1.909
  已翻 103/808 段
    [tok] #119 入 2,038（新缓存 450 / 读缓存 1,586） 出 325 = 2,363 | 累计 293,303 tok $1.924
    [tok] #120 入 1,986（新缓存 398 / 读缓存 1,586） 出 194 = 2,180 | 累计 295,483 tok $1.934
  已翻 104/808 段
    [tok] #121 入 1,993（新缓存 405 / 读缓存 1,586） 出 164 = 2,157 | 累计 297,640 tok $1.945
    [tok] #122 入 1,941（新缓存 353 / 读缓存 1,586） 出 368 = 2,309 | 累计 299,949 tok $1.959
  已翻 105/808 段
    [tok] #123 入 1,912（新缓存 324 / 读缓存 1,586） 出 107 = 2,019 | 累计 301,968 tok $1.967
  已翻 106/808 段
    [tok] #124 入 2,017（新缓存 429 / 读缓存 1,586） 出 173 = 2,190 | 累计 304,158 tok $1.978
  已翻 107/808 段
    [tok] #125 入 2,909（新缓存 1,321 / 读缓存 1,586） 出 1,081 = 3,990 | 累计 308,148 tok $2.021
  已翻 108/808 段
    [tok] #126 入 1,927（新缓存 339 / 读缓存 1,586） 出 66 = 1,993 | 累计 310,141 tok $2.027
  已翻 109/808 段
    [tok] #127 入 1,972（新缓存 384 / 读缓存 1,586） 出 137 = 2,109 | 累计 312,250 tok $2.037
    [tok] #128 入 1,920（新缓存 332 / 读缓存 1,586） 出 142 = 2,062 | 累计 314,312 tok $2.045
  已翻 110/808 段
    [tok] #129 入 1,975（新缓存 387 / 读缓存 1,586） 出 114 = 2,089 | 累计 316,401 tok $2.054
  已翻 111/808 段
    [tok] #130 入 1,935（新缓存 347 / 读缓存 1,586） 出 81 = 2,016 | 累计 318,417 tok $2.061
  已翻 112/808 段
    [tok] #131 入 1,971（新缓存 383 / 读缓存 1,586） 出 127 = 2,098 | 累计 320,515 tok $2.070
    [tok] #132 入 1,919（新缓存 331 / 读缓存 1,586） 出 115 = 2,034 | 累计 322,549 tok $2.078
  已翻 113/808 段
    [tok] #133 入 2,106（新缓存 518 / 读缓存 1,586） 出 293 = 2,399 | 累计 324,948 tok $2.093
  已翻 114/808 段
    [tok] #134 入 2,424（新缓存 836 / 读缓存 1,586） 出 1,537 = 3,961 | 累计 328,909 tok $2.142
  已翻 115/808 段
    [tok] #135 入 1,880（新缓存 292 / 读缓存 1,586） 出 31 = 1,911 | 累计 330,820 tok $2.148
    [tok] #136 入 1,828（新缓存 240 / 读缓存 1,586） 出 142 = 1,970 | 累计 332,790 tok $2.155
  已翻 116/808 段
    [tok] #137 入 1,933（新缓存 345 / 读缓存 1,586） 出 110 = 2,043 | 累计 334,833 tok $2.163
  已翻 117/808 段
    [tok] #138 入 1,948（新缓存 360 / 读缓存 1,586） 出 177 = 2,125 | 累计 336,958 tok $2.173
  已翻 118/808 段
    [tok] #139 入 2,158（新缓存 570 / 读缓存 1,586） 出 532 = 2,690 | 累计 339,648 tok $2.194
    [tok] #140 入 2,106（新缓存 518 / 读缓存 1,586） 出 513 = 2,619 | 累计 342,267 tok $2.214
  已翻 119/808 段
    [tok] #141 入 2,021（新缓存 433 / 读缓存 1,586） 出 229 = 2,250 | 累计 344,517 tok $2.226
  已翻 120/808 段
    [tok] #142 入 1,903（新缓存 315 / 读缓存 1,586） 出 78 = 1,981 | 累计 346,498 tok $2.233
  已翻 121/808 段
    [tok] #143 入 1,919（新缓存 331 / 读缓存 1,586） 出 81 = 2,000 | 累计 348,498 tok $2.241
  已翻 122/808 段
    [tok] #144 入 1,952（新缓存 364 / 读缓存 1,586） 出 266 = 2,218 | 累计 350,716 tok $2.253
  已翻 123/808 段
    [tok] #145 入 1,890（新缓存 302 / 读缓存 1,586） 出 33 = 1,923 | 累计 352,639 tok $2.259
    [tok] #146 入 1,838（新缓存 250 / 读缓存 1,586） 出 179 = 2,017 | 累计 354,656 tok $2.267
  已翻 124/808 段
    [tok] #147 入 2,131（新缓存 543 / 读缓存 1,586） 出 945 = 3,076 | 累计 357,732 tok $2.298
    [tok] #148 入 2,079（新缓存 491 / 读缓存 1,586） 出 1,060 = 3,139 | 累计 360,871 tok $2.332
  已翻 125/808 段
    [tok] #149 入 2,068（新缓存 480 / 读缓存 1,586） 出 290 = 2,358 | 累计 363,229 tok $2.346
    [tok] #150 入 2,016（新缓存 428 / 读缓存 1,586） 出 213 = 2,229 | 累计 365,458 tok $2.357
  已翻 126/808 段
    [tok] #151 入 1,964（新缓存 376 / 读缓存 1,586） 出 108 = 2,072 | 累计 367,530 tok $2.366
  已翻 127/808 段
    [tok] #152 入 2,077（新缓存 489 / 读缓存 1,586） 出 318 = 2,395 | 累计 369,925 tok $2.381
  已翻 128/808 段
    [tok] #153 入 2,119（新缓存 531 / 读缓存 1,586） 出 248 = 2,367 | 累计 372,292 tok $2.394
    [tok] #154 入 2,067（新缓存 479 / 读缓存 1,586） 出 230 = 2,297 | 累计 374,589 tok $2.407
  已翻 129/808 段
    [tok] #155 入 1,913（新缓存 325 / 读缓存 1,586） 出 58 = 1,971 | 累计 376,560 tok $2.413
  已翻 130/808 段
    [tok] #156 入 1,931（新缓存 343 / 读缓存 1,586） 出 81 = 2,012 | 累计 378,572 tok $2.421
  已翻 131/808 段
    [tok] #157 入 2,143（新缓存 555 / 读缓存 1,586） 出 383 = 2,526 | 累计 381,098 tok $2.438
  已翻 132/808 段
    [tok] #158 入 2,138（新缓存 550 / 读缓存 1,586） 出 367 = 2,505 | 累计 383,603 tok $2.455
  已翻 133/808 段
    [tok] #159 入 2,042（新缓存 454 / 读缓存 1,586） 出 189 = 2,231 | 累计 385,834 tok $2.466
    [tok] #160 入 1,990（新缓存 402 / 读缓存 1,586） 出 171 = 2,161 | 累计 387,995 tok $2.476
  已翻 134/808 段
    [tok] #161 入 1,935（新缓存 347 / 读缓存 1,586） 出 80 = 2,015 | 累计 390,010 tok $2.483
  已翻 135/808 段
    [tok] #162 入 2,139（新缓存 551 / 读缓存 1,586） 出 379 = 2,518 | 累计 392,528 tok $2.500
  已翻 136/808 段
    [tok] #163 入 2,103（新缓存 515 / 读缓存 1,586） 出 314 = 2,417 | 累计 394,945 tok $2.515
    [tok] #164 入 2,051（新缓存 463 / 读缓存 1,586） 出 517 = 2,568 | 累计 397,513 tok $2.535
  已翻 137/808 段
    [tok] #165 入 2,589（新缓存 1,001 / 读缓存 1,586） 出 791 = 3,380 | 累计 400,893 tok $2.567
  已翻 138/808 段
    [tok] #166 入 2,139（新缓存 551 / 读缓存 1,586） 出 327 = 2,466 | 累计 403,359 tok $2.583
  已翻 139/808 段
    [tok] #167 入 2,015（新缓存 427 / 读缓存 1,586） 出 153 = 2,168 | 累计 405,527 tok $2.593
  已翻 140/808 段
    [tok] #168 入 2,109（新缓存 521 / 读缓存 1,586） 出 284 = 2,393 | 累计 407,920 tok $2.607
    [tok] #169 入 2,057（新缓存 469 / 读缓存 1,586） 出 403 = 2,460 | 累计 410,380 tok $2.624
  已翻 141/808 段
    [tok] #170 入 2,076（新缓存 488 / 读缓存 1,586） 出 308 = 2,384 | 累计 412,764 tok $2.639
  已翻 142/808 段
    [tok] #171 入 1,978（新缓存 390 / 读缓存 1,586） 出 148 = 2,126 | 累计 414,890 tok $2.648
  已翻 143/808 段
    [tok] #172 入 2,030（新缓存 442 / 读缓存 1,586） 出 162 = 2,192 | 累计 417,082 tok $2.659
  已翻 144/808 段
    [tok] #173 入 1,882（新缓存 294 / 读缓存 1,586） 出 25 = 1,907 | 累计 418,989 tok $2.664
  已翻 145/808 段
    [tok] #174 入 2,195（新缓存 607 / 读缓存 1,586） 出 429 = 2,624 | 累计 421,613 tok $2.683
  已翻 146/808 段
    [tok] #175 入 2,707（新缓存 1,119 / 读缓存 1,586） 出 1,028 = 3,735 | 累计 425,348 tok $2.722
    [tok] #176 入 2,655（新缓存 1,067 / 读缓存 1,586） 出 1,040 = 3,695 | 累计 429,043 tok $2.762
  已翻 147/808 段
    [tok] #177 入 1,979（新缓存 391 / 读缓存 1,586） 出 118 = 2,097 | 累计 431,140 tok $2.770
  已翻 148/808 段
    [tok] #178 入 1,878（新缓存 290 / 读缓存 1,586） 出 28 = 1,906 | 累计 433,046 tok $2.776
  已翻 149/808 段
    [tok] #179 入 2,058（新缓存 470 / 读缓存 1,586） 出 270 = 2,328 | 累计 435,374 tok $2.789
  已翻 150/808 段
    [tok] #180 入 2,008（新缓存 420 / 读缓存 1,586） 出 185 = 2,193 | 累计 437,567 tok $2.800
  已翻 151/808 段
    [tok] #181 入 2,088（新缓存 500 / 读缓存 1,586） 出 257 = 2,345 | 累计 439,912 tok $2.813
  已翻 152/808 段
    [tok] #182 入 2,083（新缓存 495 / 读缓存 1,586） 出 243 = 2,326 | 累计 442,238 tok $2.827
  已翻 153/808 段
    [tok] #183 入 2,257（新缓存 669 / 读缓存 1,586） 出 426 = 2,683 | 累计 444,921 tok $2.846
    [tok] #184 入 2,205（新缓存 617 / 读缓存 1,586） 出 434 = 2,639 | 累计 447,560 tok $2.865
  已翻 154/808 段
    [tok] #185 入 2,025（新缓存 437 / 读缓存 1,586） 出 155 = 2,180 | 累计 449,740 tok $2.875
    [tok] #186 入 1,973（新缓存 385 / 读缓存 1,586） 出 177 = 2,150 | 累计 451,890 tok $2.885
  已翻 155/808 段
    [tok] #187 入 2,010（新缓存 422 / 读缓存 1,586） 出 217 = 2,227 | 累计 454,117 tok $2.897
  已翻 156/808 段
    [tok] #188 入 1,954（新缓存 366 / 读缓存 1,586） 出 144 = 2,098 | 累计 456,215 tok $2.906
  已翻 157/808 段
    [tok] #189 入 2,237（新缓存 649 / 读缓存 1,586） 出 411 = 2,648 | 累计 458,863 tok $2.925
  已翻 158/808 段
    [tok] #190 入 2,334（新缓存 746 / 读缓存 1,586） 出 528 = 2,862 | 累计 461,725 tok $2.948
  已翻 159/808 段
    [tok] #191 入 2,391（新缓存 803 / 读缓存 1,586） 出 579 = 2,970 | 累计 464,695 tok $2.973
  已翻 160/808 段
    [tok] #192 入 2,022（新缓存 434 / 读缓存 1,586） 出 317 = 2,339 | 累计 467,034 tok $2.987
    [tok] #193 入 1,970（新缓存 382 / 读缓存 1,586） 出 245 = 2,215 | 累计 469,249 tok $2.999
  已翻 161/808 段
    [tok] #194 入 2,011（新缓存 423 / 读缓存 1,586） 出 205 = 2,216 | 累计 471,465 tok $3.010
  已翻 162/808 段
    [tok] #195 入 2,452（新缓存 864 / 读缓存 1,586） 出 616 = 3,068 | 累计 474,533 tok $3.036
  已翻 163/808 段
    [tok] #196 入 2,072（新缓存 484 / 读缓存 1,586） 出 215 = 2,287 | 累计 476,820 tok $3.049
  已翻 164/808 段
    [tok] #197 入 2,101（新缓存 513 / 读缓存 1,586） 出 271 = 2,372 | 累计 479,192 tok $3.063
  已翻 165/808 段
    [tok] #198 入 2,195（新缓存 607 / 读缓存 1,586） 出 380 = 2,575 | 累计 481,767 tok $3.080
  已翻 166/808 段
    [tok] #199 入 2,312（新缓存 724 / 读缓存 1,586） 出 997 = 3,309 | 累计 485,076 tok $3.115
  已翻 167/808 段
    [tok] #200 入 2,786（新缓存 1,198 / 读缓存 1,586） 出 1,505 = 4,291 | 累计 489,367 tok $3.167
  已翻 168/808 段
    [tok] #201 入 1,968（新缓存 380 / 读缓存 1,586） 出 121 = 2,089 | 累计 491,456 tok $3.176
  已翻 169/808 段
    [tok] #202 入 1,926（新缓存 338 / 读缓存 1,586） 出 78 = 2,004 | 累计 493,460 tok $3.183
  已翻 170/808 段
    [tok] #203 入 1,958（新缓存 370 / 读缓存 1,586） 出 100 = 2,058 | 累计 495,518 tok $3.191
  已翻 171/808 段
    [tok] #204 入 2,617（新缓存 1,029 / 读缓存 1,586） 出 790 = 3,407 | 累计 498,925 tok $3.223
  已翻 172/808 段
    [tok] #205 入 2,311（新缓存 723 / 读缓存 1,586） 出 489 = 2,800 | 累计 501,725 tok $3.245
  已翻 173/808 段
    [tok] #206 入 2,109（新缓存 521 / 读缓存 1,586） 出 301 = 2,410 | 累计 504,135 tok $3.260
  已翻 174/808 段
    [tok] #207 入 2,064（新缓存 476 / 读缓存 1,586） 出 257 = 2,321 | 累计 506,456 tok $3.273
  已翻 175/808 段
    [tok] #208 入 1,985（新缓存 397 / 读缓存 1,586） 出 144 = 2,129 | 累计 508,585 tok $3.282
    [tok] #209 入 1,933（新缓存 345 / 读缓存 1,586） 出 150 = 2,083 | 累计 510,668 tok $3.291
  已翻 176/808 段
    [tok] #210 入 1,912（新缓存 324 / 读缓存 1,586） 出 86 = 1,998 | 累计 512,666 tok $3.299
  已翻 177/808 段
    [tok] #211 入 2,063（新缓存 475 / 读缓存 1,586） 出 262 = 2,325 | 累计 514,991 tok $3.312
  已翻 178/808 段
    [tok] #212 入 1,906（新缓存 318 / 读缓存 1,586） 出 48 = 1,954 | 累计 516,945 tok $3.318
  已翻 179/808 段
    [tok] #213 入 2,267（新缓存 679 / 读缓存 1,586） 出 500 = 2,767 | 累计 519,712 tok $3.340
    [tok] #214 入 2,215（新缓存 627 / 读缓存 1,586） 出 519 = 2,734 | 累计 522,446 tok $3.361
  已翻 180/808 段
    [tok] #215 入 2,067（新缓存 479 / 读缓存 1,586） 出 228 = 2,295 | 累计 524,741 tok $3.374
  已翻 181/808 段
    [tok] #216 入 1,994（新缓存 406 / 读缓存 1,586） 出 255 = 2,249 | 累计 526,990 tok $3.386
  已翻 182/808 段
    [tok] #217 入 2,041（新缓存 453 / 读缓存 1,586） 出 230 = 2,271 | 累计 529,261 tok $3.398
  已翻 183/808 段
    [tok] #218 入 2,060（新缓存 472 / 读缓存 1,586） 出 244 = 2,304 | 累计 531,565 tok $3.411
  已翻 184/808 段
    [tok] #219 入 1,985（新缓存 397 / 读缓存 1,586） 出 301 = 2,286 | 累计 533,851 tok $3.424
  已翻 185/808 段
    [tok] #220 入 2,013（新缓存 425 / 读缓存 1,586） 出 166 = 2,179 | 累计 536,030 tok $3.435
  已翻 186/808 段
    [tok] #221 入 1,994（新缓存 406 / 读缓存 1,586） 出 157 = 2,151 | 累计 538,181 tok $3.445
  已翻 187/808 段
    [tok] #222 入 1,968（新缓存 380 / 读缓存 1,586） 出 127 = 2,095 | 累计 540,276 tok $3.454
  已翻 188/808 段
    [tok] #223 入 2,007（新缓存 419 / 读缓存 1,586） 出 182 = 2,189 | 累计 542,465 tok $3.464
  已翻 189/808 段
    [tok] #224 入 1,914（新缓存 326 / 读缓存 1,586） 出 80 = 1,994 | 累计 544,459 tok $3.472
  已翻 190/808 段
    [tok] #225 入 1,926（新缓存 338 / 读缓存 1,586） 出 76 = 2,002 | 累计 546,461 tok $3.479
  已翻 191/808 段
    [tok] #226 入 1,997（新缓存 409 / 读缓存 1,586） 出 273 = 2,270 | 累计 548,731 tok $3.492
    [tok] #227 入 1,945（新缓存 357 / 读缓存 1,586） 出 130 = 2,075 | 累计 550,806 tok $3.500
  已翻 192/808 段
    [tok] #228 入 2,401（新缓存 813 / 读缓存 1,586） 出 502 = 2,903 | 累计 553,709 tok $3.523
  已翻 193/808 段
    [tok] #229 入 2,039（新缓存 451 / 读缓存 1,586） 出 204 = 2,243 | 累计 555,952 tok $3.535
    [tok] #230 入 1,987（新缓存 399 / 读缓存 1,586） 出 632 = 2,619 | 累计 558,571 tok $3.556
  已翻 194/808 段
    [tok] #231 入 1,944（新缓存 356 / 读缓存 1,586） 出 75 = 2,019 | 累计 560,590 tok $3.564
  已翻 195/808 段
    [tok] #232 入 1,996（新缓存 408 / 读缓存 1,586） 出 135 = 2,131 | 累计 562,721 tok $3.573
  已翻 196/808 段
    [tok] #233 入 2,071（新缓存 483 / 读缓存 1,586） 出 252 = 2,323 | 累计 565,044 tok $3.586
  已翻 197/808 段
    [tok] #234 入 1,940（新缓存 352 / 读缓存 1,586） 出 94 = 2,034 | 累计 567,078 tok $3.594
  已翻 198/808 段
    [tok] #235 入 2,027（新缓存 439 / 读缓存 1,586） 出 234 = 2,261 | 累计 569,339 tok $3.606
  已翻 199/808 段
    [tok] #236 入 2,163（新缓存 575 / 读缓存 1,586） 出 351 = 2,514 | 累计 571,853 tok $3.623
  已翻 200/808 段
    [tok] #237 入 2,173（新缓存 585 / 读缓存 1,586） 出 328 = 2,501 | 累计 574,354 tok $3.639
    [tok] #238 入 2,121（新缓存 533 / 读缓存 1,586） 出 285 = 2,406 | 累计 576,760 tok $3.653
  已翻 201/808 段
    [tok] #239 入 2,371（新缓存 783 / 读缓存 1,586） 出 481 = 2,852 | 累计 579,612 tok $3.676
  已翻 202/808 段
    [tok] #240 入 2,417（新缓存 829 / 读缓存 1,586） 出 591 = 3,008 | 累计 582,620 tok $3.701
  已翻 203/808 段
    [tok] #241 入 2,128（新缓存 540 / 读缓存 1,586） 出 250 = 2,378 | 累计 584,998 tok $3.715
  已翻 204/808 段
    [tok] #242 入 2,001（新缓存 413 / 读缓存 1,586） 出 154 = 2,155 | 累计 587,153 tok $3.725
  已翻 205/808 段
    [tok] #243 入 1,988（新缓存 400 / 读缓存 1,586） 出 165 = 2,153 | 累计 589,306 tok $3.735
  已翻 206/808 段
    [tok] #244 入 1,911（新缓存 323 / 读缓存 1,586） 出 55 = 1,966 | 累计 591,272 tok $3.741
  已翻 207/808 段
    [tok] #245 入 2,102（新缓存 514 / 读缓存 1,586） 出 257 = 2,359 | 累计 593,631 tok $3.755
  已翻 208/808 段
    [tok] #246 入 2,163（新缓存 575 / 读缓存 1,586） 出 328 = 2,491 | 累计 596,122 tok $3.771
    [tok] #247 入 2,111（新缓存 523 / 读缓存 1,586） 出 368 = 2,479 | 累计 598,601 tok $3.787
  已翻 209/808 段
    [tok] #248 入 2,154（新缓存 566 / 读缓存 1,586） 出 295 = 2,449 | 累计 601,050 tok $3.802
  已翻 210/808 段
    [tok] #249 入 1,923（新缓存 335 / 读缓存 1,586） 出 274 = 2,197 | 累计 603,247 tok $3.814
  已翻 211/808 段
    [tok] #250 入 2,186（新缓存 598 / 读缓存 1,586） 出 412 = 2,598 | 累计 605,845 tok $3.833
  已翻 212/808 段
    [tok] #251 入 1,909（新缓存 321 / 读缓存 1,586） 出 61 = 1,970 | 累计 607,815 tok $3.839
  已翻 213/808 段
    [tok] #252 入 2,168（新缓存 580 / 读缓存 1,586） 出 357 = 2,525 | 累计 610,340 tok $3.856
  已翻 214/808 段
    [tok] #253 入 1,892（新缓存 304 / 读缓存 1,586） 出 40 = 1,932 | 累计 612,272 tok $3.862
  已翻 215/808 段
    [tok] #254 入 1,980（新缓存 392 / 读缓存 1,586） 出 129 = 2,109 | 累计 614,381 tok $3.871
  已翻 216/808 段
    [tok] #255 入 2,174（新缓存 586 / 读缓存 1,586） 出 427 = 2,601 | 累计 616,982 tok $3.890
    [tok] #256 入 2,122（新缓存 534 / 读缓存 1,586） 出 469 = 2,591 | 累计 619,573 tok $3.909
  已翻 217/808 段
    [tok] #257 入 2,092（新缓存 504 / 读缓存 1,586） 出 209 = 2,301 | 累计 621,874 tok $3.921
    [tok] #258 入 2,040（新缓存 452 / 读缓存 1,586） 出 226 = 2,266 | 累计 624,140 tok $3.933
  已翻 218/808 段
    [tok] #259 入 1,948（新缓存 360 / 读缓存 1,586） 出 359 = 2,307 | 累计 626,447 tok $3.948
  已翻 219/808 段
    [tok] #260 入 2,163（新缓存 575 / 读缓存 1,586） 出 345 = 2,508 | 累计 628,955 tok $3.964
  已翻 220/808 段
    [tok] #261 入 2,640（新缓存 1,052 / 读缓存 1,586） 出 962 = 3,602 | 累计 632,557 tok $4.001
  已翻 221/808 段
    [tok] #262 入 2,025（新缓存 437 / 读缓存 1,586） 出 283 = 2,308 | 累计 634,865 tok $4.015
  已翻 222/808 段
    [tok] #263 入 2,105（新缓存 517 / 读缓存 1,586） 出 278 = 2,383 | 累计 637,248 tok $4.029
  已翻 223/808 段
    [tok] #264 入 1,925（新缓存 337 / 读缓存 1,586） 出 76 = 2,001 | 累计 639,249 tok $4.036
  已翻 224/808 段
    [tok] #265 入 1,925（新缓存 337 / 读缓存 1,586） 出 70 = 1,995 | 累计 641,244 tok $4.043
  已翻 225/808 段
    [tok] #266 入 1,928（新缓存 340 / 读缓存 1,586） 出 70 = 1,998 | 累计 643,242 tok $4.050
  已翻 226/808 段
    [tok] #267 入 2,108（新缓存 520 / 读缓存 1,586） 出 388 = 2,496 | 累计 645,738 tok $4.067
  已翻 227/808 段
    [tok] #268 入 2,161（新缓存 573 / 读缓存 1,586） 出 302 = 2,463 | 累计 648,201 tok $4.082
  已翻 228/808 段
    [tok] #269 入 2,058（新缓存 470 / 读缓存 1,586） 出 308 = 2,366 | 累计 650,567 tok $4.097
  已翻 229/808 段
    [tok] #270 入 2,084（新缓存 496 / 读缓存 1,586） 出 253 = 2,337 | 累计 652,904 tok $4.110
  已翻 230/808 段
    [tok] #271 入 1,993（新缓存 405 / 读缓存 1,586） 出 139 = 2,132 | 累计 655,036 tok $4.120
  已翻 231/808 段
    [tok] #272 入 2,001（新缓存 413 / 读缓存 1,586） 出 153 = 2,154 | 累计 657,190 tok $4.129
  已翻 232/808 段
    [tok] #273 入 2,031（新缓存 443 / 读缓存 1,586） 出 183 = 2,214 | 累计 659,404 tok $4.140
    [tok] #274 入 1,979（新缓存 391 / 读缓存 1,586） 出 174 = 2,153 | 累计 661,557 tok $4.151
  已翻 233/808 段
    [tok] #275 入 2,233（新缓存 645 / 读缓存 1,586） 出 551 = 2,784 | 累计 664,341 tok $4.173
  已翻 234/808 段
    [tok] #276 入 2,414（新缓存 826 / 读缓存 1,586） 出 637 = 3,051 | 累计 667,392 tok $4.199
  已翻 235/808 段
    [tok] #277 入 1,909（新缓存 321 / 读缓存 1,586） 出 53 = 1,962 | 累计 669,354 tok $4.206
  已翻 236/808 段
    [tok] #278 入 1,910（新缓存 322 / 读缓存 1,586） 出 56 = 1,966 | 累计 671,320 tok $4.212
  已翻 237/808 段
    [tok] #279 入 2,008（新缓存 420 / 读缓存 1,586） 出 188 = 2,196 | 累计 673,516 tok $4.223
  已翻 238/808 段
    [tok] #280 入 2,011（新缓存 423 / 读缓存 1,586） 出 449 = 2,460 | 累计 675,976 tok $4.241
  已翻 239/808 段
    [tok] #281 入 1,888（新缓存 300 / 读缓存 1,586） 出 40 = 1,928 | 累计 677,904 tok $4.246
  已翻 240/808 段
    [tok] #282 入 1,959（新缓存 371 / 读缓存 1,586） 出 129 = 2,088 | 累计 679,992 tok $4.255
  已翻 241/808 段
    [tok] #283 入 1,896（新缓存 308 / 读缓存 1,586） 出 86 = 1,982 | 累计 681,974 tok $4.262
  已翻 242/808 段
    [tok] #284 入 2,031（新缓存 443 / 读缓存 1,586） 出 164 = 2,195 | 累计 684,169 tok $4.273
  已翻 243/808 段
    [tok] #285 入 2,017（新缓存 429 / 读缓存 1,586） 出 177 = 2,194 | 累计 686,363 tok $4.284
  已翻 244/808 段
    [tok] #286 入 1,972（新缓存 384 / 读缓存 1,586） 出 124 = 2,096 | 累计 688,459 tok $4.292
  已翻 245/808 段
    [tok] #287 入 1,876（新缓存 288 / 读缓存 1,586） 出 25 = 1,901 | 累计 690,360 tok $4.298
  已翻 246/808 段
    [tok] #288 入 1,966（新缓存 378 / 读缓存 1,586） 出 112 = 2,078 | 累计 692,438 tok $4.306
    [tok] #289 入 1,914（新缓存 326 / 读缓存 1,586） 出 509 = 2,423 | 累计 694,861 tok $4.324
  已翻 247/808 段
    [tok] #290 入 1,927（新缓存 339 / 读缓存 1,586） 出 83 = 2,010 | 累计 696,871 tok $4.332
  已翻 248/808 段
    [tok] #291 入 1,989（新缓存 401 / 读缓存 1,586） 出 152 = 2,141 | 累计 699,012 tok $4.341
  已翻 249/808 段
    [tok] #292 入 1,961（新缓存 373 / 读缓存 1,586） 出 153 = 2,114 | 累计 701,126 tok $4.351
  已翻 250/808 段
    [tok] #293 入 1,912（新缓存 324 / 读缓存 1,586） 出 59 = 1,971 | 累计 703,097 tok $4.357
  已翻 251/808 段
    [tok] #294 入 1,901（新缓存 313 / 读缓存 1,586） 出 57 = 1,958 | 累计 705,055 tok $4.364
  已翻 252/808 段
    [tok] #295 入 2,050（新缓存 462 / 读缓存 1,586） 出 279 = 2,329 | 累计 707,384 tok $4.377
  已翻 253/808 段
    [tok] #296 入 1,943（新缓存 355 / 读缓存 1,586） 出 100 = 2,043 | 累计 709,427 tok $4.385
  已翻 254/808 段
    [tok] #297 入 2,018（新缓存 430 / 读缓存 1,586） 出 291 = 2,309 | 累计 711,736 tok $4.399
  已翻 255/808 段
    [tok] #298 入 2,072（新缓存 484 / 读缓存 1,586） 出 345 = 2,417 | 累计 714,153 tok $4.414
    [tok] #299 入 2,020（新缓存 432 / 读缓存 1,586） 出 433 = 2,453 | 累计 716,606 tok $4.431
  已翻 256/808 段
    [tok] #300 入 2,149（新缓存 561 / 读缓存 1,586） 出 280 = 2,429 | 累计 719,035 tok $4.446
  已翻 257/808 段
    [tok] #301 入 1,909（新缓存 321 / 读缓存 1,586） 出 101 = 2,010 | 累计 721,045 tok $4.454
  已翻 258/808 段
    [tok] #302 入 1,909（新缓存 321 / 读缓存 1,586） 出 58 = 1,967 | 累计 723,012 tok $4.460
  已翻 259/808 段
    [tok] #303 入 2,139（新缓存 551 / 读缓存 1,586） 出 321 = 2,460 | 累计 725,472 tok $4.476
  已翻 260/808 段
    [tok] #304 入 1,901（新缓存 313 / 读缓存 1,586） 出 42 = 1,943 | 累计 727,415 tok $4.482
  已翻 261/808 段
    [tok] #305 入 2,122（新缓存 534 / 读缓存 1,586） 出 255 = 2,377 | 累计 729,792 tok $4.496
  已翻 262/808 段
    [tok] #306 入 1,943（新缓存 355 / 读缓存 1,586） 出 104 = 2,047 | 累计 731,839 tok $4.504
  已翻 263/808 段
    [tok] #307 入 1,958（新缓存 370 / 读缓存 1,586） 出 110 = 2,068 | 累计 733,907 tok $4.512
  已翻 264/808 段
    [tok] #308 入 1,931（新缓存 343 / 读缓存 1,586） 出 90 = 2,021 | 累计 735,928 tok $4.520
  已翻 265/808 段
    [tok] #309 入 2,024（新缓存 436 / 读缓存 1,586） 出 201 = 2,225 | 累计 738,153 tok $4.531
  已翻 266/808 段
    [tok] #310 入 2,445（新缓存 857 / 读缓存 1,586） 出 615 = 3,060 | 累计 741,213 tok $4.557
  已翻 267/808 段
    [tok] #311 入 1,965（新缓存 377 / 读缓存 1,586） 出 130 = 2,095 | 累计 743,308 tok $4.566
  已翻 268/808 段
    [tok] #312 入 2,302（新缓存 714 / 读缓存 1,586） 出 501 = 2,803 | 累计 746,111 tok $4.588
  已翻 269/808 段
    [tok] #313 入 2,464（新缓存 876 / 读缓存 1,586） 出 711 = 3,175 | 累计 749,286 tok $4.617
  已翻 270/808 段
    [tok] #314 入 1,934（新缓存 346 / 读缓存 1,586） 出 75 = 2,009 | 累计 751,295 tok $4.624
  已翻 271/808 段
    [tok] #315 入 2,619（新缓存 1,031 / 读缓存 1,586） 出 755 = 3,374 | 累计 754,669 tok $4.656
  已翻 272/808 段
    [tok] #316 入 1,998（新缓存 410 / 读缓存 1,586） 出 172 = 2,170 | 累计 756,839 tok $4.666
  已翻 273/808 段
    [tok] #317 入 2,417（新缓存 829 / 读缓存 1,586） 出 601 = 3,018 | 累计 759,857 tok $4.692
  已翻 274/808 段
    [tok] #318 入 1,926（新缓存 338 / 读缓存 1,586） 出 70 = 1,996 | 累计 761,853 tok $4.699
  已翻 275/808 段
    [tok] #319 入 2,220（新缓存 632 / 读缓存 1,586） 出 478 = 2,698 | 累计 764,551 tok $4.719
  已翻 276/808 段
    [tok] #320 入 1,983（新缓存 395 / 读缓存 1,586） 出 638 = 2,621 | 累计 767,172 tok $4.741
  已翻 277/808 段
    [tok] #321 入 1,957（新缓存 369 / 读缓存 1,586） 出 113 = 2,070 | 累计 769,242 tok $4.750
  已翻 278/808 段
    [tok] #322 入 2,118（新缓存 530 / 读缓存 1,586） 出 232 = 2,350 | 累计 771,592 tok $4.763
  已翻 279/808 段
    [tok] #323 入 2,194（新缓存 606 / 读缓存 1,586） 出 384 = 2,578 | 累计 774,170 tok $4.780
    [tok] #324 入 2,142（新缓存 554 / 读缓存 1,586） 出 345 = 2,487 | 累计 776,657 tok $4.797
  已翻 280/808 段
    [tok] #325 入 2,029（新缓存 441 / 读缓存 1,586） 出 311 = 2,340 | 累计 778,997 tok $4.811
  已翻 281/808 段
    [tok] #326 入 2,184（新缓存 596 / 读缓存 1,586） 出 608 = 2,792 | 累计 781,789 tok $4.834
  已翻 282/808 段
    [tok] #327 入 2,233（新缓存 645 / 读缓存 1,586） 出 375 = 2,608 | 累计 784,397 tok $4.852
  已翻 283/808 段
    [tok] #328 入 2,035（新缓存 447 / 读缓存 1,586） 出 220 = 2,255 | 累计 786,652 tok $4.864
  已翻 284/808 段
    [tok] #329 入 2,360（新缓存 772 / 读缓存 1,586） 出 539 = 2,899 | 累计 789,551 tok $4.887
  已翻 285/808 段
    [tok] #330 入 2,114（新缓存 526 / 读缓存 1,586） 出 254 = 2,368 | 累计 791,919 tok $4.901
  已翻 286/808 段
    [tok] #331 入 2,363（新缓存 775 / 读缓存 1,586） 出 627 = 2,990 | 累计 794,909 tok $4.927
  已翻 287/808 段
    [tok] #332 入 2,213（新缓存 625 / 读缓存 1,586） 出 412 = 2,625 | 累计 797,534 tok $4.945
  已翻 288/808 段
    [tok] #333 入 1,991（新缓存 403 / 读缓存 1,586） 出 151 = 2,142 | 累计 799,676 tok $4.955
    [tok] #334 入 1,939（新缓存 351 / 读缓存 1,586） 出 131 = 2,070 | 累计 801,746 tok $4.964
  已翻 289/808 段
    [tok] #335 入 1,910（新缓存 322 / 读缓存 1,586） 出 44 = 1,954 | 累计 803,700 tok $4.970
  已翻 290/808 段
    [tok] #336 入 1,929（新缓存 341 / 读缓存 1,586） 出 167 = 2,096 | 累计 805,796 tok $4.979
  已翻 291/808 段
    [tok] #337 入 1,961（新缓存 373 / 读缓存 1,586） 出 103 = 2,064 | 累计 807,860 tok $4.988
  已翻 292/808 段
    [tok] #338 入 2,646（新缓存 1,058 / 读缓存 1,586） 出 935 = 3,581 | 累计 811,441 tok $5.024
    [tok] #339 入 2,594（新缓存 1,006 / 读缓存 1,586） 出 802 = 3,396 | 累计 814,837 tok $5.056
  已翻 293/808 段
    [tok] #340 入 2,020（新缓存 432 / 读缓存 1,586） 出 178 = 2,198 | 累计 817,035 tok $5.067
  已翻 294/808 段
    [tok] #341 入 2,420（新缓存 832 / 读缓存 1,586） 出 821 = 3,241 | 累计 820,276 tok $5.098
  已翻 295/808 段
    [tok] #342 入 1,982（新缓存 394 / 读缓存 1,586） 出 134 = 2,116 | 累计 822,392 tok $5.107
  已翻 296/808 段
    [tok] #343 入 1,924（新缓存 336 / 读缓存 1,586） 出 74 = 1,998 | 累计 824,390 tok $5.115
  已翻 297/808 段
    [tok] #344 入 1,897（新缓存 309 / 读缓存 1,586） 出 34 = 1,931 | 累计 826,321 tok $5.120
  已翻 298/808 段
    [tok] #345 入 2,162（新缓存 574 / 读缓存 1,586） 出 372 = 2,534 | 累计 828,855 tok $5.138
  已翻 299/808 段
    [tok] #346 入 2,481（新缓存 893 / 读缓存 1,586） 出 763 = 3,244 | 累计 832,099 tok $5.168
  已翻 300/808 段
    [tok] #347 入 2,196（新缓存 608 / 读缓存 1,586） 出 374 = 2,570 | 累计 834,669 tok $5.185
  已翻 301/808 段
    [tok] #348 入 1,952（新缓存 364 / 读缓存 1,586） 出 124 = 2,076 | 累计 836,745 tok $5.194
  已翻 302/808 段
    [tok] #349 入 2,033（新缓存 445 / 读缓存 1,586） 出 266 = 2,299 | 累计 839,044 tok $5.207
  已翻 303/808 段
    [tok] #350 入 2,210（新缓存 622 / 读缓存 1,586） 出 378 = 2,588 | 累计 841,632 tok $5.225
  已翻 304/808 段
    [tok] #351 入 1,962（新缓存 374 / 读缓存 1,586） 出 99 = 2,061 | 累计 843,693 tok $5.233
  已翻 305/808 段
    [tok] #352 入 1,909（新缓存 321 / 读缓存 1,586） 出 63 = 1,972 | 累计 845,665 tok $5.240
  已翻 306/808 段
    [tok] #353 入 1,938（新缓存 350 / 读缓存 1,586） 出 96 = 2,034 | 累计 847,699 tok $5.247
  已翻 307/808 段
    [tok] #354 入 1,926（新缓存 338 / 读缓存 1,586） 出 65 = 1,991 | 累计 849,690 tok $5.254
  已翻 308/808 段
    [tok] #355 入 2,156（新缓存 568 / 读缓存 1,586） 出 342 = 2,498 | 累计 852,188 tok $5.271
  已翻 309/808 段
    [tok] #356 入 1,934（新缓存 346 / 读缓存 1,586） 出 118 = 2,052 | 累计 854,240 tok $5.279
  已翻 310/808 段
    [tok] #357 入 1,880（新缓存 292 / 读缓存 1,586） 出 35 = 1,915 | 累计 856,155 tok $5.285
  已翻 311/808 段
    [tok] #358 入 1,903（新缓存 315 / 读缓存 1,586） 出 53 = 1,956 | 累计 858,111 tok $5.291
  已翻 312/808 段
    [tok] #359 入 1,943（新缓存 355 / 读缓存 1,586） 出 89 = 2,032 | 累计 860,143 tok $5.299
  已翻 313/808 段
    [tok] #360 入 2,072（新缓存 484 / 读缓存 1,586） 出 255 = 2,327 | 累计 862,470 tok $5.312
  已翻 314/808 段
    [tok] #361 入 2,013（新缓存 425 / 读缓存 1,586） 出 346 = 2,359 | 累计 864,829 tok $5.327
  已翻 315/808 段
    [tok] #362 入 1,915（新缓存 327 / 读缓存 1,586） 出 71 = 1,986 | 累计 866,815 tok $5.334
  已翻 316/808 段
    [tok] #363 入 1,893（新缓存 305 / 读缓存 1,586） 出 47 = 1,940 | 累计 868,755 tok $5.340
  已翻 317/808 段
    [tok] #364 入 2,412（新缓存 824 / 读缓存 1,586） 出 786 = 3,198 | 累计 871,953 tok $5.370
  已翻 318/808 段
    [tok] #365 入 1,918（新缓存 330 / 读缓存 1,586） 出 65 = 1,983 | 累计 873,936 tok $5.377
  已翻 319/808 段
    [tok] #366 入 2,319（新缓存 731 / 读缓存 1,586） 出 493 = 2,812 | 累计 876,748 tok $5.399
  已翻 320/808 段
    [tok] #367 入 1,988（新缓存 400 / 读缓存 1,586） 出 226 = 2,214 | 累计 878,962 tok $5.410
    [tok] #368 入 1,936（新缓存 348 / 读缓存 1,586） 出 176 = 2,112 | 累计 881,074 tok $5.420
  已翻 321/808 段
    [tok] #369 入 1,929（新缓存 341 / 读缓存 1,586） 出 94 = 2,023 | 累计 883,097 tok $5.428
  已翻 322/808 段
    [tok] #370 入 1,935（新缓存 347 / 读缓存 1,586） 出 97 = 2,032 | 累计 885,129 tok $5.435
  已翻 323/808 段
    [tok] #371 入 1,931（新缓存 343 / 读缓存 1,586） 出 99 = 2,030 | 累计 887,159 tok $5.443
  已翻 324/808 段
    [tok] #372 入 1,908（新缓存 320 / 读缓存 1,586） 出 65 = 1,973 | 累计 889,132 tok $5.450
  已翻 325/808 段
    [tok] #373 入 1,914（新缓存 326 / 读缓存 1,586） 出 41 = 1,955 | 累计 891,087 tok $5.456
  已翻 326/808 段
    [tok] #374 入 1,921（新缓存 333 / 读缓存 1,586） 出 75 = 1,996 | 累计 893,083 tok $5.463
  已翻 327/808 段
    [tok] #375 入 1,899（新缓存 311 / 读缓存 1,586） 出 41 = 1,940 | 累计 895,023 tok $5.469
  已翻 328/808 段
    [tok] #376 入 2,186（新缓存 598 / 读缓存 1,586） 出 427 = 2,613 | 累计 897,636 tok $5.488
  已翻 329/808 段
    [tok] #377 入 2,096（新缓存 508 / 读缓存 1,586） 出 298 = 2,394 | 累计 900,030 tok $5.503
  已翻 330/808 段
    [tok] #378 入 2,641（新缓存 1,053 / 读缓存 1,586） 出 813 = 3,454 | 累计 903,484 tok $5.536
  已翻 331/808 段
    [tok] #379 入 1,888（新缓存 300 / 读缓存 1,586） 出 34 = 1,922 | 累计 905,406 tok $5.542
  已翻 332/808 段
    [tok] #380 入 1,920（新缓存 332 / 读缓存 1,586） 出 82 = 2,002 | 累计 907,408 tok $5.549
  已翻 333/808 段
    [tok] #381 入 1,924（新缓存 336 / 读缓存 1,586） 出 74 = 1,998 | 累计 909,406 tok $5.556
  已翻 334/808 段
    [tok] #382 入 2,211（新缓存 623 / 读缓存 1,586） 出 838 = 3,049 | 累计 912,455 tok $5.585
  已翻 335/808 段
    [tok] #383 入 1,983（新缓存 395 / 读缓存 1,586） 出 421 = 2,404 | 累计 914,859 tok $5.602
  已翻 336/808 段
    [tok] #384 入 2,282（新缓存 694 / 读缓存 1,586） 出 443 = 2,725 | 累计 917,584 tok $5.622
  已翻 337/808 段
    [tok] #385 入 2,045（新缓存 457 / 读缓存 1,586） 出 214 = 2,259 | 累计 919,843 tok $5.634
  已翻 338/808 段
    [tok] #386 入 2,203（新缓存 615 / 读缓存 1,586） 出 361 = 2,564 | 累计 922,407 tok $5.651
  已翻 339/808 段
    [tok] #387 入 2,057（新缓存 469 / 读缓存 1,586） 出 277 = 2,334 | 累计 924,741 tok $5.665
  已翻 340/808 段
    [tok] #388 入 2,170（新缓存 582 / 读缓存 1,586） 出 391 = 2,561 | 累计 927,302 tok $5.682
  已翻 341/808 段
    [tok] #389 入 1,912（新缓存 324 / 读缓存 1,586） 出 51 = 1,963 | 累计 929,265 tok $5.688
  已翻 342/808 段
    [tok] #390 入 1,921（新缓存 333 / 读缓存 1,586） 出 73 = 1,994 | 累计 931,259 tok $5.695
  已翻 343/808 段
    [tok] #391 入 1,911（新缓存 323 / 读缓存 1,586） 出 62 = 1,973 | 累计 933,232 tok $5.701
  已翻 344/808 段
    [tok] #392 入 2,026（新缓存 438 / 读缓存 1,586） 出 202 = 2,228 | 累计 935,460 tok $5.713
  已翻 345/808 段
    [tok] #393 入 1,879（新缓存 291 / 读缓存 1,586） 出 41 = 1,920 | 累计 937,380 tok $5.718
  已翻 346/808 段
    [tok] #394 入 1,971（新缓存 383 / 读缓存 1,586） 出 105 = 2,076 | 累计 939,456 tok $5.727
  已翻 347/808 段
    [tok] #395 入 1,977（新缓存 389 / 读缓存 1,586） 出 181 = 2,158 | 累计 941,614 tok $5.737
  已翻 348/808 段
    [tok] #396 入 2,031（新缓存 443 / 读缓存 1,586） 出 199 = 2,230 | 累计 943,844 tok $5.749
  已翻 349/808 段
    [tok] #397 入 2,317（新缓存 729 / 读缓存 1,586） 出 503 = 2,820 | 累计 946,664 tok $5.771
  已翻 350/808 段
    [tok] #398 入 1,950（新缓存 362 / 读缓存 1,586） 出 79 = 2,029 | 累计 948,693 tok $5.778
  已翻 351/808 段
    [tok] #399 入 2,039（新缓存 451 / 读缓存 1,586） 出 211 = 2,250 | 累计 950,943 tok $5.790
  已翻 352/808 段
    [tok] #400 入 2,287（新缓存 699 / 读缓存 1,586） 出 598 = 2,885 | 累计 953,828 tok $5.814
  已翻 353/808 段
    [tok] #401 入 2,034（新缓存 446 / 读缓存 1,586） 出 500 = 2,534 | 累计 956,362 tok $5.833
  已翻 354/808 段
    [tok] #402 入 2,096（新缓存 508 / 读缓存 1,586） 出 252 = 2,348 | 累计 958,710 tok $5.846
  已翻 355/808 段
    [tok] #403 入 1,975（新缓存 387 / 读缓存 1,586） 出 126 = 2,101 | 累计 960,811 tok $5.855
  已翻 356/808 段
    [tok] #404 入 2,217（新缓存 629 / 读缓存 1,586） 出 521 = 2,738 | 累计 963,549 tok $5.877
    [tok] #405 入 2,165（新缓存 577 / 读缓存 1,586） 出 387 = 2,552 | 累计 966,101 tok $5.894
  已翻 357/808 段
    [tok] #406 入 2,425（新缓存 837 / 读缓存 1,586） 出 725 = 3,150 | 累计 969,251 tok $5.923
  已翻 358/808 段
    [tok] #407 入 1,924（新缓存 336 / 读缓存 1,586） 出 83 = 2,007 | 累计 971,258 tok $5.931
  已翻 359/808 段
    [tok] #408 入 2,354（新缓存 766 / 读缓存 1,586） 出 568 = 2,922 | 累计 974,180 tok $5.955
  已翻 360/808 段
    [tok] #409 入 1,934（新缓存 346 / 读缓存 1,586） 出 100 = 2,034 | 累计 976,214 tok $5.962
  已翻 361/808 段
    [tok] #410 入 2,511（新缓存 923 / 读缓存 1,586） 出 716 = 3,227 | 累计 979,441 tok $5.992
  已翻 362/808 段
    [tok] #411 入 2,601（新缓存 1,013 / 读缓存 1,586） 出 950 = 3,551 | 累计 982,992 tok $6.028
  已翻 363/808 段
    [tok] #412 入 1,947（新缓存 359 / 读缓存 1,586） 出 95 = 2,042 | 累计 985,034 tok $6.036
  已翻 364/808 段
    [tok] #413 入 2,207（新缓存 619 / 读缓存 1,586） 出 364 = 2,571 | 累计 987,605 tok $6.053
    [tok] #414 入 2,155（新缓存 567 / 读缓存 1,586） 出 373 = 2,528 | 累计 990,133 tok $6.071
  已翻 365/808 段
    [tok] #415 入 2,061（新缓存 473 / 读缓存 1,586） 出 319 = 2,380 | 累计 992,513 tok $6.085
  已翻 366/808 段
    [tok] #416 入 1,928（新缓存 340 / 读缓存 1,586） 出 84 = 2,012 | 累计 994,525 tok $6.093
  已翻 367/808 段
    [tok] #417 入 1,996（新缓存 408 / 读缓存 1,586） 出 202 = 2,198 | 累计 996,723 tok $6.104
  已翻 368/808 段
    [tok] #418 入 2,059（新缓存 471 / 读缓存 1,586） 出 214 = 2,273 | 累计 998,996 tok $6.116
  已翻 369/808 段
    [tok] #419 入 2,009（新缓存 421 / 读缓存 1,586） 出 180 = 2,189 | 累计 1,001,185 tok $6.126
  已翻 370/808 段
    [tok] #420 入 2,051（新缓存 463 / 读缓存 1,586） 出 205 = 2,256 | 累计 1,003,441 tok $6.138
  已翻 371/808 段
    [tok] #421 入 2,250（新缓存 662 / 读缓存 1,586） 出 473 = 2,723 | 累计 1,006,164 tok $6.159
  已翻 372/808 段
    [tok] #422 入 2,151（新缓存 563 / 读缓存 1,586） 出 566 = 2,717 | 累计 1,008,881 tok $6.181
    [tok] #423 入 2,099（新缓存 511 / 读缓存 1,586） 出 635 = 2,734 | 累计 1,011,615 tok $6.204
  已翻 373/808 段
    [tok] #424 入 2,115（新缓存 527 / 读缓存 1,586） 出 339 = 2,454 | 累计 1,014,069 tok $6.219
  已翻 374/808 段
    [tok] #425 入 1,918（新缓存 330 / 读缓存 1,586） 出 71 = 1,989 | 累计 1,016,058 tok $6.226
  已翻 375/808 段
    [tok] #426 入 1,917（新缓存 329 / 读缓存 1,586） 出 75 = 1,992 | 累计 1,018,050 tok $6.233
  已翻 376/808 段
    [tok] #427 入 1,924（新缓存 336 / 读缓存 1,586） 出 76 = 2,000 | 累计 1,020,050 tok $6.241
  已翻 377/808 段
    [tok] #428 入 1,938（新缓存 350 / 读缓存 1,586） 出 92 = 2,030 | 累计 1,022,080 tok $6.248
  已翻 378/808 段
    [tok] #429 入 1,929（新缓存 341 / 读缓存 1,586） 出 81 = 2,010 | 累计 1,024,090 tok $6.256
  已翻 379/808 段
    [tok] #430 入 1,909（新缓存 321 / 读缓存 1,586） 出 69 = 1,978 | 累计 1,026,068 tok $6.262
  已翻 380/808 段
    [tok] #431 入 2,285（新缓存 697 / 读缓存 1,586） 出 518 = 2,803 | 累计 1,028,871 tok $6.285
  已翻 381/808 段
    [tok] #432 入 2,197（新缓存 609 / 读缓存 1,586） 出 435 = 2,632 | 累计 1,031,503 tok $6.304
  已翻 382/808 段
    [tok] #433 入 1,941（新缓存 353 / 读缓存 1,586） 出 94 = 2,035 | 累计 1,033,538 tok $6.311
  已翻 383/808 段
    [tok] #434 入 1,873（新缓存 285 / 读缓存 1,586） 出 23 = 1,896 | 累计 1,035,434 tok $6.317
  已翻 384/808 段
    [tok] #435 入 2,022（新缓存 434 / 读缓存 1,586） 出 254 = 2,276 | 累计 1,037,710 tok $6.329
  已翻 385/808 段
    [tok] #436 入 2,119（新缓存 531 / 读缓存 1,586） 出 276 = 2,395 | 累计 1,040,105 tok $6.344
  已翻 386/808 段
    [tok] #437 入 1,902（新缓存 314 / 读缓存 1,586） 出 58 = 1,960 | 累计 1,042,065 tok $6.350
  已翻 387/808 段
    [tok] #438 入 1,919（新缓存 331 / 读缓存 1,586） 出 63 = 1,982 | 累计 1,044,047 tok $6.357
  已翻 388/808 段
    [tok] #439 入 2,136（新缓存 548 / 读缓存 1,586） 出 359 = 2,495 | 累计 1,046,542 tok $6.373
    [tok] #440 入 2,084（新缓存 496 / 读缓存 1,586） 出 607 = 2,691 | 累计 1,049,233 tok $6.396
  已翻 389/808 段
    [tok] #441 入 1,896（新缓存 308 / 读缓存 1,586） 出 112 = 2,008 | 累计 1,051,241 tok $6.403
  已翻 390/808 段
    [tok] #442 入 1,938（新缓存 350 / 读缓存 1,586） 出 76 = 2,014 | 累计 1,053,255 tok $6.411
  已翻 391/808 段
    [tok] #443 入 1,898（新缓存 310 / 读缓存 1,586） 出 54 = 1,952 | 累计 1,055,207 tok $6.417
  已翻 392/808 段
    [tok] #444 入 1,909（新缓存 321 / 读缓存 1,586） 出 133 = 2,042 | 累计 1,057,249 tok $6.425
  已翻 393/808 段
    [tok] #445 入 2,051（新缓存 463 / 读缓存 1,586） 出 315 = 2,366 | 累计 1,059,615 tok $6.440
  已翻 394/808 段
    [tok] #446 入 1,970（新缓存 382 / 读缓存 1,586） 出 138 = 2,108 | 累计 1,061,723 tok $6.449
  已翻 395/808 段
    [tok] #447 入 2,266（新缓存 678 / 读缓存 1,586） 出 644 = 2,910 | 累计 1,064,633 tok $6.474
    [tok] #448 入 2,214（新缓存 626 / 读缓存 1,586） 出 372 = 2,586 | 累计 1,067,219 tok $6.492
  已翻 396/808 段
    [tok] #449 入 2,249（新缓存 661 / 读缓存 1,586） 出 585 = 2,834 | 累计 1,070,053 tok $6.515
  已翻 397/808 段
    [tok] #450 入 1,912（新缓存 324 / 读缓存 1,586） 出 64 = 1,976 | 累计 1,072,029 tok $6.522
  已翻 398/808 段
    [tok] #451 入 1,892（新缓存 304 / 读缓存 1,586） 出 30 = 1,922 | 累计 1,073,951 tok $6.527
  已翻 399/808 段
    [tok] #452 入 2,288（新缓存 700 / 读缓存 1,586） 出 816 = 3,104 | 累计 1,077,055 tok $6.557
  已翻 400/808 段
    [tok] #453 入 1,923（新缓存 335 / 读缓存 1,586） 出 74 = 1,997 | 累计 1,079,052 tok $6.564
  已翻 401/808 段
    [tok] #454 入 2,219（新缓存 631 / 读缓存 1,586） 出 433 = 2,652 | 累计 1,081,704 tok $6.583
  已翻 402/808 段
    [tok] #455 入 2,332（新缓存 744 / 读缓存 1,586） 出 592 = 2,924 | 累计 1,084,628 tok $6.608
  已翻 403/808 段
    [tok] #456 入 2,035（新缓存 447 / 读缓存 1,586） 出 241 = 2,276 | 累计 1,086,904 tok $6.620
  已翻 404/808 段
    [tok] #457 入 1,928（新缓存 340 / 读缓存 1,586） 出 330 = 2,258 | 累计 1,089,162 tok $6.634
  已翻 405/808 段
    [tok] #458 入 2,056（新缓存 468 / 读缓存 1,586） 出 172 = 2,228 | 累计 1,091,390 tok $6.645
  已翻 406/808 段
    [tok] #459 入 2,542（新缓存 954 / 读缓存 1,586） 出 815 = 3,357 | 累计 1,094,747 tok $6.677
  已翻 407/808 段
    [tok] #460 入 2,102（新缓存 514 / 读缓存 1,586） 出 263 = 2,365 | 累计 1,097,112 tok $6.691
  已翻 408/808 段
    [tok] #461 入 2,122（新缓存 534 / 读缓存 1,586） 出 268 = 2,390 | 累计 1,099,502 tok $6.705
  已翻 409/808 段
    [tok] #462 入 2,021（新缓存 433 / 读缓存 1,586） 出 199 = 2,220 | 累计 1,101,722 tok $6.716
  已翻 410/808 段
    [tok] #463 入 1,960（新缓存 372 / 读缓存 1,586） 出 125 = 2,085 | 累计 1,103,807 tok $6.725
  已翻 411/808 段
    [tok] #464 入 2,008（新缓存 420 / 读缓存 1,586） 出 264 = 2,272 | 累计 1,106,079 tok $6.738
  已翻 412/808 段
    [tok] #465 入 2,040（新缓存 452 / 读缓存 1,586） 出 218 = 2,258 | 累计 1,108,337 tok $6.750
  已翻 413/808 段
    [tok] #466 入 2,118（新缓存 530 / 读缓存 1,586） 出 442 = 2,560 | 累计 1,110,897 tok $6.768
    [tok] #467 入 2,066（新缓存 478 / 读缓存 1,586） 出 318 = 2,384 | 累计 1,113,281 tok $6.783
  已翻 414/808 段
    [tok] #468 入 2,036（新缓存 448 / 读缓存 1,586） 出 264 = 2,300 | 累计 1,115,581 tok $6.796
  已翻 415/808 段
    [tok] #469 入 2,028（新缓存 440 / 读缓存 1,586） 出 197 = 2,225 | 累计 1,117,806 tok $6.807
  已翻 416/808 段
    [tok] #470 入 1,925（新缓存 337 / 读缓存 1,586） 出 89 = 2,014 | 累计 1,119,820 tok $6.815
  已翻 417/808 段
    [tok] #471 入 1,891（新缓存 303 / 读缓存 1,586） 出 42 = 1,933 | 累计 1,121,753 tok $6.821
  已翻 418/808 段
    [tok] #472 入 1,902（新缓存 314 / 读缓存 1,586） 出 54 = 1,956 | 累计 1,123,709 tok $6.827
  已翻 419/808 段
    [tok] #473 入 2,188（新缓存 600 / 读缓存 1,586） 出 311 = 2,499 | 累计 1,126,208 tok $6.843
  已翻 420/808 段
    [tok] #474 入 1,900（新缓存 312 / 读缓存 1,586） 出 38 = 1,938 | 累计 1,128,146 tok $6.849
  已翻 421/808 段
    [tok] #475 入 1,993（新缓存 405 / 读缓存 1,586） 出 252 = 2,245 | 累计 1,130,391 tok $6.861
  已翻 422/808 段
    [tok] #476 入 1,934（新缓存 346 / 读缓存 1,586） 出 190 = 2,124 | 累计 1,132,515 tok $6.871
  已翻 423/808 段
    [tok] #477 入 2,290（新缓存 702 / 读缓存 1,586） 出 587 = 2,877 | 累计 1,135,392 tok $6.895
    [tok] #478 入 2,238（新缓存 650 / 读缓存 1,586） 出 643 = 2,881 | 累计 1,138,273 tok $6.920
  已翻 424/808 段
    [tok] #479 入 2,374（新缓存 786 / 读缓存 1,586） 出 509 = 2,883 | 累计 1,141,156 tok $6.943
  已翻 425/808 段
    [tok] #480 入 1,920（新缓存 332 / 读缓存 1,586） 出 75 = 1,995 | 累计 1,143,151 tok $6.950
  已翻 426/808 段
    [tok] #481 入 1,999（新缓存 411 / 读缓存 1,586） 出 179 = 2,178 | 累计 1,145,329 tok $6.960
  已翻 427/808 段
    [tok] #482 入 1,916（新缓存 328 / 读缓存 1,586） 出 64 = 1,980 | 累计 1,147,309 tok $6.967
  已翻 428/808 段
    [tok] #483 入 2,433（新缓存 845 / 读缓存 1,586） 出 742 = 3,175 | 累计 1,150,484 tok $6.996
  已翻 429/808 段
    [tok] #484 入 2,124（新缓存 536 / 读缓存 1,586） 出 649 = 2,773 | 累计 1,153,257 tok $7.020
  已翻 430/808 段
    [tok] #485 入 1,918（新缓存 330 / 读缓存 1,586） 出 68 = 1,986 | 累计 1,155,243 tok $7.027
  已翻 431/808 段
    [tok] #486 入 1,907（新缓存 319 / 读缓存 1,586） 出 55 = 1,962 | 累计 1,157,205 tok $7.033
  已翻 432/808 段
    [tok] #487 入 1,907（新缓存 319 / 读缓存 1,586） 出 46 = 1,953 | 累计 1,159,158 tok $7.039
  已翻 433/808 段
    [tok] #488 入 1,912（新缓存 324 / 读缓存 1,586） 出 268 = 2,180 | 累计 1,161,338 tok $7.051
  已翻 434/808 段
    [tok] #489 入 2,184（新缓存 596 / 读缓存 1,586） 出 409 = 2,593 | 累计 1,163,931 tok $7.070
  已翻 435/808 段
    [tok] #490 入 1,885（新缓存 297 / 读缓存 1,586） 出 44 = 1,929 | 累计 1,165,860 tok $7.075
  已翻 436/808 段
    [tok] #491 入 1,949（新缓存 361 / 读缓存 1,586） 出 70 = 2,019 | 累计 1,167,879 tok $7.083
  已翻 437/808 段
    [tok] #492 入 2,175（新缓存 587 / 读缓存 1,586） 出 328 = 2,503 | 累计 1,170,382 tok $7.099
  已翻 438/808 段
    [tok] #493 入 1,996（新缓存 408 / 读缓存 1,586） 出 155 = 2,151 | 累计 1,172,533 tok $7.109
  已翻 439/808 段
    [tok] #494 入 1,910（新缓存 322 / 读缓存 1,586） 出 69 = 1,979 | 累计 1,174,512 tok $7.116
    [tok] #495 入 1,858（新缓存 270 / 读缓存 1,586） 出 76 = 1,934 | 累计 1,176,446 tok $7.122
  已翻 440/808 段
    [tok] #496 入 2,024（新缓存 436 / 读缓存 1,586） 出 193 = 2,217 | 累计 1,178,663 tok $7.133
  已翻 441/808 段
    [tok] #497 入 2,113（新缓存 525 / 读缓存 1,586） 出 562 = 2,675 | 累计 1,181,338 tok $7.155
    [tok] #498 入 2,061（新缓存 473 / 读缓存 1,586） 出 471 = 2,532 | 累计 1,183,870 tok $7.173
  已翻 442/808 段
    [tok] #499 入 2,024（新缓存 436 / 读缓存 1,586） 出 186 = 2,210 | 累计 1,186,080 tok $7.184
  已翻 443/808 段
    [tok] #500 入 1,989（新缓存 401 / 读缓存 1,586） 出 142 = 2,131 | 累计 1,188,211 tok $7.194
  已翻 444/808 段
    [tok] #501 入 2,035（新缓存 447 / 读缓存 1,586） 出 358 = 2,393 | 累计 1,190,604 tok $7.209
    [tok] #502 入 1,983（新缓存 395 / 读缓存 1,586） 出 302 = 2,285 | 累计 1,192,889 tok $7.222
  已翻 445/808 段
    [tok] #503 入 1,973（新缓存 385 / 读缓存 1,586） 出 143 = 2,116 | 累计 1,195,005 tok $7.232
  已翻 446/808 段
    [tok] #504 入 2,506（新缓存 918 / 读缓存 1,586） 出 700 = 3,206 | 累计 1,198,211 tok $7.261
  已翻 447/808 段
    [tok] #505 入 2,031（新缓存 443 / 读缓存 1,586） 出 174 = 2,205 | 累计 1,200,416 tok $7.271
  已翻 448/808 段
    [tok] #506 入 1,906（新缓存 318 / 读缓存 1,586） 出 58 = 1,964 | 累计 1,202,380 tok $7.278
  已翻 449/808 段
    [tok] #507 入 1,913（新缓存 325 / 读缓存 1,586） 出 69 = 1,982 | 累计 1,204,362 tok $7.285
  已翻 450/808 段
    [tok] #508 入 1,900（新缓存 312 / 读缓存 1,586） 出 45 = 1,945 | 累计 1,206,307 tok $7.291
  已翻 451/808 段
    [tok] #509 入 1,916（新缓存 328 / 读缓存 1,586） 出 66 = 1,982 | 累计 1,208,289 tok $7.298
  已翻 452/808 段
    [tok] #510 入 1,950（新缓存 362 / 读缓存 1,586） 出 102 = 2,052 | 累计 1,210,341 tok $7.306
  已翻 453/808 段
    [tok] #511 入 1,914（新缓存 326 / 读缓存 1,586） 出 68 = 1,982 | 累计 1,212,323 tok $7.313
  已翻 454/808 段
    [tok] #512 入 2,013（新缓存 425 / 读缓存 1,586） 出 201 = 2,214 | 累计 1,214,537 tok $7.324
  已翻 455/808 段
    [tok] #513 入 1,958（新缓存 370 / 读缓存 1,586） 出 101 = 2,059 | 累计 1,216,596 tok $7.332
  已翻 456/808 段
    [tok] #514 入 1,967（新缓存 379 / 读缓存 1,586） 出 128 = 2,095 | 累计 1,218,691 tok $7.341
  已翻 457/808 段
    [tok] #515 入 2,035（新缓存 447 / 读缓存 1,586） 出 170 = 2,205 | 累计 1,220,896 tok $7.352
  已翻 458/808 段
    [tok] #516 入 2,011（新缓存 423 / 读缓存 1,586） 出 139 = 2,150 | 累计 1,223,046 tok $7.361
  已翻 459/808 段
    [tok] #517 入 1,911（新缓存 323 / 读缓存 1,586） 出 66 = 1,977 | 累计 1,225,023 tok $7.368
  已翻 460/808 段
    [tok] #518 入 1,918（新缓存 330 / 读缓存 1,586） 出 169 = 2,087 | 累计 1,227,110 tok $7.378
  已翻 461/808 段
    [tok] #519 入 1,888（新缓存 300 / 读缓存 1,586） 出 35 = 1,923 | 累计 1,229,033 tok $7.383
  已翻 462/808 段
    [tok] #520 入 2,037（新缓存 449 / 读缓存 1,586） 出 426 = 2,463 | 累计 1,231,496 tok $7.400
    [tok] #521 入 1,985（新缓存 397 / 读缓存 1,586） 出 330 = 2,315 | 累计 1,233,811 tok $7.415
  已翻 463/808 段
    [tok] #522 入 2,005（新缓存 417 / 读缓存 1,586） 出 168 = 2,173 | 累计 1,235,984 tok $7.425
  已翻 464/808 段
    [tok] #523 入 1,936（新缓存 348 / 读缓存 1,586） 出 97 = 2,033 | 累计 1,238,017 tok $7.433
  已翻 465/808 段
    [tok] #524 入 1,953（新缓存 365 / 读缓存 1,586） 出 108 = 2,061 | 累计 1,240,078 tok $7.441
  已翻 466/808 段
    [tok] #525 入 1,957（新缓存 369 / 读缓存 1,586） 出 126 = 2,083 | 累计 1,242,161 tok $7.450
  已翻 467/808 段
    [tok] #526 入 2,005（新缓存 417 / 读缓存 1,586） 出 181 = 2,186 | 累计 1,244,347 tok $7.460
  已翻 468/808 段
    [tok] #527 入 2,479（新缓存 891 / 读缓存 1,586） 出 605 = 3,084 | 累计 1,247,431 tok $7.487
  已翻 469/808 段
    [tok] #528 入 2,082（新缓存 494 / 读缓存 1,586） 出 289 = 2,371 | 累计 1,249,802 tok $7.501
    [tok] #529 入 2,030（新缓存 442 / 读缓存 1,586） 出 334 = 2,364 | 累计 1,252,166 tok $7.516
  已翻 470/808 段
    [tok] #530 入 1,913（新缓存 325 / 读缓存 1,586） 出 60 = 1,973 | 累计 1,254,139 tok $7.522
  已翻 471/808 段
    [tok] #531 入 1,907（新缓存 319 / 读缓存 1,586） 出 47 = 1,954 | 累计 1,256,093 tok $7.529
  已翻 472/808 段
    [tok] #532 入 1,939（新缓存 351 / 读缓存 1,586） 出 91 = 2,030 | 累计 1,258,123 tok $7.536
  已翻 473/808 段
    [tok] #533 入 1,995（新缓存 407 / 读缓存 1,586） 出 408 = 2,403 | 累计 1,260,526 tok $7.552
    [tok] #534 入 1,943（新缓存 355 / 读缓存 1,586） 出 520 = 2,463 | 累计 1,262,989 tok $7.571
  已翻 474/808 段
    [tok] #535 入 1,922（新缓存 334 / 读缓存 1,586） 出 62 = 1,984 | 累计 1,264,973 tok $7.578
  已翻 475/808 段
    [tok] #536 入 2,123（新缓存 535 / 读缓存 1,586） 出 481 = 2,604 | 累计 1,267,577 tok $7.597
  已翻 476/808 段
    [tok] #537 入 1,871（新缓存 283 / 读缓存 1,586） 出 19 = 1,890 | 累计 1,269,467 tok $7.602
  已翻 477/808 段
    [tok] #538 入 2,130（新缓存 542 / 读缓存 1,586） 出 275 = 2,405 | 累计 1,271,872 tok $7.617
  已翻 478/808 段
    [tok] #539 入 2,103（新缓存 515 / 读缓存 1,586） 出 267 = 2,370 | 累计 1,274,242 tok $7.630
  已翻 479/808 段
    [tok] #540 入 1,871（新缓存 283 / 读缓存 1,586） 出 21 = 1,892 | 累计 1,276,134 tok $7.636
  已翻 480/808 段
    [tok] #541 入 1,983（新缓存 395 / 读缓存 1,586） 出 148 = 2,131 | 累计 1,278,265 tok $7.645
  已翻 481/808 段
    [tok] #542 入 2,165（新缓存 577 / 读缓存 1,586） 出 348 = 2,513 | 累计 1,280,778 tok $7.662
  已翻 482/808 段
    [tok] #543 入 2,047（新缓存 459 / 读缓存 1,586） 出 199 = 2,246 | 累计 1,283,024 tok $7.673
  已翻 483/808 段
    [tok] #544 入 2,316（新缓存 728 / 读缓存 1,586） 出 518 = 2,834 | 累计 1,285,858 tok $7.696
  已翻 484/808 段
    [tok] #545 入 2,303（新缓存 715 / 读缓存 1,586） 出 530 = 2,833 | 累计 1,288,691 tok $7.718
  已翻 485/808 段
    [tok] #546 入 2,061（新缓存 473 / 读缓存 1,586） 出 219 = 2,280 | 累计 1,290,971 tok $7.731
  已翻 486/808 段
    [tok] #547 入 1,985（新缓存 397 / 读缓存 1,586） 出 159 = 2,144 | 累计 1,293,115 tok $7.740
  已翻 487/808 段
    [tok] #548 入 1,908（新缓存 320 / 读缓存 1,586） 出 64 = 1,972 | 累计 1,295,087 tok $7.747
  已翻 488/808 段
    [tok] #549 入 2,436（新缓存 848 / 读缓存 1,586） 出 668 = 3,104 | 累计 1,298,191 tok $7.775
  已翻 489/808 段
    [tok] #550 入 1,913（新缓存 325 / 读缓存 1,586） 出 76 = 1,989 | 累计 1,300,180 tok $7.782
  已翻 490/808 段
    [tok] #551 入 1,905（新缓存 317 / 读缓存 1,586） 出 55 = 1,960 | 累计 1,302,140 tok $7.788
  已翻 491/808 段
    [tok] #552 入 1,897（新缓存 309 / 读缓存 1,586） 出 45 = 1,942 | 累计 1,304,082 tok $7.794
  已翻 492/808 段
    [tok] #553 入 1,892（新缓存 304 / 读缓存 1,586） 出 34 = 1,926 | 累计 1,306,008 tok $7.800
  已翻 493/808 段
    [tok] #554 入 1,986（新缓存 398 / 读缓存 1,586） 出 190 = 2,176 | 累计 1,308,184 tok $7.810
  已翻 494/808 段
    [tok] #555 入 2,165（新缓存 577 / 读缓存 1,586） 出 324 = 2,489 | 累计 1,310,673 tok $7.826
  已翻 495/808 段
    [tok] #556 入 1,997（新缓存 409 / 读缓存 1,586） 出 179 = 2,176 | 累计 1,312,849 tok $7.837
  已翻 496/808 段
    [tok] #557 入 2,090（新缓存 502 / 读缓存 1,586） 出 359 = 2,449 | 累计 1,315,298 tok $7.853
  已翻 497/808 段
    [tok] #558 入 2,053（新缓存 465 / 读缓存 1,586） 出 314 = 2,367 | 累计 1,317,665 tok $7.867
    [tok] #559 入 2,001（新缓存 413 / 读缓存 1,586） 出 216 = 2,217 | 累计 1,319,882 tok $7.879
  已翻 498/808 段
    [tok] #560 入 2,181（新缓存 593 / 读缓存 1,586） 出 397 = 2,578 | 累计 1,322,460 tok $7.897
  已翻 499/808 段
    [tok] #561 入 1,913（新缓存 325 / 读缓存 1,586） 出 67 = 1,980 | 累计 1,324,440 tok $7.904
  已翻 500/808 段
    [tok] #562 入 1,954（新缓存 366 / 读缓存 1,586） 出 128 = 2,082 | 累计 1,326,522 tok $7.912
  已翻 501/808 段
    [tok] #563 入 1,951（新缓存 363 / 读缓存 1,586） 出 112 = 2,063 | 累计 1,328,585 tok $7.921
  已翻 502/808 段
    [tok] #564 入 1,956（新缓存 368 / 读缓存 1,586） 出 102 = 2,058 | 累计 1,330,643 tok $7.929
  已翻 503/808 段
    [tok] #565 入 1,920（新缓存 332 / 读缓存 1,586） 出 73 = 1,993 | 累计 1,332,636 tok $7.936
  已翻 504/808 段
    [tok] #566 入 1,965（新缓存 377 / 读缓存 1,586） 出 178 = 2,143 | 累计 1,334,779 tok $7.946
  已翻 505/808 段
    [tok] #567 入 2,195（新缓存 607 / 读缓存 1,586） 出 466 = 2,661 | 累计 1,337,440 tok $7.966
  已翻 506/808 段
    [tok] #568 入 2,013（新缓存 425 / 读缓存 1,586） 出 181 = 2,194 | 累计 1,339,634 tok $7.977
    [tok] #569 入 1,961（新缓存 373 / 读缓存 1,586） 出 162 = 2,123 | 累计 1,341,757 tok $7.986
  已翻 507/808 段
    [tok] #570 入 2,095（新缓存 507 / 读缓存 1,586） 出 266 = 2,361 | 累计 1,344,118 tok $8.000
  已翻 508/808 段
    [tok] #571 入 2,311（新缓存 723 / 读缓存 1,586） 出 472 = 2,783 | 累计 1,346,901 tok $8.021
  已翻 509/808 段
    [tok] #572 入 1,897（新缓存 309 / 读缓存 1,586） 出 40 = 1,937 | 累计 1,348,838 tok $8.027
  已翻 510/808 段
    [tok] #573 入 1,995（新缓存 407 / 读缓存 1,586） 出 176 = 2,171 | 累计 1,351,009 tok $8.038
  已翻 511/808 段
    [tok] #574 入 2,733（新缓存 1,145 / 读缓存 1,586） 出 944 = 3,677 | 累计 1,354,686 tok $8.075
  已翻 512/808 段
    [tok] #575 入 1,917（新缓存 329 / 读缓存 1,586） 出 61 = 1,978 | 累计 1,356,664 tok $8.082
  已翻 513/808 段
    [tok] #576 入 2,008（新缓存 420 / 读缓存 1,586） 出 335 = 2,343 | 累计 1,359,007 tok $8.096
  已翻 514/808 段
    [tok] #577 入 1,923（新缓存 335 / 读缓存 1,586） 出 141 = 2,064 | 累计 1,361,071 tok $8.105
  已翻 515/808 段
    [tok] #578 入 2,051（新缓存 463 / 读缓存 1,586） 出 429 = 2,480 | 累计 1,363,551 tok $8.123
  已翻 516/808 段
    [tok] #579 入 1,946（新缓存 358 / 读缓存 1,586） 出 73 = 2,019 | 累计 1,365,570 tok $8.130
  已翻 517/808 段
    [tok] #580 入 1,984（新缓存 396 / 读缓存 1,586） 出 191 = 2,175 | 累计 1,367,745 tok $8.141
    [tok] #581 入 1,932（新缓存 344 / 读缓存 1,586） 出 144 = 2,076 | 累计 1,369,821 tok $8.149
  已翻 518/808 段
    [tok] #582 入 2,046（新缓存 458 / 读缓存 1,586） 出 190 = 2,236 | 累计 1,372,057 tok $8.161
  已翻 519/808 段
    [tok] #583 入 2,254（新缓存 666 / 读缓存 1,586） 出 523 = 2,777 | 累计 1,374,834 tok $8.183
  已翻 520/808 段
    [tok] #584 入 2,242（新缓存 654 / 读缓存 1,586） 出 402 = 2,644 | 累计 1,377,478 tok $8.201
  已翻 521/808 段
    [tok] #585 入 2,349（新缓存 761 / 读缓存 1,586） 出 492 = 2,841 | 累计 1,380,319 tok $8.224
    [tok] #586 入 2,297（新缓存 709 / 读缓存 1,586） 出 551 = 2,848 | 累计 1,383,167 tok $8.247
  已翻 522/808 段
    [tok] #587 入 2,163（新缓存 575 / 读缓存 1,586） 出 436 = 2,599 | 累计 1,385,766 tok $8.265
  已翻 523/808 段
    [tok] #588 入 1,946（新缓存 358 / 读缓存 1,586） 出 92 = 2,038 | 累计 1,387,804 tok $8.273
  已翻 524/808 段
    [tok] #589 入 1,930（新缓存 342 / 读缓存 1,586） 出 79 = 2,009 | 累计 1,389,813 tok $8.280
  已翻 525/808 段
    [tok] #590 入 1,902（新缓存 314 / 读缓存 1,586） 出 51 = 1,953 | 累计 1,391,766 tok $8.287
  已翻 526/808 段
    [tok] #591 入 2,332（新缓存 744 / 读缓存 1,586） 出 480 = 2,812 | 累计 1,394,578 tok $8.308
  已翻 527/808 段
    [tok] #592 入 2,251（新缓存 663 / 读缓存 1,586） 出 466 = 2,717 | 累计 1,397,295 tok $8.329
  已翻 528/808 段
    [tok] #593 入 2,029（新缓存 441 / 读缓存 1,586） 出 255 = 2,284 | 累计 1,399,579 tok $8.341
  已翻 529/808 段
    [tok] #594 入 1,917（新缓存 329 / 读缓存 1,586） 出 69 = 1,986 | 累计 1,401,565 tok $8.348
  已翻 530/808 段
    [tok] #595 入 2,015（新缓存 427 / 读缓存 1,586） 出 172 = 2,187 | 累计 1,403,752 tok $8.359
  已翻 531/808 段
    [tok] #596 入 1,915（新缓存 327 / 读缓存 1,586） 出 65 = 1,980 | 累计 1,405,732 tok $8.366
  已翻 532/808 段
    [tok] #597 入 1,902（新缓存 314 / 读缓存 1,586） 出 61 = 1,963 | 累计 1,407,695 tok $8.372
  已翻 533/808 段
    [tok] #598 入 1,930（新缓存 342 / 读缓存 1,586） 出 80 = 2,010 | 累计 1,409,705 tok $8.380
  已翻 534/808 段
    [tok] #599 入 1,957（新缓存 369 / 读缓存 1,586） 出 106 = 2,063 | 累计 1,411,768 tok $8.388
  已翻 535/808 段
    [tok] #600 入 1,877（新缓存 289 / 读缓存 1,586） 出 20 = 1,897 | 累计 1,413,665 tok $8.393
  已翻 536/808 段
    [tok] #601 入 1,918（新缓存 330 / 读缓存 1,586） 出 70 = 1,988 | 累计 1,415,653 tok $8.400
  已翻 537/808 段
    [tok] #602 入 1,911（新缓存 323 / 读缓存 1,586） 出 41 = 1,952 | 累计 1,417,605 tok $8.406
  已翻 538/808 段
    [tok] #603 入 2,066（新缓存 478 / 读缓存 1,586） 出 243 = 2,309 | 累计 1,419,914 tok $8.419
  已翻 539/808 段
    [tok] #604 入 1,975（新缓存 387 / 读缓存 1,586） 出 158 = 2,133 | 累计 1,422,047 tok $8.429
  已翻 540/808 段
    [tok] #605 入 2,023（新缓存 435 / 读缓存 1,586） 出 168 = 2,191 | 累计 1,424,238 tok $8.439
  已翻 541/808 段
    [tok] #606 入 1,875（新缓存 287 / 读缓存 1,586） 出 27 = 1,902 | 累计 1,426,140 tok $8.445
  已翻 542/808 段
    [tok] #607 入 2,053（新缓存 465 / 读缓存 1,586） 出 688 = 2,741 | 累计 1,428,881 tok $8.468
  已翻 543/808 段
    [tok] #608 入 1,966（新缓存 378 / 读缓存 1,586） 出 838 = 2,804 | 累计 1,431,685 tok $8.495
    [tok] #609 入 1,914（新缓存 326 / 读缓存 1,586） 出 121 = 2,035 | 累计 1,433,720 tok $8.503
  已翻 544/808 段
    [tok] #610 入 2,402（新缓存 814 / 读缓存 1,586） 出 616 = 3,018 | 累计 1,436,738 tok $8.529
    [tok] #611 入 2,350（新缓存 762 / 读缓存 1,586） 出 619 = 2,969 | 累计 1,439,707 tok $8.554
  已翻 545/808 段
    [tok] #612 入 1,891（新缓存 303 / 读缓存 1,586） 出 36 = 1,927 | 累计 1,441,634 tok $8.560
  已翻 546/808 段
    [tok] #613 入 1,902（新缓存 314 / 读缓存 1,586） 出 46 = 1,948 | 累计 1,443,582 tok $8.566
  已翻 547/808 段
    [tok] #614 入 1,905（新缓存 317 / 读缓存 1,586） 出 61 = 1,966 | 累计 1,445,548 tok $8.573
  已翻 548/808 段
    [tok] #615 入 1,902（新缓存 314 / 读缓存 1,586） 出 53 = 1,955 | 累计 1,447,503 tok $8.579
  已翻 549/808 段
    [tok] #616 入 1,881（新缓存 293 / 读缓存 1,586） 出 71 = 1,952 | 累计 1,449,455 tok $8.586
  已翻 550/808 段
    [tok] #617 入 2,300（新缓存 712 / 读缓存 1,586） 出 449 = 2,749 | 累计 1,452,204 tok $8.606
  已翻 551/808 段
    [tok] #618 入 1,904（新缓存 316 / 读缓存 1,586） 出 48 = 1,952 | 累计 1,454,156 tok $8.613
  已翻 552/808 段
    [tok] #619 入 2,117（新缓存 529 / 读缓存 1,586） 出 573 = 2,690 | 累计 1,456,846 tok $8.634
    [tok] #620 入 2,065（新缓存 477 / 读缓存 1,586） 出 795 = 2,860 | 累计 1,459,706 tok $8.661
  已翻 553/808 段
    [tok] #621 入 1,877（新缓存 289 / 读缓存 1,586） 出 39 = 1,916 | 累计 1,461,622 tok $8.667
  已翻 554/808 段
    [tok] #622 入 2,052（新缓存 464 / 读缓存 1,586） 出 252 = 2,304 | 累计 1,463,926 tok $8.680
  已翻 555/808 段
    [tok] #623 入 2,229（新缓存 641 / 读缓存 1,586） 出 374 = 2,603 | 累计 1,466,529 tok $8.698
    [tok] #624 入 2,177（新缓存 589 / 读缓存 1,586） 出 730 = 2,907 | 累计 1,469,436 tok $8.724
  已翻 556/808 段
    [tok] #625 入 2,128（新缓存 540 / 读缓存 1,586） 出 289 = 2,417 | 累计 1,471,853 tok $8.738
  已翻 557/808 段
    [tok] #626 入 2,085（新缓存 497 / 读缓存 1,586） 出 258 = 2,343 | 累计 1,474,196 tok $8.752
  已翻 558/808 段
    [tok] #627 入 2,209（新缓存 621 / 读缓存 1,586） 出 619 = 2,828 | 累计 1,477,024 tok $8.776
  已翻 559/808 段
    [tok] #628 入 2,010（新缓存 422 / 读缓存 1,586） 出 617 = 2,627 | 累计 1,479,651 tok $8.797
  已翻 560/808 段
    [tok] #629 入 1,980（新缓存 392 / 读缓存 1,586） 出 123 = 2,103 | 累计 1,481,754 tok $8.806
  已翻 561/808 段
    [tok] #630 入 2,562（新缓存 974 / 读缓存 1,586） 出 766 = 3,328 | 累计 1,485,082 tok $8.838
  已翻 562/808 段
    [tok] #631 入 1,941（新缓存 353 / 读缓存 1,586） 出 88 = 2,029 | 累计 1,487,111 tok $8.845
  已翻 563/808 段
    [tok] #632 入 1,942（新缓存 354 / 读缓存 1,586） 出 87 = 2,029 | 累计 1,489,140 tok $8.853
  已翻 564/808 段
    [tok] #633 入 2,298（新缓存 710 / 读缓存 1,586） 出 493 = 2,791 | 累计 1,491,931 tok $8.874
  已翻 565/808 段
    [tok] #634 入 1,944（新缓存 356 / 读缓存 1,586） 出 82 = 2,026 | 累计 1,493,957 tok $8.882
  已翻 566/808 段
    [tok] #635 入 2,111（新缓存 523 / 读缓存 1,586） 出 357 = 2,468 | 累计 1,496,425 tok $8.898
  已翻 567/808 段
    [tok] #636 入 1,986（新缓存 398 / 读缓存 1,586） 出 260 = 2,246 | 累计 1,498,671 tok $8.911
    [tok] #637 入 1,934（新缓存 346 / 读缓存 1,586） 出 102 = 2,036 | 累计 1,500,707 tok $8.918
  已翻 568/808 段
    [tok] #638 入 2,061（新缓存 473 / 读缓存 1,586） 出 257 = 2,318 | 累计 1,503,025 tok $8.932
  已翻 569/808 段
    [tok] #639 入 2,022（新缓存 434 / 读缓存 1,586） 出 213 = 2,235 | 累计 1,505,260 tok $8.943
  已翻 570/808 段
    [tok] #640 入 1,879（新缓存 291 / 读缓存 1,586） 出 100 = 1,979 | 累计 1,507,239 tok $8.951
  已翻 571/808 段
    [tok] #641 入 2,025（新缓存 437 / 读缓存 1,586） 出 180 = 2,205 | 累计 1,509,444 tok $8.961
  已翻 572/808 段
    [tok] #642 入 1,920（新缓存 332 / 读缓存 1,586） 出 72 = 1,992 | 累计 1,511,436 tok $8.968
  已翻 573/808 段
    [tok] #643 入 1,993（新缓存 405 / 读缓存 1,586） 出 345 = 2,338 | 累计 1,513,774 tok $8.983
  已翻 574/808 段
    [tok] #644 入 2,080（新缓存 492 / 读缓存 1,586） 出 237 = 2,317 | 累计 1,516,091 tok $8.996
  已翻 575/808 段
    [tok] #645 入 1,965（新缓存 377 / 读缓存 1,586） 出 412 = 2,377 | 累计 1,518,468 tok $9.012
    [tok] #646 入 1,913（新缓存 325 / 读缓存 1,586） 出 554 = 2,467 | 累计 1,520,935 tok $9.031
  已翻 576/808 段
    [tok] #647 入 2,353（新缓存 765 / 读缓存 1,586） 出 684 = 3,037 | 累计 1,523,972 tok $9.058
  已翻 577/808 段
    [tok] #648 入 2,169（新缓存 581 / 读缓存 1,586） 出 320 = 2,489 | 累计 1,526,461 tok $9.074
  已翻 578/808 段
    [tok] #649 入 1,984（新缓存 396 / 读缓存 1,586） 出 447 = 2,431 | 累计 1,528,892 tok $9.091
  已翻 579/808 段
    [tok] #650 入 1,945（新缓存 357 / 读缓存 1,586） 出 114 = 2,059 | 累计 1,530,951 tok $9.099
  已翻 580/808 段
    [tok] #651 入 2,232（新缓存 644 / 读缓存 1,586） 出 531 = 2,763 | 累计 1,533,714 tok $9.121
  已翻 581/808 段
    [tok] #652 入 2,125（新缓存 537 / 读缓存 1,586） 出 748 = 2,873 | 累计 1,536,587 tok $9.147
    [tok] #653 入 2,073（新缓存 485 / 读缓存 1,586） 出 311 = 2,384 | 累计 1,538,971 tok $9.162
  已翻 582/808 段
    [tok] #654 入 1,922（新缓存 334 / 读缓存 1,586） 出 77 = 1,999 | 累计 1,540,970 tok $9.169
  已翻 583/808 段
    [tok] #655 入 1,948（新缓存 360 / 读缓存 1,586） 出 97 = 2,045 | 累计 1,543,015 tok $9.177
  已翻 584/808 段
    [tok] #656 入 1,973（新缓存 385 / 读缓存 1,586） 出 121 = 2,094 | 累计 1,545,109 tok $9.186
  已翻 585/808 段
    [tok] #657 入 1,932（新缓存 344 / 读缓存 1,586） 出 74 = 2,006 | 累计 1,547,115 tok $9.193
  已翻 586/808 段
    [tok] #658 入 1,890（新缓存 302 / 读缓存 1,586） 出 42 = 1,932 | 累计 1,549,047 tok $9.199
  已翻 587/808 段
    [tok] #659 入 1,983（新缓存 395 / 读缓存 1,586） 出 140 = 2,123 | 累计 1,551,170 tok $9.208
  已翻 588/808 段
    [tok] #660 入 2,057（新缓存 469 / 读缓存 1,586） 出 207 = 2,264 | 累计 1,553,434 tok $9.220
  已翻 589/808 段
    [tok] #661 入 1,888（新缓存 300 / 读缓存 1,586） 出 34 = 1,922 | 累计 1,555,356 tok $9.225
  已翻 590/808 段
    [tok] #662 入 1,925（新缓存 337 / 读缓存 1,586） 出 70 = 1,995 | 累计 1,557,351 tok $9.232
  已翻 591/808 段
    [tok] #663 入 2,108（新缓存 520 / 读缓存 1,586） 出 265 = 2,373 | 累计 1,559,724 tok $9.245
  已翻 592/808 段
    [tok] #664 入 2,212（新缓存 624 / 读缓存 1,586） 出 413 = 2,625 | 累计 1,562,349 tok $9.264
  已翻 593/808 段
    [tok] #665 入 1,905（新缓存 317 / 读缓存 1,586） 出 58 = 1,963 | 累计 1,564,312 tok $9.271
  已翻 594/808 段
    [tok] #666 入 2,264（新缓存 676 / 读缓存 1,586） 出 529 = 2,793 | 累计 1,567,105 tok $9.293
  已翻 595/808 段
    [tok] #667 入 2,083（新缓存 495 / 读缓存 1,586） 出 281 = 2,364 | 累计 1,569,469 tok $9.307
  已翻 596/808 段
    [tok] #668 入 1,944（新缓存 356 / 读缓存 1,586） 出 83 = 2,027 | 累计 1,571,496 tok $9.314
  已翻 597/808 段
    [tok] #669 入 1,913（新缓存 325 / 读缓存 1,586） 出 66 = 1,979 | 累计 1,573,475 tok $9.321
  已翻 598/808 段
    [tok] #670 入 1,950（新缓存 362 / 读缓存 1,586） 出 115 = 2,065 | 累计 1,575,540 tok $9.329
  已翻 599/808 段
    [tok] #671 入 2,055（新缓存 467 / 读缓存 1,586） 出 365 = 2,420 | 累计 1,577,960 tok $9.345
  已翻 600/808 段
    [tok] #672 入 2,163（新缓存 575 / 读缓存 1,586） 出 613 = 2,776 | 累计 1,580,736 tok $9.368
    [tok] #673 入 2,111（新缓存 523 / 读缓存 1,586） 出 478 = 2,589 | 累计 1,583,325 tok $9.388
  已翻 601/808 段
    [tok] #674 入 2,433（新缓存 845 / 读缓存 1,586） 出 579 = 3,012 | 累计 1,586,337 tok $9.413
  已翻 602/808 段
    [tok] #675 入 1,952（新缓存 364 / 读缓存 1,586） 出 87 = 2,039 | 累计 1,588,376 tok $9.421
  已翻 603/808 段
    [tok] #676 入 2,714（新缓存 1,126 / 读缓存 1,586） 出 1,057 = 3,771 | 累计 1,592,147 tok $9.461
  已翻 604/808 段
    [tok] #677 入 1,953（新缓存 365 / 读缓存 1,586） 出 104 = 2,057 | 累计 1,594,204 tok $9.469
  已翻 605/808 段
    [tok] #678 入 2,872（新缓存 1,284 / 读缓存 1,586） 出 1,238 = 4,110 | 累计 1,598,314 tok $9.515
  已翻 606/808 段
    [tok] #679 入 1,893（新缓存 305 / 读缓存 1,586） 出 45 = 1,938 | 累计 1,600,252 tok $9.520
  已翻 607/808 段
    [tok] #680 入 2,228（新缓存 640 / 读缓存 1,586） 出 413 = 2,641 | 累计 1,602,893 tok $9.539
    [tok] #681 入 2,176（新缓存 588 / 读缓存 1,586） 出 518 = 2,694 | 累计 1,605,587 tok $9.560
  已翻 608/808 段
    [tok] #682 入 1,935（新缓存 347 / 读缓存 1,586） 出 90 = 2,025 | 累计 1,607,612 tok $9.568
  已翻 609/808 段
    [tok] #683 入 2,540（新缓存 952 / 读缓存 1,586） 出 730 = 3,270 | 累计 1,610,882 tok $9.598
  已翻 610/808 段
    [tok] #684 入 2,282（新缓存 694 / 读缓存 1,586） 出 438 = 2,720 | 累计 1,613,602 tok $9.618
    [tok] #685 入 2,230（新缓存 642 / 读缓存 1,586） 出 766 = 2,996 | 累计 1,616,598 tok $9.645
  已翻 611/808 段
    [tok] #686 入 1,969（新缓存 381 / 读缓存 1,586） 出 372 = 2,341 | 累计 1,618,939 tok $9.660
    [tok] #687 入 1,917（新缓存 329 / 读缓存 1,586） 出 178 = 2,095 | 累计 1,621,034 tok $9.670
  已翻 612/808 段
    [tok] #688 入 1,948（新缓存 360 / 读缓存 1,586） 出 96 = 2,044 | 累计 1,623,078 tok $9.678
  已翻 613/808 段
    [tok] #689 入 1,973（新缓存 385 / 读缓存 1,586） 出 109 = 2,082 | 累计 1,625,160 tok $9.686
  已翻 614/808 段
    [tok] #690 入 1,953（新缓存 365 / 读缓存 1,586） 出 98 = 2,051 | 累计 1,627,211 tok $9.694
  已翻 615/808 段
    [tok] #691 入 1,966（新缓存 378 / 读缓存 1,586） 出 122 = 2,088 | 累计 1,629,299 tok $9.703
  已翻 616/808 段
    [tok] #692 入 1,928（新缓存 340 / 读缓存 1,586） 出 78 = 2,006 | 累计 1,631,305 tok $9.711
  已翻 617/808 段
    [tok] #693 入 1,908（新缓存 320 / 读缓存 1,586） 出 55 = 1,963 | 累计 1,633,268 tok $9.717
  已翻 618/808 段
    [tok] #694 入 1,933（新缓存 345 / 读缓存 1,586） 出 81 = 2,014 | 累计 1,635,282 tok $9.724
  已翻 619/808 段
    [tok] #695 入 1,905（新缓存 317 / 读缓存 1,586） 出 55 = 1,960 | 累计 1,637,242 tok $9.731
  已翻 620/808 段
    [tok] #696 入 2,024（新缓存 436 / 读缓存 1,586） 出 230 = 2,254 | 累计 1,639,496 tok $9.743
  已翻 621/808 段
    [tok] #697 入 1,945（新缓存 357 / 读缓存 1,586） 出 78 = 2,023 | 累计 1,641,519 tok $9.750
  已翻 622/808 段
    [tok] #698 入 2,344（新缓存 756 / 读缓存 1,586） 出 500 = 2,844 | 累计 1,644,363 tok $9.773
  已翻 623/808 段
    [tok] #699 入 2,135（新缓存 547 / 读缓存 1,586） 出 294 = 2,429 | 累计 1,646,792 tok $9.787
  已翻 624/808 段
    [tok] #700 入 2,368（新缓存 780 / 读缓存 1,586） 出 591 = 2,959 | 累计 1,649,751 tok $9.812
  已翻 625/808 段
    [tok] #701 入 2,163（新缓存 575 / 读缓存 1,586） 出 416 = 2,579 | 累计 1,652,330 tok $9.831
    [tok] #702 入 2,111（新缓存 523 / 读缓存 1,586） 出 626 = 2,737 | 累计 1,655,067 tok $9.853
  已翻 626/808 段
    [tok] #703 入 1,963（新缓存 375 / 读缓存 1,586） 出 115 = 2,078 | 累计 1,657,145 tok $9.862
  已翻 627/808 段
    [tok] #704 入 1,971（新缓存 383 / 读缓存 1,586） 出 134 = 2,105 | 累计 1,659,250 tok $9.871
    [tok] #705 入 1,919（新缓存 331 / 读缓存 1,586） 出 298 = 2,217 | 累计 1,661,467 tok $9.884
  已翻 628/808 段
    [tok] #706 入 2,056（新缓存 468 / 读缓存 1,586） 出 248 = 2,304 | 累计 1,663,771 tok $9.897
  已翻 629/808 段
    [tok] #707 入 1,979（新缓存 391 / 读缓存 1,586） 出 161 = 2,140 | 累计 1,665,911 tok $9.906
  已翻 630/808 段
    [tok] #708 入 2,015（新缓存 427 / 读缓存 1,586） 出 203 = 2,218 | 累计 1,668,129 tok $9.918
  已翻 631/808 段
    [tok] #709 入 2,087（新缓存 499 / 读缓存 1,586） 出 407 = 2,494 | 累计 1,670,623 tok $9.935
    [tok] #710 入 2,035（新缓存 447 / 读缓存 1,586） 出 347 = 2,382 | 累计 1,673,005 tok $9.950
  已翻 632/808 段
    [tok] #711 入 2,515（新缓存 927 / 读缓存 1,586） 出 1,224 = 3,739 | 累计 1,676,744 tok $9.992
    [tok] #712 入 2,463（新缓存 875 / 读缓存 1,586） 出 905 = 3,368 | 累计 1,680,112 tok $10.026
  已翻 633/808 段
    [tok] #713 入 2,210（新缓存 622 / 读缓存 1,586） 出 394 = 2,604 | 累计 1,682,716 tok $10.044
  已翻 634/808 段
    [tok] #714 入 2,054（新缓存 466 / 读缓存 1,586） 出 239 = 2,293 | 累计 1,685,009 tok $10.057
    [tok] #715 入 2,002（新缓存 414 / 读缓存 1,586） 出 320 = 2,322 | 累计 1,687,331 tok $10.071
  已翻 635/808 段
    [tok] #716 入 2,139（新缓存 551 / 读缓存 1,586） 出 319 = 2,458 | 累计 1,689,789 tok $10.086
  已翻 636/808 段
    [tok] #717 入 2,010（新缓存 422 / 读缓存 1,586） 出 190 = 2,200 | 累计 1,691,989 tok $10.097
  已翻 637/808 段
    [tok] #718 入 1,937（新缓存 349 / 读缓存 1,586） 出 90 = 2,027 | 累计 1,694,016 tok $10.105
  已翻 638/808 段
    [tok] #719 入 2,073（新缓存 485 / 读缓存 1,586） 出 268 = 2,341 | 累计 1,696,357 tok $10.118
  已翻 639/808 段
    [tok] #720 入 1,926（新缓存 338 / 读缓存 1,586） 出 81 = 2,007 | 累计 1,698,364 tok $10.126
  已翻 640/808 段
    [tok] #721 入 1,899（新缓存 311 / 读缓存 1,586） 出 32 = 1,931 | 累计 1,700,295 tok $10.132
  已翻 641/808 段
    [tok] #722 入 2,021（新缓存 433 / 读缓存 1,586） 出 189 = 2,210 | 累计 1,702,505 tok $10.143
  已翻 642/808 段
    [tok] #723 入 1,963（新缓存 375 / 读缓存 1,586） 出 102 = 2,065 | 累计 1,704,570 tok $10.151
  已翻 643/808 段
    [tok] #724 入 2,340（新缓存 752 / 读缓存 1,586） 出 807 = 3,147 | 累计 1,707,717 tok $10.181
  已翻 644/808 段
    [tok] #725 入 1,900（新缓存 312 / 读缓存 1,586） 出 52 = 1,952 | 累计 1,709,669 tok $10.187
  已翻 645/808 段
    [tok] #726 入 1,997（新缓存 409 / 读缓存 1,586） 出 157 = 2,154 | 累计 1,711,823 tok $10.197
  已翻 646/808 段
    [tok] #727 入 2,102（新缓存 514 / 读缓存 1,586） 出 481 = 2,583 | 累计 1,714,406 tok $10.216
  已翻 647/808 段
    [tok] #728 入 1,988（新缓存 400 / 读缓存 1,586） 出 144 = 2,132 | 累计 1,716,538 tok $10.226
  已翻 648/808 段
    [tok] #729 入 2,018（新缓存 430 / 读缓存 1,586） 出 184 = 2,202 | 累计 1,718,740 tok $10.237
  已翻 649/808 段
    [tok] #730 入 1,950（新缓存 362 / 读缓存 1,586） 出 79 = 2,029 | 累计 1,720,769 tok $10.243
  已翻 650/808 段
    [tok] #731 入 1,913（新缓存 325 / 读缓存 1,586） 出 55 = 1,968 | 累计 1,722,737 tok $10.248
  已翻 651/808 段
    [tok] #732 入 1,901（新缓存 313 / 读缓存 1,586） 出 49 = 1,950 | 累计 1,724,687 tok $10.255
  已翻 652/808 段
    [tok] #733 入 1,924（新缓存 336 / 读缓存 1,586） 出 70 = 1,994 | 累计 1,726,681 tok $10.262
  已翻 653/808 段
    [tok] #734 入 1,937（新缓存 349 / 读缓存 1,586） 出 100 = 2,037 | 累计 1,728,718 tok $10.270
  已翻 654/808 段
    [tok] #735 入 1,901（新缓存 313 / 读缓存 1,586） 出 56 = 1,957 | 累计 1,730,675 tok $10.276
  已翻 655/808 段
    [tok] #736 入 1,908（新缓存 320 / 读缓存 1,586） 出 65 = 1,973 | 累计 1,732,648 tok $10.283
  已翻 656/808 段
    [tok] #737 入 2,264（新缓存 676 / 读缓存 1,586） 出 472 = 2,736 | 累计 1,735,384 tok $10.303
  已翻 657/808 段
    [tok] #738 入 2,206（新缓存 618 / 读缓存 1,586） 出 625 = 2,831 | 累计 1,738,215 tok $10.327
  已翻 658/808 段
    [tok] #739 入 2,012（新缓存 424 / 读缓存 1,586） 出 369 = 2,381 | 累计 1,740,596 tok $10.343
  已翻 659/808 段
    [tok] #740 入 2,249（新缓存 661 / 读缓存 1,586） 出 455 = 2,704 | 累计 1,743,300 tok $10.363
  已翻 660/808 段
    [tok] #741 入 2,655（新缓存 1,067 / 读缓存 1,586） 出 935 = 3,590 | 累计 1,746,890 tok $10.399
  已翻 661/808 段
    [tok] #742 入 1,893（新缓存 305 / 读缓存 1,586） 出 41 = 1,934 | 累计 1,748,824 tok $10.405
  已翻 662/808 段
    [tok] #743 入 2,541（新缓存 953 / 读缓存 1,586） 出 703 = 3,244 | 累计 1,752,068 tok $10.435
  已翻 663/808 段
    [tok] #744 入 1,886（新缓存 298 / 读缓存 1,586） 出 27 = 1,913 | 累计 1,753,981 tok $10.440
  已翻 664/808 段
    [tok] #745 入 2,517（新缓存 929 / 读缓存 1,586） 出 934 = 3,451 | 累计 1,757,432 tok $10.475
  已翻 665/808 段
    [tok] #746 入 2,259（新缓存 671 / 读缓存 1,586） 出 421 = 2,680 | 累计 1,760,112 tok $10.495
  已翻 666/808 段
    [tok] #747 入 1,883（新缓存 295 / 读缓存 1,586） 出 39 = 1,922 | 累计 1,762,034 tok $10.501
  已翻 667/808 段
    [tok] #748 入 1,888（新缓存 300 / 读缓存 1,586） 出 34 = 1,922 | 累计 1,763,956 tok $10.506
  已翻 668/808 段
    [tok] #749 入 1,897（新缓存 309 / 读缓存 1,586） 出 45 = 1,942 | 累计 1,765,898 tok $10.512
  已翻 669/808 段
    [tok] #750 入 1,911（新缓存 323 / 读缓存 1,586） 出 84 = 1,995 | 累计 1,767,893 tok $10.520
  已翻 670/808 段
    [tok] #751 入 1,994（新缓存 406 / 读缓存 1,586） 出 238 = 2,232 | 累计 1,770,125 tok $10.531
  已翻 671/808 段
    [tok] #752 入 2,018（新缓存 430 / 读缓存 1,586） 出 159 = 2,177 | 累计 1,772,302 tok $10.542
  已翻 672/808 段
    [tok] #753 入 2,520（新缓存 932 / 读缓存 1,586） 出 746 = 3,266 | 累计 1,775,568 tok $10.572
  已翻 673/808 段
    [tok] #754 入 2,852（新缓存 1,264 / 读缓存 1,586） 出 1,140 = 3,992 | 累计 1,779,560 tok $10.616
  已翻 674/808 段
    [tok] #755 入 2,210（新缓存 622 / 读缓存 1,586） 出 467 = 2,677 | 累计 1,782,237 tok $10.636
  已翻 675/808 段
    [tok] #756 入 1,925（新缓存 337 / 读缓存 1,586） 出 58 = 1,983 | 累计 1,784,220 tok $10.642
  已翻 676/808 段
    [tok] #757 入 2,221（新缓存 633 / 读缓存 1,586） 出 607 = 2,828 | 累计 1,787,048 tok $10.666
  已翻 677/808 段
    [tok] #758 入 1,957（新缓存 369 / 读缓存 1,586） 出 108 = 2,065 | 累计 1,789,113 tok $10.674
  已翻 678/808 段
    [tok] #759 入 2,765（新缓存 1,177 / 读缓存 1,586） 出 1,188 = 3,953 | 累计 1,793,066 tok $10.718
  已翻 679/808 段
    [tok] #760 入 2,057（新缓存 469 / 读缓存 1,586） 出 213 = 2,270 | 累计 1,795,336 tok $10.730
  已翻 680/808 段
    [tok] #761 入 2,272（新缓存 684 / 读缓存 1,586） 出 525 = 2,797 | 累计 1,798,133 tok $10.753
    [tok] #762 入 2,220（新缓存 632 / 读缓存 1,586） 出 586 = 2,806 | 累计 1,800,939 tok $10.776
  已翻 681/808 段
    [tok] #763 入 1,952（新缓存 364 / 读缓存 1,586） 出 129 = 2,081 | 累计 1,803,020 tok $10.784
  已翻 682/808 段
    [tok] #764 入 2,168（新缓存 580 / 读缓存 1,586） 出 537 = 2,705 | 累计 1,805,725 tok $10.806
    [tok] #765 入 2,116（新缓存 528 / 读缓存 1,586） 出 446 = 2,562 | 累计 1,808,287 tok $10.824
  已翻 683/808 段
    [tok] #766 入 2,149（新缓存 561 / 读缓存 1,586） 出 319 = 2,468 | 累计 1,810,755 tok $10.840
  已翻 684/808 段
    [tok] #767 入 2,239（新缓存 651 / 读缓存 1,586） 出 495 = 2,734 | 累计 1,813,489 tok $10.861
  已翻 685/808 段
    [tok] #768 入 1,929（新缓存 341 / 读缓存 1,586） 出 74 = 2,003 | 累计 1,815,492 tok $10.868
  已翻 686/808 段
    [tok] #769 入 1,925（新缓存 337 / 读缓存 1,586） 出 54 = 1,979 | 累计 1,817,471 tok $10.875
  已翻 687/808 段
    [tok] #770 入 1,877（新缓存 289 / 读缓存 1,586） 出 26 = 1,903 | 累计 1,819,374 tok $10.880
  已翻 688/808 段
    [tok] #771 入 1,993（新缓存 405 / 读缓存 1,586） 出 170 = 2,163 | 累计 1,821,537 tok $10.890
  已翻 689/808 段
    [tok] #772 入 2,566（新缓存 978 / 读缓存 1,586） 出 916 = 3,482 | 累计 1,825,019 tok $10.925
  已翻 690/808 段
    [tok] #773 入 2,181（新缓存 593 / 读缓存 1,586） 出 543 = 2,724 | 累计 1,827,743 tok $10.947
  已翻 691/808 段
    [tok] #774 入 1,937（新缓存 349 / 读缓存 1,586） 出 77 = 2,014 | 累计 1,829,757 tok $10.954
  已翻 692/808 段
    [tok] #775 入 2,124（新缓存 536 / 读缓存 1,586） 出 375 = 2,499 | 累计 1,832,256 tok $10.971
    [tok] #776 入 2,072（新缓存 484 / 读缓存 1,586） 出 434 = 2,506 | 累计 1,834,762 tok $10.989
  已翻 693/808 段
    [tok] #777 入 1,934（新缓存 346 / 读缓存 1,586） 出 65 = 1,999 | 累计 1,836,761 tok $10.996
  已翻 694/808 段
    [tok] #778 入 2,151（新缓存 563 / 读缓存 1,586） 出 306 = 2,457 | 累计 1,839,218 tok $11.011
    [tok] #779 入 2,099（新缓存 511 / 读缓存 1,586） 出 335 = 2,434 | 累计 1,841,652 tok $11.027
  已翻 695/808 段
    [tok] #780 入 2,457（新缓存 869 / 读缓存 1,586） 出 943 = 3,400 | 累计 1,845,052 tok $11.061
  已翻 696/808 段
    [tok] #781 入 2,456（新缓存 868 / 读缓存 1,586） 出 908 = 3,364 | 累计 1,848,416 tok $11.095
  已翻 697/808 段
    [tok] #782 入 2,399（新缓存 811 / 读缓存 1,586） 出 661 = 3,060 | 累计 1,851,476 tok $11.122
  已翻 698/808 段
    [tok] #783 入 1,898（新缓存 310 / 读缓存 1,586） 出 39 = 1,937 | 累计 1,853,413 tok $11.128
  已翻 699/808 段
    [tok] #784 入 2,250（新缓存 662 / 读缓存 1,586） 出 644 = 2,894 | 累计 1,856,307 tok $11.153
  已翻 700/808 段
    [tok] #785 入 2,198（新缓存 610 / 读缓存 1,586） 出 420 = 2,618 | 累计 1,858,925 tok $11.171
  已翻 701/808 段
    [tok] #786 入 2,055（新缓存 467 / 读缓存 1,586） 出 252 = 2,307 | 累计 1,861,232 tok $11.184
  已翻 702/808 段
    [tok] #787 入 1,918（新缓存 330 / 读缓存 1,586） 出 410 = 2,328 | 累计 1,863,560 tok $11.200
  已翻 703/808 段
    [tok] #788 入 2,291（新缓存 703 / 读缓存 1,586） 出 499 = 2,790 | 累计 1,866,350 tok $11.221
  已翻 704/808 段
    [tok] #789 入 2,799（新缓存 1,211 / 读缓存 1,586） 出 1,018 = 3,817 | 累计 1,870,167 tok $11.261
  已翻 705/808 段
    [tok] #790 入 1,949（新缓存 361 / 读缓存 1,586） 出 114 = 2,063 | 累计 1,872,230 tok $11.270
  已翻 706/808 段
    [tok] #791 入 1,937（新缓存 349 / 读缓存 1,586） 出 79 = 2,016 | 累计 1,874,246 tok $11.277
  已翻 707/808 段
    [tok] #792 入 2,191（新缓存 603 / 读缓存 1,586） 出 609 = 2,800 | 累计 1,877,046 tok $11.301
  已翻 708/808 段
    [tok] #793 入 2,035（新缓存 447 / 读缓存 1,586） 出 690 = 2,725 | 累计 1,879,771 tok $11.324
    [tok] #794 入 1,983（新缓存 395 / 读缓存 1,586） 出 284 = 2,267 | 累计 1,882,038 tok $11.337
  已翻 709/808 段
    [tok] #795 入 2,228（新缓存 640 / 读缓存 1,586） 出 890 = 3,118 | 累计 1,885,156 tok $11.368
  已翻 710/808 段
    [tok] #796 入 1,931（新缓存 343 / 读缓存 1,586） 出 59 = 1,990 | 累计 1,887,146 tok $11.375
  已翻 711/808 段
    [tok] #797 入 1,909（新缓存 321 / 读缓存 1,586） 出 69 = 1,978 | 累计 1,889,124 tok $11.382
  已翻 712/808 段
    [tok] #798 入 1,926（新缓存 338 / 读缓存 1,586） 出 100 = 2,026 | 累计 1,891,150 tok $11.389
  已翻 713/808 段
    [tok] #799 入 1,973（新缓存 385 / 读缓存 1,586） 出 151 = 2,124 | 累计 1,893,274 tok $11.399
  已翻 714/808 段
    [tok] #800 入 1,940（新缓存 352 / 读缓存 1,586） 出 89 = 2,029 | 累计 1,895,303 tok $11.407
  已翻 715/808 段
    [tok] #801 入 1,939（新缓存 351 / 读缓存 1,586） 出 80 = 2,019 | 累计 1,897,322 tok $11.414
  已翻 716/808 段
    [tok] #802 入 1,923（新缓存 335 / 读缓存 1,586） 出 58 = 1,981 | 累计 1,899,303 tok $11.421
  已翻 717/808 段
    [tok] #803 入 1,912（新缓存 324 / 读缓存 1,586） 出 67 = 1,979 | 累计 1,901,282 tok $11.427
  已翻 718/808 段
    [tok] #804 入 2,013（新缓存 425 / 读缓存 1,586） 出 225 = 2,238 | 累计 1,903,520 tok $11.439
  已翻 719/808 段
    [tok] #805 入 1,925（新缓存 337 / 读缓存 1,586） 出 77 = 2,002 | 累计 1,905,522 tok $11.447
  已翻 720/808 段
    [tok] #806 入 2,107（新缓存 519 / 读缓存 1,586） 出 299 = 2,406 | 累计 1,907,928 tok $11.461
  已翻 721/808 段
    [tok] #807 入 1,980（新缓存 392 / 读缓存 1,586） 出 219 = 2,199 | 累计 1,910,127 tok $11.473
  已翻 722/808 段
    [tok] #808 入 2,736（新缓存 1,148 / 读缓存 1,586） 出 1,050 = 3,786 | 累计 1,913,913 tok $11.513
  已翻 723/808 段
    [tok] #809 入 2,573（新缓存 985 / 读缓存 1,586） 出 1,730 = 4,303 | 累计 1,918,216 tok $11.568
  已翻 724/808 段
    [tok] #810 入 2,116（新缓存 528 / 读缓存 1,586） 出 342 = 2,458 | 累计 1,920,674 tok $11.584
  已翻 725/808 段
    [tok] #811 入 1,907（新缓存 319 / 读缓存 1,586） 出 49 = 1,956 | 累计 1,922,630 tok $11.590
  已翻 726/808 段
    [tok] #812 入 2,420（新缓存 832 / 读缓存 1,586） 出 642 = 3,062 | 累计 1,925,692 tok $11.617
  已翻 727/808 段
    [tok] #813 入 1,994（新缓存 406 / 读缓存 1,586） 出 171 = 2,165 | 累计 1,927,857 tok $11.627
  已翻 728/808 段
    [tok] #814 入 1,922（新缓存 334 / 读缓存 1,586） 出 75 = 1,997 | 累计 1,929,854 tok $11.634
  已翻 729/808 段
    [tok] #815 入 1,907（新缓存 319 / 读缓存 1,586） 出 173 = 2,080 | 累计 1,931,934 tok $11.644
  已翻 730/808 段
    [tok] #816 入 2,200（新缓存 612 / 读缓存 1,586） 出 373 = 2,573 | 累计 1,934,507 tok $11.661
  已翻 731/808 段
    [tok] #817 入 1,935（新缓存 347 / 读缓存 1,586） 出 75 = 2,010 | 累计 1,936,517 tok $11.669
  已翻 732/808 段
    [tok] #818 入 2,188（新缓存 600 / 读缓存 1,586） 出 380 = 2,568 | 累计 1,939,085 tok $11.686
  已翻 733/808 段
    [tok] #819 入 2,530（新缓存 942 / 读缓存 1,586） 出 756 = 3,286 | 累计 1,942,371 tok $11.717
  已翻 734/808 段
    [tok] #820 入 2,237（新缓存 649 / 读缓存 1,586） 出 437 = 2,674 | 累计 1,945,045 tok $11.736
  已翻 735/808 段
    [tok] #821 入 2,338（新缓存 750 / 读缓存 1,586） 出 553 = 2,891 | 累计 1,947,936 tok $11.760
  已翻 736/808 段
    [tok] #822 入 2,318（新缓存 730 / 读缓存 1,586） 出 533 = 2,851 | 累计 1,950,787 tok $11.783
    [tok] #823 入 2,266（新缓存 678 / 读缓存 1,586） 出 558 = 2,824 | 累计 1,953,611 tok $11.806
  已翻 737/808 段
    [tok] #824 入 2,051（新缓存 463 / 读缓存 1,586） 出 332 = 2,383 | 累计 1,955,994 tok $11.821
  已翻 738/808 段
    [tok] #825 入 1,897（新缓存 309 / 读缓存 1,586） 出 55 = 1,952 | 累计 1,957,946 tok $11.827
  已翻 739/808 段
    [tok] #826 入 1,895（新缓存 307 / 读缓存 1,586） 出 40 = 1,935 | 累计 1,959,881 tok $11.833
  已翻 740/808 段
    [tok] #827 入 1,895（新缓存 307 / 读缓存 1,586） 出 48 = 1,943 | 累计 1,961,824 tok $11.839
  已翻 741/808 段
    [tok] #828 入 1,962（新缓存 374 / 读缓存 1,586） 出 219 = 2,181 | 累计 1,964,005 tok $11.850
    [tok] #829 入 1,910（新缓存 322 / 读缓存 1,586） 出 106 = 2,016 | 累计 1,966,021 tok $11.858
  已翻 742/808 段
    [tok] #830 入 2,095（新缓存 507 / 读缓存 1,586） 出 540 = 2,635 | 累计 1,968,656 tok $11.878
  已翻 743/808 段
    [tok] #831 入 1,960（新缓存 372 / 读缓存 1,586） 出 290 = 2,250 | 累计 1,970,906 tok $11.891
    [tok] #832 入 1,908（新缓存 320 / 读缓存 1,586） 出 94 = 2,002 | 累计 1,972,908 tok $11.899
  已翻 744/808 段
    [tok] #833 入 2,225（新缓存 637 / 读缓存 1,586） 出 427 = 2,652 | 累计 1,975,560 tok $11.918
  已翻 745/808 段
    [tok] #834 入 2,035（新缓存 447 / 读缓存 1,586） 出 193 = 2,228 | 累计 1,977,788 tok $11.929
  已翻 746/808 段
    [tok] #835 入 1,900（新缓存 312 / 读缓存 1,586） 出 39 = 1,939 | 累计 1,979,727 tok $11.935
  已翻 747/808 段
    [tok] #836 入 2,650（新缓存 1,062 / 读缓存 1,586） 出 1,142 = 3,792 | 累计 1,983,519 tok $11.977
  已翻 748/808 段
    [tok] #837 入 1,900（新缓存 312 / 读缓存 1,586） 出 55 = 1,955 | 累计 1,985,474 tok $11.983
  已翻 749/808 段
    [tok] #838 入 1,968（新缓存 380 / 读缓存 1,586） 出 151 = 2,119 | 累计 1,987,593 tok $11.993
  已翻 750/808 段
    [tok] #839 入 1,918（新缓存 330 / 读缓存 1,586） 出 82 = 2,000 | 累计 1,989,593 tok $12.000
  已翻 751/808 段
    [tok] #840 入 1,972（新缓存 384 / 读缓存 1,586） 出 143 = 2,115 | 累计 1,991,708 tok $12.009
  已翻 752/808 段
    [tok] #841 入 2,264（新缓存 676 / 读缓存 1,586） 出 495 = 2,759 | 累计 1,994,467 tok $12.031
  已翻 753/808 段
    [tok] #842 入 2,216（新缓存 628 / 读缓存 1,586） 出 409 = 2,625 | 累计 1,997,092 tok $12.049
  已翻 754/808 段
    [tok] #843 入 1,910（新缓存 322 / 读缓存 1,586） 出 94 = 2,004 | 累计 1,999,096 tok $12.057
  已翻 755/808 段
    [tok] #844 入 2,007（新缓存 419 / 读缓存 1,586） 出 165 = 2,172 | 累计 2,001,268 tok $12.067
  已翻 756/808 段
    [tok] #845 入 2,778（新缓存 1,190 / 读缓存 1,586） 出 893 = 3,671 | 累计 2,004,939 tok $12.104
  已翻 757/808 段
    [tok] #846 入 1,962（新缓存 374 / 读缓存 1,586） 出 121 = 2,083 | 累计 2,007,022 tok $12.113
  已翻 758/808 段
    [tok] #847 入 2,576（新缓存 988 / 读缓存 1,586） 出 1,257 = 3,833 | 累计 2,010,855 tok $12.156
  已翻 759/808 段
    [tok] #848 入 2,189（新缓存 601 / 读缓存 1,586） 出 362 = 2,551 | 累计 2,013,406 tok $12.173
    [tok] #849 入 2,137（新缓存 549 / 读缓存 1,586） 出 341 = 2,478 | 累计 2,015,884 tok $12.189
  已翻 760/808 段
    [tok] #850 入 1,900（新缓存 312 / 读缓存 1,586） 出 55 = 1,955 | 累计 2,017,839 tok $12.196
  已翻 761/808 段
    [tok] #851 入 1,897（新缓存 309 / 读缓存 1,586） 出 40 = 1,937 | 累计 2,019,776 tok $12.202
  已翻 762/808 段
    [tok] #852 入 1,905（新缓存 317 / 读缓存 1,586） 出 44 = 1,949 | 累计 2,021,725 tok $12.208
  已翻 763/808 段
    [tok] #853 入 1,896（新缓存 308 / 读缓存 1,586） 出 43 = 1,939 | 累计 2,023,664 tok $12.214
  已翻 764/808 段
    [tok] #854 入 1,911（新缓存 323 / 读缓存 1,586） 出 53 = 1,964 | 累计 2,025,628 tok $12.220
  已翻 765/808 段
    [tok] #855 入 1,961（新缓存 373 / 读缓存 1,586） 出 151 = 2,112 | 累计 2,027,740 tok $12.230
  已翻 766/808 段
    [tok] #856 入 1,956（新缓存 368 / 读缓存 1,586） 出 113 = 2,069 | 累计 2,029,809 tok $12.238
  已翻 767/808 段
    [tok] #857 入 1,921（新缓存 333 / 读缓存 1,586） 出 76 = 1,997 | 累计 2,031,806 tok $12.245
  已翻 768/808 段
    [tok] #858 入 1,915（新缓存 327 / 读缓存 1,586） 出 52 = 1,967 | 累计 2,033,773 tok $12.252
  已翻 769/808 段
    [tok] #859 入 1,915（新缓存 327 / 读缓存 1,586） 出 68 = 1,983 | 累计 2,035,756 tok $12.259
  已翻 770/808 段
    [tok] #860 入 1,946（新缓存 358 / 读缓存 1,586） 出 84 = 2,030 | 累计 2,037,786 tok $12.266
  已翻 771/808 段
    [tok] #861 入 2,038（新缓存 450 / 读缓存 1,586） 出 186 = 2,224 | 累计 2,040,010 tok $12.277
  已翻 772/808 段
    [tok] #862 入 1,969（新缓存 381 / 读缓存 1,586） 出 94 = 2,063 | 累计 2,042,073 tok $12.285
  已翻 773/808 段
    [tok] #863 入 1,988（新缓存 400 / 读缓存 1,586） 出 242 = 2,230 | 累计 2,044,303 tok $12.297
    [tok] #864 入 1,936（新缓存 348 / 读缓存 1,586） 出 121 = 2,057 | 累计 2,046,360 tok $12.306
  已翻 774/808 段
    [tok] #865 入 1,910（新缓存 322 / 读缓存 1,586） 出 55 = 1,965 | 累计 2,048,325 tok $12.312
  已翻 775/808 段
    [tok] #866 入 2,295（新缓存 707 / 读缓存 1,586） 出 750 = 3,045 | 累计 2,051,370 tok $12.340
  已翻 776/808 段
    [tok] #867 入 2,142（新缓存 554 / 读缓存 1,586） 出 302 = 2,444 | 累计 2,053,814 tok $12.355
    [tok] #868 入 2,090（新缓存 502 / 读缓存 1,586） 出 359 = 2,449 | 累计 2,056,263 tok $12.371
  已翻 777/808 段
    [tok] #869 入 1,904（新缓存 316 / 读缓存 1,586） 出 61 = 1,965 | 累计 2,058,228 tok $12.378
  已翻 778/808 段
    [tok] #870 入 2,204（新缓存 616 / 读缓存 1,586） 出 453 = 2,657 | 累计 2,060,885 tok $12.398
  已翻 779/808 段
    [tok] #871 入 2,060（新缓存 472 / 读缓存 1,586） 出 629 = 2,689 | 累计 2,063,574 tok $12.420
    [tok] #872 入 2,008（新缓存 420 / 读缓存 1,586） 出 501 = 2,509 | 累计 2,066,083 tok $12.439
  已翻 780/808 段
    [tok] #873 入 1,960（新缓存 372 / 读缓存 1,586） 出 113 = 2,073 | 累计 2,068,156 tok $12.447
  已翻 781/808 段
    [tok] #874 入 1,950（新缓存 362 / 读缓存 1,586） 出 110 = 2,060 | 累计 2,070,216 tok $12.456
  已翻 782/808 段
    [tok] #875 入 2,475（新缓存 887 / 读缓存 1,586） 出 713 = 3,188 | 累计 2,073,404 tok $12.485
  已翻 783/808 段
    [tok] #876 入 2,164（新缓存 576 / 读缓存 1,586） 出 338 = 2,502 | 累计 2,075,906 tok $12.501
  已翻 784/808 段
    [tok] #877 入 1,923（新缓存 335 / 读缓存 1,586） 出 78 = 2,001 | 累计 2,077,907 tok $12.508
  已翻 785/808 段
    [tok] #878 入 2,339（新缓存 751 / 读缓存 1,586） 出 529 = 2,868 | 累计 2,080,775 tok $12.531
  已翻 786/808 段
    [tok] #879 入 1,906（新缓存 318 / 读缓存 1,586） 出 340 = 2,246 | 累计 2,083,021 tok $12.545
    [tok] #880 入 1,854（新缓存 266 / 读缓存 1,586） 出 50 = 1,904 | 累计 2,084,925 tok $12.550
  已翻 787/808 段
    [tok] #881 入 1,925（新缓存 337 / 读缓存 1,586） 出 61 = 1,986 | 累计 2,086,911 tok $12.557
  已翻 788/808 段
    [tok] #882 入 1,904（新缓存 316 / 读缓存 1,586） 出 50 = 1,954 | 累计 2,088,865 tok $12.563
  已翻 789/808 段
    [tok] #883 入 1,918（新缓存 330 / 读缓存 1,586） 出 92 = 2,010 | 累计 2,090,875 tok $12.571
  已翻 790/808 段
    [tok] #884 入 2,446（新缓存 858 / 读缓存 1,586） 出 723 = 3,169 | 累计 2,094,044 tok $12.600
  已翻 791/808 段
    [tok] #885 入 1,918（新缓存 330 / 读缓存 1,586） 出 77 = 1,995 | 累计 2,096,039 tok $12.607
  已翻 792/808 段
    [tok] #886 入 1,935（新缓存 347 / 读缓存 1,586） 出 85 = 2,020 | 累计 2,098,059 tok $12.614
  已翻 793/808 段
    [tok] #887 入 1,901（新缓存 313 / 读缓存 1,586） 出 38 = 1,939 | 累计 2,099,998 tok $12.620
  已翻 794/808 段
    [tok] #888 入 1,898（新缓存 310 / 读缓存 1,586） 出 47 = 1,945 | 累计 2,101,943 tok $12.627
  已翻 795/808 段
    [tok] #889 入 1,908（新缓存 320 / 读缓存 1,586） 出 50 = 1,958 | 累计 2,103,901 tok $12.633
  已翻 796/808 段
    [tok] #890 入 2,266（新缓存 678 / 读缓存 1,586） 出 642 = 2,908 | 累计 2,106,809 tok $12.658
  已翻 797/808 段
    [tok] #891 入 2,114（新缓存 526 / 读缓存 1,586） 出 289 = 2,403 | 累计 2,109,212 tok $12.672
  已翻 798/808 段
    [tok] #892 入 1,978（新缓存 390 / 读缓存 1,586） 出 217 = 2,195 | 累计 2,111,407 tok $12.684
  已翻 799/808 段
    [tok] #893 入 2,303（新缓存 715 / 读缓存 1,586） 出 666 = 2,969 | 累计 2,114,376 tok $12.710
  已翻 800/808 段
    [tok] #894 入 1,919（新缓存 331 / 读缓存 1,586） 出 64 = 1,983 | 累计 2,116,359 tok $12.716
  已翻 801/808 段
    [tok] #895 入 1,907（新缓存 319 / 读缓存 1,586） 出 56 = 1,963 | 累计 2,118,322 tok $12.723
  已翻 802/808 段
    [tok] #896 入 1,886（新缓存 298 / 读缓存 1,586） 出 35 = 1,921 | 累计 2,120,243 tok $12.729
  已翻 803/808 段
    [tok] #897 入 2,202（新缓存 614 / 读缓存 1,586） 出 438 = 2,640 | 累计 2,122,883 tok $12.748
  已翻 804/808 段
    [tok] #898 入 1,915（新缓存 327 / 读缓存 1,586） 出 53 = 1,968 | 累计 2,124,851 tok $12.754
  已翻 805/808 段
    [tok] #899 入 1,871（新缓存 283 / 读缓存 1,586） 出 16 = 1,887 | 累计 2,126,738 tok $12.759
  已翻 806/808 段
    [tok] #900 入 1,901（新缓存 313 / 读缓存 1,586） 出 42 = 1,943 | 累计 2,128,681 tok $12.765
  已翻 807/808 段
    [tok] #901 入 2,086（新缓存 498 / 读缓存 1,586） 出 259 = 2,345 | 累计 2,131,026 tok $12.779
  已翻 808/808 段
✓ 中文 raw → /Users/yanpeifa/Documents/whcjb.github.io/owen_raw/hebrews/zh_chapters/10.md  (chmod 444)
  缓存命中 810 / 810
✓ 中文页 → /Users/yanpeifa/Documents/whcjb.github.io/owen/hebrews/10/zh/index.md
✓ 英文页回填 zh_url → owen/hebrews/10/index.md
✓ 回填上一篇 next → 第十章

──────── claude CLI 用量汇总 ────────
  调用      901 次
  输入      1,867,055（未缓存 1,802 / 新建缓存 437,853 / 读缓存 1,427,400）
  输出      263,971
  合计      2,131,026 tok
  均次      2,365 tok
  费用      $12.7789
  用时      174m07s
────────────────────────────────────
════════ [2/4] owen/hebrews/11/index.md  2026-09-04 12:30:30 ════════
owen/hebrews/11/index.md: 1195 个可译单元
    [tok] #1 入 1,871（新缓存 283 / 读缓存 1,586） 出 12 = 1,883 | 累计 1,883 tok $0.005
    [tok] #2 入 1,819（新缓存 231 / 读缓存 1,586） 出 12 = 1,831 | 累计 3,714 tok $0.008
  已翻 1/1193 段
    [tok] #3 入 2,461（新缓存 873 / 读缓存 1,586） 出 680 = 3,141 | 累计 6,855 tok $0.036
  已翻 2/1193 段
    [tok] #4 入 2,069（新缓存 481 / 读缓存 1,586） 出 241 = 2,310 | 累计 9,165 tok $0.049
  已翻 3/1193 段
    [tok] #5 入 1,991（新缓存 403 / 读缓存 1,586） 出 148 = 2,139 | 累计 11,304 tok $0.059
  已翻 4/1193 段
    [tok] #6 入 1,978（新缓存 390 / 读缓存 1,586） 出 190 = 2,168 | 累计 13,472 tok $0.069
  已翻 5/1193 段
    [tok] #7 入 2,075（新缓存 487 / 读缓存 1,586） 出 225 = 2,300 | 累计 15,772 tok $0.082
  已翻 6/1193 段
    [tok] #8 入 2,241（新缓存 653 / 读缓存 1,586） 出 640 = 2,881 | 累计 18,653 tok $0.107
  已翻 7/1193 段
    [tok] #9 入 2,017（新缓存 429 / 读缓存 1,586） 出 187 = 2,204 | 累计 20,857 tok $0.118
  已翻 8/1193 段
    [tok] #10 入 1,985（新缓存 397 / 读缓存 1,586） 出 408 = 2,393 | 累计 23,250 tok $0.134
    [tok] #11 入 1,933（新缓存 345 / 读缓存 1,586） 出 238 = 2,171 | 累计 25,421 tok $0.145
  已翻 9/1193 段
    [tok] #12 入 2,114（新缓存 526 / 读缓存 1,586） 出 273 = 2,387 | 累计 27,808 tok $0.159
  已翻 10/1193 段
    [tok] #13 入 1,938（新缓存 350 / 读缓存 1,586） 出 82 = 2,020 | 累计 29,828 tok $0.167
  已翻 11/1193 段
    [tok] #14 入 1,929（新缓存 341 / 读缓存 1,586） 出 96 = 2,025 | 累计 31,853 tok $0.174
  已翻 12/1193 段
    [tok] #15 入 2,011（新缓存 423 / 读缓存 1,586） 出 258 = 2,269 | 累计 34,122 tok $0.187
  已翻 13/1193 段
    [tok] #16 入 2,093（新缓存 505 / 读缓存 1,586） 出 460 = 2,553 | 累计 36,675 tok $0.205
  已翻 14/1193 段
    [tok] #17 入 1,975（新缓存 387 / 读缓存 1,586） 出 251 = 2,226 | 累计 38,901 tok $0.218
  已翻 15/1193 段
    [tok] #18 入 2,585（新缓存 997 / 读缓存 1,586） 出 836 = 3,421 | 累计 42,322 tok $0.251
  已翻 16/1193 段
    [tok] #19 入 1,914（新缓存 326 / 读缓存 1,586） 出 61 = 1,975 | 累计 44,297 tok $0.258
    [tok] #20 入 1,862（新缓存 274 / 读缓存 1,586） 出 214 = 2,076 | 累计 46,373 tok $0.267
  已翻 17/1193 段
    [tok] #21 入 2,115（新缓存 527 / 读缓存 1,586） 出 307 = 2,422 | 累计 48,795 tok $0.282
  已翻 18/1193 段
    [tok] #22 入 1,894（新缓存 306 / 读缓存 1,586） 出 143 = 2,037 | 累计 50,832 tok $0.291
  已翻 19/1193 段
    [tok] #23 入 2,094（新缓存 506 / 读缓存 1,586） 出 248 = 2,342 | 累计 53,174 tok $0.304
  已翻 20/1193 段
    [tok] #24 入 2,046（新缓存 458 / 读缓存 1,586） 出 201 = 2,247 | 累计 55,421 tok $0.316
  已翻 21/1193 段
    [tok] #25 入 1,932（新缓存 344 / 读缓存 1,586） 出 53 = 1,985 | 累计 57,406 tok $0.323
  已翻 22/1193 段
    [tok] #26 入 1,891（新缓存 303 / 读缓存 1,586） 出 50 = 1,941 | 累计 59,347 tok $0.329
  已翻 23/1193 段
    [tok] #27 入 1,950（新缓存 362 / 读缓存 1,586） 出 133 = 2,083 | 累计 61,430 tok $0.338
  已翻 24/1193 段
    [tok] #28 入 2,102（新缓存 514 / 读缓存 1,586） 出 440 = 2,542 | 累计 63,972 tok $0.356
  已翻 25/1193 段
    [tok] #29 入 2,230（新缓存 642 / 读缓存 1,586） 出 430 = 2,660 | 累计 66,632 tok $0.375
  已翻 26/1193 段
    [tok] #30 入 1,959（新缓存 371 / 读缓存 1,586） 出 118 = 2,077 | 累计 68,709 tok $0.384
  已翻 27/1193 段
    [tok] #31 入 2,353（新缓存 765 / 读缓存 1,586） 出 762 = 3,115 | 累计 71,824 tok $0.413
  已翻 28/1193 段
    [tok] #32 入 1,895（新缓存 307 / 读缓存 1,586） 出 74 = 1,969 | 累计 73,793 tok $0.419
  已翻 29/1193 段
    [tok] #33 入 2,149（新缓存 561 / 读缓存 1,586） 出 420 = 2,569 | 累计 76,362 tok $0.437
  已翻 30/1193 段
    [tok] #34 入 2,076（新缓存 488 / 读缓存 1,586） 出 521 = 2,597 | 累计 78,959 tok $0.457
  已翻 31/1193 段
    [tok] #35 入 2,217（新缓存 629 / 读缓存 1,586） 出 468 = 2,685 | 累计 81,644 tok $0.478
  已翻 32/1193 段
    [tok] #36 入 2,119（新缓存 531 / 读缓存 1,586） 出 381 = 2,500 | 累计 84,144 tok $0.494
    [tok] #37 入 2,067（新缓存 479 / 读缓存 1,586） 出 337 = 2,404 | 累计 86,548 tok $0.510
  已翻 33/1193 段
    [tok] #38 入 1,967（新缓存 379 / 读缓存 1,586） 出 133 = 2,100 | 累计 88,648 tok $0.519
  已翻 34/1193 段
    [tok] #39 入 1,895（新缓存 307 / 读缓存 1,586） 出 130 = 2,025 | 累计 90,673 tok $0.527
  已翻 35/1193 段
    [tok] #40 入 2,045（新缓存 457 / 读缓存 1,586） 出 205 = 2,250 | 累计 92,923 tok $0.539
  已翻 36/1193 段
    [tok] #41 入 1,965（新缓存 377 / 读缓存 1,586） 出 110 = 2,075 | 累计 94,998 tok $0.547
  已翻 37/1193 段
    [tok] #42 入 2,099（新缓存 511 / 读缓存 1,586） 出 315 = 2,414 | 累计 97,412 tok $0.562
  已翻 38/1193 段
    [tok] #43 入 2,019（新缓存 431 / 读缓存 1,586） 出 196 = 2,215 | 累计 99,627 tok $0.573
  已翻 39/1193 段
    [tok] #44 入 1,976（新缓存 388 / 读缓存 1,586） 出 116 = 2,092 | 累计 101,719 tok $0.582
  已翻 40/1193 段
    [tok] #45 入 1,932（新缓存 344 / 读缓存 1,586） 出 93 = 2,025 | 累计 103,744 tok $0.590
  已翻 41/1193 段
    [tok] #46 入 2,174（新缓存 586 / 读缓存 1,586） 出 320 = 2,494 | 累计 106,238 tok $0.605
  已翻 42/1193 段
    [tok] #47 入 2,158（新缓存 570 / 读缓存 1,586） 出 904 = 3,062 | 累计 109,300 tok $0.636
    [tok] #48 入 2,106（新缓存 518 / 读缓存 1,586） 出 360 = 2,466 | 累计 111,766 tok $0.652
  已翻 43/1193 段
    [tok] #49 入 2,072（新缓存 484 / 读缓存 1,586） 出 226 = 2,298 | 累计 114,064 tok $0.664
    [tok] #50 入 2,020（新缓存 432 / 读缓存 1,586） 出 753 = 2,773 | 累计 116,837 tok $0.690
  已翻 44/1193 段
    [tok] #51 入 2,059（新缓存 471 / 读缓存 1,586） 出 281 = 2,340 | 累计 119,177 tok $0.703
  已翻 45/1193 段
    [tok] #52 入 1,968（新缓存 380 / 读缓存 1,586） 出 263 = 2,231 | 累计 121,408 tok $0.716
  已翻 46/1193 段
    [tok] #53 入 1,957（新缓存 369 / 读缓存 1,586） 出 148 = 2,105 | 累计 123,513 tok $0.725
  已翻 47/1193 段
    [tok] #54 入 1,966（新缓存 378 / 读缓存 1,586） 出 175 = 2,141 | 累计 125,654 tok $0.735
  已翻 48/1193 段
    [tok] #55 入 1,959（新缓存 371 / 读缓存 1,586） 出 403 = 2,362 | 累计 128,016 tok $0.751
    [tok] #56 入 1,907（新缓存 319 / 读缓存 1,586） 出 590 = 2,497 | 累计 130,513 tok $0.770
  已翻 49/1193 段
    [tok] #57 入 1,925（新缓存 337 / 读缓存 1,586） 出 68 = 1,993 | 累计 132,506 tok $0.777
  已翻 50/1193 段
    [tok] #58 入 1,955（新缓存 367 / 读缓存 1,586） 出 149 = 2,104 | 累计 134,610 tok $0.787
  已翻 51/1193 段
    [tok] #59 入 1,985（新缓存 397 / 读缓存 1,586） 出 199 = 2,184 | 累计 136,794 tok $0.798
  已翻 52/1193 段
    [tok] #60 入 1,930（新缓存 342 / 读缓存 1,586） 出 76 = 2,006 | 累计 138,800 tok $0.805
  已翻 53/1193 段
    [tok] #61 入 1,915（新缓存 327 / 读缓存 1,586） 出 76 = 1,991 | 累计 140,791 tok $0.812
  已翻 54/1193 段
    [tok] #62 入 1,935（新缓存 347 / 读缓存 1,586） 出 108 = 2,043 | 累计 142,834 tok $0.820
  已翻 55/1193 段
    [tok] #63 入 2,022（新缓存 434 / 读缓存 1,586） 出 235 = 2,257 | 累计 145,091 tok $0.832
  已翻 56/1193 段
    [tok] #64 入 1,972（新缓存 384 / 读缓存 1,586） 出 303 = 2,275 | 累计 147,366 tok $0.846
  已翻 57/1193 段
    [tok] #65 入 2,174（新缓存 586 / 读缓存 1,586） 出 284 = 2,458 | 累计 149,824 tok $0.861
  已翻 58/1193 段
    [tok] #66 入 1,972（新缓存 384 / 读缓存 1,586） 出 335 = 2,307 | 累计 152,131 tok $0.875
  已翻 59/1193 段
    [tok] #67 入 1,976（新缓存 388 / 读缓存 1,586） 出 323 = 2,299 | 累计 154,430 tok $0.889
    [tok] #68 入 1,924（新缓存 336 / 读缓存 1,586） 出 319 = 2,243 | 累计 156,673 tok $0.902
  已翻 60/1193 段
    [tok] #69 入 1,893（新缓存 305 / 读缓存 1,586） 出 41 = 1,934 | 累计 158,607 tok $0.908
  已翻 61/1193 段
    [tok] #70 入 2,003（新缓存 415 / 读缓存 1,586） 出 213 = 2,216 | 累计 160,823 tok $0.919
  已翻 62/1193 段
    [tok] #71 入 1,889（新缓存 301 / 读缓存 1,586） 出 38 = 1,927 | 累计 162,750 tok $0.925
  已翻 63/1193 段
    [tok] #72 入 1,940（新缓存 352 / 读缓存 1,586） 出 93 = 2,033 | 累计 164,783 tok $0.933
  已翻 64/1193 段
    [tok] #73 入 2,119（新缓存 531 / 读缓存 1,586） 出 296 = 2,415 | 累计 167,198 tok $0.948
    [tok] #74 入 2,067（新缓存 479 / 读缓存 1,586） 出 412 = 2,479 | 累计 169,677 tok $0.965
  已翻 65/1193 段
    [tok] #75 入 2,138（新缓存 550 / 读缓存 1,586） 出 552 = 2,690 | 累计 172,367 tok $0.986
    [tok] #76 入 2,086（新缓存 498 / 读缓存 1,586） 出 476 = 2,562 | 累计 174,929 tok $1.005
  已翻 66/1193 段
    [tok] #77 入 1,889（新缓存 301 / 读缓存 1,586） 出 41 = 1,930 | 累计 176,859 tok $1.011
  已翻 67/1193 段
    [tok] #78 入 1,966（新缓存 378 / 读缓存 1,586） 出 149 = 2,115 | 累计 178,974 tok $1.020
  已翻 68/1193 段
    [tok] #79 入 2,019（新缓存 431 / 读缓存 1,586） 出 194 = 2,213 | 累计 181,187 tok $1.031
  已翻 69/1193 段
    [tok] #80 入 2,059（新缓存 471 / 读缓存 1,586） 出 251 = 2,310 | 累计 183,497 tok $1.044
  已翻 70/1193 段
    [tok] #81 入 2,019（新缓存 431 / 读缓存 1,586） 出 182 = 2,201 | 累计 185,698 tok $1.055
  已翻 71/1193 段
    [tok] #82 入 1,933（新缓存 345 / 读缓存 1,586） 出 100 = 2,033 | 累计 187,731 tok $1.063
  已翻 72/1193 段
    [tok] #83 入 1,919（新缓存 331 / 读缓存 1,586） 出 76 = 1,995 | 累计 189,726 tok $1.070
  已翻 73/1193 段
    [tok] #84 入 1,936（新缓存 348 / 读缓存 1,586） 出 135 = 2,071 | 累计 191,797 tok $1.079
  已翻 74/1193 段
    [tok] #85 入 1,961（新缓存 373 / 读缓存 1,586） 出 153 = 2,114 | 累计 193,911 tok $1.088
  已翻 75/1193 段
    [tok] #86 入 1,948（新缓存 360 / 读缓存 1,586） 出 167 = 2,115 | 累计 196,026 tok $1.098
  已翻 76/1193 段
    [tok] #87 入 1,959（新缓存 371 / 读缓存 1,586） 出 113 = 2,072 | 累计 198,098 tok $1.107
  已翻 77/1193 段
    [tok] #88 入 2,250（新缓存 662 / 读缓存 1,586） 出 721 = 2,971 | 累计 201,069 tok $1.133
  已翻 78/1193 段
    [tok] #89 入 1,934（新缓存 346 / 读缓存 1,586） 出 106 = 2,040 | 累计 203,109 tok $1.141
  已翻 79/1193 段
    [tok] #90 入 2,273（新缓存 685 / 读缓存 1,586） 出 463 = 2,736 | 累计 205,845 tok $1.162
  已翻 80/1193 段
    [tok] #91 入 1,931（新缓存 343 / 读缓存 1,586） 出 107 = 2,038 | 累计 207,883 tok $1.170
  已翻 81/1193 段
    [tok] #92 入 1,906（新缓存 318 / 读缓存 1,586） 出 81 = 1,987 | 累计 209,870 tok $1.177
  已翻 82/1193 段
    [tok] #93 入 2,036（新缓存 448 / 读缓存 1,586） 出 208 = 2,244 | 累计 212,114 tok $1.189
  已翻 83/1193 段
    [tok] #94 入 2,181（新缓存 593 / 读缓存 1,586） 出 325 = 2,506 | 累计 214,620 tok $1.205
  已翻 84/1193 段
    [tok] #95 入 2,069（新缓存 481 / 读缓存 1,586） 出 350 = 2,419 | 累计 217,039 tok $1.220
  已翻 85/1193 段
    [tok] #96 入 2,050（新缓存 462 / 读缓存 1,586） 出 254 = 2,304 | 累计 219,343 tok $1.233
  已翻 86/1193 段
    [tok] #97 入 2,046（新缓存 458 / 读缓存 1,586） 出 376 = 2,422 | 累计 221,765 tok $1.249
  已翻 87/1193 段
    [tok] #98 入 1,929（新缓存 341 / 读缓存 1,586） 出 82 = 2,011 | 累计 223,776 tok $1.257
  已翻 88/1193 段
    [tok] #99 入 1,970（新缓存 382 / 读缓存 1,586） 出 256 = 2,226 | 累计 226,002 tok $1.269
    [tok] #100 入 1,918（新缓存 330 / 读缓存 1,586） 出 219 = 2,137 | 累计 228,139 tok $1.279
  已翻 89/1193 段
    [tok] #101 入 1,928（新缓存 340 / 读缓存 1,586） 出 100 = 2,028 | 累计 230,167 tok $1.287
  已翻 90/1193 段
    [tok] #102 入 2,409（新缓存 821 / 读缓存 1,586） 出 572 = 2,981 | 累计 233,148 tok $1.312
  已翻 91/1193 段
    [tok] #103 入 1,956（新缓存 368 / 读缓存 1,586） 出 106 = 2,062 | 累计 235,210 tok $1.320
  已翻 92/1193 段
    [tok] #104 入 2,005（新缓存 417 / 读缓存 1,586） 出 260 = 2,265 | 累计 237,475 tok $1.333
  已翻 93/1193 段
    [tok] #105 入 2,081（新缓存 493 / 读缓存 1,586） 出 280 = 2,361 | 累计 239,836 tok $1.347
    [tok] #106 入 2,029（新缓存 441 / 读缓存 1,586） 出 455 = 2,484 | 累计 242,320 tok $1.365
  已翻 94/1193 段
    [tok] #107 入 2,462（新缓存 874 / 读缓存 1,586） 出 598 = 3,060 | 累计 245,380 tok $1.391
  已翻 95/1193 段
    [tok] #108 入 1,912（新缓存 324 / 读缓存 1,586） 出 83 = 1,995 | 累计 247,375 tok $1.398
  已翻 96/1193 段
    [tok] #109 入 2,206（新缓存 618 / 读缓存 1,586） 出 426 = 2,632 | 累计 250,007 tok $1.417
  已翻 97/1193 段
    [tok] #110 入 2,195（新缓存 607 / 读缓存 1,586） 出 562 = 2,757 | 累计 252,764 tok $1.439
  已翻 98/1193 段
    [tok] #111 入 1,901（新缓存 313 / 读缓存 1,586） 出 61 = 1,962 | 累计 254,726 tok $1.446
  已翻 99/1193 段
    [tok] #112 入 1,954（新缓存 366 / 读缓存 1,586） 出 105 = 2,059 | 累计 256,785 tok $1.454
  已翻 100/1193 段
    [tok] #113 入 2,194（新缓存 606 / 读缓存 1,586） 出 796 = 2,990 | 累计 259,775 tok $1.482
  已翻 101/1193 段
    [tok] #114 入 1,982（新缓存 394 / 读缓存 1,586） 出 174 = 2,156 | 累计 261,931 tok $1.492
  已翻 102/1193 段
    [tok] #115 入 1,998（新缓存 410 / 读缓存 1,586） 出 154 = 2,152 | 累计 264,083 tok $1.502
  已翻 103/1193 段
    [tok] #116 入 2,045（新缓存 457 / 读缓存 1,586） 出 211 = 2,256 | 累计 266,339 tok $1.514
  已翻 104/1193 段
    [tok] #117 入 2,238（新缓存 650 / 读缓存 1,586） 出 420 = 2,658 | 累计 268,997 tok $1.533
  已翻 105/1193 段
    [tok] #118 入 2,038（新缓存 450 / 读缓存 1,586） 出 253 = 2,291 | 累计 271,288 tok $1.546
  已翻 106/1193 段
    [tok] #119 入 2,140（新缓存 552 / 读缓存 1,586） 出 417 = 2,557 | 累计 273,845 tok $1.564
  已翻 107/1193 段
    [tok] #120 入 2,057（新缓存 469 / 读缓存 1,586） 出 244 = 2,301 | 累计 276,146 tok $1.577
    [tok] #121 入 2,005（新缓存 417 / 读缓存 1,586） 出 483 = 2,488 | 累计 278,634 tok $1.595
  已翻 108/1193 段
    [tok] #122 入 1,974（新缓存 386 / 读缓存 1,586） 出 229 = 2,203 | 累计 280,837 tok $1.606
  已翻 109/1193 段
    [tok] #123 入 1,956（新缓存 368 / 读缓存 1,586） 出 114 = 2,070 | 累计 282,907 tok $1.615
  已翻 110/1193 段
    [tok] #124 入 2,060（新缓存 472 / 读缓存 1,586） 出 168 = 2,228 | 累计 285,135 tok $1.626
  已翻 111/1193 段
    [tok] #125 入 2,086（新缓存 498 / 读缓存 1,586） 出 314 = 2,400 | 累计 287,535 tok $1.640
  已翻 112/1193 段
    [tok] #126 入 1,993（新缓存 405 / 读缓存 1,586） 出 147 = 2,140 | 累计 289,675 tok $1.650
  已翻 113/1193 段
    [tok] #127 入 1,954（新缓存 366 / 读缓存 1,586） 出 89 = 2,043 | 累计 291,718 tok $1.658
  已翻 114/1193 段
    [tok] #128 入 2,013（新缓存 425 / 读缓存 1,586） 出 229 = 2,242 | 累计 293,960 tok $1.670
    [tok] #129 入 1,961（新缓存 373 / 读缓存 1,586） 出 278 = 2,239 | 累计 296,199 tok $1.682
  已翻 115/1193 段
    [tok] #130 入 2,420（新缓存 832 / 读缓存 1,586） 出 658 = 3,078 | 累计 299,277 tok $1.710
  已翻 116/1193 段
    [tok] #131 入 1,914（新缓存 326 / 读缓存 1,586） 出 75 = 1,989 | 累计 301,266 tok $1.717
  已翻 117/1193 段
    [tok] #132 入 2,088（新缓存 500 / 读缓存 1,586） 出 367 = 2,455 | 累计 303,721 tok $1.733
  已翻 118/1193 段
    [tok] #133 入 1,927（新缓存 339 / 读缓存 1,586） 出 118 = 2,045 | 累计 305,766 tok $1.741
  已翻 119/1193 段
    [tok] #134 入 1,965（新缓存 377 / 读缓存 1,586） 出 190 = 2,155 | 累计 307,921 tok $1.751
  已翻 120/1193 段
    [tok] #135 入 1,959（新缓存 371 / 读缓存 1,586） 出 123 = 2,082 | 累计 310,003 tok $1.760
  已翻 121/1193 段
    [tok] #136 入 1,904（新缓存 316 / 读缓存 1,586） 出 55 = 1,959 | 累计 311,962 tok $1.767
  已翻 122/1193 段
    [tok] #137 入 1,979（新缓存 391 / 读缓存 1,586） 出 314 = 2,293 | 累计 314,255 tok $1.780
  已翻 123/1193 段
    [tok] #138 入 2,171（新缓存 583 / 读缓存 1,586） 出 264 = 2,435 | 累计 316,690 tok $1.795
  已翻 124/1193 段
    [tok] #139 入 1,991（新缓存 403 / 读缓存 1,586） 出 245 = 2,236 | 累计 318,926 tok $1.807
    [tok] #140 入 1,939（新缓存 351 / 读缓存 1,586） 出 285 = 2,224 | 累计 321,150 tok $1.819
  已翻 125/1193 段
    [tok] #141 入 2,070（新缓存 482 / 读缓存 1,586） 出 258 = 2,328 | 累计 323,478 tok $1.833
  已翻 126/1193 段
    [tok] #142 入 2,166（新缓存 578 / 读缓存 1,586） 出 313 = 2,479 | 累计 325,957 tok $1.848
  已翻 127/1193 段
    [tok] #143 入 1,991（新缓存 403 / 读缓存 1,586） 出 174 = 2,165 | 累计 328,122 tok $1.859
  已翻 128/1193 段
    [tok] #144 入 2,109（新缓存 521 / 读缓存 1,586） 出 323 = 2,432 | 累计 330,554 tok $1.874
  已翻 129/1193 段
    [tok] #145 入 1,883（新缓存 295 / 读缓存 1,586） 出 74 = 1,957 | 累计 332,511 tok $1.881
  已翻 130/1193 段
    [tok] #146 入 1,903（新缓存 315 / 读缓存 1,586） 出 43 = 1,946 | 累计 334,457 tok $1.887
  已翻 131/1193 段
    [tok] #147 入 1,896（新缓存 308 / 读缓存 1,586） 出 44 = 1,940 | 累计 336,397 tok $1.893
  已翻 132/1193 段
    [tok] #148 入 2,309（新缓存 721 / 读缓存 1,586） 出 500 = 2,809 | 累计 339,206 tok $1.915
  已翻 133/1193 段
    [tok] #149 入 1,911（新缓存 323 / 读缓存 1,586） 出 69 = 1,980 | 累计 341,186 tok $1.921
  已翻 134/1193 段
    [tok] #150 入 2,087（新缓存 499 / 读缓存 1,586） 出 265 = 2,352 | 累计 343,538 tok $1.935
  已翻 135/1193 段
    [tok] #151 入 2,154（新缓存 566 / 读缓存 1,586） 出 314 = 2,468 | 累计 346,006 tok $1.951
  已翻 136/1193 段
    [tok] #152 入 1,977（新缓存 389 / 读缓存 1,586） 出 157 = 2,134 | 累计 348,140 tok $1.960
  已翻 137/1193 段
    [tok] #153 入 1,955（新缓存 367 / 读缓存 1,586） 出 140 = 2,095 | 累计 350,235 tok $1.970
  已翻 138/1193 段
    [tok] #154 入 1,986（新缓存 398 / 读缓存 1,586） 出 162 = 2,148 | 累计 352,383 tok $1.980
  已翻 139/1193 段
    [tok] #155 入 2,250（新缓存 662 / 读缓存 1,586） 出 463 = 2,713 | 累计 355,096 tok $2.000
  已翻 140/1193 段
    [tok] #156 入 1,896（新缓存 308 / 读缓存 1,586） 出 57 = 1,953 | 累计 357,049 tok $2.006
  已翻 141/1193 段
    [tok] #157 入 1,934（新缓存 346 / 读缓存 1,586） 出 69 = 2,003 | 累计 359,052 tok $2.013
  已翻 142/1193 段
    [tok] #158 入 1,909（新缓存 321 / 读缓存 1,586） 出 67 = 1,976 | 累计 361,028 tok $2.020
  已翻 143/1193 段
    [tok] #159 入 2,478（新缓存 890 / 读缓存 1,586） 出 744 = 3,222 | 累计 364,250 tok $2.050
  已翻 144/1193 段
    [tok] #160 入 2,198（新缓存 610 / 读缓存 1,586） 出 360 = 2,558 | 累计 366,808 tok $2.067
  已翻 145/1193 段
    [tok] #161 入 2,106（新缓存 518 / 读缓存 1,586） 出 282 = 2,388 | 累计 369,196 tok $2.081
    [tok] #162 入 2,054（新缓存 466 / 读缓存 1,586） 出 301 = 2,355 | 累计 371,551 tok $2.096
  已翻 146/1193 段
    [tok] #163 入 2,121（新缓存 533 / 读缓存 1,586） 出 468 = 2,589 | 累计 374,140 tok $2.115
  已翻 147/1193 段
    [tok] #164 入 1,964（新缓存 376 / 读缓存 1,586） 出 140 = 2,104 | 累计 376,244 tok $2.124
  已翻 148/1193 段
    [tok] #165 入 1,940（新缓存 352 / 读缓存 1,586） 出 95 = 2,035 | 累计 378,279 tok $2.132
  已翻 149/1193 段
    [tok] #166 入 2,001（新缓存 413 / 读缓存 1,586） 出 152 = 2,153 | 累计 380,432 tok $2.141
  已翻 150/1193 段
    [tok] #167 入 2,021（新缓存 433 / 读缓存 1,586） 出 226 = 2,247 | 累计 382,679 tok $2.153
  已翻 151/1193 段
    [tok] #168 入 1,917（新缓存 329 / 读缓存 1,586） 出 75 = 1,992 | 累计 384,671 tok $2.161
  已翻 152/1193 段
    [tok] #169 入 2,313（新缓存 725 / 读缓存 1,586） 出 463 = 2,776 | 累计 387,447 tok $2.182
  已翻 153/1193 段
    [tok] #170 入 1,967（新缓存 379 / 读缓存 1,586） 出 314 = 2,281 | 累计 389,728 tok $2.195
  已翻 154/1193 段
    [tok] #171 入 2,224（新缓存 636 / 读缓存 1,586） 出 407 = 2,631 | 累计 392,359 tok $2.214
  已翻 155/1193 段
    [tok] #172 入 2,060（新缓存 472 / 读缓存 1,586） 出 188 = 2,248 | 累计 394,607 tok $2.225
  已翻 156/1193 段
    [tok] #173 入 2,367（新缓存 779 / 读缓存 1,586） 出 898 = 3,265 | 累计 397,872 tok $2.258
  已翻 157/1193 段
    [tok] #174 入 1,922（新缓存 334 / 读缓存 1,586） 出 79 = 2,001 | 累计 399,873 tok $2.265
  已翻 158/1193 段
    [tok] #175 入 1,974（新缓存 386 / 读缓存 1,586） 出 261 = 2,235 | 累计 402,108 tok $2.277
    [tok] #176 入 1,922（新缓存 334 / 读缓存 1,586） 出 341 = 2,263 | 累计 404,371 tok $2.291
  已翻 159/1193 段
    [tok] #177 入 2,088（新缓存 500 / 读缓存 1,586） 出 271 = 2,359 | 累计 406,730 tok $2.305
  已翻 160/1193 段
    [tok] #178 入 2,072（新缓存 484 / 读缓存 1,586） 出 226 = 2,298 | 累计 409,028 tok $2.317
  已翻 161/1193 段
    [tok] #179 入 2,227（新缓存 639 / 读缓存 1,586） 出 539 = 2,766 | 累计 411,794 tok $2.339
  已翻 162/1193 段
    [tok] #180 入 2,121（新缓存 533 / 读缓存 1,586） 出 232 = 2,353 | 累计 414,147 tok $2.352
  已翻 163/1193 段
    [tok] #181 入 2,366（新缓存 778 / 读缓存 1,586） 出 745 = 3,111 | 累计 417,258 tok $2.381
  已翻 164/1193 段
    [tok] #182 入 2,122（新缓存 534 / 读缓存 1,586） 出 473 = 2,595 | 累计 419,853 tok $2.400
  已翻 165/1193 段
    [tok] #183 入 2,078（新缓存 490 / 读缓存 1,586） 出 303 = 2,381 | 累计 422,234 tok $2.415
    [tok] #184 入 2,026（新缓存 438 / 读缓存 1,586） 出 778 = 2,804 | 累计 425,038 tok $2.441
  已翻 166/1193 段
    [tok] #185 入 1,918（新缓存 330 / 读缓存 1,586） 出 73 = 1,991 | 累计 427,029 tok $2.448
    [tok] #186 入 1,866（新缓存 278 / 读缓存 1,586） 出 261 = 2,127 | 累计 429,156 tok $2.459
  已翻 167/1193 段
    [tok] #187 入 2,080（新缓存 492 / 读缓存 1,586） 出 323 = 2,403 | 累计 431,559 tok $2.474
  已翻 168/1193 段
    [tok] #188 入 1,922（新缓存 334 / 读缓存 1,586） 出 73 = 1,995 | 累计 433,554 tok $2.481
  已翻 169/1193 段
    [tok] #189 入 1,922（新缓存 334 / 读缓存 1,586） 出 72 = 1,994 | 累计 435,548 tok $2.488
  已翻 170/1193 段
    [tok] #190 入 2,068（新缓存 480 / 读缓存 1,586） 出 442 = 2,510 | 累计 438,058 tok $2.506
  已翻 171/1193 段
    [tok] #191 入 2,098（新缓存 510 / 读缓存 1,586） 出 239 = 2,337 | 累计 440,395 tok $2.519
    [tok] #192 入 2,046（新缓存 458 / 读缓存 1,586） 出 428 = 2,474 | 累计 442,869 tok $2.536
  已翻 172/1193 段
    [tok] #193 入 1,944（新缓存 356 / 读缓存 1,586） 出 125 = 2,069 | 累计 444,938 tok $2.545
  已翻 173/1193 段
    [tok] #194 入 1,930（新缓存 342 / 读缓存 1,586） 出 94 = 2,024 | 累计 446,962 tok $2.552
  已翻 174/1193 段
    [tok] #195 入 1,931（新缓存 343 / 读缓存 1,586） 出 80 = 2,011 | 累计 448,973 tok $2.560
  已翻 175/1193 段
    [tok] #196 入 1,908（新缓存 320 / 读缓存 1,586） 出 62 = 1,970 | 累计 450,943 tok $2.566
  已翻 176/1193 段
    [tok] #197 入 2,103（新缓存 515 / 读缓存 1,586） 出 277 = 2,380 | 累计 453,323 tok $2.580
  已翻 177/1193 段
    [tok] #198 入 2,029（新缓存 441 / 读缓存 1,586） 出 200 = 2,229 | 累计 455,552 tok $2.592
    [tok] #199 入 1,977（新缓存 389 / 读缓存 1,586） 出 198 = 2,175 | 累计 457,727 tok $2.602
  已翻 178/1193 段
    [tok] #200 入 1,975（新缓存 387 / 读缓存 1,586） 出 125 = 2,100 | 累计 459,827 tok $2.611
  已翻 179/1193 段
    [tok] #201 入 1,874（新缓存 286 / 读缓存 1,586） 出 23 = 1,897 | 累计 461,724 tok $2.617
    [tok] #202 入 1,822（新缓存 234 / 读缓存 1,586） 出 13 = 1,835 | 累计 463,559 tok $2.621
  已翻 180/1193 段
    [tok] #203 入 2,053（新缓存 465 / 读缓存 1,586） 出 607 = 2,660 | 累计 466,219 tok $2.643
  已翻 181/1193 段
    [tok] #204 入 2,052（新缓存 464 / 读缓存 1,586） 出 428 = 2,480 | 累计 468,699 tok $2.660
    [tok] #205 入 2,000（新缓存 412 / 读缓存 1,586） 出 346 = 2,346 | 累计 471,045 tok $2.675
  已翻 182/1193 段
    [tok] #206 入 1,906（新缓存 318 / 读缓存 1,586） 出 66 = 1,972 | 累计 473,017 tok $2.682
  已翻 183/1193 段
    [tok] #207 入 2,020（新缓存 432 / 读缓存 1,586） 出 163 = 2,183 | 累计 475,200 tok $2.692
  已翻 184/1193 段
    [tok] #208 入 2,100（新缓存 512 / 读缓存 1,586） 出 303 = 2,403 | 累计 477,603 tok $2.707
    [tok] #209 入 2,048（新缓存 460 / 读缓存 1,586） 出 287 = 2,335 | 累计 479,938 tok $2.720
  已翻 185/1193 段
    [tok] #210 入 1,942（新缓存 354 / 读缓存 1,586） 出 106 = 2,048 | 累计 481,986 tok $2.729
  已翻 186/1193 段
    [tok] #211 入 2,001（新缓存 413 / 读缓存 1,586） 出 427 = 2,428 | 累计 484,414 tok $2.745
    [tok] #212 入 1,949（新缓存 361 / 读缓存 1,586） 出 190 = 2,139 | 累计 486,553 tok $2.756
  已翻 187/1193 段
    [tok] #213 入 1,936（新缓存 348 / 读缓存 1,586） 出 96 = 2,032 | 累计 488,585 tok $2.763
  已翻 188/1193 段
    [tok] #214 入 1,935（新缓存 347 / 读缓存 1,586） 出 74 = 2,009 | 累计 490,594 tok $2.771
  已翻 189/1193 段
    [tok] #215 入 2,105（新缓存 517 / 读缓存 1,586） 出 454 = 2,559 | 累计 493,153 tok $2.789
  已翻 190/1193 段
    [tok] #216 入 1,923（新缓存 335 / 读缓存 1,586） 出 70 = 1,993 | 累计 495,146 tok $2.796
  已翻 191/1193 段
    [tok] #217 入 1,883（新缓存 295 / 读缓存 1,586） 出 38 = 1,921 | 累计 497,067 tok $2.802
  已翻 192/1193 段
    [tok] #218 入 2,309（新缓存 721 / 读缓存 1,586） 出 483 = 2,792 | 累计 499,859 tok $2.823
  已翻 193/1193 段
    [tok] #219 入 2,283（新缓存 695 / 读缓存 1,586） 出 797 = 3,080 | 累计 502,939 tok $2.853
  已翻 194/1193 段
    [tok] #220 入 2,034（新缓存 446 / 读缓存 1,586） 出 201 = 2,235 | 累计 505,174 tok $2.864
  已翻 195/1193 段
    [tok] #221 入 2,123（新缓存 535 / 读缓存 1,586） 出 321 = 2,444 | 累计 507,618 tok $2.879
    [tok] #222 入 2,071（新缓存 483 / 读缓存 1,586） 出 550 = 2,621 | 累计 510,239 tok $2.900
  已翻 196/1193 段
    [tok] #223 入 2,069（新缓存 481 / 读缓存 1,586） 出 235 = 2,304 | 累计 512,543 tok $2.913
  已翻 197/1193 段
    [tok] #224 入 1,943（新缓存 355 / 读缓存 1,586） 出 88 = 2,031 | 累计 514,574 tok $2.920
  已翻 198/1193 段
    [tok] #225 入 2,121（新缓存 533 / 读缓存 1,586） 出 305 = 2,426 | 累计 517,000 tok $2.935
  已翻 199/1193 段
    [tok] #226 入 2,170（新缓存 582 / 读缓存 1,586） 出 397 = 2,567 | 累计 519,567 tok $2.953
  已翻 200/1193 段
    [tok] #227 入 2,193（新缓存 605 / 读缓存 1,586） 出 553 = 2,746 | 累计 522,313 tok $2.975
  已翻 201/1193 段
    [tok] #228 入 2,058（新缓存 470 / 读缓存 1,586） 出 238 = 2,296 | 累计 524,609 tok $2.988
  已翻 202/1193 段
    [tok] #229 入 1,984（新缓存 396 / 读缓存 1,586） 出 146 = 2,130 | 累计 526,739 tok $2.997
  已翻 203/1193 段
    [tok] #230 入 1,948（新缓存 360 / 读缓存 1,586） 出 103 = 2,051 | 累计 528,790 tok $3.005
  已翻 204/1193 段
    [tok] #231 入 2,004（新缓存 416 / 读缓存 1,586） 出 174 = 2,178 | 累计 530,968 tok $3.016
  已翻 205/1193 段
    [tok] #232 入 2,130（新缓存 542 / 读缓存 1,586） 出 482 = 2,612 | 累计 533,580 tok $3.035
  已翻 206/1193 段
    [tok] #233 入 1,919（新缓存 331 / 读缓存 1,586） 出 398 = 2,317 | 累计 535,897 tok $3.051
  已翻 207/1193 段
    [tok] #234 入 1,960（新缓存 372 / 读缓存 1,586） 出 167 = 2,127 | 累计 538,024 tok $3.060
  已翻 208/1193 段
    [tok] #235 入 2,192（新缓存 604 / 读缓存 1,586） 出 440 = 2,632 | 累计 540,656 tok $3.080
    [tok] #236 入 2,140（新缓存 552 / 读缓存 1,586） 出 520 = 2,660 | 累计 543,316 tok $3.100
  已翻 209/1193 段
    [tok] #237 入 2,276（新缓存 688 / 读缓存 1,586） 出 514 = 2,790 | 累计 546,106 tok $3.122
    [tok] #238 入 2,224（新缓存 636 / 读缓存 1,586） 出 496 = 2,720 | 累计 548,826 tok $3.143
  已翻 210/1193 段
    [tok] #239 入 2,438（新缓存 850 / 读缓存 1,586） 出 632 = 3,070 | 累计 551,896 tok $3.169
  已翻 211/1193 段
    [tok] #240 入 1,985（新缓存 397 / 读缓存 1,586） 出 351 = 2,336 | 累计 554,232 tok $3.184
    [tok] #241 入 1,933（新缓存 345 / 读缓存 1,586） 出 189 = 2,122 | 累计 556,354 tok $3.194
  已翻 212/1193 段
    [tok] #242 入 2,003（新缓存 415 / 读缓存 1,586） 出 235 = 2,238 | 累计 558,592 tok $3.206
    [tok] #243 入 1,951（新缓存 363 / 读缓存 1,586） 出 422 = 2,373 | 累计 560,965 tok $3.222
  已翻 213/1193 段
    [tok] #244 入 1,947（新缓存 359 / 读缓存 1,586） 出 75 = 2,022 | 累计 562,987 tok $3.230
  已翻 214/1193 段
    [tok] #245 入 1,994（新缓存 406 / 读缓存 1,586） 出 161 = 2,155 | 累计 565,142 tok $3.240
  已翻 215/1193 段
    [tok] #246 入 2,564（新缓存 976 / 读缓存 1,586） 出 896 = 3,460 | 累计 568,602 tok $3.274
  已翻 216/1193 段
    [tok] #247 入 2,245（新缓存 657 / 读缓存 1,586） 出 788 = 3,033 | 累计 571,635 tok $3.303
  已翻 217/1193 段
    [tok] #248 入 1,955（新缓存 367 / 读缓存 1,586） 出 120 = 2,075 | 累计 573,710 tok $3.311
  已翻 218/1193 段
    [tok] #249 入 1,952（新缓存 364 / 读缓存 1,586） 出 99 = 2,051 | 累计 575,761 tok $3.319
  已翻 219/1193 段
    [tok] #250 入 2,018（新缓存 430 / 读缓存 1,586） 出 219 = 2,237 | 累计 577,998 tok $3.331
    [tok] #251 入 1,966（新缓存 378 / 读缓存 1,586） 出 579 = 2,545 | 累计 580,543 tok $3.351
  已翻 220/1193 段
    [tok] #252 入 2,093（新缓存 505 / 读缓存 1,586） 出 240 = 2,333 | 累计 582,876 tok $3.364
  已翻 221/1193 段
    [tok] #253 入 2,160（新缓存 572 / 读缓存 1,586） 出 344 = 2,504 | 累计 585,380 tok $3.381
  已翻 222/1193 段
    [tok] #254 入 2,176（新缓存 588 / 读缓存 1,586） 出 330 = 2,506 | 累计 587,886 tok $3.397
  已翻 223/1193 段
    [tok] #255 入 1,998（新缓存 410 / 读缓存 1,586） 出 190 = 2,188 | 累计 590,074 tok $3.408
  已翻 224/1193 段
    [tok] #256 入 2,185（新缓存 597 / 读缓存 1,586） 出 523 = 2,708 | 累计 592,782 tok $3.429
  已翻 225/1193 段
    [tok] #257 入 2,219（新缓存 631 / 读缓存 1,586） 出 803 = 3,022 | 累计 595,804 tok $3.457
    [tok] #258 入 2,167（新缓存 579 / 读缓存 1,586） 出 602 = 2,769 | 累计 598,573 tok $3.480
  已翻 226/1193 段
    [tok] #259 入 2,066（新缓存 478 / 读缓存 1,586） 出 420 = 2,486 | 累计 601,059 tok $3.498
  已翻 227/1193 段
    [tok] #260 入 1,946（新缓存 358 / 读缓存 1,586） 出 116 = 2,062 | 累计 603,121 tok $3.506
  已翻 228/1193 段
    [tok] #261 入 1,940（新缓存 352 / 读缓存 1,586） 出 101 = 2,041 | 累计 605,162 tok $3.514
  已翻 229/1193 段
    [tok] #262 入 2,141（新缓存 553 / 读缓存 1,586） 出 352 = 2,493 | 累计 607,655 tok $3.530
  已翻 230/1193 段
    [tok] #263 入 1,916（新缓存 328 / 读缓存 1,586） 出 82 = 1,998 | 累计 609,653 tok $3.538
  已翻 231/1193 段
    [tok] #264 入 1,892（新缓存 304 / 读缓存 1,586） 出 43 = 1,935 | 累计 611,588 tok $3.544
  已翻 232/1193 段
    [tok] #265 入 1,905（新缓存 317 / 读缓存 1,586） 出 60 = 1,965 | 累计 613,553 tok $3.550
  已翻 233/1193 段
    [tok] #266 入 1,958（新缓存 370 / 读缓存 1,586） 出 88 = 2,046 | 累计 615,599 tok $3.558
  已翻 234/1193 段
    [tok] #267 入 2,038（新缓存 450 / 读缓存 1,586） 出 258 = 2,296 | 累计 617,895 tok $3.571
  已翻 235/1193 段
    [tok] #268 入 2,417（新缓存 829 / 读缓存 1,586） 出 614 = 3,031 | 累计 620,926 tok $3.597
  已翻 236/1193 段
    [tok] #269 入 1,981（新缓存 393 / 读缓存 1,586） 出 329 = 2,310 | 累计 623,236 tok $3.611
    [tok] #270 入 1,929（新缓存 341 / 读缓存 1,586） 出 450 = 2,379 | 累计 625,615 tok $3.627
  已翻 237/1193 段
    [tok] #271 入 1,973（新缓存 385 / 读缓存 1,586） 出 564 = 2,537 | 累计 628,152 tok $3.647
    [tok] #272 入 1,921（新缓存 333 / 读缓存 1,586） 出 771 = 2,692 | 累计 630,844 tok $3.672
  已翻 238/1193 段
    [tok] #273 入 2,000（新缓存 412 / 读缓存 1,586） 出 209 = 2,209 | 累计 633,053 tok $3.683
  已翻 239/1193 段
    [tok] #274 入 1,970（新缓存 382 / 读缓存 1,586） 出 153 = 2,123 | 累计 635,176 tok $3.693
  已翻 240/1193 段
    [tok] #275 入 1,936（新缓存 348 / 读缓存 1,586） 出 86 = 2,022 | 累计 637,198 tok $3.700
  已翻 241/1193 段
    [tok] #276 入 2,012（新缓存 424 / 读缓存 1,586） 出 158 = 2,170 | 累计 639,368 tok $3.710
  已翻 242/1193 段
    [tok] #277 入 2,059（新缓存 471 / 读缓存 1,586） 出 294 = 2,353 | 累计 641,721 tok $3.724
    [tok] #278 入 2,007（新缓存 419 / 读缓存 1,586） 出 305 = 2,312 | 累计 644,033 tok $3.738
  已翻 243/1193 段
    [tok] #279 入 1,897（新缓存 309 / 读缓存 1,586） 出 51 = 1,948 | 累计 645,981 tok $3.744
  已翻 244/1193 段
    [tok] #280 入 2,302（新缓存 714 / 读缓存 1,586） 出 526 = 2,828 | 累计 648,809 tok $3.767
    [tok] #281 入 2,250（新缓存 662 / 读缓存 1,586） 出 542 = 2,792 | 累计 651,601 tok $3.789
  已翻 245/1193 段
    [tok] #282 入 2,096（新缓存 508 / 读缓存 1,586） 出 275 = 2,371 | 累计 653,972 tok $3.803
    [tok] #283 入 2,044（新缓存 456 / 读缓存 1,586） 出 469 = 2,513 | 累计 656,485 tok $3.821
  已翻 246/1193 段
    [tok] #284 入 2,031（新缓存 443 / 读缓存 1,586） 出 174 = 2,205 | 累计 658,690 tok $3.832
    [tok] #285 入 1,979（新缓存 391 / 读缓存 1,586） 出 171 = 2,150 | 累计 660,840 tok $3.842
  已翻 247/1193 段
    [tok] #286 入 2,094（新缓存 506 / 读缓存 1,586） 出 364 = 2,458 | 累计 663,298 tok $3.858
  已翻 248/1193 段
    [tok] #287 入 2,391（新缓存 803 / 读缓存 1,586） 出 617 = 3,008 | 累计 666,306 tok $3.884
  已翻 249/1193 段
    [tok] #288 入 2,038（新缓存 450 / 读缓存 1,586） 出 246 = 2,284 | 累计 668,590 tok $3.897
  已翻 250/1193 段
    [tok] #289 入 2,213（新缓存 625 / 读缓存 1,586） 出 483 = 2,696 | 累计 671,286 tok $3.917
  已翻 251/1193 段
    [tok] #290 入 1,922（新缓存 334 / 读缓存 1,586） 出 76 = 1,998 | 累计 673,284 tok $3.924
  已翻 252/1193 段
    [tok] #291 入 1,926（新缓存 338 / 读缓存 1,586） 出 66 = 1,992 | 累计 675,276 tok $3.931
  已翻 253/1193 段
    [tok] #292 入 1,968（新缓存 380 / 读缓存 1,586） 出 128 = 2,096 | 累计 677,372 tok $3.940
  已翻 254/1193 段
    [tok] #293 入 1,954（新缓存 366 / 读缓存 1,586） 出 99 = 2,053 | 累计 679,425 tok $3.948
  已翻 255/1193 段
    [tok] #294 入 1,878（新缓存 290 / 读缓存 1,586） 出 29 = 1,907 | 累计 681,332 tok $3.954
  已翻 256/1193 段
    [tok] #295 入 2,051（新缓存 463 / 读缓存 1,586） 出 628 = 2,679 | 累计 684,011 tok $3.976
  已翻 257/1193 段
    [tok] #296 入 2,053（新缓存 465 / 读缓存 1,586） 出 362 = 2,415 | 累计 686,426 tok $3.992
  已翻 258/1193 段
    [tok] #297 入 2,034（新缓存 446 / 读缓存 1,586） 出 208 = 2,242 | 累计 688,668 tok $4.003
  已翻 259/1193 段
    [tok] #298 入 1,928（新缓存 340 / 读缓存 1,586） 出 81 = 2,009 | 累计 690,677 tok $4.011
  已翻 260/1193 段
    [tok] #299 入 1,929（新缓存 341 / 读缓存 1,586） 出 93 = 2,022 | 累计 692,699 tok $4.018
  已翻 261/1193 段
    [tok] #300 入 1,923（新缓存 335 / 读缓存 1,586） 出 78 = 2,001 | 累计 694,700 tok $4.025
  已翻 262/1193 段
    [tok] #301 入 1,930（新缓存 342 / 读缓存 1,586） 出 76 = 2,006 | 累计 696,706 tok $4.033
  已翻 263/1193 段
    [tok] #302 入 1,971（新缓存 383 / 读缓存 1,586） 出 108 = 2,079 | 累计 698,785 tok $4.041
  已翻 264/1193 段
    [tok] #303 入 1,992（新缓存 404 / 读缓存 1,586） 出 167 = 2,159 | 累计 700,944 tok $4.051
  已翻 265/1193 段
    [tok] #304 入 2,044（新缓存 456 / 读缓存 1,586） 出 256 = 2,300 | 累计 703,244 tok $4.064
  已翻 266/1193 段
    [tok] #305 入 1,939（新缓存 351 / 读缓存 1,586） 出 90 = 2,029 | 累计 705,273 tok $4.072
  已翻 267/1193 段
    [tok] #306 入 2,140（新缓存 552 / 读缓存 1,586） 出 319 = 2,459 | 累计 707,732 tok $4.088
  已翻 268/1193 段
    [tok] #307 入 1,871（新缓存 283 / 读缓存 1,586） 出 22 = 1,893 | 累计 709,625 tok $4.093
    [tok] #308 入 1,819（新缓存 231 / 读缓存 1,586） 出 14 = 1,833 | 累计 711,458 tok $4.097
  已翻 269/1193 段
    [tok] #309 入 2,024（新缓存 436 / 读缓存 1,586） 出 177 = 2,201 | 累计 713,659 tok $4.108
  已翻 270/1193 段
    [tok] #310 入 2,318（新缓存 730 / 读缓存 1,586） 出 798 = 3,116 | 累计 716,775 tok $4.137
    [tok] #311 入 2,266（新缓存 678 / 读缓存 1,586） 出 542 = 2,808 | 累计 719,583 tok $4.160
  已翻 271/1193 段
    [tok] #312 入 1,889（新缓存 301 / 读缓存 1,586） 出 45 = 1,934 | 累计 721,517 tok $4.166
  已翻 272/1193 段
    [tok] #313 入 2,021（新缓存 433 / 读缓存 1,586） 出 278 = 2,299 | 累计 723,816 tok $4.179
  已翻 273/1193 段
    [tok] #314 入 2,010（新缓存 422 / 读缓存 1,586） 出 231 = 2,241 | 累计 726,057 tok $4.191
  已翻 274/1193 段
    [tok] #315 入 2,038（新缓存 450 / 读缓存 1,586） 出 202 = 2,240 | 累计 728,297 tok $4.203
  已翻 275/1193 段
    [tok] #316 入 2,044（新缓存 456 / 读缓存 1,586） 出 224 = 2,268 | 累计 730,565 tok $4.215
  已翻 276/1193 段
    [tok] #317 入 1,949（新缓存 361 / 读缓存 1,586） 出 102 = 2,051 | 累计 732,616 tok $4.223
  已翻 277/1193 段
    [tok] #318 入 2,103（新缓存 515 / 读缓存 1,586） 出 606 = 2,709 | 累计 735,325 tok $4.245
    [tok] #319 入 2,051（新缓存 463 / 读缓存 1,586） 出 320 = 2,371 | 累计 737,696 tok $4.260
  已翻 278/1193 段
    [tok] #320 入 2,551（新缓存 963 / 读缓存 1,586） 出 783 = 3,334 | 累计 741,030 tok $4.291
  已翻 279/1193 段
    [tok] #321 入 2,023（新缓存 435 / 读缓存 1,586） 出 199 = 2,222 | 累计 743,252 tok $4.303
    [tok] #322 入 1,971（新缓存 383 / 读缓存 1,586） 出 162 = 2,133 | 累计 745,385 tok $4.312
  已翻 280/1193 段
    [tok] #323 入 1,934（新缓存 346 / 读缓存 1,586） 出 78 = 2,012 | 累计 747,397 tok $4.320
  已翻 281/1193 段
    [tok] #324 入 1,919（新缓存 331 / 读缓存 1,586） 出 78 = 1,997 | 累计 749,394 tok $4.327
  已翻 282/1193 段
    [tok] #325 入 1,940（新缓存 352 / 读缓存 1,586） 出 97 = 2,037 | 累计 751,431 tok $4.335
  已翻 283/1193 段
    [tok] #326 入 2,281（新缓存 693 / 读缓存 1,586） 出 372 = 2,653 | 累计 754,084 tok $4.353
  已翻 284/1193 段
    [tok] #327 入 1,957（新缓存 369 / 读缓存 1,586） 出 107 = 2,064 | 累计 756,148 tok $4.361
  已翻 285/1193 段
    [tok] #328 入 2,017（新缓存 429 / 读缓存 1,586） 出 524 = 2,541 | 累计 758,689 tok $4.381
    [tok] #329 入 1,965（新缓存 377 / 读缓存 1,586） 出 353 = 2,318 | 累计 761,007 tok $4.395
  已翻 286/1193 段
    [tok] #330 入 2,258（新缓存 670 / 读缓存 1,586） 出 489 = 2,747 | 累计 763,754 tok $4.416
  已翻 287/1193 段
    [tok] #331 入 1,895（新缓存 307 / 读缓存 1,586） 出 50 = 1,945 | 累计 765,699 tok $4.423
  已翻 288/1193 段
    [tok] #332 入 1,916（新缓存 328 / 读缓存 1,586） 出 57 = 1,973 | 累计 767,672 tok $4.429
  已翻 289/1193 段
    [tok] #333 入 2,160（新缓存 572 / 读缓存 1,586） 出 329 = 2,489 | 累计 770,161 tok $4.445
  已翻 290/1193 段
    [tok] #334 入 1,953（新缓存 365 / 读缓存 1,586） 出 113 = 2,066 | 累计 772,227 tok $4.454
  已翻 291/1193 段
    [tok] #335 入 2,057（新缓存 469 / 读缓存 1,586） 出 206 = 2,263 | 累计 774,490 tok $4.465
  已翻 292/1193 段
    [tok] #336 入 1,993（新缓存 405 / 读缓存 1,586） 出 389 = 2,382 | 累计 776,872 tok $4.481
  已翻 293/1193 段
    [tok] #337 入 2,279（新缓存 691 / 读缓存 1,586） 出 632 = 2,911 | 累计 779,783 tok $4.506
  已翻 294/1193 段
    [tok] #338 入 2,088（新缓存 500 / 读缓存 1,586） 出 389 = 2,477 | 累计 782,260 tok $4.523
  已翻 295/1193 段
    [tok] #339 入 2,003（新缓存 415 / 读缓存 1,586） 出 137 = 2,140 | 累计 784,400 tok $4.532
  已翻 296/1193 段
    [tok] #340 入 1,975（新缓存 387 / 读缓存 1,586） 出 169 = 2,144 | 累计 786,544 tok $4.542
  已翻 297/1193 段
    [tok] #341 入 1,920（新缓存 332 / 读缓存 1,586） 出 74 = 1,994 | 累计 788,538 tok $4.549
  已翻 298/1193 段
    [tok] #342 入 2,041（新缓存 453 / 读缓存 1,586） 出 265 = 2,306 | 累计 790,844 tok $4.563
    [tok] #343 入 1,989（新缓存 401 / 读缓存 1,586） 出 205 = 2,194 | 累计 793,038 tok $4.574
  已翻 299/1193 段
    [tok] #344 入 1,931（新缓存 343 / 读缓存 1,586） 出 89 = 2,020 | 累计 795,058 tok $4.581
  已翻 300/1193 段
    [tok] #345 入 1,988（新缓存 400 / 读缓存 1,586） 出 164 = 2,152 | 累计 797,210 tok $4.591
    [tok] #346 入 1,936（新缓存 348 / 读缓存 1,586） 出 222 = 2,158 | 累计 799,368 tok $4.602
  已翻 301/1193 段
    [tok] #347 入 2,077（新缓存 489 / 读缓存 1,586） 出 252 = 2,329 | 累计 801,697 tok $4.615
  已翻 302/1193 段
    [tok] #348 入 1,900（新缓存 312 / 读缓存 1,586） 出 53 = 1,953 | 累计 803,650 tok $4.622
  已翻 303/1193 段
    [tok] #349 入 2,008（新缓存 420 / 读缓存 1,586） 出 201 = 2,209 | 累计 805,859 tok $4.633
  已翻 304/1193 段
    [tok] #350 入 2,139（新缓存 551 / 读缓存 1,586） 出 450 = 2,589 | 累计 808,448 tok $4.652
  已翻 305/1193 段
    [tok] #351 入 1,923（新缓存 335 / 读缓存 1,586） 出 71 = 1,994 | 累计 810,442 tok $4.659
  已翻 306/1193 段
    [tok] #352 入 2,108（新缓存 520 / 读缓存 1,586） 出 443 = 2,551 | 累计 812,993 tok $4.677
  已翻 307/1193 段
    [tok] #353 入 2,041（新缓存 453 / 读缓存 1,586） 出 435 = 2,476 | 累计 815,469 tok $4.694
    [tok] #354 入 1,989（新缓存 401 / 读缓存 1,586） 出 388 = 2,377 | 累计 817,846 tok $4.710
  已翻 308/1193 段
    [tok] #355 入 2,094（新缓存 506 / 读缓存 1,586） 出 313 = 2,407 | 累计 820,253 tok $4.725
    [tok] #356 入 2,042（新缓存 454 / 读缓存 1,586） 出 463 = 2,505 | 累计 822,758 tok $4.743
  已翻 309/1193 段
    [tok] #357 入 1,951（新缓存 363 / 读缓存 1,586） 出 91 = 2,042 | 累计 824,800 tok $4.751
  已翻 310/1193 段
    [tok] #358 入 2,054（新缓存 466 / 读缓存 1,586） 出 303 = 2,357 | 累计 827,157 tok $4.765
  已翻 311/1193 段
    [tok] #359 入 2,179（新缓存 591 / 读缓存 1,586） 出 348 = 2,527 | 累计 829,684 tok $4.782
    [tok] #360 入 2,127（新缓存 539 / 读缓存 1,586） 出 351 = 2,478 | 累计 832,162 tok $4.798
  已翻 312/1193 段
    [tok] #361 入 2,118（新缓存 530 / 读缓存 1,586） 出 377 = 2,495 | 累计 834,657 tok $4.815
  已翻 313/1193 段
    [tok] #362 入 2,335（新缓存 747 / 读缓存 1,586） 出 450 = 2,785 | 累计 837,442 tok $4.836
  已翻 314/1193 段
    [tok] #363 入 1,973（新缓存 385 / 读缓存 1,586） 出 322 = 2,295 | 累计 839,737 tok $4.849
  已翻 315/1193 段
    [tok] #364 入 2,137（新缓存 549 / 读缓存 1,586） 出 316 = 2,453 | 累计 842,190 tok $4.865
  已翻 316/1193 段
    [tok] #365 入 2,152（新缓存 564 / 读缓存 1,586） 出 325 = 2,477 | 累计 844,667 tok $4.881
  已翻 317/1193 段
    [tok] #366 入 1,973（新缓存 385 / 读缓存 1,586） 出 208 = 2,181 | 累计 846,848 tok $4.892
    [tok] #367 入 1,921（新缓存 333 / 读缓存 1,586） 出 139 = 2,060 | 累计 848,908 tok $4.900
  已翻 318/1193 段
    [tok] #368 入 1,929（新缓存 341 / 读缓存 1,586） 出 87 = 2,016 | 累计 850,924 tok $4.908
  已翻 319/1193 段
    [tok] #369 入 2,311（新缓存 723 / 读缓存 1,586） 出 469 = 2,780 | 累计 853,704 tok $4.929
  已翻 320/1193 段
    [tok] #370 入 1,918（新缓存 330 / 读缓存 1,586） 出 73 = 1,991 | 累计 855,695 tok $4.936
  已翻 321/1193 段
    [tok] #371 入 2,064（新缓存 476 / 读缓存 1,586） 出 295 = 2,359 | 累计 858,054 tok $4.950
  已翻 322/1193 段
    [tok] #372 入 2,002（新缓存 414 / 读缓存 1,586） 出 280 = 2,282 | 累计 860,336 tok $4.963
    [tok] #373 入 1,950（新缓存 362 / 读缓存 1,586） 出 203 = 2,153 | 累计 862,489 tok $4.974
  已翻 323/1193 段
    [tok] #374 入 1,966（新缓存 378 / 读缓存 1,586） 出 156 = 2,122 | 累计 864,611 tok $4.983
  已翻 324/1193 段
    [tok] #375 入 2,032（新缓存 444 / 读缓存 1,586） 出 190 = 2,222 | 累计 866,833 tok $4.995
  已翻 325/1193 段
    [tok] #376 入 2,050（新缓存 462 / 读缓存 1,586） 出 213 = 2,263 | 累计 869,096 tok $5.007
    [tok] #377 入 1,998（新缓存 410 / 读缓存 1,586） 出 396 = 2,394 | 累计 871,490 tok $5.022
  已翻 326/1193 段
    [tok] #378 入 1,941（新缓存 353 / 读缓存 1,586） 出 87 = 2,028 | 累计 873,518 tok $5.030
  已翻 327/1193 段
    [tok] #379 入 1,933（新缓存 345 / 读缓存 1,586） 出 110 = 2,043 | 累计 875,561 tok $5.038
  已翻 328/1193 段
    [tok] #380 入 2,279（新缓存 691 / 读缓存 1,586） 出 609 = 2,888 | 累计 878,449 tok $5.062
    [tok] #381 入 2,227（新缓存 639 / 读缓存 1,586） 出 451 = 2,678 | 累计 881,127 tok $5.082
  已翻 329/1193 段
    [tok] #382 入 2,087（新缓存 499 / 读缓存 1,586） 出 230 = 2,317 | 累计 883,444 tok $5.095
  已翻 330/1193 段
    [tok] #383 入 1,948（新缓存 360 / 读缓存 1,586） 出 94 = 2,042 | 累计 885,486 tok $5.103
  已翻 331/1193 段
    [tok] #384 入 1,902（新缓存 314 / 读缓存 1,586） 出 48 = 1,950 | 累计 887,436 tok $5.109
  已翻 332/1193 段
    [tok] #385 入 1,941（新缓存 353 / 读缓存 1,586） 出 85 = 2,026 | 累计 889,462 tok $5.117
  已翻 333/1193 段
    [tok] #386 入 2,114（新缓存 526 / 读缓存 1,586） 出 337 = 2,451 | 累计 891,913 tok $5.132
  已翻 334/1193 段
    [tok] #387 入 2,148（新缓存 560 / 读缓存 1,586） 出 342 = 2,490 | 累计 894,403 tok $5.148
  已翻 335/1193 段
    [tok] #388 入 1,963（新缓存 375 / 读缓存 1,586） 出 149 = 2,112 | 累计 896,515 tok $5.158
  已翻 336/1193 段
    [tok] #389 入 1,916（新缓存 328 / 读缓存 1,586） 出 67 = 1,983 | 累计 898,498 tok $5.165
  已翻 337/1193 段
    [tok] #390 入 2,009（新缓存 421 / 读缓存 1,586） 出 205 = 2,214 | 累计 900,712 tok $5.176
  已翻 338/1193 段
    [tok] #391 入 2,231（新缓存 643 / 读缓存 1,586） 出 1,109 = 3,340 | 累计 904,052 tok $5.212
  已翻 339/1193 段
    [tok] #392 入 1,955（新缓存 367 / 读缓存 1,586） 出 338 = 2,293 | 累计 906,345 tok $5.226
  已翻 340/1193 段
    [tok] #393 入 1,926（新缓存 338 / 读缓存 1,586） 出 189 = 2,115 | 累计 908,460 tok $5.236
  已翻 341/1193 段
    [tok] #394 入 2,014（新缓存 426 / 读缓存 1,586） 出 142 = 2,156 | 累计 910,616 tok $5.246
  已翻 342/1193 段
    [tok] #395 入 2,448（新缓存 860 / 读缓存 1,586） 出 670 = 3,118 | 累计 913,734 tok $5.274
  已翻 343/1193 段
    [tok] #396 入 2,207（新缓存 619 / 读缓存 1,586） 出 332 = 2,539 | 累计 916,273 tok $5.290
  已翻 344/1193 段
    [tok] #397 入 2,072（新缓存 484 / 读缓存 1,586） 出 320 = 2,392 | 累计 918,665 tok $5.305
  已翻 345/1193 段
    [tok] #398 入 2,274（新缓存 686 / 读缓存 1,586） 出 511 = 2,785 | 累计 921,450 tok $5.327
  已翻 346/1193 段
    [tok] #399 入 2,188（新缓存 600 / 读缓存 1,586） 出 359 = 2,547 | 累计 923,997 tok $5.344
  已翻 347/1193 段
    [tok] #400 入 2,029（新缓存 441 / 读缓存 1,586） 出 308 = 2,337 | 累计 926,334 tok $5.358
  已翻 348/1193 段
    [tok] #401 入 1,886（新缓存 298 / 读缓存 1,586） 出 38 = 1,924 | 累计 928,258 tok $5.364
  已翻 349/1193 段
    [tok] #402 入 1,981（新缓存 393 / 读缓存 1,586） 出 316 = 2,297 | 累计 930,555 tok $5.378
  已翻 350/1193 段
    [tok] #403 入 1,882（新缓存 294 / 读缓存 1,586） 出 32 = 1,914 | 累计 932,469 tok $5.383
  已翻 351/1193 段
    [tok] #404 入 2,233（新缓存 645 / 读缓存 1,586） 出 402 = 2,635 | 累计 935,104 tok $5.402
  已翻 352/1193 段
    [tok] #405 入 2,258（新缓存 670 / 读缓存 1,586） 出 422 = 2,680 | 累计 937,784 tok $5.421
  已翻 353/1193 段
    [tok] #406 入 1,980（新缓存 392 / 读缓存 1,586） 出 241 = 2,221 | 累计 940,005 tok $5.433
  已翻 354/1193 段
    [tok] #407 入 2,012（新缓存 424 / 读缓存 1,586） 出 389 = 2,401 | 累计 942,406 tok $5.449
  已翻 355/1193 段
    [tok] #408 入 2,231（新缓存 643 / 读缓存 1,586） 出 381 = 2,612 | 累计 945,018 tok $5.467
  已翻 356/1193 段
    [tok] #409 入 2,150（新缓存 562 / 读缓存 1,586） 出 353 = 2,503 | 累计 947,521 tok $5.484
  已翻 357/1193 段
    [tok] #410 入 2,052（新缓存 464 / 读缓存 1,586） 出 241 = 2,293 | 累计 949,814 tok $5.497
  已翻 358/1193 段
    [tok] #411 入 1,930（新缓存 342 / 读缓存 1,586） 出 84 = 2,014 | 累计 951,828 tok $5.504
  已翻 359/1193 段
    [tok] #412 入 1,924（新缓存 336 / 读缓存 1,586） 出 68 = 1,992 | 累计 953,820 tok $5.511
  已翻 360/1193 段
    [tok] #413 入 1,962（新缓存 374 / 读缓存 1,586） 出 143 = 2,105 | 累计 955,925 tok $5.520
  已翻 361/1193 段
    [tok] #414 入 1,945（新缓存 357 / 读缓存 1,586） 出 122 = 2,067 | 累计 957,992 tok $5.529
  已翻 362/1193 段
    [tok] #415 入 1,899（新缓存 311 / 读缓存 1,586） 出 38 = 1,937 | 累计 959,929 tok $5.535
  已翻 363/1193 段
    [tok] #416 入 1,964（新缓存 376 / 读缓存 1,586） 出 164 = 2,128 | 累计 962,057 tok $5.544
  已翻 364/1193 段
    [tok] #417 入 2,019（新缓存 431 / 读缓存 1,586） 出 398 = 2,417 | 累计 964,474 tok $5.561
    [tok] #418 入 1,967（新缓存 379 / 读缓存 1,586） 出 163 = 2,130 | 累计 966,604 tok $5.570
  已翻 365/1193 段
    [tok] #419 入 1,901（新缓存 313 / 读缓存 1,586） 出 43 = 1,944 | 累计 968,548 tok $5.576
  已翻 366/1193 段
    [tok] #420 入 1,994（新缓存 406 / 读缓存 1,586） 出 139 = 2,133 | 累计 970,681 tok $5.586
  已翻 367/1193 段
    [tok] #421 入 2,027（新缓存 439 / 读缓存 1,586） 出 254 = 2,281 | 累计 972,962 tok $5.599
  已翻 368/1193 段
    [tok] #422 入 2,034（新缓存 446 / 读缓存 1,586） 出 164 = 2,198 | 累计 975,160 tok $5.609
  已翻 369/1193 段
    [tok] #423 入 1,982（新缓存 394 / 读缓存 1,586） 出 332 = 2,314 | 累计 977,474 tok $5.623
  已翻 370/1193 段
    [tok] #424 入 2,003（新缓存 415 / 读缓存 1,586） 出 144 = 2,147 | 累计 979,621 tok $5.633
  已翻 371/1193 段
    [tok] #425 入 2,010（新缓存 422 / 读缓存 1,586） 出 246 = 2,256 | 累计 981,877 tok $5.645
  已翻 372/1193 段
    [tok] #426 入 2,097（新缓存 509 / 读缓存 1,586） 出 266 = 2,363 | 累计 984,240 tok $5.659
  已翻 373/1193 段
    [tok] #427 入 1,929（新缓存 341 / 读缓存 1,586） 出 77 = 2,006 | 累计 986,246 tok $5.666
  已翻 374/1193 段
    [tok] #428 入 1,906（新缓存 318 / 读缓存 1,586） 出 49 = 1,955 | 累计 988,201 tok $5.673
  已翻 375/1193 段
    [tok] #429 入 2,212（新缓存 624 / 读缓存 1,586） 出 391 = 2,603 | 累计 990,804 tok $5.691
  已翻 376/1193 段
    [tok] #430 入 1,910（新缓存 322 / 读缓存 1,586） 出 59 = 1,969 | 累计 992,773 tok $5.697
  已翻 377/1193 段
    [tok] #431 入 2,130（新缓存 542 / 读缓存 1,586） 出 346 = 2,476 | 累计 995,249 tok $5.713
    [tok] #432 入 2,078（新缓存 490 / 读缓存 1,586） 出 337 = 2,415 | 累计 997,664 tok $5.729
  已翻 378/1193 段
    [tok] #433 入 2,058（新缓存 470 / 读缓存 1,586） 出 344 = 2,402 | 累计 1,000,066 tok $5.744
  已翻 379/1193 段
    [tok] #434 入 1,917（新缓存 329 / 读缓存 1,586） 出 60 = 1,977 | 累计 1,002,043 tok $5.751
  已翻 380/1193 段
    [tok] #435 入 1,988（新缓存 400 / 读缓存 1,586） 出 144 = 2,132 | 累计 1,004,175 tok $5.760
  已翻 381/1193 段
    [tok] #436 入 1,917（新缓存 329 / 读缓存 1,586） 出 66 = 1,983 | 累计 1,006,158 tok $5.767
  已翻 382/1193 段
    [tok] #437 入 2,317（新缓存 729 / 读缓存 1,586） 出 795 = 3,112 | 累计 1,009,270 tok $5.797
    [tok] #438 入 2,265（新缓存 677 / 读缓存 1,586） 出 795 = 3,060 | 累计 1,012,330 tok $5.825
  已翻 383/1193 段
    [tok] #439 入 2,182（新缓存 594 / 读缓存 1,586） 出 378 = 2,560 | 累计 1,014,890 tok $5.843
  已翻 384/1193 段
    [tok] #440 入 1,952（新缓存 364 / 读缓存 1,586） 出 108 = 2,060 | 累计 1,016,950 tok $5.851
  已翻 385/1193 段
    [tok] #441 入 2,016（新缓存 428 / 读缓存 1,586） 出 148 = 2,164 | 累计 1,019,114 tok $5.861
  已翻 386/1193 段
    [tok] #442 入 1,978（新缓存 390 / 读缓存 1,586） 出 174 = 2,152 | 累计 1,021,266 tok $5.871
  已翻 387/1193 段
    [tok] #443 入 1,992（新缓存 404 / 读缓存 1,586） 出 193 = 2,185 | 累计 1,023,451 tok $5.882
  已翻 388/1193 段
    [tok] #444 入 2,008（新缓存 420 / 读缓存 1,586） 出 214 = 2,222 | 累计 1,025,673 tok $5.893
  已翻 389/1193 段
    [tok] #445 入 2,082（新缓存 494 / 读缓存 1,586） 出 307 = 2,389 | 累计 1,028,062 tok $5.908
  已翻 390/1193 段
    [tok] #446 入 2,237（新缓存 649 / 读缓存 1,586） 出 440 = 2,677 | 累计 1,030,739 tok $5.928
  已翻 391/1193 段
    [tok] #447 入 2,067（新缓存 479 / 读缓存 1,586） 出 292 = 2,359 | 累计 1,033,098 tok $5.942
    [tok] #448 入 2,015（新缓存 427 / 读缓存 1,586） 出 454 = 2,469 | 累计 1,035,567 tok $5.959
  已翻 392/1193 段
    [tok] #449 入 1,984（新缓存 396 / 读缓存 1,586） 出 228 = 2,212 | 累计 1,037,779 tok $5.971
  已翻 393/1193 段
    [tok] #450 入 1,917（新缓存 329 / 读缓存 1,586） 出 68 = 1,985 | 累计 1,039,764 tok $5.978
  已翻 394/1193 段
    [tok] #451 入 1,996（新缓存 408 / 读缓存 1,586） 出 139 = 2,135 | 累计 1,041,899 tok $5.987
  已翻 395/1193 段
    [tok] #452 入 2,329（新缓存 741 / 读缓存 1,586） 出 840 = 3,169 | 累计 1,045,068 tok $6.018
  已翻 396/1193 段
    [tok] #453 入 1,883（新缓存 295 / 读缓存 1,586） 出 35 = 1,918 | 累计 1,046,986 tok $6.024
    [tok] #454 入 1,831（新缓存 243 / 读缓存 1,586） 出 37 = 1,868 | 累计 1,048,854 tok $6.029
  已翻 397/1193 段
    [tok] #455 入 2,141（新缓存 553 / 读缓存 1,586） 出 376 = 2,517 | 累计 1,051,371 tok $6.046
  已翻 398/1193 段
    [tok] #456 入 2,075（新缓存 487 / 读缓存 1,586） 出 219 = 2,294 | 累计 1,053,665 tok $6.058
  已翻 399/1193 段
    [tok] #457 入 2,421（新缓存 833 / 读缓存 1,586） 出 552 = 2,973 | 累计 1,056,638 tok $6.083
  已翻 400/1193 段
    [tok] #458 入 2,041（新缓存 453 / 读缓存 1,586） 出 186 = 2,227 | 累计 1,058,865 tok $6.094
  已翻 401/1193 段
    [tok] #459 入 1,922（新缓存 334 / 读缓存 1,586） 出 104 = 2,026 | 累计 1,060,891 tok $6.102
  已翻 402/1193 段
    [tok] #460 入 1,927（新缓存 339 / 读缓存 1,586） 出 99 = 2,026 | 累计 1,062,917 tok $6.109
  已翻 403/1193 段
    [tok] #461 入 2,004（新缓存 416 / 读缓存 1,586） 出 260 = 2,264 | 累计 1,065,181 tok $6.122
    [tok] #462 入 1,952（新缓存 364 / 读缓存 1,586） 出 379 = 2,331 | 累计 1,067,512 tok $6.137
  已翻 404/1193 段
    [tok] #463 入 2,117（新缓存 529 / 读缓存 1,586） 出 287 = 2,404 | 累计 1,069,916 tok $6.152
  已翻 405/1193 段
    [tok] #464 入 2,165（新缓存 577 / 读缓存 1,586） 出 333 = 2,498 | 累计 1,072,414 tok $6.168
  已翻 406/1193 段
    [tok] #465 入 2,091（新缓存 503 / 读缓存 1,586） 出 263 = 2,354 | 累计 1,074,768 tok $6.181
  已翻 407/1193 段
    [tok] #466 入 2,191（新缓存 603 / 读缓存 1,586） 出 411 = 2,602 | 累计 1,077,370 tok $6.200
  已翻 408/1193 段
    [tok] #467 入 1,911（新缓存 323 / 读缓存 1,586） 出 57 = 1,968 | 累计 1,079,338 tok $6.206
  已翻 409/1193 段
    [tok] #468 入 1,918（新缓存 330 / 读缓存 1,586） 出 82 = 2,000 | 累计 1,081,338 tok $6.214
  已翻 410/1193 段
    [tok] #469 入 1,913（新缓存 325 / 读缓存 1,586） 出 67 = 1,980 | 累计 1,083,318 tok $6.220
  已翻 411/1193 段
    [tok] #470 入 1,951（新缓存 363 / 读缓存 1,586） 出 110 = 2,061 | 累计 1,085,379 tok $6.229
  已翻 412/1193 段
    [tok] #471 入 2,089（新缓存 501 / 读缓存 1,586） 出 503 = 2,592 | 累计 1,087,971 tok $6.248
  已翻 413/1193 段
    [tok] #472 入 1,931（新缓存 343 / 读缓存 1,586） 出 77 = 2,008 | 累计 1,089,979 tok $6.256
  已翻 414/1193 段
    [tok] #473 入 1,981（新缓存 393 / 读缓存 1,586） 出 216 = 2,197 | 累计 1,092,176 tok $6.267
  已翻 415/1193 段
    [tok] #474 入 1,922（新缓存 334 / 读缓存 1,586） 出 56 = 1,978 | 累计 1,094,154 tok $6.273
  已翻 416/1193 段
    [tok] #475 入 2,167（新缓存 579 / 读缓存 1,586） 出 476 = 2,643 | 累计 1,096,797 tok $6.293
  已翻 417/1193 段
    [tok] #476 入 2,076（新缓存 488 / 读缓存 1,586） 出 293 = 2,369 | 累计 1,099,166 tok $6.307
  已翻 418/1193 段
    [tok] #477 入 2,015（新缓存 427 / 读缓存 1,586） 出 333 = 2,348 | 累计 1,101,514 tok $6.322
    [tok] #478 入 1,963（新缓存 375 / 读缓存 1,586） 出 432 = 2,395 | 累计 1,103,909 tok $6.338
  已翻 419/1193 段
    [tok] #479 入 2,072（新缓存 484 / 读缓存 1,586） 出 395 = 2,467 | 累计 1,106,376 tok $6.355
  已翻 420/1193 段
    [tok] #480 入 2,196（新缓存 608 / 读缓存 1,586） 出 344 = 2,540 | 累计 1,108,916 tok $6.372
  已翻 421/1193 段
    [tok] #481 入 1,990（新缓存 402 / 读缓存 1,586） 出 178 = 2,168 | 累计 1,111,084 tok $6.382
  已翻 422/1193 段
    [tok] #482 入 1,940（新缓存 352 / 读缓存 1,586） 出 295 = 2,235 | 累计 1,113,319 tok $6.395
  已翻 423/1193 段
    [tok] #483 入 1,914（新缓存 326 / 读缓存 1,586） 出 75 = 1,989 | 累计 1,115,308 tok $6.402
    [tok] #484 入 1,862（新缓存 274 / 读缓存 1,586） 出 77 = 1,939 | 累计 1,117,247 tok $6.409
  已翻 424/1193 段
    [tok] #485 入 2,026（新缓存 438 / 读缓存 1,586） 出 467 = 2,493 | 累计 1,119,740 tok $6.427
  已翻 425/1193 段
    [tok] #486 入 1,926（新缓存 338 / 读缓存 1,586） 出 220 = 2,146 | 累计 1,121,886 tok $6.437
  已翻 426/1193 段
    [tok] #487 入 2,161（新缓存 573 / 读缓存 1,586） 出 630 = 2,791 | 累计 1,124,677 tok $6.461
  已翻 427/1193 段
    [tok] #488 入 1,967（新缓存 379 / 读缓存 1,586） 出 125 = 2,092 | 累计 1,126,769 tok $6.470
  已翻 428/1193 段
    [tok] #489 入 2,085（新缓存 497 / 读缓存 1,586） 出 276 = 2,361 | 累计 1,129,130 tok $6.484
    [tok] #490 入 2,033（新缓存 445 / 读缓存 1,586） 出 257 = 2,290 | 累计 1,131,420 tok $6.497
  已翻 429/1193 段
    [tok] #491 入 1,927（新缓存 339 / 读缓存 1,586） 出 58 = 1,985 | 累计 1,133,405 tok $6.503
  已翻 430/1193 段
    [tok] #492 入 1,907（新缓存 319 / 读缓存 1,586） 出 58 = 1,965 | 累计 1,135,370 tok $6.510
    [tok] #493 入 1,855（新缓存 267 / 读缓存 1,586） 出 364 = 2,219 | 累计 1,137,589 tok $6.523
  已翻 431/1193 段
    [tok] #494 入 1,941（新缓存 353 / 读缓存 1,586） 出 101 = 2,042 | 累计 1,139,631 tok $6.531
  已翻 432/1193 段
    [tok] #495 入 2,107（新缓存 519 / 读缓存 1,586） 出 373 = 2,480 | 累计 1,142,111 tok $6.548
  已翻 433/1193 段
    [tok] #496 入 1,931（新缓存 343 / 读缓存 1,586） 出 81 = 2,012 | 累计 1,144,123 tok $6.555
  已翻 434/1193 段
    [tok] #497 入 1,959（新缓存 371 / 读缓存 1,586） 出 110 = 2,069 | 累计 1,146,192 tok $6.564
  已翻 435/1193 段
    [tok] #498 入 1,890（新缓存 302 / 读缓存 1,586） 出 42 = 1,932 | 累计 1,148,124 tok $6.570
  已翻 436/1193 段
    [tok] #499 入 2,092（新缓存 504 / 读缓存 1,586） 出 593 = 2,685 | 累计 1,150,809 tok $6.591
  已翻 437/1193 段
    [tok] #500 入 2,409（新缓存 821 / 读缓存 1,586） 出 706 = 3,115 | 累计 1,153,924 tok $6.620
  已翻 438/1193 段
    [tok] #501 入 1,917（新缓存 329 / 读缓存 1,586） 出 73 = 1,990 | 累计 1,155,914 tok $6.627
  已翻 439/1193 段
    [tok] #502 入 1,962（新缓存 374 / 读缓存 1,586） 出 156 = 2,118 | 累计 1,158,032 tok $6.636
  已翻 440/1193 段
    [tok] #503 入 1,912（新缓存 324 / 读缓存 1,586） 出 60 = 1,972 | 累计 1,160,004 tok $6.643
  已翻 441/1193 段
    [tok] #504 入 1,972（新缓存 384 / 读缓存 1,586） 出 112 = 2,084 | 累计 1,162,088 tok $6.651
  已翻 442/1193 段
    [tok] #505 入 2,072（新缓存 484 / 读缓存 1,586） 出 231 = 2,303 | 累计 1,164,391 tok $6.664
  已翻 443/1193 段
    [tok] #506 入 2,010（新缓存 422 / 读缓存 1,586） 出 206 = 2,216 | 累计 1,166,607 tok $6.675
  已翻 444/1193 段
    [tok] #507 入 1,966（新缓存 378 / 读缓存 1,586） 出 127 = 2,093 | 累计 1,168,700 tok $6.684
  已翻 445/1193 段
    [tok] #508 入 2,070（新缓存 482 / 读缓存 1,586） 出 183 = 2,253 | 累计 1,170,953 tok $6.696
  已翻 446/1193 段
    [tok] #509 入 1,944（新缓存 356 / 读缓存 1,586） 出 91 = 2,035 | 累计 1,172,988 tok $6.703
  已翻 447/1193 段
    [tok] #510 入 1,967（新缓存 379 / 读缓存 1,586） 出 257 = 2,224 | 累计 1,175,212 tok $6.715
  已翻 448/1193 段
    [tok] #511 入 2,045（新缓存 457 / 读缓存 1,586） 出 257 = 2,302 | 累计 1,177,514 tok $6.729
  已翻 449/1193 段
    [tok] #512 入 1,995（新缓存 407 / 读缓存 1,586） 出 149 = 2,144 | 累计 1,179,658 tok $6.738
  已翻 450/1193 段
    [tok] #513 入 2,062（新缓存 474 / 读缓存 1,586） 出 341 = 2,403 | 累计 1,182,061 tok $6.754
  已翻 451/1193 段
    [tok] #514 入 1,929（新缓存 341 / 读缓存 1,586） 出 96 = 2,025 | 累计 1,184,086 tok $6.761
  已翻 452/1193 段
    [tok] #515 入 1,908（新缓存 320 / 读缓存 1,586） 出 77 = 1,985 | 累计 1,186,071 tok $6.768
  已翻 453/1193 段
    [tok] #516 入 1,968（新缓存 380 / 读缓存 1,586） 出 517 = 2,485 | 累计 1,188,556 tok $6.787
  已翻 454/1193 段
    [tok] #517 入 1,930（新缓存 342 / 读缓存 1,586） 出 73 = 2,003 | 累计 1,190,559 tok $6.794
  已翻 455/1193 段
    [tok] #518 入 1,898（新缓存 310 / 读缓存 1,586） 出 44 = 1,942 | 累计 1,192,501 tok $6.800
  已翻 456/1193 段
    [tok] #519 入 2,033（新缓存 445 / 读缓存 1,586） 出 206 = 2,239 | 累计 1,194,740 tok $6.812
  已翻 457/1193 段
    [tok] #520 入 1,876（新缓存 288 / 读缓存 1,586） 出 26 = 1,902 | 累计 1,196,642 tok $6.817
  已翻 458/1193 段
    [tok] #521 入 2,024（新缓存 436 / 读缓存 1,586） 出 278 = 2,302 | 累计 1,198,944 tok $6.830
  已翻 459/1193 段
    [tok] #522 入 2,258（新缓存 670 / 读缓存 1,586） 出 442 = 2,700 | 累计 1,201,644 tok $6.850
  已翻 460/1193 段
    [tok] #523 入 1,932（新缓存 344 / 读缓存 1,586） 出 299 = 2,231 | 累计 1,203,875 tok $6.863
  已翻 461/1193 段
    [tok] #524 入 1,903（新缓存 315 / 读缓存 1,586） 出 60 = 1,963 | 累计 1,205,838 tok $6.870
  已翻 462/1193 段
    [tok] #525 入 1,909（新缓存 321 / 读缓存 1,586） 出 293 = 2,202 | 累计 1,208,040 tok $6.882
  已翻 463/1193 段
    [tok] #526 入 1,910（新缓存 322 / 读缓存 1,586） 出 50 = 1,960 | 累计 1,210,000 tok $6.888
  已翻 464/1193 段
    [tok] #527 入 1,919（新缓存 331 / 读缓存 1,586） 出 88 = 2,007 | 累计 1,212,007 tok $6.896
  已翻 465/1193 段
    [tok] #528 入 2,031（新缓存 443 / 读缓存 1,586） 出 244 = 2,275 | 累计 1,214,282 tok $6.908
  已翻 466/1193 段
    [tok] #529 入 1,974（新缓存 386 / 读缓存 1,586） 出 133 = 2,107 | 累计 1,216,389 tok $6.917
  已翻 467/1193 段
    [tok] #530 入 2,268（新缓存 680 / 读缓存 1,586） 出 507 = 2,775 | 累计 1,219,164 tok $6.939
  已翻 468/1193 段
    [tok] #531 入 2,010（新缓存 422 / 读缓存 1,586） 出 299 = 2,309 | 累计 1,221,473 tok $6.953
    [tok] #532 入 1,958（新缓存 370 / 读缓存 1,586） 出 183 = 2,141 | 累计 1,223,614 tok $6.963
  已翻 469/1193 段
    [tok] #533 入 1,961（新缓存 373 / 读缓存 1,586） 出 108 = 2,069 | 累计 1,225,683 tok $6.971
  已翻 470/1193 段
    [tok] #534 入 1,910（新缓存 322 / 读缓存 1,586） 出 245 = 2,155 | 累计 1,227,838 tok $6.983
  已翻 471/1193 段
    [tok] #535 入 1,922（新缓存 334 / 读缓存 1,586） 出 61 = 1,983 | 累计 1,229,821 tok $6.989
  已翻 472/1193 段
    [tok] #536 入 1,958（新缓存 370 / 读缓存 1,586） 出 122 = 2,080 | 累计 1,231,901 tok $6.998
  已翻 473/1193 段
    [tok] #537 入 2,304（新缓存 716 / 读缓存 1,586） 出 457 = 2,761 | 累计 1,234,662 tok $7.019
  已翻 474/1193 段
    [tok] #538 入 1,988（新缓存 400 / 读缓存 1,586） 出 149 = 2,137 | 累计 1,236,799 tok $7.028
  已翻 475/1193 段
    [tok] #539 入 1,934（新缓存 346 / 读缓存 1,586） 出 72 = 2,006 | 累计 1,238,805 tok $7.036
  已翻 476/1193 段
    [tok] #540 入 2,097（新缓存 509 / 读缓存 1,586） 出 328 = 2,425 | 累计 1,241,230 tok $7.051
  已翻 477/1193 段
    [tok] #541 入 1,962（新缓存 374 / 读缓存 1,586） 出 121 = 2,083 | 累计 1,243,313 tok $7.060
  已翻 478/1193 段
    [tok] #542 入 2,237（新缓存 649 / 读缓存 1,586） 出 763 = 3,000 | 累计 1,246,313 tok $7.087
  已翻 479/1193 段
    [tok] #543 入 1,933（新缓存 345 / 读缓存 1,586） 出 83 = 2,016 | 累计 1,248,329 tok $7.095
  已翻 480/1193 段
    [tok] #544 入 2,078（新缓存 490 / 读缓存 1,586） 出 238 = 2,316 | 累计 1,250,645 tok $7.108
    [tok] #545 入 2,026（新缓存 438 / 读缓存 1,586） 出 211 = 2,237 | 累计 1,252,882 tok $7.119
  已翻 481/1193 段
    [tok] #546 入 2,118（新缓存 530 / 读缓存 1,586） 出 371 = 2,489 | 累计 1,255,371 tok $7.136
    [tok] #547 入 2,066（新缓存 478 / 读缓存 1,586） 出 290 = 2,356 | 累计 1,257,727 tok $7.150
  已翻 482/1193 段
    [tok] #548 入 2,022（新缓存 434 / 读缓存 1,586） 出 236 = 2,258 | 累计 1,259,985 tok $7.162
  已翻 483/1193 段
    [tok] #549 入 2,005（新缓存 417 / 读缓存 1,586） 出 243 = 2,248 | 累计 1,262,233 tok $7.174
    [tok] #550 入 1,953（新缓存 365 / 读缓存 1,586） 出 271 = 2,224 | 累计 1,264,457 tok $7.186
  已翻 484/1193 段
    [tok] #551 入 2,299（新缓存 711 / 读缓存 1,586） 出 472 = 2,771 | 累计 1,267,228 tok $7.208
  已翻 485/1193 段
    [tok] #552 入 1,969（新缓存 381 / 读缓存 1,586） 出 119 = 2,088 | 累计 1,269,316 tok $7.216
  已翻 486/1193 段
    [tok] #553 入 2,168（新缓存 580 / 读缓存 1,586） 出 524 = 2,692 | 累计 1,272,008 tok $7.237
  已翻 487/1193 段
    [tok] #554 入 2,015（新缓存 427 / 读缓存 1,586） 出 419 = 2,434 | 累计 1,274,442 tok $7.254
    [tok] #555 入 1,963（新缓存 375 / 读缓存 1,586） 出 141 = 2,104 | 累计 1,276,546 tok $7.263
  已翻 488/1193 段
    [tok] #556 入 1,944（新缓存 356 / 读缓存 1,586） 出 153 = 2,097 | 累计 1,278,643 tok $7.272
  已翻 489/1193 段
    [tok] #557 入 1,938（新缓存 350 / 读缓存 1,586） 出 101 = 2,039 | 累计 1,280,682 tok $7.280
  已翻 490/1193 段
    [tok] #558 入 2,012（新缓存 424 / 读缓存 1,586） 出 184 = 2,196 | 累计 1,282,878 tok $7.291
  已翻 491/1193 段
    [tok] #559 入 1,940（新缓存 352 / 读缓存 1,586） 出 90 = 2,030 | 累计 1,284,908 tok $7.299
  已翻 492/1193 段
    [tok] #560 入 1,929（新缓存 341 / 读缓存 1,586） 出 101 = 2,030 | 累计 1,286,938 tok $7.307
  已翻 493/1193 段
    [tok] #561 入 1,888（新缓存 300 / 读缓存 1,586） 出 39 = 1,927 | 累计 1,288,865 tok $7.313
  已翻 494/1193 段
    [tok] #562 入 1,947（新缓存 359 / 读缓存 1,586） 出 88 = 2,035 | 累计 1,290,900 tok $7.320
  已翻 495/1193 段
    [tok] #563 入 1,952（新缓存 364 / 读缓存 1,586） 出 175 = 2,127 | 累计 1,293,027 tok $7.330
  已翻 496/1193 段
    [tok] #564 入 1,958（新缓存 370 / 读缓存 1,586） 出 112 = 2,070 | 累计 1,295,097 tok $7.339
  已翻 497/1193 段
    [tok] #565 入 2,017（新缓存 429 / 读缓存 1,586） 出 381 = 2,398 | 累计 1,297,495 tok $7.354
  已翻 498/1193 段
    [tok] #566 入 1,883（新缓存 295 / 读缓存 1,586） 出 104 = 1,987 | 累计 1,299,482 tok $7.362
  已翻 499/1193 段
    [tok] #567 入 1,985（新缓存 397 / 读缓存 1,586） 出 117 = 2,102 | 累计 1,301,584 tok $7.371
  已翻 500/1193 段
    [tok] #568 入 2,006（新缓存 418 / 读缓存 1,586） 出 150 = 2,156 | 累计 1,303,740 tok $7.381
  已翻 501/1193 段
    [tok] #569 入 2,587（新缓存 999 / 读缓存 1,586） 出 893 = 3,480 | 累计 1,307,220 tok $7.415
  已翻 502/1193 段
    [tok] #570 入 1,987（新缓存 399 / 读缓存 1,586） 出 202 = 2,189 | 累计 1,309,409 tok $7.426
  已翻 503/1193 段
    [tok] #571 入 1,946（新缓存 358 / 读缓存 1,586） 出 117 = 2,063 | 累计 1,311,472 tok $7.435
  已翻 504/1193 段
    [tok] #572 入 1,902（新缓存 314 / 读缓存 1,586） 出 37 = 1,939 | 累计 1,313,411 tok $7.441
  已翻 505/1193 段
    [tok] #573 入 1,988（新缓存 400 / 读缓存 1,586） 出 125 = 2,113 | 累计 1,315,524 tok $7.450
  已翻 506/1193 段
    [tok] #574 入 2,029（新缓存 441 / 读缓存 1,586） 出 305 = 2,334 | 累计 1,317,858 tok $7.464
  已翻 507/1193 段
    [tok] #575 入 2,044（新缓存 456 / 读缓存 1,586） 出 330 = 2,374 | 累计 1,320,232 tok $7.479
    [tok] #576 入 1,992（新缓存 404 / 读缓存 1,586） 出 256 = 2,248 | 累计 1,322,480 tok $7.491
  已翻 508/1193 段
    [tok] #577 入 2,145（新缓存 557 / 读缓存 1,586） 出 393 = 2,538 | 累计 1,325,018 tok $7.508
  已翻 509/1193 段
    [tok] #578 入 1,902（新缓存 314 / 读缓存 1,586） 出 79 = 1,981 | 累计 1,326,999 tok $7.515
  已翻 510/1193 段
    [tok] #579 入 1,984（新缓存 396 / 读缓存 1,586） 出 190 = 2,174 | 累计 1,329,173 tok $7.526
    [tok] #580 入 1,932（新缓存 344 / 读缓存 1,586） 出 371 = 2,303 | 累计 1,331,476 tok $7.541
  已翻 511/1193 段
    [tok] #581 入 2,121（新缓存 533 / 读缓存 1,586） 出 278 = 2,399 | 累计 1,333,875 tok $7.555
  已翻 512/1193 段
    [tok] #582 入 1,934（新缓存 346 / 读缓存 1,586） 出 93 = 2,027 | 累计 1,335,902 tok $7.563
  已翻 513/1193 段
    [tok] #583 入 2,337（新缓存 749 / 读缓存 1,586） 出 775 = 3,112 | 累计 1,339,014 tok $7.592
  已翻 514/1193 段
    [tok] #584 入 2,041（新缓存 453 / 读缓存 1,586） 出 247 = 2,288 | 累计 1,341,302 tok $7.604
    [tok] #585 入 1,989（新缓存 401 / 读缓存 1,586） 出 269 = 2,258 | 累计 1,343,560 tok $7.617
  已翻 515/1193 段
    [tok] #586 入 1,936（新缓存 348 / 读缓存 1,586） 出 71 = 2,007 | 累计 1,345,567 tok $7.624
  已翻 516/1193 段
    [tok] #587 入 1,914（新缓存 326 / 读缓存 1,586） 出 67 = 1,981 | 累计 1,347,548 tok $7.631
  已翻 517/1193 段
    [tok] #588 入 2,014（新缓存 426 / 读缓存 1,586） 出 218 = 2,232 | 累计 1,349,780 tok $7.643
  已翻 518/1193 段
    [tok] #589 入 1,956（新缓存 368 / 读缓存 1,586） 出 133 = 2,089 | 累计 1,351,869 tok $7.652
  已翻 519/1193 段
    [tok] #590 入 2,033（新缓存 445 / 读缓存 1,586） 出 265 = 2,298 | 累计 1,354,167 tok $7.665
  已翻 520/1193 段
    [tok] #591 入 1,984（新缓存 396 / 读缓存 1,586） 出 243 = 2,227 | 累计 1,356,394 tok $7.677
    [tok] #592 入 1,932（新缓存 344 / 读缓存 1,586） 出 298 = 2,230 | 累计 1,358,624 tok $7.689
  已翻 521/1193 段
    [tok] #593 入 1,933（新缓存 345 / 读缓存 1,586） 出 99 = 2,032 | 累计 1,360,656 tok $7.697
  已翻 522/1193 段
    [tok] #594 入 1,924（新缓存 336 / 读缓存 1,586） 出 70 = 1,994 | 累计 1,362,650 tok $7.704
  已翻 523/1193 段
    [tok] #595 入 2,023（新缓存 435 / 读缓存 1,586） 出 358 = 2,381 | 累计 1,365,031 tok $7.720
  已翻 524/1193 段
    [tok] #596 入 1,987（新缓存 399 / 读缓存 1,586） 出 135 = 2,122 | 累计 1,367,153 tok $7.729
  已翻 525/1193 段
    [tok] #597 入 1,975（新缓存 387 / 读缓存 1,586） 出 145 = 2,120 | 累计 1,369,273 tok $7.738
  已翻 526/1193 段
    [tok] #598 入 2,002（新缓存 414 / 读缓存 1,586） 出 181 = 2,183 | 累计 1,371,456 tok $7.749
  已翻 527/1193 段
    [tok] #599 入 1,958（新缓存 370 / 读缓存 1,586） 出 100 = 2,058 | 累计 1,373,514 tok $7.757
  已翻 528/1193 段
    [tok] #600 入 2,035（新缓存 447 / 读缓存 1,586） 出 166 = 2,201 | 累计 1,375,715 tok $7.768
  已翻 529/1193 段
    [tok] #601 入 2,079（新缓存 491 / 读缓存 1,586） 出 304 = 2,383 | 累计 1,378,098 tok $7.782
  已翻 530/1193 段
    [tok] #602 入 1,996（新缓存 408 / 读缓存 1,586） 出 173 = 2,169 | 累计 1,380,267 tok $7.793
    [tok] #603 入 1,944（新缓存 356 / 读缓存 1,586） 出 173 = 2,117 | 累计 1,382,384 tok $7.802
  已翻 531/1193 段
    [tok] #604 入 2,006（新缓存 418 / 读缓存 1,586） 出 190 = 2,196 | 累计 1,384,580 tok $7.813
  已翻 532/1193 段
    [tok] #605 入 1,976（新缓存 388 / 读缓存 1,586） 出 190 = 2,166 | 累计 1,386,746 tok $7.824
  已翻 533/1193 段
    [tok] #606 入 1,974（新缓存 386 / 读缓存 1,586） 出 201 = 2,175 | 累计 1,388,921 tok $7.835
    [tok] #607 入 1,922（新缓存 334 / 读缓存 1,586） 出 221 = 2,143 | 累计 1,391,064 tok $7.845
  已翻 534/1193 段
    [tok] #608 入 1,945（新缓存 357 / 读缓存 1,586） 出 100 = 2,045 | 累计 1,393,109 tok $7.853
  已翻 535/1193 段
    [tok] #609 入 1,932（新缓存 344 / 读缓存 1,586） 出 108 = 2,040 | 累计 1,395,149 tok $7.861
  已翻 536/1193 段
    [tok] #610 入 2,067（新缓存 479 / 读缓存 1,586） 出 293 = 2,360 | 累计 1,397,509 tok $7.875
  已翻 537/1193 段
    [tok] #611 入 2,178（新缓存 590 / 读缓存 1,586） 出 421 = 2,599 | 累计 1,400,108 tok $7.894
  已翻 538/1193 段
    [tok] #612 入 2,147（新缓存 559 / 读缓存 1,586） 出 305 = 2,452 | 累计 1,402,560 tok $7.909
  已翻 539/1193 段
    [tok] #613 入 1,996（新缓存 408 / 读缓存 1,586） 出 267 = 2,263 | 累计 1,404,823 tok $7.922
  已翻 540/1193 段
    [tok] #614 入 1,986（新缓存 398 / 读缓存 1,586） 出 136 = 2,122 | 累计 1,406,945 tok $7.931
  已翻 541/1193 段
    [tok] #615 入 1,917（新缓存 329 / 读缓存 1,586） 出 66 = 1,983 | 累计 1,408,928 tok $7.938
  已翻 542/1193 段
    [tok] #616 入 1,929（新缓存 341 / 读缓存 1,586） 出 174 = 2,103 | 累计 1,411,031 tok $7.948
  已翻 543/1193 段
    [tok] #617 入 2,362（新缓存 774 / 读缓存 1,586） 出 808 = 3,170 | 累计 1,414,201 tok $7.978
  已翻 544/1193 段
    [tok] #618 入 2,055（新缓存 467 / 读缓存 1,586） 出 441 = 2,496 | 累计 1,416,697 tok $7.996
  已翻 545/1193 段
    [tok] #619 入 1,919（新缓存 331 / 读缓存 1,586） 出 64 = 1,983 | 累计 1,418,680 tok $8.002
  已翻 546/1193 段
    [tok] #620 入 1,942（新缓存 354 / 读缓存 1,586） 出 105 = 2,047 | 累计 1,420,727 tok $8.010
  已翻 547/1193 段
    [tok] #621 入 2,017（新缓存 429 / 读缓存 1,586） 出 277 = 2,294 | 累计 1,423,021 tok $8.024
  已翻 548/1193 段
    [tok] #622 入 2,122（新缓存 534 / 读缓存 1,586） 出 494 = 2,616 | 累计 1,425,637 tok $8.043
  已翻 549/1193 段
    [tok] #623 入 2,203（新缓存 615 / 读缓存 1,586） 出 436 = 2,639 | 累计 1,428,276 tok $8.063
  已翻 550/1193 段
    [tok] #624 入 2,196（新缓存 608 / 读缓存 1,586） 出 855 = 3,051 | 累计 1,431,327 tok $8.092
  已翻 551/1193 段
    [tok] #625 入 1,995（新缓存 407 / 读缓存 1,586） 出 157 = 2,152 | 累计 1,433,479 tok $8.102
  已翻 552/1193 段
    [tok] #626 入 1,937（新缓存 349 / 读缓存 1,586） 出 90 = 2,027 | 累计 1,435,506 tok $8.110
  已翻 553/1193 段
    [tok] #627 入 1,907（新缓存 319 / 读缓存 1,586） 出 65 = 1,972 | 累计 1,437,478 tok $8.116
  已翻 554/1193 段
    [tok] #628 入 1,926（新缓存 338 / 读缓存 1,586） 出 69 = 1,995 | 累计 1,439,473 tok $8.123
  已翻 555/1193 段
    [tok] #629 入 2,041（新缓存 453 / 读缓存 1,586） 出 248 = 2,289 | 累计 1,441,762 tok $8.136
  已翻 556/1193 段
    [tok] #630 入 1,956（新缓存 368 / 读缓存 1,586） 出 111 = 2,067 | 累计 1,443,829 tok $8.144
  已翻 557/1193 段
    [tok] #631 入 2,029（新缓存 441 / 读缓存 1,586） 出 382 = 2,411 | 累计 1,446,240 tok $8.160
    [tok] #632 入 1,977（新缓存 389 / 读缓存 1,586） 出 308 = 2,285 | 累计 1,448,525 tok $8.174
  已翻 558/1193 段
    [tok] #633 入 1,987（新缓存 399 / 读缓存 1,586） 出 138 = 2,125 | 累计 1,450,650 tok $8.183
  已翻 559/1193 段
    [tok] #634 入 2,035（新缓存 447 / 读缓存 1,586） 出 180 = 2,215 | 累计 1,452,865 tok $8.194
  已翻 560/1193 段
    [tok] #635 入 1,964（新缓存 376 / 读缓存 1,586） 出 144 = 2,108 | 累计 1,454,973 tok $8.204
  已翻 561/1193 段
    [tok] #636 入 1,958（新缓存 370 / 读缓存 1,586） 出 123 = 2,081 | 累计 1,457,054 tok $8.212
  已翻 562/1193 段
    [tok] #637 入 1,951（新缓存 363 / 读缓存 1,586） 出 106 = 2,057 | 累计 1,459,111 tok $8.220
  已翻 563/1193 段
    [tok] #638 入 2,118（新缓存 530 / 读缓存 1,586） 出 378 = 2,496 | 累计 1,461,607 tok $8.237
  已翻 564/1193 段
    [tok] #639 入 1,947（新缓存 359 / 读缓存 1,586） 出 221 = 2,168 | 累计 1,463,775 tok $8.248
  已翻 565/1193 段
    [tok] #640 入 1,968（新缓存 380 / 读缓存 1,586） 出 176 = 2,144 | 累计 1,465,919 tok $8.258
  已翻 566/1193 段
    [tok] #641 入 2,067（新缓存 479 / 读缓存 1,586） 出 762 = 2,829 | 累计 1,468,748 tok $8.284
  已翻 567/1193 段
    [tok] #642 入 2,064（新缓存 476 / 读缓存 1,586） 出 279 = 2,343 | 累计 1,471,091 tok $8.298
  已翻 568/1193 段
    [tok] #643 入 2,028（新缓存 440 / 读缓存 1,586） 出 245 = 2,273 | 累计 1,473,364 tok $8.310
  已翻 569/1193 段
    [tok] #644 入 1,988（新缓存 400 / 读缓存 1,586） 出 605 = 2,593 | 累计 1,475,957 tok $8.332
  已翻 570/1193 段
    [tok] #645 入 1,972（新缓存 384 / 读缓存 1,586） 出 311 = 2,283 | 累计 1,478,240 tok $8.345
  已翻 571/1193 段
    [tok] #646 入 1,991（新缓存 403 / 读缓存 1,586） 出 357 = 2,348 | 累计 1,480,588 tok $8.360
  已翻 572/1193 段
    [tok] #647 入 2,155（新缓存 567 / 读缓存 1,586） 出 371 = 2,526 | 累计 1,483,114 tok $8.377
  已翻 573/1193 段
    [tok] #648 入 2,165（新缓存 577 / 读缓存 1,586） 出 359 = 2,524 | 累计 1,485,638 tok $8.394
  已翻 574/1193 段
    [tok] #649 入 2,012（新缓存 424 / 读缓存 1,586） 出 182 = 2,194 | 累计 1,487,832 tok $8.405
    [tok] #650 入 1,960（新缓存 372 / 读缓存 1,586） 出 166 = 2,126 | 累计 1,489,958 tok $8.414
  已翻 575/1193 段
    [tok] #651 入 1,947（新缓存 359 / 读缓存 1,586） 出 112 = 2,059 | 累计 1,492,017 tok $8.423
  已翻 576/1193 段
    [tok] #652 入 2,051（新缓存 463 / 读缓存 1,586） 出 372 = 2,423 | 累计 1,494,440 tok $8.439
    [tok] #653 入 1,999（新缓存 411 / 读缓存 1,586） 出 554 = 2,553 | 累计 1,496,993 tok $8.458
  已翻 577/1193 段
    [tok] #654 入 1,936（新缓存 348 / 读缓存 1,586） 出 79 = 2,015 | 累计 1,499,008 tok $8.466
  已翻 578/1193 段
    [tok] #655 入 1,956（新缓存 368 / 读缓存 1,586） 出 225 = 2,181 | 累计 1,501,189 tok $8.477
  已翻 579/1193 段
    [tok] #656 入 1,950（新缓存 362 / 读缓存 1,586） 出 114 = 2,064 | 累计 1,503,253 tok $8.485
  已翻 580/1193 段
    [tok] #657 入 1,926（新缓存 338 / 读缓存 1,586） 出 80 = 2,006 | 累计 1,505,259 tok $8.493
  已翻 581/1193 段
    [tok] #658 入 1,983（新缓存 395 / 读缓存 1,586） 出 312 = 2,295 | 累计 1,507,554 tok $8.506
  已翻 582/1193 段
    [tok] #659 入 1,949（新缓存 361 / 读缓存 1,586） 出 269 = 2,218 | 累计 1,509,772 tok $8.519
    [tok] #660 入 1,897（新缓存 309 / 读缓存 1,586） 出 123 = 2,020 | 累计 1,511,792 tok $8.527
  已翻 583/1193 段
    [tok] #661 入 2,032（新缓存 444 / 读缓存 1,586） 出 221 = 2,253 | 累计 1,514,045 tok $8.539
  已翻 584/1193 段
    [tok] #662 入 2,281（新缓存 693 / 读缓存 1,586） 出 582 = 2,863 | 累计 1,516,908 tok $8.562
    [tok] #663 入 2,229（新缓存 641 / 读缓存 1,586） 出 504 = 2,733 | 累计 1,519,641 tok $8.583
  已翻 585/1193 段
    [tok] #664 入 2,260（新缓存 672 / 读缓存 1,586） 出 424 = 2,684 | 累计 1,522,325 tok $8.603
  已翻 586/1193 段
    [tok] #665 入 1,962（新缓存 374 / 读缓存 1,586） 出 517 = 2,479 | 累计 1,524,804 tok $8.621
  已翻 587/1193 段
    [tok] #666 入 2,223（新缓存 635 / 读缓存 1,586） 出 451 = 2,674 | 累计 1,527,478 tok $8.641
  已翻 588/1193 段
    [tok] #667 入 2,057（新缓存 469 / 读缓存 1,586） 出 232 = 2,289 | 累计 1,529,767 tok $8.654
  已翻 589/1193 段
    [tok] #668 入 1,892（新缓存 304 / 读缓存 1,586） 出 40 = 1,932 | 累计 1,531,699 tok $8.660
  已翻 590/1193 段
    [tok] #669 入 1,888（新缓存 300 / 读缓存 1,586） 出 36 = 1,924 | 累计 1,533,623 tok $8.665
  已翻 591/1193 段
    [tok] #670 入 1,905（新缓存 317 / 读缓存 1,586） 出 73 = 1,978 | 累计 1,535,601 tok $8.672
  已翻 592/1193 段
    [tok] #671 入 1,924（新缓存 336 / 读缓存 1,586） 出 80 = 2,004 | 累计 1,537,605 tok $8.679
  已翻 593/1193 段
    [tok] #672 入 1,964（新缓存 376 / 读缓存 1,586） 出 345 = 2,309 | 累计 1,539,914 tok $8.694
    [tok] #673 入 1,912（新缓存 324 / 读缓存 1,586） 出 105 = 2,017 | 累计 1,541,931 tok $8.701
  已翻 594/1193 段
    [tok] #674 入 1,885（新缓存 297 / 读缓存 1,586） 出 29 = 1,914 | 累计 1,543,845 tok $8.707
  已翻 595/1193 段
    [tok] #675 入 2,288（新缓存 700 / 读缓存 1,586） 出 494 = 2,782 | 累计 1,546,627 tok $8.729
  已翻 596/1193 段
    [tok] #676 入 1,970（新缓存 382 / 读缓存 1,586） 出 122 = 2,092 | 累计 1,548,719 tok $8.737
  已翻 597/1193 段
    [tok] #677 入 2,305（新缓存 717 / 读缓存 1,586） 出 674 = 2,979 | 累计 1,551,698 tok $8.764
  已翻 598/1193 段
    [tok] #678 入 1,982（新缓存 394 / 读缓存 1,586） 出 139 = 2,121 | 累计 1,553,819 tok $8.773
  已翻 599/1193 段
    [tok] #679 入 1,941（新缓存 353 / 读缓存 1,586） 出 113 = 2,054 | 累计 1,555,873 tok $8.781
  已翻 600/1193 段
    [tok] #680 入 1,939（新缓存 351 / 读缓存 1,586） 出 94 = 2,033 | 累计 1,557,906 tok $8.789
  已翻 601/1193 段
    [tok] #681 入 1,910（新缓存 322 / 读缓存 1,586） 出 59 = 1,969 | 累计 1,559,875 tok $8.796
  已翻 602/1193 段
    [tok] #682 入 2,165（新缓存 577 / 读缓存 1,586） 出 329 = 2,494 | 累计 1,562,369 tok $8.812
  已翻 603/1193 段
    [tok] #683 入 2,025（新缓存 437 / 读缓存 1,586） 出 181 = 2,206 | 累计 1,564,575 tok $8.822
  已翻 604/1193 段
    [tok] #684 入 2,716（新缓存 1,128 / 读缓存 1,586） 出 2,222 = 4,938 | 累计 1,569,513 tok $8.892
    [tok] #685 入 2,664（新缓存 1,076 / 读缓存 1,586） 出 1,695 = 4,359 | 累计 1,573,872 tok $8.947
  已翻 605/1193 段
    [tok] #686 入 1,956（新缓存 368 / 读缓存 1,586） 出 121 = 2,077 | 累计 1,575,949 tok $8.956
  已翻 606/1193 段
    [tok] #687 入 1,974（新缓存 386 / 读缓存 1,586） 出 132 = 2,106 | 累计 1,578,055 tok $8.965
  已翻 607/1193 段
    [tok] #688 入 1,903（新缓存 315 / 读缓存 1,586） 出 55 = 1,958 | 累计 1,580,013 tok $8.971
  已翻 608/1193 段
    [tok] #689 入 2,370（新缓存 782 / 读缓存 1,586） 出 638 = 3,008 | 累计 1,583,021 tok $8.997
  已翻 609/1193 段
    [tok] #690 入 1,995（新缓存 407 / 读缓存 1,586） 出 222 = 2,217 | 累计 1,585,238 tok $9.009
  已翻 610/1193 段
    [tok] #691 入 2,624（新缓存 1,036 / 读缓存 1,586） 出 817 = 3,441 | 累计 1,588,679 tok $9.042
  已翻 611/1193 段
    [tok] #692 入 2,135（新缓存 547 / 读缓存 1,586） 出 283 = 2,418 | 累计 1,591,097 tok $9.057
    [tok] #693 入 2,083（新缓存 495 / 读缓存 1,586） 出 393 = 2,476 | 累计 1,593,573 tok $9.074
  已翻 612/1193 段
    [tok] #694 入 2,081（新缓存 493 / 读缓存 1,586） 出 315 = 2,396 | 累计 1,595,969 tok $9.088
  已翻 613/1193 段
    [tok] #695 入 1,994（新缓存 406 / 读缓存 1,586） 出 186 = 2,180 | 累计 1,598,149 tok $9.099
  已翻 614/1193 段
    [tok] #696 入 1,922（新缓存 334 / 读缓存 1,586） 出 162 = 2,084 | 累计 1,600,233 tok $9.108
  已翻 615/1193 段
    [tok] #697 入 2,149（新缓存 561 / 读缓存 1,586） 出 379 = 2,528 | 累计 1,602,761 tok $9.126
  已翻 616/1193 段
    [tok] #698 入 2,175（新缓存 587 / 读缓存 1,586） 出 331 = 2,506 | 累计 1,605,267 tok $9.142
  已翻 617/1193 段
    [tok] #699 入 2,011（新缓存 423 / 读缓存 1,586） 出 164 = 2,175 | 累计 1,607,442 tok $9.152
  已翻 618/1193 段
    [tok] #700 入 1,900（新缓存 312 / 读缓存 1,586） 出 47 = 1,947 | 累计 1,609,389 tok $9.158
  已翻 619/1193 段
    [tok] #701 入 1,995（新缓存 407 / 读缓存 1,586） 出 175 = 2,170 | 累计 1,611,559 tok $9.169
  已翻 620/1193 段
    [tok] #702 入 2,006（新缓存 418 / 读缓存 1,586） 出 231 = 2,237 | 累计 1,613,796 tok $9.180
  已翻 621/1193 段
    [tok] #703 入 2,036（新缓存 448 / 读缓存 1,586） 出 631 = 2,667 | 累计 1,616,463 tok $9.203
    [tok] #704 入 1,984（新缓存 396 / 读缓存 1,586） 出 274 = 2,258 | 累计 1,618,721 tok $9.215
  已翻 622/1193 段
    [tok] #705 入 2,050（新缓存 462 / 读缓存 1,586） 出 305 = 2,355 | 累计 1,621,076 tok $9.230
  已翻 623/1193 段
    [tok] #706 入 2,151（新缓存 563 / 读缓存 1,586） 出 317 = 2,468 | 累计 1,623,544 tok $9.245
    [tok] #707 入 2,099（新缓存 511 / 读缓存 1,586） 出 331 = 2,430 | 累计 1,625,974 tok $9.261
  已翻 624/1193 段
    [tok] #708 入 2,388（新缓存 800 / 读缓存 1,586） 出 549 = 2,937 | 累计 1,628,911 tok $9.285
  已翻 625/1193 段
    [tok] #709 入 1,995（新缓存 407 / 读缓存 1,586） 出 181 = 2,176 | 累计 1,631,087 tok $9.295
    [tok] #710 入 1,943（新缓存 355 / 读缓存 1,586） 出 202 = 2,145 | 累计 1,633,232 tok $9.306
  已翻 626/1193 段
    [tok] #711 入 2,168（新缓存 580 / 读缓存 1,586） 出 315 = 2,483 | 累计 1,635,715 tok $9.321
    [tok] #712 入 2,116（新缓存 528 / 读缓存 1,586） 出 311 = 2,427 | 累计 1,638,142 tok $9.336
  已翻 627/1193 段
    [tok] #713 入 1,920（新缓存 332 / 读缓存 1,586） 出 83 = 2,003 | 累计 1,640,145 tok $9.344
  已翻 628/1193 段
    [tok] #714 入 1,962（新缓存 374 / 读缓存 1,586） 出 225 = 2,187 | 累计 1,642,332 tok $9.355
  已翻 629/1193 段
    [tok] #715 入 2,024（新缓存 436 / 读缓存 1,586） 出 327 = 2,351 | 累计 1,644,683 tok $9.369
    [tok] #716 入 1,972（新缓存 384 / 读缓存 1,586） 出 183 = 2,155 | 累计 1,646,838 tok $9.380
  已翻 630/1193 段
    [tok] #717 入 2,022（新缓存 434 / 读缓存 1,586） 出 166 = 2,188 | 累计 1,649,026 tok $9.390
  已翻 631/1193 段
    [tok] #718 入 1,982（新缓存 394 / 读缓存 1,586） 出 479 = 2,461 | 累计 1,651,487 tok $9.408
    [tok] #719 入 1,930（新缓存 342 / 读缓存 1,586） 出 373 = 2,303 | 累计 1,653,790 tok $9.423
  已翻 632/1193 段
    [tok] #720 入 2,133（新缓存 545 / 读缓存 1,586） 出 414 = 2,547 | 累计 1,656,337 tok $9.440
    [tok] #721 入 2,081（新缓存 493 / 读缓存 1,586） 出 321 = 2,402 | 累计 1,658,739 tok $9.455
  已翻 633/1193 段
    [tok] #722 入 1,956（新缓存 368 / 读缓存 1,586） 出 94 = 2,050 | 累计 1,660,789 tok $9.463
  已翻 634/1193 段
    [tok] #723 入 1,928（新缓存 340 / 读缓存 1,586） 出 96 = 2,024 | 累计 1,662,813 tok $9.471
  已翻 635/1193 段
    [tok] #724 入 1,896（新缓存 308 / 读缓存 1,586） 出 45 = 1,941 | 累计 1,664,754 tok $9.477
  已翻 636/1193 段
    [tok] #725 入 1,912（新缓存 324 / 读缓存 1,586） 出 49 = 1,961 | 累计 1,666,715 tok $9.483
  已翻 637/1193 段
    [tok] #726 入 2,044（新缓存 456 / 读缓存 1,586） 出 533 = 2,577 | 累计 1,669,292 tok $9.503
    [tok] #727 入 1,992（新缓存 404 / 读缓存 1,586） 出 353 = 2,345 | 累计 1,671,637 tok $9.518
  已翻 638/1193 段
    [tok] #728 入 1,909（新缓存 321 / 读缓存 1,586） 出 132 = 2,041 | 累计 1,673,678 tok $9.526
  已翻 639/1193 段
    [tok] #729 入 2,052（新缓存 464 / 读缓存 1,586） 出 226 = 2,278 | 累计 1,675,956 tok $9.539
  已翻 640/1193 段
    [tok] #730 入 1,938（新缓存 350 / 读缓存 1,586） 出 101 = 2,039 | 累计 1,677,995 tok $9.547
  已翻 641/1193 段
    [tok] #731 入 2,067（新缓存 479 / 读缓存 1,586） 出 310 = 2,377 | 累计 1,680,372 tok $9.561
  已翻 642/1193 段
    [tok] #732 入 2,036（新缓存 448 / 读缓存 1,586） 出 211 = 2,247 | 累计 1,682,619 tok $9.573
  已翻 643/1193 段
    [tok] #733 入 2,248（新缓存 660 / 读缓存 1,586） 出 436 = 2,684 | 累计 1,685,303 tok $9.593
  已翻 644/1193 段
    [tok] #734 入 1,882（新缓存 294 / 读缓存 1,586） 出 30 = 1,912 | 累计 1,687,215 tok $9.598
    [tok] #735 入 1,830（新缓存 242 / 读缓存 1,586） 出 20 = 1,850 | 累计 1,689,065 tok $9.603
  已翻 645/1193 段
    [tok] #736 入 2,162（新缓存 574 / 读缓存 1,586） 出 709 = 2,871 | 累计 1,691,936 tok $9.628
  已翻 646/1193 段
    [tok] #737 入 2,176（新缓存 588 / 读缓存 1,586） 出 408 = 2,584 | 累计 1,694,520 tok $9.647
  已翻 647/1193 段
    [tok] #738 入 2,078（新缓存 490 / 读缓存 1,586） 出 572 = 2,650 | 累计 1,697,170 tok $9.668
  已翻 648/1193 段
    [tok] #739 入 1,927（新缓存 339 / 读缓存 1,586） 出 75 = 2,002 | 累计 1,699,172 tok $9.675
  已翻 649/1193 段
    [tok] #740 入 1,931（新缓存 343 / 读缓存 1,586） 出 88 = 2,019 | 累计 1,701,191 tok $9.682
  已翻 650/1193 段
    [tok] #741 入 1,897（新缓存 309 / 读缓存 1,586） 出 42 = 1,939 | 累计 1,703,130 tok $9.688
  已翻 651/1193 段
    [tok] #742 入 1,985（新缓存 397 / 读缓存 1,586） 出 182 = 2,167 | 累计 1,705,297 tok $9.699
    [tok] #743 入 1,933（新缓存 345 / 读缓存 1,586） 出 209 = 2,142 | 累计 1,707,439 tok $9.709
  已翻 652/1193 段
    [tok] #744 入 2,068（新缓存 480 / 读缓存 1,586） 出 280 = 2,348 | 累计 1,709,787 tok $9.723
  已翻 653/1193 段
    [tok] #745 入 2,161（新缓存 573 / 读缓存 1,586） 出 329 = 2,490 | 累计 1,712,277 tok $9.739
  已翻 654/1193 段
    [tok] #746 入 2,092（新缓存 504 / 读缓存 1,586） 出 399 = 2,491 | 累计 1,714,768 tok $9.756
  已翻 655/1193 段
    [tok] #747 入 2,158（新缓存 570 / 读缓存 1,586） 出 306 = 2,464 | 累计 1,717,232 tok $9.772
  已翻 656/1193 段
    [tok] #748 入 1,937（新缓存 349 / 读缓存 1,586） 出 85 = 2,022 | 累计 1,719,254 tok $9.779
  已翻 657/1193 段
    [tok] #749 入 2,070（新缓存 482 / 读缓存 1,586） 出 233 = 2,303 | 累计 1,721,557 tok $9.792
    [tok] #750 入 2,018（新缓存 430 / 读缓存 1,586） 出 257 = 2,275 | 累计 1,723,832 tok $9.804
  已翻 658/1193 段
    [tok] #751 入 2,018（新缓存 430 / 读缓存 1,586） 出 195 = 2,213 | 累计 1,726,045 tok $9.816
  已翻 659/1193 段
    [tok] #752 入 2,109（新缓存 521 / 读缓存 1,586） 出 545 = 2,654 | 累计 1,728,699 tok $9.836
  已翻 660/1193 段
    [tok] #753 入 1,926（新缓存 338 / 读缓存 1,586） 出 103 = 2,029 | 累计 1,730,728 tok $9.844
  已翻 661/1193 段
    [tok] #754 入 1,894（新缓存 306 / 读缓存 1,586） 出 40 = 1,934 | 累计 1,732,662 tok $9.850
  已翻 662/1193 段
    [tok] #755 入 1,998（新缓存 410 / 读缓存 1,586） 出 154 = 2,152 | 累计 1,734,814 tok $9.860
  已翻 663/1193 段
    [tok] #756 入 1,929（新缓存 341 / 读缓存 1,586） 出 75 = 2,004 | 累计 1,736,818 tok $9.867
  已翻 664/1193 段
    [tok] #757 入 1,935（新缓存 347 / 读缓存 1,586） 出 83 = 2,018 | 累计 1,738,836 tok $9.875
  已翻 665/1193 段
    [tok] #758 入 2,262（新缓存 674 / 读缓存 1,586） 出 378 = 2,640 | 累计 1,741,476 tok $9.893
  已翻 666/1193 段
    [tok] #759 入 2,078（新缓存 490 / 读缓存 1,586） 出 237 = 2,315 | 累计 1,743,791 tok $9.906
    [tok] #760 入 2,026（新缓存 438 / 读缓存 1,586） 出 445 = 2,471 | 累计 1,746,262 tok $9.923
  已翻 667/1193 段
    [tok] #761 入 1,990（新缓存 402 / 读缓存 1,586） 出 134 = 2,124 | 累计 1,748,386 tok $9.933
  已翻 668/1193 段
    [tok] #762 入 1,970（新缓存 382 / 读缓存 1,586） 出 106 = 2,076 | 累计 1,750,462 tok $9.941
  已翻 669/1193 段
    [tok] #763 入 1,883（新缓存 295 / 读缓存 1,586） 出 36 = 1,919 | 累计 1,752,381 tok $9.947
  已翻 670/1193 段
    [tok] #764 入 2,075（新缓存 487 / 读缓存 1,586） 出 261 = 2,336 | 累计 1,754,717 tok $9.960
  已翻 671/1193 段
    [tok] #765 入 2,180（新缓存 592 / 读缓存 1,586） 出 761 = 2,941 | 累计 1,757,658 tok $9.987
  已翻 672/1193 段
    [tok] #766 入 1,946（新缓存 358 / 读缓存 1,586） 出 94 = 2,040 | 累计 1,759,698 tok $9.995
  已翻 673/1193 段
    [tok] #767 入 2,092（新缓存 504 / 读缓存 1,586） 出 305 = 2,397 | 累计 1,762,095 tok $10.010
  已翻 674/1193 段
    [tok] #768 入 1,966（新缓存 378 / 读缓存 1,586） 出 123 = 2,089 | 累计 1,764,184 tok $10.019
  已翻 675/1193 段
    [tok] #769 入 2,120（新缓存 532 / 读缓存 1,586） 出 322 = 2,442 | 累计 1,766,626 tok $10.034
  已翻 676/1193 段
    [tok] #770 入 1,870（新缓存 282 / 读缓存 1,586） 出 17 = 1,887 | 累计 1,768,513 tok $10.039
    [tok] #771 入 1,818（新缓存 230 / 读缓存 1,586） 出 10 = 1,828 | 累计 1,770,341 tok $10.043
  已翻 677/1193 段
    [tok] #772 入 1,951（新缓存 363 / 读缓存 1,586） 出 100 = 2,051 | 累计 1,772,392 tok $10.051
  已翻 678/1193 段
    [tok] #773 入 1,995（新缓存 407 / 读缓存 1,586） 出 184 = 2,179 | 累计 1,774,571 tok $10.062
    [tok] #774 入 1,943（新缓存 355 / 读缓存 1,586） 出 112 = 2,055 | 累计 1,776,626 tok $10.070
  已翻 679/1193 段
    [tok] #775 入 2,010（新缓存 422 / 读缓存 1,586） 出 202 = 2,212 | 累计 1,778,838 tok $10.081
  已翻 680/1193 段
    [tok] #776 入 2,162（新缓存 574 / 读缓存 1,586） 出 334 = 2,496 | 累计 1,781,334 tok $10.098
  已翻 681/1193 段
    [tok] #777 入 2,023（新缓存 435 / 读缓存 1,586） 出 234 = 2,257 | 累计 1,783,591 tok $10.110
  已翻 682/1193 段
    [tok] #778 入 2,166（新缓存 578 / 读缓存 1,586） 出 339 = 2,505 | 累计 1,786,096 tok $10.126
  已翻 683/1193 段
    [tok] #779 入 2,048（新缓存 460 / 读缓存 1,586） 出 203 = 2,251 | 累计 1,788,347 tok $10.138
  已翻 684/1193 段
    [tok] #780 入 2,081（新缓存 493 / 读缓存 1,586） 出 391 = 2,472 | 累计 1,790,819 tok $10.154
  已翻 685/1193 段
    [tok] #781 入 1,971（新缓存 383 / 读缓存 1,586） 出 164 = 2,135 | 累计 1,792,954 tok $10.164
  已翻 686/1193 段
    [tok] #782 入 1,970（新缓存 382 / 读缓存 1,586） 出 159 = 2,129 | 累计 1,795,083 tok $10.174
  已翻 687/1193 段
    [tok] #783 入 1,985（新缓存 397 / 读缓存 1,586） 出 183 = 2,168 | 累计 1,797,251 tok $10.185
    [tok] #784 入 1,933（新缓存 345 / 读缓存 1,586） 出 305 = 2,238 | 累计 1,799,489 tok $10.198
  已翻 688/1193 段
    [tok] #785 入 2,172（新缓存 584 / 读缓存 1,586） 出 715 = 2,887 | 累计 1,802,376 tok $10.223
  已翻 689/1193 段
    [tok] #786 入 1,921（新缓存 333 / 读缓存 1,586） 出 109 = 2,030 | 累计 1,804,406 tok $10.231
  已翻 690/1193 段
    [tok] #787 入 2,031（新缓存 443 / 读缓存 1,586） 出 153 = 2,184 | 累计 1,806,590 tok $10.242
  已翻 691/1193 段
    [tok] #788 入 2,194（新缓存 606 / 读缓存 1,586） 出 377 = 2,571 | 累计 1,809,161 tok $10.259
  已翻 692/1193 段
    [tok] #789 入 1,949（新缓存 361 / 读缓存 1,586） 出 206 = 2,155 | 累计 1,811,316 tok $10.270
  已翻 693/1193 段
    [tok] #790 入 2,131（新缓存 543 / 读缓存 1,586） 出 743 = 2,874 | 累计 1,814,190 tok $10.296
  已翻 694/1193 段
    [tok] #791 入 2,032（新缓存 444 / 读缓存 1,586） 出 526 = 2,558 | 累计 1,816,748 tok $10.315
  已翻 695/1193 段
    [tok] #792 入 2,015（新缓存 427 / 读缓存 1,586） 出 144 = 2,159 | 累计 1,818,907 tok $10.325
  已翻 696/1193 段
    [tok] #793 入 2,003（新缓存 415 / 读缓存 1,586） 出 153 = 2,156 | 累计 1,821,063 tok $10.335
  已翻 697/1193 段
    [tok] #794 入 1,995（新缓存 407 / 读缓存 1,586） 出 133 = 2,128 | 累计 1,823,191 tok $10.345
  已翻 698/1193 段
    [tok] #795 入 1,973（新缓存 385 / 读缓存 1,586） 出 137 = 2,110 | 累计 1,825,301 tok $10.354
  已翻 699/1193 段
    [tok] #796 入 2,127（新缓存 539 / 读缓存 1,586） 出 302 = 2,429 | 累计 1,827,730 tok $10.369
  已翻 700/1193 段
    [tok] #797 入 1,989（新缓存 401 / 读缓存 1,586） 出 361 = 2,350 | 累计 1,830,080 tok $10.384
  已翻 701/1193 段
    [tok] #798 入 2,184（新缓存 596 / 读缓存 1,586） 出 313 = 2,497 | 累计 1,832,577 tok $10.400
  已翻 702/1193 段
    [tok] #799 入 1,933（新缓存 345 / 读缓存 1,586） 出 77 = 2,010 | 累计 1,834,587 tok $10.407
  已翻 703/1193 段
    [tok] #800 入 1,916（新缓存 328 / 读缓存 1,586） 出 62 = 1,978 | 累计 1,836,565 tok $10.414
  已翻 704/1193 段
    [tok] #801 入 1,945（新缓存 357 / 读缓存 1,586） 出 96 = 2,041 | 累计 1,838,606 tok $10.421
  已翻 705/1193 段
    [tok] #802 入 1,926（新缓存 338 / 读缓存 1,586） 出 86 = 2,012 | 累计 1,840,618 tok $10.429
  已翻 706/1193 段
    [tok] #803 入 1,905（新缓存 317 / 读缓存 1,586） 出 53 = 1,958 | 累计 1,842,576 tok $10.435
  已翻 707/1193 段
    [tok] #804 入 1,910（新缓存 322 / 读缓存 1,586） 出 141 = 2,051 | 累计 1,844,627 tok $10.444
  已翻 708/1193 段
    [tok] #805 入 2,383（新缓存 795 / 读缓存 1,586） 出 534 = 2,917 | 累计 1,847,544 tok $10.467
  已翻 709/1193 段
    [tok] #806 入 2,111（新缓存 523 / 读缓存 1,586） 出 333 = 2,444 | 累计 1,849,988 tok $10.483
  已翻 710/1193 段
    [tok] #807 入 2,236（新缓存 648 / 读缓存 1,586） 出 359 = 2,595 | 累计 1,852,583 tok $10.501
  已翻 711/1193 段
    [tok] #808 入 1,927（新缓存 339 / 读缓存 1,586） 出 61 = 1,988 | 累计 1,854,571 tok $10.507
  已翻 712/1193 段
    [tok] #809 入 2,057（新缓存 469 / 读缓存 1,586） 出 200 = 2,257 | 累计 1,856,828 tok $10.519
  已翻 713/1193 段
    [tok] #810 入 1,950（新缓存 362 / 读缓存 1,586） 出 118 = 2,068 | 累计 1,858,896 tok $10.528
  已翻 714/1193 段
    [tok] #811 入 1,971（新缓存 383 / 读缓存 1,586） 出 125 = 2,096 | 累计 1,860,992 tok $10.537
  已翻 715/1193 段
    [tok] #812 入 2,071（新缓存 483 / 读缓存 1,586） 出 234 = 2,305 | 累计 1,863,297 tok $10.549
  已翻 716/1193 段
    [tok] #813 入 2,086（新缓存 498 / 读缓存 1,586） 出 204 = 2,290 | 累计 1,865,587 tok $10.561
    [tok] #814 入 2,034（新缓存 446 / 读缓存 1,586） 出 190 = 2,224 | 累计 1,867,811 tok $10.572
  已翻 717/1193 段
    [tok] #815 入 2,086（新缓存 498 / 读缓存 1,586） 出 240 = 2,326 | 累计 1,870,137 tok $10.585
  已翻 718/1193 段
    [tok] #816 入 1,949（新缓存 361 / 读缓存 1,586） 出 255 = 2,204 | 累计 1,872,341 tok $10.597
  已翻 719/1193 段
    [tok] #817 入 2,012（新缓存 424 / 读缓存 1,586） 出 253 = 2,265 | 累计 1,874,606 tok $10.610
  已翻 720/1193 段
    [tok] #818 入 1,967（新缓存 379 / 读缓存 1,586） 出 161 = 2,128 | 累计 1,876,734 tok $10.620
  已翻 721/1193 段
    [tok] #819 入 1,909（新缓存 321 / 读缓存 1,586） 出 56 = 1,965 | 累计 1,878,699 tok $10.626
  已翻 722/1193 段
    [tok] #820 入 1,956（新缓存 368 / 读缓存 1,586） 出 90 = 2,046 | 累计 1,880,745 tok $10.634
  已翻 723/1193 段
    [tok] #821 入 1,918（新缓存 330 / 读缓存 1,586） 出 48 = 1,966 | 累计 1,882,711 tok $10.640
  已翻 724/1193 段
    [tok] #822 入 2,090（新缓存 502 / 读缓存 1,586） 出 251 = 2,341 | 累计 1,885,052 tok $10.654
  已翻 725/1193 段
    [tok] #823 入 2,006（新缓存 418 / 读缓存 1,586） 出 244 = 2,250 | 累计 1,887,302 tok $10.666
  已翻 726/1193 段
    [tok] #824 入 2,089（新缓存 501 / 读缓存 1,586） 出 281 = 2,370 | 累计 1,889,672 tok $10.680
  已翻 727/1193 段
    [tok] #825 入 1,944（新缓存 356 / 读缓存 1,586） 出 109 = 2,053 | 累计 1,891,725 tok $10.688
  已翻 728/1193 段
    [tok] #826 入 1,963（新缓存 375 / 读缓存 1,586） 出 96 = 2,059 | 累计 1,893,784 tok $10.696
  已翻 729/1193 段
    [tok] #827 入 2,114（新缓存 526 / 读缓存 1,586） 出 325 = 2,439 | 累计 1,896,223 tok $10.712
  已翻 730/1193 段
    [tok] #828 入 1,899（新缓存 311 / 读缓存 1,586） 出 53 = 1,952 | 累计 1,898,175 tok $10.718
  已翻 731/1193 段
    [tok] #829 入 1,907（新缓存 319 / 读缓存 1,586） 出 181 = 2,088 | 累计 1,900,263 tok $10.728
    [tok] #830 入 1,855（新缓存 267 / 读缓存 1,586） 出 177 = 2,032 | 累计 1,902,295 tok $10.736
  已翻 732/1193 段
    [tok] #831 入 2,092（新缓存 504 / 读缓存 1,586） 出 378 = 2,470 | 累计 1,904,765 tok $10.753
  已翻 733/1193 段
    [tok] #832 入 2,040（新缓存 452 / 读缓存 1,586） 出 263 = 2,303 | 累计 1,907,068 tok $10.766
  已翻 734/1193 段
    [tok] #833 入 2,155（新缓存 567 / 读缓存 1,586） 出 374 = 2,529 | 累计 1,909,597 tok $10.783
  已翻 735/1193 段
    [tok] #834 入 2,009（新缓存 421 / 读缓存 1,586） 出 156 = 2,165 | 累计 1,911,762 tok $10.793
  已翻 736/1193 段
    [tok] #835 入 2,046（新缓存 458 / 读缓存 1,586） 出 203 = 2,249 | 累计 1,914,011 tok $10.805
  已翻 737/1193 段
    [tok] #836 入 1,902（新缓存 314 / 读缓存 1,586） 出 51 = 1,953 | 累计 1,915,964 tok $10.811
  已翻 738/1193 段
    [tok] #837 入 2,167（新缓存 579 / 读缓存 1,586） 出 403 = 2,570 | 累计 1,918,534 tok $10.829
  已翻 739/1193 段
    [tok] #838 入 2,182（新缓存 594 / 读缓存 1,586） 出 484 = 2,666 | 累计 1,921,200 tok $10.849
  已翻 740/1193 段
    [tok] #839 入 1,987（新缓存 399 / 读缓存 1,586） 出 151 = 2,138 | 累计 1,923,338 tok $10.859
  已翻 741/1193 段
    [tok] #840 入 2,018（新缓存 430 / 读缓存 1,586） 出 171 = 2,189 | 累计 1,925,527 tok $10.870
  已翻 742/1193 段
    [tok] #841 入 2,036（新缓存 448 / 读缓存 1,586） 出 242 = 2,278 | 累计 1,927,805 tok $10.882
  已翻 743/1193 段
    [tok] #842 入 1,965（新缓存 377 / 读缓存 1,586） 出 135 = 2,100 | 累计 1,929,905 tok $10.891
  已翻 744/1193 段
    [tok] #843 入 1,937（新缓存 349 / 读缓存 1,586） 出 76 = 2,013 | 累计 1,931,918 tok $10.898
  已翻 745/1193 段
    [tok] #844 入 2,122（新缓存 534 / 读缓存 1,586） 出 291 = 2,413 | 累计 1,934,331 tok $10.913
  已翻 746/1193 段
    [tok] #845 入 1,982（新缓存 394 / 读缓存 1,586） 出 147 = 2,129 | 累计 1,936,460 tok $10.923
  已翻 747/1193 段
    [tok] #846 入 2,126（新缓存 538 / 读缓存 1,586） 出 314 = 2,440 | 累计 1,938,900 tok $10.938
  已翻 748/1193 段
    [tok] #847 入 2,294（新缓存 706 / 读缓存 1,586） 出 628 = 2,922 | 累计 1,941,822 tok $10.963
  已翻 749/1193 段
    [tok] #848 入 2,000（新缓存 412 / 读缓存 1,586） 出 192 = 2,192 | 累计 1,944,014 tok $10.974
  已翻 750/1193 段
    [tok] #849 入 1,924（新缓存 336 / 读缓存 1,586） 出 59 = 1,983 | 累计 1,945,997 tok $10.980
  已翻 751/1193 段
    [tok] #850 入 2,016（新缓存 428 / 读缓存 1,586） 出 167 = 2,183 | 累计 1,948,180 tok $10.991
  已翻 752/1193 段
    [tok] #851 入 2,099（新缓存 511 / 读缓存 1,586） 出 275 = 2,374 | 累计 1,950,554 tok $11.005
    [tok] #852 入 2,047（新缓存 459 / 读缓存 1,586） 出 271 = 2,318 | 累计 1,952,872 tok $11.018
  已翻 753/1193 段
    [tok] #853 入 2,019（新缓存 431 / 读缓存 1,586） 出 396 = 2,415 | 累计 1,955,287 tok $11.034
  已翻 754/1193 段
    [tok] #854 入 2,179（新缓存 591 / 读缓存 1,586） 出 477 = 2,656 | 累计 1,957,943 tok $11.054
    [tok] #855 入 2,127（新缓存 539 / 读缓存 1,586） 出 338 = 2,465 | 累计 1,960,408 tok $11.070
  已翻 755/1193 段
    [tok] #856 入 2,034（新缓存 446 / 读缓存 1,586） 出 161 = 2,195 | 累计 1,962,603 tok $11.080
  已翻 756/1193 段
    [tok] #857 入 2,093（新缓存 505 / 读缓存 1,586） 出 268 = 2,361 | 累计 1,964,964 tok $11.094
  已翻 757/1193 段
    [tok] #858 入 1,937（新缓存 349 / 读缓存 1,586） 出 79 = 2,016 | 累计 1,966,980 tok $11.102
  已翻 758/1193 段
    [tok] #859 入 1,953（新缓存 365 / 读缓存 1,586） 出 107 = 2,060 | 累计 1,969,040 tok $11.110
  已翻 759/1193 段
    [tok] #860 入 2,067（新缓存 479 / 读缓存 1,586） 出 227 = 2,294 | 累计 1,971,334 tok $11.122
  已翻 760/1193 段
    [tok] #861 入 1,963（新缓存 375 / 读缓存 1,586） 出 143 = 2,106 | 累计 1,973,440 tok $11.132
  已翻 761/1193 段
    [tok] #862 入 1,951（新缓存 363 / 读缓存 1,586） 出 142 = 2,093 | 累计 1,975,533 tok $11.141
    [tok] #863 入 1,899（新缓存 311 / 读缓存 1,586） 出 127 = 2,026 | 累计 1,977,559 tok $11.149
  已翻 762/1193 段
    [tok] #864 入 2,205（新缓存 617 / 读缓存 1,586） 出 375 = 2,580 | 累计 1,980,139 tok $11.166
  已翻 763/1193 段
    [tok] #865 入 2,490（新缓存 902 / 读缓存 1,586） 出 1,128 = 3,618 | 累计 1,983,757 tok $11.206
  已翻 764/1193 段
    [tok] #866 入 1,973（新缓存 385 / 读缓存 1,586） 出 477 = 2,450 | 累计 1,986,207 tok $11.224
  已翻 765/1193 段
    [tok] #867 入 1,940（新缓存 352 / 读缓存 1,586） 出 105 = 2,045 | 累计 1,988,252 tok $11.232
  已翻 766/1193 段
    [tok] #868 入 1,941（新缓存 353 / 读缓存 1,586） 出 104 = 2,045 | 累计 1,990,297 tok $11.240
  已翻 767/1193 段
    [tok] #869 入 1,999（新缓存 411 / 读缓存 1,586） 出 165 = 2,164 | 累计 1,992,461 tok $11.250
  已翻 768/1193 段
    [tok] #870 入 2,475（新缓存 887 / 读缓存 1,586） 出 884 = 3,359 | 累计 1,995,820 tok $11.283
  已翻 769/1193 段
    [tok] #871 入 2,064（新缓存 476 / 读缓存 1,586） 出 239 = 2,303 | 累计 1,998,123 tok $11.296
  已翻 770/1193 段
    [tok] #872 入 2,302（新缓存 714 / 读缓存 1,586） 出 479 = 2,781 | 累计 2,000,904 tok $11.317
  已翻 771/1193 段
    [tok] #873 入 2,105（新缓存 517 / 读缓存 1,586） 出 291 = 2,396 | 累计 2,003,300 tok $11.332
  已翻 772/1193 段
    [tok] #874 入 2,114（新缓存 526 / 读缓存 1,586） 出 333 = 2,447 | 累计 2,005,747 tok $11.347
  已翻 773/1193 段
    [tok] #875 入 1,950（新缓存 362 / 读缓存 1,586） 出 96 = 2,046 | 累计 2,007,793 tok $11.355
  已翻 774/1193 段
    [tok] #876 入 2,128（新缓存 540 / 读缓存 1,586） 出 565 = 2,693 | 累计 2,010,486 tok $11.377
  已翻 775/1193 段
    [tok] #877 入 1,925（新缓存 337 / 读缓存 1,586） 出 89 = 2,014 | 累计 2,012,500 tok $11.384
  已翻 776/1193 段
    [tok] #878 入 2,178（新缓存 590 / 读缓存 1,586） 出 514 = 2,692 | 累计 2,015,192 tok $11.405
  已翻 777/1193 段
    [tok] #879 入 1,927（新缓存 339 / 读缓存 1,586） 出 108 = 2,035 | 累计 2,017,227 tok $11.413
  已翻 778/1193 段
    [tok] #880 入 2,048（新缓存 460 / 读缓存 1,586） 出 281 = 2,329 | 累计 2,019,556 tok $11.427
  已翻 779/1193 段
    [tok] #881 入 2,008（新缓存 420 / 读缓存 1,586） 出 297 = 2,305 | 累计 2,021,861 tok $11.440
  已翻 780/1193 段
    [tok] #882 入 2,138（新缓存 550 / 读缓存 1,586） 出 323 = 2,461 | 累计 2,024,322 tok $11.456
  已翻 781/1193 段
    [tok] #883 入 1,941（新缓存 353 / 读缓存 1,586） 出 98 = 2,039 | 累计 2,026,361 tok $11.464
  已翻 782/1193 段
    [tok] #884 入 1,970（新缓存 382 / 读缓存 1,586） 出 142 = 2,112 | 累计 2,028,473 tok $11.473
  已翻 783/1193 段
    [tok] #885 入 1,961（新缓存 373 / 读缓存 1,586） 出 134 = 2,095 | 累计 2,030,568 tok $11.482
  已翻 784/1193 段
    [tok] #886 入 1,915（新缓存 327 / 读缓存 1,586） 出 54 = 1,969 | 累计 2,032,537 tok $11.489
  已翻 785/1193 段
    [tok] #887 入 1,929（新缓存 341 / 读缓存 1,586） 出 88 = 2,017 | 累计 2,034,554 tok $11.496
  已翻 786/1193 段
    [tok] #888 入 1,972（新缓存 384 / 读缓存 1,586） 出 116 = 2,088 | 累计 2,036,642 tok $11.505
  已翻 787/1193 段
    [tok] #889 入 2,181（新缓存 593 / 读缓存 1,586） 出 352 = 2,533 | 累计 2,039,175 tok $11.522
  已翻 788/1193 段
    [tok] #890 入 2,248（新缓存 660 / 读缓存 1,586） 出 567 = 2,815 | 累计 2,041,990 tok $11.545
  已翻 789/1193 段
    [tok] #891 入 2,086（新缓存 498 / 读缓存 1,586） 出 211 = 2,297 | 累计 2,044,287 tok $11.557
  已翻 790/1193 段
    [tok] #892 入 2,118（新缓存 530 / 读缓存 1,586） 出 240 = 2,358 | 累计 2,046,645 tok $11.570
  已翻 791/1193 段
    [tok] #893 入 1,980（新缓存 392 / 读缓存 1,586） 出 134 = 2,114 | 累计 2,048,759 tok $11.579
  已翻 792/1193 段
    [tok] #894 入 1,926（新缓存 338 / 读缓存 1,586） 出 62 = 1,988 | 累计 2,050,747 tok $11.586
  已翻 793/1193 段
    [tok] #895 入 1,980（新缓存 392 / 读缓存 1,586） 出 100 = 2,080 | 累计 2,052,827 tok $11.595
  已翻 794/1193 段
    [tok] #896 入 2,392（新缓存 804 / 读缓存 1,586） 出 657 = 3,049 | 累计 2,055,876 tok $11.621
  已翻 795/1193 段
    [tok] #897 入 2,151（新缓存 563 / 读缓存 1,586） 出 344 = 2,495 | 累计 2,058,371 tok $11.638
  已翻 796/1193 段
    [tok] #898 入 2,008（新缓存 420 / 读缓存 1,586） 出 305 = 2,313 | 累计 2,060,684 tok $11.651
  已翻 797/1193 段
    [tok] #899 入 2,011（新缓存 423 / 读缓存 1,586） 出 185 = 2,196 | 累计 2,062,880 tok $11.662
  已翻 798/1193 段
    [tok] #900 入 2,006（新缓存 418 / 读缓存 1,586） 出 150 = 2,156 | 累计 2,065,036 tok $11.672
    [tok] #901 入 1,954（新缓存 366 / 读缓存 1,586） 出 148 = 2,102 | 累计 2,067,138 tok $11.681
  已翻 799/1193 段
    [tok] #902 入 2,068（新缓存 480 / 读缓存 1,586） 出 290 = 2,358 | 累计 2,069,496 tok $11.695
  已翻 800/1193 段
    [tok] #903 入 2,003（新缓存 415 / 读缓存 1,586） 出 178 = 2,181 | 累计 2,071,677 tok $11.706
  已翻 801/1193 段
    [tok] #904 入 1,968（新缓存 380 / 读缓存 1,586） 出 176 = 2,144 | 累计 2,073,821 tok $11.716
  已翻 802/1193 段
    [tok] #905 入 1,943（新缓存 355 / 读缓存 1,586） 出 101 = 2,044 | 累计 2,075,865 tok $11.724
  已翻 803/1193 段
    [tok] #906 入 1,995（新缓存 407 / 读缓存 1,586） 出 143 = 2,138 | 累计 2,078,003 tok $11.734
  已翻 804/1193 段
    [tok] #907 入 1,989（新缓存 401 / 读缓存 1,586） 出 135 = 2,124 | 累计 2,080,127 tok $11.743
  已翻 805/1193 段
    [tok] #908 入 1,998（新缓存 410 / 读缓存 1,586） 出 149 = 2,147 | 累计 2,082,274 tok $11.753
  已翻 806/1193 段
    [tok] #909 入 2,071（新缓存 483 / 读缓存 1,586） 出 371 = 2,442 | 累计 2,084,716 tok $11.769
  已翻 807/1193 段
    [tok] #910 入 2,272（新缓存 684 / 读缓存 1,586） 出 435 = 2,707 | 累计 2,087,423 tok $11.789
  已翻 808/1193 段
    [tok] #911 入 2,438（新缓存 850 / 读缓存 1,586） 出 617 = 3,055 | 累计 2,090,478 tok $11.815
  已翻 809/1193 段
    [tok] #912 入 2,033（新缓存 445 / 读缓存 1,586） 出 190 = 2,223 | 累计 2,092,701 tok $11.826
  已翻 810/1193 段
    [tok] #913 入 1,997（新缓存 409 / 读缓存 1,586） 出 229 = 2,226 | 累计 2,094,927 tok $11.838
  已翻 811/1193 段
    [tok] #914 入 1,905（新缓存 317 / 读缓存 1,586） 出 53 = 1,958 | 累计 2,096,885 tok $11.844
  已翻 812/1193 段
    [tok] #915 入 1,914（新缓存 326 / 读缓存 1,586） 出 48 = 1,962 | 累计 2,098,847 tok $11.851
  已翻 813/1193 段
    [tok] #916 入 1,983（新缓存 395 / 读缓存 1,586） 出 126 = 2,109 | 累计 2,100,956 tok $11.860
  已翻 814/1193 段
    [tok] #917 入 1,876（新缓存 288 / 读缓存 1,586） 出 100 = 1,976 | 累计 2,102,932 tok $11.867
  已翻 815/1193 段
    [tok] #918 入 1,979（新缓存 391 / 读缓存 1,586） 出 135 = 2,114 | 累计 2,105,046 tok $11.876
  已翻 816/1193 段
    [tok] #919 入 2,004（新缓存 416 / 读缓存 1,586） 出 173 = 2,177 | 累计 2,107,223 tok $11.886
  已翻 817/1193 段
    [tok] #920 入 1,979（新缓存 391 / 读缓存 1,586） 出 144 = 2,123 | 累计 2,109,346 tok $11.896
  已翻 818/1193 段
    [tok] #921 入 1,930（新缓存 342 / 读缓存 1,586） 出 87 = 2,017 | 累计 2,111,363 tok $11.903
  已翻 819/1193 段
    [tok] #922 入 1,971（新缓存 383 / 读缓存 1,586） 出 131 = 2,102 | 累计 2,113,465 tok $11.912
  已翻 820/1193 段
    [tok] #923 入 2,169（新缓存 581 / 读缓存 1,586） 出 353 = 2,522 | 累计 2,115,987 tok $11.929
  已翻 821/1193 段
    [tok] #924 入 2,099（新缓存 511 / 读缓存 1,586） 出 243 = 2,342 | 累计 2,118,329 tok $11.942
  已翻 822/1193 段
    [tok] #925 入 1,947（新缓存 359 / 读缓存 1,586） 出 94 = 2,041 | 累计 2,120,370 tok $11.950
  已翻 823/1193 段
    [tok] #926 入 2,068（新缓存 480 / 读缓存 1,586） 出 312 = 2,380 | 累计 2,122,750 tok $11.965
  已翻 824/1193 段
    [tok] #927 入 2,158（新缓存 570 / 读缓存 1,586） 出 347 = 2,505 | 累计 2,125,255 tok $11.981
    [tok] #928 入 2,106（新缓存 518 / 读缓存 1,586） 出 491 = 2,597 | 累计 2,127,852 tok $12.001
  已翻 825/1193 段
    [tok] #929 入 2,189（新缓存 601 / 读缓存 1,586） 出 345 = 2,534 | 累计 2,130,386 tok $12.018
  已翻 826/1193 段
    [tok] #930 入 1,973（新缓存 385 / 读缓存 1,586） 出 364 = 2,337 | 累计 2,132,723 tok $12.032
  已翻 827/1193 段
    [tok] #931 入 1,935（新缓存 347 / 读缓存 1,586） 出 82 = 2,017 | 累计 2,134,740 tok $12.040
  已翻 828/1193 段
    [tok] #932 入 2,018（新缓存 430 / 读缓存 1,586） 出 215 = 2,233 | 累计 2,136,973 tok $12.051
  已翻 829/1193 段
    [tok] #933 入 2,042（新缓存 454 / 读缓存 1,586） 出 259 = 2,301 | 累计 2,139,274 tok $12.064
  已翻 830/1193 段
    [tok] #934 入 2,064（新缓存 476 / 读缓存 1,586） 出 244 = 2,308 | 累计 2,141,582 tok $12.077
  已翻 831/1193 段
    [tok] #935 入 2,023（新缓存 435 / 读缓存 1,586） 出 185 = 2,208 | 累计 2,143,790 tok $12.088
  已翻 832/1193 段
    [tok] #936 入 1,973（新缓存 385 / 读缓存 1,586） 出 117 = 2,090 | 累计 2,145,880 tok $12.097
  已翻 833/1193 段
    [tok] #937 入 1,953（新缓存 365 / 读缓存 1,586） 出 85 = 2,038 | 累计 2,147,918 tok $12.105
  已翻 834/1193 段
    [tok] #938 入 2,110（新缓存 522 / 读缓存 1,586） 出 310 = 2,420 | 累计 2,150,338 tok $12.120
  已翻 835/1193 段
    [tok] #939 入 2,063（新缓存 475 / 读缓存 1,586） 出 274 = 2,337 | 累计 2,152,675 tok $12.133
  已翻 836/1193 段
    [tok] #940 入 2,113（新缓存 525 / 读缓存 1,586） 出 410 = 2,523 | 累计 2,155,198 tok $12.151
  已翻 837/1193 段
    [tok] #941 入 2,006（新缓存 418 / 读缓存 1,586） 出 377 = 2,383 | 累计 2,157,581 tok $12.166
  已翻 838/1193 段
    [tok] #942 入 1,892（新缓存 304 / 读缓存 1,586） 出 34 = 1,926 | 累计 2,159,507 tok $12.172
  已翻 839/1193 段
    [tok] #943 入 1,921（新缓存 333 / 读缓存 1,586） 出 53 = 1,974 | 累计 2,161,481 tok $12.179
  已翻 840/1193 段
    [tok] #944 入 1,969（新缓存 381 / 读缓存 1,586） 出 177 = 2,146 | 累计 2,163,627 tok $12.189
  已翻 841/1193 段
    [tok] #945 入 2,077（新缓存 489 / 读缓存 1,586） 出 174 = 2,251 | 累计 2,165,878 tok $12.200
  已翻 842/1193 段
    [tok] #946 入 2,007（新缓存 419 / 读缓存 1,586） 出 144 = 2,151 | 累计 2,168,029 tok $12.210
  已翻 843/1193 段
    [tok] #947 入 2,120（新缓存 532 / 读缓存 1,586） 出 395 = 2,515 | 累计 2,170,544 tok $12.227
  已翻 844/1193 段
    [tok] #948 入 2,064（新缓存 476 / 读缓存 1,586） 出 228 = 2,292 | 累计 2,172,836 tok $12.239
  已翻 845/1193 段
    [tok] #949 入 1,881（新缓存 293 / 读缓存 1,586） 出 61 = 1,942 | 累计 2,174,778 tok $12.246
  已翻 846/1193 段
    [tok] #950 入 2,040（新缓存 452 / 读缓存 1,586） 出 274 = 2,314 | 累计 2,177,092 tok $12.259
  已翻 847/1193 段
    [tok] #951 入 2,053（新缓存 465 / 读缓存 1,586） 出 218 = 2,271 | 累计 2,179,363 tok $12.271
    [tok] #952 入 2,001（新缓存 413 / 读缓存 1,586） 出 215 = 2,216 | 累计 2,181,579 tok $12.283
  已翻 848/1193 段
    [tok] #953 入 2,059（新缓存 471 / 读缓存 1,586） 出 188 = 2,247 | 累计 2,183,826 tok $12.294
  已翻 849/1193 段
    [tok] #954 入 2,022（新缓存 434 / 读缓存 1,586） 出 175 = 2,197 | 累计 2,186,023 tok $12.305
  已翻 850/1193 段
    [tok] #955 入 2,431（新缓存 843 / 读缓存 1,586） 出 584 = 3,015 | 累计 2,189,038 tok $12.330
  已翻 851/1193 段
    [tok] #956 入 2,142（新缓存 554 / 读缓存 1,586） 出 711 = 2,853 | 累计 2,191,891 tok $12.355
  已翻 852/1193 段
    [tok] #957 入 2,172（新缓存 584 / 读缓存 1,586） 出 419 = 2,591 | 累计 2,194,482 tok $12.374
  已翻 853/1193 段
    [tok] #958 入 1,952（新缓存 364 / 读缓存 1,586） 出 110 = 2,062 | 累计 2,196,544 tok $12.382
  已翻 854/1193 段
    [tok] #959 入 2,081（新缓存 493 / 读缓存 1,586） 出 252 = 2,333 | 累计 2,198,877 tok $12.395
  已翻 855/1193 段
    [tok] #960 入 2,270（新缓存 682 / 读缓存 1,586） 出 771 = 3,041 | 累计 2,201,918 tok $12.424
  已翻 856/1193 段
    [tok] #961 入 1,926（新缓存 338 / 读缓存 1,586） 出 87 = 2,013 | 累计 2,203,931 tok $12.431
  已翻 857/1193 段
    [tok] #962 入 2,103（新缓存 515 / 读缓存 1,586） 出 367 = 2,470 | 累计 2,206,401 tok $12.447
  已翻 858/1193 段
    [tok] #963 入 1,943（新缓存 355 / 读缓存 1,586） 出 118 = 2,061 | 累计 2,208,462 tok $12.456
  已翻 859/1193 段
    [tok] #964 入 1,998（新缓存 410 / 读缓存 1,586） 出 255 = 2,253 | 累计 2,210,715 tok $12.468
  已翻 860/1193 段
    [tok] #965 入 1,908（新缓存 320 / 读缓存 1,586） 出 108 = 2,016 | 累计 2,212,731 tok $12.476
  已翻 861/1193 段
    [tok] #966 入 2,071（新缓存 483 / 读缓存 1,586） 出 356 = 2,427 | 累计 2,215,158 tok $12.492
  已翻 862/1193 段
    [tok] #967 入 2,014（新缓存 426 / 读缓存 1,586） 出 163 = 2,177 | 累计 2,217,335 tok $12.502
  已翻 863/1193 段
    [tok] #968 入 1,941（新缓存 353 / 读缓存 1,586） 出 97 = 2,038 | 累计 2,219,373 tok $12.510
  已翻 864/1193 段
    [tok] #969 入 1,990（新缓存 402 / 读缓存 1,586） 出 381 = 2,371 | 累计 2,221,744 tok $12.525
  已翻 865/1193 段
    [tok] #970 入 1,917（新缓存 329 / 读缓存 1,586） 出 51 = 1,968 | 累计 2,223,712 tok $12.532
  已翻 866/1193 段
    [tok] #971 入 2,129（新缓存 541 / 读缓存 1,586） 出 676 = 2,805 | 累计 2,226,517 tok $12.556
    [tok] #972 入 2,077（新缓存 489 / 读缓存 1,586） 出 719 = 2,796 | 累计 2,229,313 tok $12.581
  已翻 867/1193 段
    [tok] #973 入 2,046（新缓存 458 / 读缓存 1,586） 出 206 = 2,252 | 累计 2,231,565 tok $12.593
  已翻 868/1193 段
    [tok] #974 入 1,895（新缓存 307 / 读缓存 1,586） 出 52 = 1,947 | 累计 2,233,512 tok $12.599
  已翻 869/1193 段
    [tok] #975 入 1,956（新缓存 368 / 读缓存 1,586） 出 114 = 2,070 | 累计 2,235,582 tok $12.607
  已翻 870/1193 段
    [tok] #976 入 2,490（新缓存 902 / 读缓存 1,586） 出 947 = 3,437 | 累计 2,239,019 tok $12.642
    [tok] #977 入 2,438（新缓存 850 / 读缓存 1,586） 出 777 = 3,215 | 累计 2,242,234 tok $12.672
  已翻 871/1193 段
    [tok] #978 入 2,116（新缓存 528 / 读缓存 1,586） 出 289 = 2,405 | 累计 2,244,639 tok $12.687
  已翻 872/1193 段
    [tok] #979 入 2,133（新缓存 545 / 读缓存 1,586） 出 328 = 2,461 | 累计 2,247,100 tok $12.703
  已翻 873/1193 段
    [tok] #980 入 2,222（新缓存 634 / 读缓存 1,586） 出 392 = 2,614 | 累计 2,249,714 tok $12.721
    [tok] #981 入 2,170（新缓存 582 / 读缓存 1,586） 出 539 = 2,709 | 累计 2,252,423 tok $12.742
  已翻 874/1193 段
    [tok] #982 入 1,956（新缓存 368 / 读缓存 1,586） 出 148 = 2,104 | 累计 2,254,527 tok $12.752
  已翻 875/1193 段
    [tok] #983 入 2,000（新缓存 412 / 读缓存 1,586） 出 175 = 2,175 | 累计 2,256,702 tok $12.762
  已翻 876/1193 段
    [tok] #984 入 2,150（新缓存 562 / 读缓存 1,586） 出 480 = 2,630 | 累计 2,259,332 tok $12.782
  已翻 877/1193 段
    [tok] #985 入 1,909（新缓存 321 / 读缓存 1,586） 出 56 = 1,965 | 累计 2,261,297 tok $12.788
  已翻 878/1193 段
    [tok] #986 入 1,946（新缓存 358 / 读缓存 1,586） 出 86 = 2,032 | 累计 2,263,329 tok $12.796
  已翻 879/1193 段
    [tok] #987 入 1,968（新缓存 380 / 读缓存 1,586） 出 102 = 2,070 | 累计 2,265,399 tok $12.804
  已翻 880/1193 段
    [tok] #988 入 2,003（新缓存 415 / 读缓存 1,586） 出 269 = 2,272 | 累计 2,267,671 tok $12.817
  已翻 881/1193 段
    [tok] #989 入 2,131（新缓存 543 / 读缓存 1,586） 出 465 = 2,596 | 累计 2,270,267 tok $12.836
  已翻 882/1193 段
    [tok] #990 入 2,177（新缓存 589 / 读缓存 1,586） 出 383 = 2,560 | 累计 2,272,827 tok $12.854
  已翻 883/1193 段
    [tok] #991 入 2,229（新缓存 641 / 读缓存 1,586） 出 631 = 2,860 | 累计 2,275,687 tok $12.878
  已翻 884/1193 段
    [tok] #992 入 2,042（新缓存 454 / 读缓存 1,586） 出 312 = 2,354 | 累计 2,278,041 tok $12.892
  已翻 885/1193 段
    [tok] #993 入 2,155（新缓存 567 / 读缓存 1,586） 出 325 = 2,480 | 累计 2,280,521 tok $12.908
    [tok] #994 入 2,103（新缓存 515 / 读缓存 1,586） 出 322 = 2,425 | 累计 2,282,946 tok $12.923
  已翻 886/1193 段
    [tok] #995 入 2,001（新缓存 413 / 读缓存 1,586） 出 169 = 2,170 | 累计 2,285,116 tok $12.934
  已翻 887/1193 段
    [tok] #996 入 1,922（新缓存 334 / 读缓存 1,586） 出 76 = 1,998 | 累计 2,287,114 tok $12.941
  已翻 888/1193 段
    [tok] #997 入 1,924（新缓存 336 / 读缓存 1,586） 出 70 = 1,994 | 累计 2,289,108 tok $12.948
  已翻 889/1193 段
    [tok] #998 入 2,179（新缓存 591 / 读缓存 1,586） 出 385 = 2,564 | 累计 2,291,672 tok $12.965
  已翻 890/1193 段
    [tok] #999 入 2,140（新缓存 552 / 读缓存 1,586） 出 571 = 2,711 | 累计 2,294,383 tok $12.987
    [tok] #1000 入 2,088（新缓存 500 / 读缓存 1,586） 出 847 = 2,935 | 累计 2,297,318 tok $13.015
  已翻 891/1193 段
    [tok] #1001 入 1,913（新缓存 325 / 读缓存 1,586） 出 72 = 1,985 | 累计 2,299,303 tok $13.022
  已翻 892/1193 段
    [tok] #1002 入 1,983（新缓存 395 / 读缓存 1,586） 出 447 = 2,430 | 累计 2,301,733 tok $13.039
    [tok] #1003 入 1,931（新缓存 343 / 读缓存 1,586） 出 172 = 2,103 | 累计 2,303,836 tok $13.049
  已翻 893/1193 段
    [tok] #1004 入 2,255（新缓存 667 / 读缓存 1,586） 出 417 = 2,672 | 累计 2,306,508 tok $13.068
  已翻 894/1193 段
    [tok] #1005 入 2,098（新缓存 510 / 读缓存 1,586） 出 258 = 2,356 | 累计 2,308,864 tok $13.082
  已翻 895/1193 段
    [tok] #1006 入 2,013（新缓存 425 / 读缓存 1,586） 出 525 = 2,538 | 累计 2,311,402 tok $13.101
  已翻 896/1193 段
    [tok] #1007 入 1,959（新缓存 371 / 读缓存 1,586） 出 145 = 2,104 | 累计 2,313,506 tok $13.110
  已翻 897/1193 段
    [tok] #1008 入 2,056（新缓存 468 / 读缓存 1,586） 出 310 = 2,366 | 累计 2,315,872 tok $13.125
  已翻 898/1193 段
    [tok] #1009 入 2,127（新缓存 539 / 读缓存 1,586） 出 476 = 2,603 | 累计 2,318,475 tok $13.144
    [tok] #1010 入 2,075（新缓存 487 / 读缓存 1,586） 出 448 = 2,523 | 累计 2,320,998 tok $13.162
  已翻 899/1193 段
    [tok] #1011 入 2,074（新缓存 486 / 读缓存 1,586） 出 272 = 2,346 | 累计 2,323,344 tok $13.176
  已翻 900/1193 段
    [tok] #1012 入 1,912（新缓存 324 / 读缓存 1,586） 出 80 = 1,992 | 累计 2,325,336 tok $13.183
  已翻 901/1193 段
    [tok] #1013 入 1,938（新缓存 350 / 读缓存 1,586） 出 80 = 2,018 | 累计 2,327,354 tok $13.191
  已翻 902/1193 段
    [tok] #1014 入 1,906（新缓存 318 / 读缓存 1,586） 出 43 = 1,949 | 累计 2,329,303 tok $13.197
  已翻 903/1193 段
    [tok] #1015 入 2,033（新缓存 445 / 读缓存 1,586） 出 194 = 2,227 | 累计 2,331,530 tok $13.208
  已翻 904/1193 段
    [tok] #1016 入 2,057（新缓存 469 / 读缓存 1,586） 出 228 = 2,285 | 累计 2,333,815 tok $13.220
  已翻 905/1193 段
    [tok] #1017 入 2,364（新缓存 776 / 读缓存 1,586） 出 692 = 3,056 | 累计 2,336,871 tok $13.248
  已翻 906/1193 段
    [tok] #1018 入 1,948（新缓存 360 / 读缓存 1,586） 出 92 = 2,040 | 累计 2,338,911 tok $13.255
  已翻 907/1193 段
    [tok] #1019 入 1,989（新缓存 401 / 读缓存 1,586） 出 219 = 2,208 | 累计 2,341,119 tok $13.267
  已翻 908/1193 段
    [tok] #1020 入 2,118（新缓存 530 / 读缓存 1,586） 出 284 = 2,402 | 累计 2,343,521 tok $13.281
  已翻 909/1193 段
    [tok] #1021 入 2,226（新缓存 638 / 读缓存 1,586） 出 598 = 2,824 | 累计 2,346,345 tok $13.305
    [tok] #1022 入 2,174（新缓存 586 / 读缓存 1,586） 出 409 = 2,583 | 累计 2,348,928 tok $13.323
  已翻 910/1193 段
    [tok] #1023 入 2,188（新缓存 600 / 读缓存 1,586） 出 352 = 2,540 | 累计 2,351,468 tok $13.340
  已翻 911/1193 段
    [tok] #1024 入 2,598（新缓存 1,010 / 读缓存 1,586） 出 725 = 3,323 | 累计 2,354,791 tok $13.370
  已翻 912/1193 段
    [tok] #1025 入 1,885（新缓存 297 / 读缓存 1,586） 出 36 = 1,921 | 累计 2,356,712 tok $13.376
  已翻 913/1193 段
    [tok] #1026 入 1,897（新缓存 309 / 读缓存 1,586） 出 42 = 1,939 | 累计 2,358,651 tok $13.382
  已翻 914/1193 段
    [tok] #1027 入 2,276（新缓存 688 / 读缓存 1,586） 出 402 = 2,678 | 累计 2,361,329 tok $13.401
  已翻 915/1193 段
    [tok] #1028 入 1,932（新缓存 344 / 读缓存 1,586） 出 77 = 2,009 | 累计 2,363,338 tok $13.409
  已翻 916/1193 段
    [tok] #1029 入 1,904（新缓存 316 / 读缓存 1,586） 出 52 = 1,956 | 累计 2,365,294 tok $13.415
  已翻 917/1193 段
    [tok] #1030 入 1,900（新缓存 312 / 读缓存 1,586） 出 40 = 1,940 | 累计 2,367,234 tok $13.421
  已翻 918/1193 段
    [tok] #1031 入 2,322（新缓存 734 / 读缓存 1,586） 出 669 = 2,991 | 累计 2,370,225 tok $13.447
  已翻 919/1193 段
    [tok] #1032 入 1,936（新缓存 348 / 读缓存 1,586） 出 91 = 2,027 | 累计 2,372,252 tok $13.455
  已翻 920/1193 段
    [tok] #1033 入 1,992（新缓存 404 / 读缓存 1,586） 出 143 = 2,135 | 累计 2,374,387 tok $13.464
  已翻 921/1193 段
    [tok] #1034 入 1,940（新缓存 352 / 读缓存 1,586） 出 111 = 2,051 | 累计 2,376,438 tok $13.473
  已翻 922/1193 段
    [tok] #1035 入 2,076（新缓存 488 / 读缓存 1,586） 出 236 = 2,312 | 累计 2,378,750 tok $13.485
  已翻 923/1193 段
    [tok] #1036 入 2,098（新缓存 510 / 读缓存 1,586） 出 856 = 2,954 | 累计 2,381,704 tok $13.514
  已翻 924/1193 段
    [tok] #1037 入 2,081（新缓存 493 / 读缓存 1,586） 出 563 = 2,644 | 累计 2,384,348 tok $13.535
    [tok] #1038 入 2,029（新缓存 441 / 读缓存 1,586） 出 217 = 2,246 | 累计 2,386,594 tok $13.547
  已翻 925/1193 段
    [tok] #1039 入 1,968（新缓存 380 / 读缓存 1,586） 出 262 = 2,230 | 累计 2,388,824 tok $13.559
  已翻 926/1193 段
    [tok] #1040 入 1,963（新缓存 375 / 读缓存 1,586） 出 476 = 2,439 | 累计 2,391,263 tok $13.577
  已翻 927/1193 段
    [tok] #1041 入 1,957（新缓存 369 / 读缓存 1,586） 出 103 = 2,060 | 累计 2,393,323 tok $13.585
  已翻 928/1193 段
    [tok] #1042 入 2,010（新缓存 422 / 读缓存 1,586） 出 283 = 2,293 | 累计 2,395,616 tok $13.598
  已翻 929/1193 段
    [tok] #1043 入 1,950（新缓存 362 / 读缓存 1,586） 出 132 = 2,082 | 累计 2,397,698 tok $13.607
  已翻 930/1193 段
    [tok] #1044 入 1,923（新缓存 335 / 读缓存 1,586） 出 132 = 2,055 | 累计 2,399,753 tok $13.615
  已翻 931/1193 段
    [tok] #1045 入 1,924（新缓存 336 / 读缓存 1,586） 出 72 = 1,996 | 累计 2,401,749 tok $13.623
    [tok] #1046 入 1,872（新缓存 284 / 读缓存 1,586） 出 524 = 2,396 | 累计 2,404,145 tok $13.640
  已翻 932/1193 段
    [tok] #1047 入 1,954（新缓存 366 / 读缓存 1,586） 出 102 = 2,056 | 累计 2,406,201 tok $13.648
  已翻 933/1193 段
    [tok] #1048 入 2,206（新缓存 618 / 读缓存 1,586） 出 557 = 2,763 | 累计 2,408,964 tok $13.671
  已翻 934/1193 段
    [tok] #1049 入 1,994（新缓存 406 / 读缓存 1,586） 出 196 = 2,190 | 累计 2,411,154 tok $13.682
    [tok] #1050 入 1,942（新缓存 354 / 读缓存 1,586） 出 145 = 2,087 | 累计 2,413,241 tok $13.691
  已翻 935/1193 段
    [tok] #1051 入 2,184（新缓存 596 / 读缓存 1,586） 出 401 = 2,585 | 累计 2,415,826 tok $13.709
  已翻 936/1193 段
    [tok] #1052 入 2,124（新缓存 536 / 读缓存 1,586） 出 265 = 2,389 | 累计 2,418,215 tok $13.723
  已翻 937/1193 段
    [tok] #1053 入 2,104（新缓存 516 / 读缓存 1,586） 出 257 = 2,361 | 累计 2,420,576 tok $13.736
  已翻 938/1193 段
    [tok] #1054 入 1,943（新缓存 355 / 读缓存 1,586） 出 188 = 2,131 | 累计 2,422,707 tok $13.746
  已翻 939/1193 段
    [tok] #1055 入 2,047（新缓存 459 / 读缓存 1,586） 出 212 = 2,259 | 累计 2,424,966 tok $13.758
  已翻 940/1193 段
    [tok] #1056 入 2,059（新缓存 471 / 读缓存 1,586） 出 588 = 2,647 | 累计 2,427,613 tok $13.780
  已翻 941/1193 段
    [tok] #1057 入 1,878（新缓存 290 / 读缓存 1,586） 出 29 = 1,907 | 累计 2,429,520 tok $13.785
  已翻 942/1193 段
    [tok] #1058 入 1,962（新缓存 374 / 读缓存 1,586） 出 123 = 2,085 | 累计 2,431,605 tok $13.794
    [tok] #1059 入 1,910（新缓存 322 / 读缓存 1,586） 出 130 = 2,040 | 累计 2,433,645 tok $13.802
  已翻 943/1193 段
    [tok] #1060 入 1,890（新缓存 302 / 读缓存 1,586） 出 43 = 1,933 | 累计 2,435,578 tok $13.808
  已翻 944/1193 段
    [tok] #1061 入 1,946（新缓存 358 / 读缓存 1,586） 出 90 = 2,036 | 累计 2,437,614 tok $13.816
  已翻 945/1193 段
    [tok] #1062 入 1,892（新缓存 304 / 读缓存 1,586） 出 52 = 1,944 | 累计 2,439,558 tok $13.822
  已翻 946/1193 段
    [tok] #1063 入 2,227（新缓存 639 / 读缓存 1,586） 出 383 = 2,610 | 累计 2,442,168 tok $13.840
  已翻 947/1193 段
    [tok] #1064 入 2,095（新缓存 507 / 读缓存 1,586） 出 250 = 2,345 | 累计 2,444,513 tok $13.854
    [tok] #1065 入 2,043（新缓存 455 / 读缓存 1,586） 出 338 = 2,381 | 累计 2,446,894 tok $13.869
  已翻 948/1193 段
    [tok] #1066 入 2,200（新缓存 612 / 读缓存 1,586） 出 402 = 2,602 | 累计 2,449,496 tok $13.887
    [tok] #1067 入 2,148（新缓存 560 / 读缓存 1,586） 出 358 = 2,506 | 累计 2,452,002 tok $13.904
  已翻 949/1193 段
    [tok] #1068 入 2,078（新缓存 490 / 读缓存 1,586） 出 269 = 2,347 | 累计 2,454,349 tok $13.917
  已翻 950/1193 段
    [tok] #1069 入 1,971（新缓存 383 / 读缓存 1,586） 出 135 = 2,106 | 累计 2,456,455 tok $13.926
  已翻 951/1193 段
    [tok] #1070 入 1,918（新缓存 330 / 读缓存 1,586） 出 76 = 1,994 | 累计 2,458,449 tok $13.933
  已翻 952/1193 段
    [tok] #1071 入 1,955（新缓存 367 / 读缓存 1,586） 出 117 = 2,072 | 累计 2,460,521 tok $13.942
  已翻 953/1193 段
    [tok] #1072 入 2,117（新缓存 529 / 读缓存 1,586） 出 354 = 2,471 | 累计 2,462,992 tok $13.958
  已翻 954/1193 段
    [tok] #1073 入 1,965（新缓存 377 / 读缓存 1,586） 出 124 = 2,089 | 累计 2,465,081 tok $13.967
  已翻 955/1193 段
    [tok] #1074 入 2,039（新缓存 451 / 读缓存 1,586） 出 220 = 2,259 | 累计 2,467,340 tok $13.979
  已翻 956/1193 段
    [tok] #1075 入 1,934（新缓存 346 / 读缓存 1,586） 出 75 = 2,009 | 累计 2,469,349 tok $13.986
    [tok] #1076 入 1,882（新缓存 294 / 读缓存 1,586） 出 85 = 1,967 | 累计 2,471,316 tok $13.993
  已翻 957/1193 段
    [tok] #1077 入 1,932（新缓存 344 / 读缓存 1,586） 出 105 = 2,037 | 累计 2,473,353 tok $14.001
  已翻 958/1193 段
    [tok] #1078 入 1,895（新缓存 307 / 读缓存 1,586） 出 45 = 1,940 | 累计 2,475,293 tok $14.007
  已翻 959/1193 段
    [tok] #1079 入 1,999（新缓存 411 / 读缓存 1,586） 出 218 = 2,217 | 累计 2,477,510 tok $14.019
  已翻 960/1193 段
    [tok] #1080 入 2,229（新缓存 641 / 读缓存 1,586） 出 390 = 2,619 | 累计 2,480,129 tok $14.037
  已翻 961/1193 段
    [tok] #1081 入 2,319（新缓存 731 / 读缓存 1,586） 出 577 = 2,896 | 累计 2,483,025 tok $14.061
  已翻 962/1193 段
    [tok] #1082 入 2,262（新缓存 674 / 读缓存 1,586） 出 430 = 2,692 | 累计 2,485,717 tok $14.080
  已翻 963/1193 段
    [tok] #1083 入 1,962（新缓存 374 / 读缓存 1,586） 出 133 = 2,095 | 累计 2,487,812 tok $14.089
  已翻 964/1193 段
    [tok] #1084 入 2,416（新缓存 828 / 读缓存 1,586） 出 549 = 2,965 | 累计 2,490,777 tok $14.114
  已翻 965/1193 段
    [tok] #1085 入 1,938（新缓存 350 / 读缓存 1,586） 出 102 = 2,040 | 累计 2,492,817 tok $14.122
  已翻 966/1193 段
    [tok] #1086 入 1,922（新缓存 334 / 读缓存 1,586） 出 80 = 2,002 | 累计 2,494,819 tok $14.129
  已翻 967/1193 段
    [tok] #1087 入 1,963（新缓存 375 / 读缓存 1,586） 出 128 = 2,091 | 累计 2,496,910 tok $14.138
  已翻 968/1193 段
    [tok] #1088 入 2,008（新缓存 420 / 读缓存 1,586） 出 175 = 2,183 | 累计 2,499,093 tok $14.148
  已翻 969/1193 段
    [tok] #1089 入 1,938（新缓存 350 / 读缓存 1,586） 出 108 = 2,046 | 累计 2,501,139 tok $14.156
  已翻 970/1193 段
    [tok] #1090 入 1,952（新缓存 364 / 读缓存 1,586） 出 137 = 2,089 | 累计 2,503,228 tok $14.165
  已翻 971/1193 段
    [tok] #1091 入 1,910（新缓存 322 / 读缓存 1,586） 出 65 = 1,975 | 累计 2,505,203 tok $14.172
  已翻 972/1193 段
    [tok] #1092 入 1,947（新缓存 359 / 读缓存 1,586） 出 96 = 2,043 | 累计 2,507,246 tok $14.180
  已翻 973/1193 段
    [tok] #1093 入 2,005（新缓存 417 / 读缓存 1,586） 出 255 = 2,260 | 累计 2,509,506 tok $14.193
  已翻 974/1193 段
    [tok] #1094 入 1,975（新缓存 387 / 读缓存 1,586） 出 125 = 2,100 | 累计 2,511,606 tok $14.201
  已翻 975/1193 段
    [tok] #1095 入 2,308（新缓存 720 / 读缓存 1,586） 出 535 = 2,843 | 累计 2,514,449 tok $14.224
  已翻 976/1193 段
    [tok] #1096 入 2,442（新缓存 854 / 读缓存 1,586） 出 691 = 3,133 | 累计 2,517,582 tok $14.252
  已翻 977/1193 段
    [tok] #1097 入 1,939（新缓存 351 / 读缓存 1,586） 出 97 = 2,036 | 累计 2,519,618 tok $14.260
  已翻 978/1193 段
    [tok] #1098 入 1,975（新缓存 387 / 读缓存 1,586） 出 298 = 2,273 | 累计 2,521,891 tok $14.274
  已翻 979/1193 段
    [tok] #1099 入 2,044（新缓存 456 / 读缓存 1,586） 出 208 = 2,252 | 累计 2,524,143 tok $14.285
  已翻 980/1193 段
    [tok] #1100 入 1,960（新缓存 372 / 读缓存 1,586） 出 110 = 2,070 | 累计 2,526,213 tok $14.294
  已翻 981/1193 段
    [tok] #1101 入 2,446（新缓存 858 / 读缓存 1,586） 出 615 = 3,061 | 累计 2,529,274 tok $14.320
  已翻 982/1193 段
    [tok] #1102 入 2,135（新缓存 547 / 读缓存 1,586） 出 305 = 2,440 | 累计 2,531,714 tok $14.335
  已翻 983/1193 段
    [tok] #1103 入 2,329（新缓存 741 / 读缓存 1,586） 出 604 = 2,933 | 累计 2,534,647 tok $14.360
    [tok] #1104 入 2,277（新缓存 689 / 读缓存 1,586） 出 626 = 2,903 | 累计 2,537,550 tok $14.384
  已翻 984/1193 段
    [tok] #1105 入 2,043（新缓存 455 / 读缓存 1,586） 出 234 = 2,277 | 累计 2,539,827 tok $14.397
  已翻 985/1193 段
    [tok] #1106 入 2,411（新缓存 823 / 读缓存 1,586） 出 645 = 3,056 | 累计 2,542,883 tok $14.423
  已翻 986/1193 段
    [tok] #1107 入 1,999（新缓存 411 / 读缓存 1,586） 出 267 = 2,266 | 累计 2,545,149 tok $14.436
  已翻 987/1193 段
    [tok] #1108 入 2,294（新缓存 706 / 读缓存 1,586） 出 718 = 3,012 | 累计 2,548,161 tok $14.463
    [tok] #1109 入 2,242（新缓存 654 / 读缓存 1,586） 出 632 = 2,874 | 累计 2,551,035 tok $14.488
  已翻 988/1193 段
    [tok] #1110 入 1,926（新缓存 338 / 读缓存 1,586） 出 61 = 1,987 | 累计 2,553,022 tok $14.495
  已翻 989/1193 段
    [tok] #1111 入 2,170（新缓存 582 / 读缓存 1,586） 出 295 = 2,465 | 累计 2,555,487 tok $14.510
    [tok] #1112 入 2,118（新缓存 530 / 读缓存 1,586） 出 282 = 2,400 | 累计 2,557,887 tok $14.524
  已翻 990/1193 段
    [tok] #1113 入 2,090（新缓存 502 / 读缓存 1,586） 出 292 = 2,382 | 累计 2,560,269 tok $14.539
  已翻 991/1193 段
    [tok] #1114 入 2,233（新缓存 645 / 读缓存 1,586） 出 401 = 2,634 | 累计 2,562,903 tok $14.557
  已翻 992/1193 段
    [tok] #1115 入 1,897（新缓存 309 / 读缓存 1,586） 出 42 = 1,939 | 累计 2,564,842 tok $14.563
  已翻 993/1193 段
    [tok] #1116 入 2,003（新缓存 415 / 读缓存 1,586） 出 207 = 2,210 | 累计 2,567,052 tok $14.575
  已翻 994/1193 段
    [tok] #1117 入 2,054（新缓存 466 / 读缓存 1,586） 出 578 = 2,632 | 累计 2,569,684 tok $14.596
  已翻 995/1193 段
    [tok] #1118 入 1,957（新缓存 369 / 读缓存 1,586） 出 182 = 2,139 | 累计 2,571,823 tok $14.606
  已翻 996/1193 段
    [tok] #1119 入 1,961（新缓存 373 / 读缓存 1,586） 出 231 = 2,192 | 累计 2,574,015 tok $14.617
  已翻 997/1193 段
    [tok] #1120 入 1,921（新缓存 333 / 读缓存 1,586） 出 86 = 2,007 | 累计 2,576,022 tok $14.625
    [tok] #1121 入 1,869（新缓存 281 / 读缓存 1,586） 出 89 = 1,958 | 累计 2,577,980 tok $14.631
  已翻 998/1193 段
    [tok] #1122 入 2,022（新缓存 434 / 读缓存 1,586） 出 198 = 2,220 | 累计 2,580,200 tok $14.643
  已翻 999/1193 段
    [tok] #1123 入 1,951（新缓存 363 / 读缓存 1,586） 出 95 = 2,046 | 累计 2,582,246 tok $14.651
  已翻 1000/1193 段
    [tok] #1124 入 2,031（新缓存 443 / 读缓存 1,586） 出 289 = 2,320 | 累计 2,584,566 tok $14.664
  已翻 1001/1193 段
    [tok] #1125 入 1,887（新缓存 299 / 读缓存 1,586） 出 57 = 1,944 | 累计 2,586,510 tok $14.671
  已翻 1002/1193 段
    [tok] #1126 入 1,981（新缓存 393 / 读缓存 1,586） 出 280 = 2,261 | 累计 2,588,771 tok $14.683
    [tok] #1127 入 1,929（新缓存 341 / 读缓存 1,586） 出 206 = 2,135 | 累计 2,590,906 tok $14.694
  已翻 1003/1193 段
    [tok] #1128 入 1,959（新缓存 371 / 读缓存 1,586） 出 122 = 2,081 | 累计 2,592,987 tok $14.703
  已翻 1004/1193 段
    [tok] #1129 入 1,888（新缓存 300 / 读缓存 1,586） 出 57 = 1,945 | 累计 2,594,932 tok $14.709
  已翻 1005/1193 段
    [tok] #1130 入 2,095（新缓存 507 / 读缓存 1,586） 出 317 = 2,412 | 累计 2,597,344 tok $14.724
  已翻 1006/1193 段
    [tok] #1131 入 2,038（新缓存 450 / 读缓存 1,586） 出 202 = 2,240 | 累计 2,599,584 tok $14.735
  已翻 1007/1193 段
    [tok] #1132 入 1,966（新缓存 378 / 读缓存 1,586） 出 123 = 2,089 | 累计 2,601,673 tok $14.744
  已翻 1008/1193 段
    [tok] #1133 入 2,074（新缓存 486 / 读缓存 1,586） 出 372 = 2,446 | 累计 2,604,119 tok $14.760
  已翻 1009/1193 段
    [tok] #1134 入 1,921（新缓存 333 / 读缓存 1,586） 出 72 = 1,993 | 累计 2,606,112 tok $14.767
  已翻 1010/1193 段
    [tok] #1135 入 1,982（新缓存 394 / 读缓存 1,586） 出 214 = 2,196 | 累计 2,608,308 tok $14.779
  已翻 1011/1193 段
    [tok] #1136 入 2,230（新缓存 642 / 读缓存 1,586） 出 390 = 2,620 | 累计 2,610,928 tok $14.797
  已翻 1012/1193 段
    [tok] #1137 入 1,954（新缓存 366 / 读缓存 1,586） 出 134 = 2,088 | 累计 2,613,016 tok $14.806
  已翻 1013/1193 段
    [tok] #1138 入 2,030（新缓存 442 / 读缓存 1,586） 出 205 = 2,235 | 累计 2,615,251 tok $14.817
  已翻 1014/1193 段
    [tok] #1139 入 2,153（新缓存 565 / 读缓存 1,586） 出 300 = 2,453 | 累计 2,617,704 tok $14.833
  已翻 1015/1193 段
    [tok] #1140 入 1,904（新缓存 316 / 读缓存 1,586） 出 45 = 1,949 | 累计 2,619,653 tok $14.839
  已翻 1016/1193 段
    [tok] #1141 入 1,910（新缓存 322 / 读缓存 1,586） 出 61 = 1,971 | 累计 2,621,624 tok $14.845
  已翻 1017/1193 段
    [tok] #1142 入 1,914（新缓存 326 / 读缓存 1,586） 出 60 = 1,974 | 累计 2,623,598 tok $14.852
  已翻 1018/1193 段
    [tok] #1143 入 1,875（新缓存 287 / 读缓存 1,586） 出 24 = 1,899 | 累计 2,625,497 tok $14.857
  已翻 1019/1193 段
    [tok] #1144 入 2,068（新缓存 480 / 读缓存 1,586） 出 231 = 2,299 | 累计 2,627,796 tok $14.870
    [tok] #1145 入 2,016（新缓存 428 / 读缓存 1,586） 出 384 = 2,400 | 累计 2,630,196 tok $14.886
  已翻 1020/1193 段
    [tok] #1146 入 1,938（新缓存 350 / 读缓存 1,586） 出 80 = 2,018 | 累计 2,632,214 tok $14.893
  已翻 1021/1193 段
    [tok] #1147 入 1,960（新缓存 372 / 读缓存 1,586） 出 141 = 2,101 | 累计 2,634,315 tok $14.901
  已翻 1022/1193 段
    [tok] #1148 入 1,931（新缓存 343 / 读缓存 1,586） 出 95 = 2,026 | 累计 2,636,341 tok $14.909
  已翻 1023/1193 段
    [tok] #1149 入 1,908（新缓存 320 / 读缓存 1,586） 出 47 = 1,955 | 累计 2,638,296 tok $14.915
  已翻 1024/1193 段
    [tok] #1150 入 1,965（新缓存 377 / 读缓存 1,586） 出 283 = 2,248 | 累计 2,640,544 tok $14.928
    [tok] #1151 入 1,913（新缓存 325 / 读缓存 1,586） 出 150 = 2,063 | 累计 2,642,607 tok $14.937
  已翻 1025/1193 段
    [tok] #1152 入 2,012（新缓存 424 / 读缓存 1,586） 出 154 = 2,166 | 累计 2,644,773 tok $14.947
  已翻 1026/1193 段
    [tok] #1153 入 1,959（新缓存 371 / 读缓存 1,586） 出 101 = 2,060 | 累计 2,646,833 tok $14.955
  已翻 1027/1193 段
    [tok] #1154 入 1,982（新缓存 394 / 读缓存 1,586） 出 112 = 2,094 | 累计 2,648,927 tok $14.964
  已翻 1028/1193 段
    [tok] #1155 入 2,090（新缓存 502 / 读缓存 1,586） 出 311 = 2,401 | 累计 2,651,328 tok $14.978
  已翻 1029/1193 段
    [tok] #1156 入 2,134（新缓存 546 / 读缓存 1,586） 出 312 = 2,446 | 累计 2,653,774 tok $14.994
  已翻 1030/1193 段
    [tok] #1157 入 2,102（新缓存 514 / 读缓存 1,586） 出 261 = 2,363 | 累计 2,656,137 tok $15.007
  已翻 1031/1193 段
    [tok] #1158 入 1,950（新缓存 362 / 读缓存 1,586） 出 101 = 2,051 | 累计 2,658,188 tok $15.016
  已翻 1032/1193 段
    [tok] #1159 入 1,967（新缓存 379 / 读缓存 1,586） 出 233 = 2,200 | 累计 2,660,388 tok $15.027
    [tok] #1160 入 1,915（新缓存 327 / 读缓存 1,586） 出 235 = 2,150 | 累计 2,662,538 tok $15.038
  已翻 1033/1193 段
    [tok] #1161 入 2,085（新缓存 497 / 读缓存 1,586） 出 487 = 2,572 | 累计 2,665,110 tok $15.057
    [tok] #1162 入 2,033（新缓存 445 / 读缓存 1,586） 出 376 = 2,409 | 累计 2,667,519 tok $15.073
  已翻 1034/1193 段
    [tok] #1163 入 2,130（新缓存 542 / 读缓存 1,586） 出 272 = 2,402 | 累计 2,669,921 tok $15.087
  已翻 1035/1193 段
    [tok] #1164 入 2,042（新缓存 454 / 读缓存 1,586） 出 247 = 2,289 | 累计 2,672,210 tok $15.100
    [tok] #1165 入 1,990（新缓存 402 / 读缓存 1,586） 出 185 = 2,175 | 累计 2,674,385 tok $15.111
  已翻 1036/1193 段
    [tok] #1166 入 1,973（新缓存 385 / 读缓存 1,586） 出 111 = 2,084 | 累计 2,676,469 tok $15.119
  已翻 1037/1193 段
    [tok] #1167 入 2,422（新缓存 834 / 读缓存 1,586） 出 514 = 2,936 | 累计 2,679,405 tok $15.143
  已翻 1038/1193 段
    [tok] #1168 入 1,978（新缓存 390 / 读缓存 1,586） 出 172 = 2,150 | 累计 2,681,555 tok $15.153
  已翻 1039/1193 段
    [tok] #1169 入 2,277（新缓存 689 / 读缓存 1,586） 出 400 = 2,677 | 累计 2,684,232 tok $15.172
  已翻 1040/1193 段
    [tok] #1170 入 1,920（新缓存 332 / 读缓存 1,586） 出 65 = 1,985 | 累计 2,686,217 tok $15.179
  已翻 1041/1193 段
    [tok] #1171 入 2,042（新缓存 454 / 读缓存 1,586） 出 257 = 2,299 | 累计 2,688,516 tok $15.192
  已翻 1042/1193 段
    [tok] #1172 入 1,993（新缓存 405 / 读缓存 1,586） 出 221 = 2,214 | 累计 2,690,730 tok $15.203
    [tok] #1173 入 1,941（新缓存 353 / 读缓存 1,586） 出 180 = 2,121 | 累计 2,692,851 tok $15.213
  已翻 1043/1193 段
    [tok] #1174 入 1,937（新缓存 349 / 读缓存 1,586） 出 91 = 2,028 | 累计 2,694,879 tok $15.221
  已翻 1044/1193 段
    [tok] #1175 入 2,111（新缓存 523 / 读缓存 1,586） 出 277 = 2,388 | 累计 2,697,267 tok $15.235
  已翻 1045/1193 段
    [tok] #1176 入 2,048（新缓存 460 / 读缓存 1,586） 出 178 = 2,226 | 累计 2,699,493 tok $15.246
  已翻 1046/1193 段
    [tok] #1177 入 1,926（新缓存 338 / 读缓存 1,586） 出 85 = 2,011 | 累计 2,701,504 tok $15.253
  已翻 1047/1193 段
    [tok] #1178 入 2,211（新缓存 623 / 读缓存 1,586） 出 534 = 2,745 | 累计 2,704,249 tok $15.275
  已翻 1048/1193 段
    [tok] #1179 入 1,893（新缓存 305 / 读缓存 1,586） 出 52 = 1,945 | 累计 2,706,194 tok $15.281
  已翻 1049/1193 段
    [tok] #1180 入 1,982（新缓存 394 / 读缓存 1,586） 出 128 = 2,110 | 累计 2,708,304 tok $15.290
    [tok] #1181 入 1,930（新缓存 342 / 读缓存 1,586） 出 133 = 2,063 | 累计 2,710,367 tok $15.299
  已翻 1050/1193 段
    [tok] #1182 入 2,207（新缓存 619 / 读缓存 1,586） 出 664 = 2,871 | 累计 2,713,238 tok $15.324
  已翻 1051/1193 段
    [tok] #1183 入 1,967（新缓存 379 / 读缓存 1,586） 出 122 = 2,089 | 累计 2,715,327 tok $15.333
  已翻 1052/1193 段
    [tok] #1184 入 2,074（新缓存 486 / 读缓存 1,586） 出 303 = 2,377 | 累计 2,717,704 tok $15.347
  已翻 1053/1193 段
    [tok] #1185 入 2,360（新缓存 772 / 读缓存 1,586） 出 716 = 3,076 | 累计 2,720,780 tok $15.375
  已翻 1054/1193 段
    [tok] #1186 入 2,218（新缓存 630 / 读缓存 1,586） 出 517 = 2,735 | 累计 2,723,515 tok $15.396
  已翻 1055/1193 段
    [tok] #1187 入 1,940（新缓存 352 / 读缓存 1,586） 出 94 = 2,034 | 累计 2,725,549 tok $15.404
  已翻 1056/1193 段
    [tok] #1188 入 2,160（新缓存 572 / 读缓存 1,586） 出 327 = 2,487 | 累计 2,728,036 tok $15.420
  已翻 1057/1193 段
    [tok] #1189 入 2,290（新缓存 702 / 读缓存 1,586） 出 492 = 2,782 | 累计 2,730,818 tok $15.442
  已翻 1058/1193 段
    [tok] #1190 入 2,030（新缓存 442 / 读缓存 1,586） 出 245 = 2,275 | 累计 2,733,093 tok $15.454
  已翻 1059/1193 段
    [tok] #1191 入 1,922（新缓存 334 / 读缓存 1,586） 出 56 = 1,978 | 累计 2,735,071 tok $15.461
  已翻 1060/1193 段
    [tok] #1192 入 1,917（新缓存 329 / 读缓存 1,586） 出 69 = 1,986 | 累计 2,737,057 tok $15.468
  已翻 1061/1193 段
    [tok] #1193 入 2,080（新缓存 492 / 读缓存 1,586） 出 271 = 2,351 | 累计 2,739,408 tok $15.481
  已翻 1062/1193 段
    [tok] #1194 入 1,949（新缓存 361 / 读缓存 1,586） 出 103 = 2,052 | 累计 2,741,460 tok $15.489
  已翻 1063/1193 段
    [tok] #1195 入 2,132（新缓存 544 / 读缓存 1,586） 出 296 = 2,428 | 累计 2,743,888 tok $15.504
  已翻 1064/1193 段
    [tok] #1196 入 2,225（新缓存 637 / 读缓存 1,586） 出 394 = 2,619 | 累计 2,746,507 tok $15.523
    [tok] #1197 入 2,173（新缓存 585 / 读缓存 1,586） 出 421 = 2,594 | 累计 2,749,101 tok $15.541
  已翻 1065/1193 段
    [tok] #1198 入 2,336（新缓存 748 / 读缓存 1,586） 出 497 = 2,833 | 累计 2,751,934 tok $15.563
  已翻 1066/1193 段
    [tok] #1199 入 1,952（新缓存 364 / 读缓存 1,586） 出 129 = 2,081 | 累计 2,754,015 tok $15.572
  已翻 1067/1193 段
    [tok] #1200 入 2,031（新缓存 443 / 读缓存 1,586） 出 308 = 2,339 | 累计 2,756,354 tok $15.586
  已翻 1068/1193 段
    [tok] #1201 入 2,083（新缓存 495 / 读缓存 1,586） 出 341 = 2,424 | 累计 2,758,778 tok $15.602
  已翻 1069/1193 段
    [tok] #1202 入 2,107（新缓存 519 / 读缓存 1,586） 出 327 = 2,434 | 累计 2,761,212 tok $15.617
  已翻 1070/1193 段
    [tok] #1203 入 1,898（新缓存 310 / 读缓存 1,586） 出 43 = 1,941 | 累计 2,763,153 tok $15.623
  已翻 1071/1193 段
    [tok] #1204 入 1,978（新缓存 390 / 读缓存 1,586） 出 172 = 2,150 | 累计 2,765,303 tok $15.633
  已翻 1072/1193 段
    [tok] #1205 入 1,913（新缓存 325 / 读缓存 1,586） 出 72 = 1,985 | 累计 2,767,288 tok $15.640
    [tok] #1206 入 1,861（新缓存 273 / 读缓存 1,586） 出 64 = 1,925 | 累计 2,769,213 tok $15.646
  已翻 1073/1193 段
    [tok] #1207 入 2,189（新缓存 601 / 读缓存 1,586） 出 368 = 2,557 | 累计 2,771,770 tok $15.664
  已翻 1074/1193 段
    [tok] #1208 入 2,007（新缓存 419 / 读缓存 1,586） 出 187 = 2,194 | 累计 2,773,964 tok $15.674
    [tok] #1209 入 1,955（新缓存 367 / 读缓存 1,586） 出 209 = 2,164 | 累计 2,776,128 tok $15.685
  已翻 1075/1193 段
    [tok] #1210 入 2,263（新缓存 675 / 读缓存 1,586） 出 495 = 2,758 | 累计 2,778,886 tok $15.706
  已翻 1076/1193 段
    [tok] #1211 入 1,956（新缓存 368 / 读缓存 1,586） 出 101 = 2,057 | 累计 2,780,943 tok $15.715
  已翻 1077/1193 段
    [tok] #1212 入 2,023（新缓存 435 / 读缓存 1,586） 出 411 = 2,434 | 累计 2,783,377 tok $15.731
  已翻 1078/1193 段
    [tok] #1213 入 2,137（新缓存 549 / 读缓存 1,586） 出 317 = 2,454 | 累计 2,785,831 tok $15.747
  已翻 1079/1193 段
    [tok] #1214 入 2,308（新缓存 720 / 读缓存 1,586） 出 556 = 2,864 | 累计 2,788,695 tok $15.770
  已翻 1080/1193 段
    [tok] #1215 入 2,363（新缓存 775 / 读缓存 1,586） 出 636 = 2,999 | 累计 2,791,694 tok $15.796
  已翻 1081/1193 段
    [tok] #1216 入 2,024（新缓存 436 / 读缓存 1,586） 出 224 = 2,248 | 累计 2,793,942 tok $15.808
  已翻 1082/1193 段
    [tok] #1217 入 1,958（新缓存 370 / 读缓存 1,586） 出 109 = 2,067 | 累计 2,796,009 tok $15.816
  已翻 1083/1193 段
    [tok] #1218 入 2,026（新缓存 438 / 读缓存 1,586） 出 208 = 2,234 | 累计 2,798,243 tok $15.828
  已翻 1084/1193 段
    [tok] #1219 入 2,008（新缓存 420 / 读缓存 1,586） 出 179 = 2,187 | 累计 2,800,430 tok $15.838
  已翻 1085/1193 段
    [tok] #1220 入 1,938（新缓存 350 / 读缓存 1,586） 出 89 = 2,027 | 累计 2,802,457 tok $15.846
  已翻 1086/1193 段
    [tok] #1221 入 1,915（新缓存 327 / 读缓存 1,586） 出 104 = 2,019 | 累计 2,804,476 tok $15.854
  已翻 1087/1193 段
    [tok] #1222 入 1,945（新缓存 357 / 读缓存 1,586） 出 120 = 2,065 | 累计 2,806,541 tok $15.862
  已翻 1088/1193 段
    [tok] #1223 入 2,001（新缓存 413 / 读缓存 1,586） 出 232 = 2,233 | 累计 2,808,774 tok $15.874
  已翻 1089/1193 段
    [tok] #1224 入 1,919（新缓存 331 / 读缓存 1,586） 出 129 = 2,048 | 累计 2,810,822 tok $15.883
  已翻 1090/1193 段
    [tok] #1225 入 1,986（新缓存 398 / 读缓存 1,586） 出 194 = 2,180 | 累计 2,813,002 tok $15.893
  已翻 1091/1193 段
    [tok] #1226 入 1,956（新缓存 368 / 读缓存 1,586） 出 109 = 2,065 | 累计 2,815,067 tok $15.902
  已翻 1092/1193 段
    [tok] #1227 入 2,003（新缓存 415 / 读缓存 1,586） 出 109 = 2,112 | 累计 2,817,179 tok $15.910
  已翻 1093/1193 段
    [tok] #1228 入 2,005（新缓存 417 / 读缓存 1,586） 出 181 = 2,186 | 累计 2,819,365 tok $15.921
  已翻 1094/1193 段
    [tok] #1229 入 1,942（新缓存 354 / 读缓存 1,586） 出 116 = 2,058 | 累计 2,821,423 tok $15.929
  已翻 1095/1193 段
    [tok] #1230 入 2,382（新缓存 794 / 读缓存 1,586） 出 665 = 3,047 | 累计 2,824,470 tok $15.956
  已翻 1096/1193 段
    [tok] #1231 入 2,047（新缓存 459 / 读缓存 1,586） 出 499 = 2,546 | 累计 2,827,016 tok $15.975
  已翻 1097/1193 段
    [tok] #1232 入 1,915（新缓存 327 / 读缓存 1,586） 出 75 = 1,990 | 累计 2,829,006 tok $15.982
  已翻 1098/1193 段
    [tok] #1233 入 1,922（新缓存 334 / 读缓存 1,586） 出 64 = 1,986 | 累计 2,830,992 tok $15.989
  已翻 1099/1193 段
    [tok] #1234 入 1,917（新缓存 329 / 读缓存 1,586） 出 73 = 1,990 | 累计 2,832,982 tok $15.996
  已翻 1100/1193 段
    [tok] #1235 入 2,003（新缓存 415 / 读缓存 1,586） 出 206 = 2,209 | 累计 2,835,191 tok $16.007
  已翻 1101/1193 段
    [tok] #1236 入 2,017（新缓存 429 / 读缓存 1,586） 出 319 = 2,336 | 累计 2,837,527 tok $16.022
  已翻 1102/1193 段
    [tok] #1237 入 2,109（新缓存 521 / 读缓存 1,586） 出 343 = 2,452 | 累计 2,839,979 tok $16.037
  已翻 1103/1193 段
    [tok] #1238 入 1,992（新缓存 404 / 读缓存 1,586） 出 142 = 2,134 | 累计 2,842,113 tok $16.047
  已翻 1104/1193 段
    [tok] #1239 入 1,938（新缓存 350 / 读缓存 1,586） 出 140 = 2,078 | 累计 2,844,191 tok $16.056
  已翻 1105/1193 段
    [tok] #1240 入 2,061（新缓存 473 / 读缓存 1,586） 出 259 = 2,320 | 累计 2,846,511 tok $16.069
  已翻 1106/1193 段
    [tok] #1241 入 1,954（新缓存 366 / 读缓存 1,586） 出 104 = 2,058 | 累计 2,848,569 tok $16.077
  已翻 1107/1193 段
    [tok] #1242 入 1,957（新缓存 369 / 读缓存 1,586） 出 157 = 2,114 | 累计 2,850,683 tok $16.087
  已翻 1108/1193 段
    [tok] #1243 入 1,983（新缓存 395 / 读缓存 1,586） 出 184 = 2,167 | 累计 2,852,850 tok $16.097
  已翻 1109/1193 段
    [tok] #1244 入 2,036（新缓存 448 / 读缓存 1,586） 出 339 = 2,375 | 累计 2,855,225 tok $16.112
  已翻 1110/1193 段
    [tok] #1245 入 1,952（新缓存 364 / 读缓存 1,586） 出 131 = 2,083 | 累计 2,857,308 tok $16.121
  已翻 1111/1193 段
    [tok] #1246 入 1,950（新缓存 362 / 读缓存 1,586） 出 82 = 2,032 | 累计 2,859,340 tok $16.129
  已翻 1112/1193 段
    [tok] #1247 入 1,913（新缓存 325 / 读缓存 1,586） 出 89 = 2,002 | 累计 2,861,342 tok $16.136
  已翻 1113/1193 段
    [tok] #1248 入 2,061（新缓存 473 / 读缓存 1,586） 出 190 = 2,251 | 累计 2,863,593 tok $16.147
  已翻 1114/1193 段
    [tok] #1249 入 2,154（新缓存 566 / 读缓存 1,586） 出 588 = 2,742 | 累计 2,866,335 tok $16.170
  已翻 1115/1193 段
    [tok] #1250 入 1,952（新缓存 364 / 读缓存 1,586） 出 124 = 2,076 | 累计 2,868,411 tok $16.179
  已翻 1116/1193 段
    [tok] #1251 入 2,560（新缓存 972 / 读缓存 1,586） 出 1,019 = 3,579 | 累计 2,871,990 tok $16.216
  已翻 1117/1193 段
    [tok] #1252 入 2,307（新缓存 719 / 读缓存 1,586） 出 669 = 2,976 | 累计 2,874,966 tok $16.242
  已翻 1118/1193 段
    [tok] #1253 入 2,004（新缓存 416 / 读缓存 1,586） 出 369 = 2,373 | 累计 2,877,339 tok $16.258
  已翻 1119/1193 段
    [tok] #1254 入 1,937（新缓存 349 / 读缓存 1,586） 出 82 = 2,019 | 累计 2,879,358 tok $16.265
  已翻 1120/1193 段
    [tok] #1255 入 1,985（新缓存 397 / 读缓存 1,586） 出 186 = 2,171 | 累计 2,881,529 tok $16.276
  已翻 1121/1193 段
    [tok] #1256 入 1,898（新缓存 310 / 读缓存 1,586） 出 44 = 1,942 | 累计 2,883,471 tok $16.282
  已翻 1122/1193 段
    [tok] #1257 入 2,270（新缓存 682 / 读缓存 1,586） 出 469 = 2,739 | 累计 2,886,210 tok $16.302
  已翻 1123/1193 段
    [tok] #1258 入 2,030（新缓存 442 / 读缓存 1,586） 出 192 = 2,222 | 累计 2,888,432 tok $16.314
  已翻 1124/1193 段
    [tok] #1259 入 2,373（新缓存 785 / 读缓存 1,586） 出 1,086 = 3,459 | 累计 2,891,891 tok $16.351
  已翻 1125/1193 段
    [tok] #1260 入 2,123（新缓存 535 / 读缓存 1,586） 出 290 = 2,413 | 累计 2,894,304 tok $16.365
  已翻 1126/1193 段
    [tok] #1261 入 1,913（新缓存 325 / 读缓存 1,586） 出 54 = 1,967 | 累计 2,896,271 tok $16.372
  已翻 1127/1193 段
    [tok] #1262 入 2,026（新缓存 438 / 读缓存 1,586） 出 269 = 2,295 | 累计 2,898,566 tok $16.385
  已翻 1128/1193 段
    [tok] #1263 入 1,874（新缓存 286 / 读缓存 1,586） 出 24 = 1,898 | 累计 2,900,464 tok $16.390
  已翻 1129/1193 段
    [tok] #1264 入 2,540（新缓存 952 / 读缓存 1,586） 出 734 = 3,274 | 累计 2,903,738 tok $16.421
  已翻 1130/1193 段
    [tok] #1265 入 2,243（新缓存 655 / 读缓存 1,586） 出 439 = 2,682 | 累计 2,906,420 tok $16.440
  已翻 1131/1193 段
    [tok] #1266 入 2,209（新缓存 621 / 读缓存 1,586） 出 708 = 2,917 | 累计 2,909,337 tok $16.466
  已翻 1132/1193 段
    [tok] #1267 入 1,911（新缓存 323 / 读缓存 1,586） 出 57 = 1,968 | 累计 2,911,305 tok $16.473
  已翻 1133/1193 段
    [tok] #1268 入 2,027（新缓存 439 / 读缓存 1,586） 出 172 = 2,199 | 累计 2,913,504 tok $16.484
  已翻 1134/1193 段
    [tok] #1269 入 1,971（新缓存 383 / 读缓存 1,586） 出 475 = 2,446 | 累计 2,915,950 tok $16.501
  已翻 1135/1193 段
    [tok] #1270 入 1,912（新缓存 324 / 读缓存 1,586） 出 220 = 2,132 | 累计 2,918,082 tok $16.512
  已翻 1136/1193 段
    [tok] #1271 入 1,945（新缓存 357 / 读缓存 1,586） 出 80 = 2,025 | 累计 2,920,107 tok $16.519
  已翻 1137/1193 段
    [tok] #1272 入 2,247（新缓存 659 / 读缓存 1,586） 出 433 = 2,680 | 累计 2,922,787 tok $16.539
  已翻 1138/1193 段
    [tok] #1273 入 2,203（新缓存 615 / 读缓存 1,586） 出 472 = 2,675 | 累计 2,925,462 tok $16.559
    [tok] #1274 入 2,151（新缓存 563 / 读缓存 1,586） 出 484 = 2,635 | 累计 2,928,097 tok $16.579
  已翻 1139/1193 段
    [tok] #1275 入 2,166（新缓存 578 / 读缓存 1,586） 出 349 = 2,515 | 累计 2,930,612 tok $16.595
  已翻 1140/1193 段
    [tok] #1276 入 1,938（新缓存 350 / 读缓存 1,586） 出 88 = 2,026 | 累计 2,932,638 tok $16.603
  已翻 1141/1193 段
    [tok] #1277 入 2,023（新缓存 435 / 读缓存 1,586） 出 196 = 2,219 | 累计 2,934,857 tok $16.614
  已翻 1142/1193 段
    [tok] #1278 入 1,976（新缓存 388 / 读缓存 1,586） 出 138 = 2,114 | 累计 2,936,971 tok $16.623
  已翻 1143/1193 段
    [tok] #1279 入 2,290（新缓存 702 / 读缓存 1,586） 出 505 = 2,795 | 累计 2,939,766 tok $16.645
    [tok] #1280 入 2,238（新缓存 650 / 读缓存 1,586） 出 468 = 2,706 | 累计 2,942,472 tok $16.666
  已翻 1144/1193 段
    [tok] #1281 入 1,961（新缓存 373 / 读缓存 1,586） 出 120 = 2,081 | 累计 2,944,553 tok $16.674
  已翻 1145/1193 段
    [tok] #1282 入 1,923（新缓存 335 / 读缓存 1,586） 出 256 = 2,179 | 累计 2,946,732 tok $16.686
  已翻 1146/1193 段
    [tok] #1283 入 1,928（新缓存 340 / 读缓存 1,586） 出 81 = 2,009 | 累计 2,948,741 tok $16.693
  已翻 1147/1193 段
    [tok] #1284 入 1,942（新缓存 354 / 读缓存 1,586） 出 98 = 2,040 | 累计 2,950,781 tok $16.701
  已翻 1148/1193 段
    [tok] #1285 入 1,934（新缓存 346 / 读缓存 1,586） 出 85 = 2,019 | 累计 2,952,800 tok $16.709
  已翻 1149/1193 段
    [tok] #1286 入 1,870（新缓存 282 / 读缓存 1,586） 出 17 = 1,887 | 累计 2,954,687 tok $16.714
  已翻 1150/1193 段
    [tok] #1287 入 2,008（新缓存 420 / 读缓存 1,586） 出 487 = 2,495 | 累计 2,957,182 tok $16.732
  已翻 1151/1193 段
    [tok] #1288 入 1,916（新缓存 328 / 读缓存 1,586） 出 269 = 2,185 | 累计 2,959,367 tok $16.744
  已翻 1152/1193 段
    [tok] #1289 入 2,087（新缓存 499 / 读缓存 1,586） 出 347 = 2,434 | 累计 2,961,801 tok $16.760
  已翻 1153/1193 段
    [tok] #1290 入 1,974（新缓存 386 / 读缓存 1,586） 出 200 = 2,174 | 累计 2,963,975 tok $16.770
  已翻 1154/1193 段
    [tok] #1291 入 2,106（新缓存 518 / 读缓存 1,586） 出 319 = 2,425 | 累计 2,966,400 tok $16.786
  已翻 1155/1193 段
    [tok] #1292 入 2,350（新缓存 762 / 读缓存 1,586） 出 711 = 3,061 | 累计 2,969,461 tok $16.813
    [tok] #1293 入 2,298（新缓存 710 / 读缓存 1,586） 出 514 = 2,812 | 累计 2,972,273 tok $16.835
  已翻 1156/1193 段
    [tok] #1294 入 1,946（新缓存 358 / 读缓存 1,586） 出 90 = 2,036 | 累计 2,974,309 tok $16.843
  已翻 1157/1193 段
    [tok] #1295 入 2,070（新缓存 482 / 读缓存 1,586） 出 305 = 2,375 | 累计 2,976,684 tok $16.858
  已翻 1158/1193 段
    [tok] #1296 入 1,922（新缓存 334 / 读缓存 1,586） 出 72 = 1,994 | 累计 2,978,678 tok $16.865
  已翻 1159/1193 段
    [tok] #1297 入 1,910（新缓存 322 / 读缓存 1,586） 出 66 = 1,976 | 累计 2,980,654 tok $16.871
  已翻 1160/1193 段
    [tok] #1298 入 2,077（新缓存 489 / 读缓存 1,586） 出 273 = 2,350 | 累计 2,983,004 tok $16.885
    [tok] #1299 入 2,025（新缓存 437 / 读缓存 1,586） 出 253 = 2,278 | 累计 2,985,282 tok $16.898
  已翻 1161/1193 段
    [tok] #1300 入 1,977（新缓存 389 / 读缓存 1,586） 出 159 = 2,136 | 累计 2,987,418 tok $16.907
  已翻 1162/1193 段
    [tok] #1301 入 2,216（新缓存 628 / 读缓存 1,586） 出 651 = 2,867 | 累计 2,990,285 tok $16.932
  已翻 1163/1193 段
    [tok] #1302 入 2,248（新缓存 660 / 读缓存 1,586） 出 534 = 2,782 | 累计 2,993,067 tok $16.954
  已翻 1164/1193 段
    [tok] #1303 入 2,159（新缓存 571 / 读缓存 1,586） 出 283 = 2,442 | 累计 2,995,509 tok $16.969
  已翻 1165/1193 段
    [tok] #1304 入 2,117（新缓存 529 / 读缓存 1,586） 出 419 = 2,536 | 累计 2,998,045 tok $16.987
    [tok] #1305 入 2,065（新缓存 477 / 读缓存 1,586） 出 257 = 2,322 | 累计 3,000,367 tok $17.000
  已翻 1166/1193 段
    [tok] #1306 入 1,900（新缓存 312 / 读缓存 1,586） 出 118 = 2,018 | 累计 3,002,385 tok $17.008
  已翻 1167/1193 段
    [tok] #1307 入 1,989（新缓存 401 / 读缓存 1,586） 出 139 = 2,128 | 累计 3,004,513 tok $17.017
  已翻 1168/1193 段
    [tok] #1308 入 1,987（新缓存 399 / 读缓存 1,586） 出 139 = 2,126 | 累计 3,006,639 tok $17.027
  已翻 1169/1193 段
    [tok] #1309 入 2,240（新缓存 652 / 读缓存 1,586） 出 826 = 3,066 | 累计 3,009,705 tok $17.056
  已翻 1170/1193 段
    [tok] #1310 入 2,124（新缓存 536 / 读缓存 1,586） 出 338 = 2,462 | 累计 3,012,167 tok $17.072
    [tok] #1311 入 2,072（新缓存 484 / 读缓存 1,586） 出 528 = 2,600 | 累计 3,014,767 tok $17.092
  已翻 1171/1193 段
    [tok] #1312 入 1,894（新缓存 306 / 读缓存 1,586） 出 41 = 1,935 | 累计 3,016,702 tok $17.098
  已翻 1172/1193 段
    [tok] #1313 入 2,131（新缓存 543 / 读缓存 1,586） 出 411 = 2,542 | 累计 3,019,244 tok $17.116
  已翻 1173/1193 段
    [tok] #1314 入 1,973（新缓存 385 / 读缓存 1,586） 出 127 = 2,100 | 累计 3,021,344 tok $17.125
  已翻 1174/1193 段
    [tok] #1315 入 1,923（新缓存 335 / 读缓存 1,586） 出 76 = 1,999 | 累计 3,023,343 tok $17.132
  已翻 1175/1193 段
    [tok] #1316 入 1,925（新缓存 337 / 读缓存 1,586） 出 68 = 1,993 | 累计 3,025,336 tok $17.139
  已翻 1176/1193 段
    [tok] #1317 入 2,036（新缓存 448 / 读缓存 1,586） 出 272 = 2,308 | 累计 3,027,644 tok $17.152
  已翻 1177/1193 段
    [tok] #1318 入 2,241（新缓存 653 / 读缓存 1,586） 出 413 = 2,654 | 累计 3,030,298 tok $17.171
  已翻 1178/1193 段
    [tok] #1319 入 1,940（新缓存 352 / 读缓存 1,586） 出 238 = 2,178 | 累计 3,032,476 tok $17.182
  已翻 1179/1193 段
    [tok] #1320 入 1,910（新缓存 322 / 读缓存 1,586） 出 146 = 2,056 | 累计 3,034,532 tok $17.191
  已翻 1180/1193 段
    [tok] #1321 入 1,977（新缓存 389 / 读缓存 1,586） 出 341 = 2,318 | 累计 3,036,850 tok $17.206
  已翻 1181/1193 段
    [tok] #1322 入 1,946（新缓存 358 / 读缓存 1,586） 出 97 = 2,043 | 累计 3,038,893 tok $17.213
  已翻 1182/1193 段
    [tok] #1323 入 1,961（新缓存 373 / 读缓存 1,586） 出 118 = 2,079 | 累计 3,040,972 tok $17.222
  已翻 1183/1193 段
    [tok] #1324 入 1,938（新缓存 350 / 读缓存 1,586） 出 80 = 2,018 | 累计 3,042,990 tok $17.229
  已翻 1184/1193 段
    [tok] #1325 入 2,035（新缓存 447 / 读缓存 1,586） 出 224 = 2,259 | 累计 3,045,249 tok $17.241
  已翻 1185/1193 段
    [tok] #1326 入 2,019（新缓存 431 / 读缓存 1,586） 出 186 = 2,205 | 累计 3,047,454 tok $17.252
  已翻 1186/1193 段
    [tok] #1327 入 1,914（新缓存 326 / 读缓存 1,586） 出 57 = 1,971 | 累计 3,049,425 tok $17.259
  已翻 1187/1193 段
    [tok] #1328 入 1,925（新缓存 337 / 读缓存 1,586） 出 66 = 1,991 | 累计 3,051,416 tok $17.266
  已翻 1188/1193 段
    [tok] #1329 入 1,936（新缓存 348 / 读缓存 1,586） 出 89 = 2,025 | 累计 3,053,441 tok $17.274
  已翻 1189/1193 段
    [tok] #1330 入 1,984（新缓存 396 / 读缓存 1,586） 出 130 = 2,114 | 累计 3,055,555 tok $17.283
  已翻 1190/1193 段
    [tok] #1331 入 2,040（新缓存 452 / 读缓存 1,586） 出 198 = 2,238 | 累计 3,057,793 tok $17.294
  已翻 1191/1193 段
    [tok] #1332 入 2,031（新缓存 443 / 读缓存 1,586） 出 170 = 2,201 | 累计 3,059,994 tok $17.305
  已翻 1192/1193 段
    [tok] #1333 入 2,127（新缓存 539 / 读缓存 1,586） 出 675 = 2,802 | 累计 3,062,796 tok $17.329
  已翻 1193/1193 段
✓ 中文 raw → /Users/yanpeifa/Documents/whcjb.github.io/owen_raw/hebrews/zh_chapters/11.md  (chmod 444)
  缓存命中 1195 / 1195
✓ 中文页 → /Users/yanpeifa/Documents/whcjb.github.io/owen/hebrews/11/zh/index.md
✓ 英文页回填 zh_url → owen/hebrews/11/index.md
✓ 回填上一篇 next → 第十一章

──────── claude CLI 用量汇总 ────────
  调用      1333 次
  输入      2,713,794（未缓存 2,666 / 新建缓存 596,990 / 读缓存 2,114,138）
  输出      349,002
  合计      3,062,796 tok
  均次      2,297 tok
  费用      $17.3291
  用时      231m12s
────────────────────────────────────
════════ [3/4] owen/hebrews/12/index.md  2026-09-04 16:21:43 ════════
owen/hebrews/12/index.md: 832 个可译单元
    [tok] #1 入 1,871（新缓存 283 / 读缓存 1,586） 出 20 = 1,891 | 累计 1,891 tok $0.005
  已翻 1/830 段
    [tok] #2 入 2,026（新缓存 438 / 读缓存 1,586） 出 172 = 2,198 | 累计 4,089 tok $0.016
  已翻 2/830 段
    [tok] #3 入 2,671（新缓存 1,083 / 读缓存 1,586） 出 1,112 = 3,783 | 累计 7,872 tok $0.057
  已翻 3/830 段
    [tok] #4 入 2,125（新缓存 537 / 读缓存 1,586） 出 393 = 2,518 | 累计 10,390 tok $0.074
  已翻 4/830 段
    [tok] #5 入 1,946（新缓存 358 / 读缓存 1,586） 出 98 = 2,044 | 累计 12,434 tok $0.082
  已翻 5/830 段
    [tok] #6 入 2,085（新缓存 497 / 读缓存 1,586） 出 240 = 2,325 | 累计 14,759 tok $0.095
    [tok] #7 入 2,033（新缓存 445 / 读缓存 1,586） 出 233 = 2,266 | 累计 17,025 tok $0.107
  已翻 6/830 段
    [tok] #8 入 2,185（新缓存 597 / 读缓存 1,586） 出 354 = 2,539 | 累计 19,564 tok $0.124
    [tok] #9 入 2,133（新缓存 545 / 读缓存 1,586） 出 424 = 2,557 | 累计 22,121 tok $0.142
  已翻 7/830 段
    [tok] #10 入 1,880（新缓存 292 / 读缓存 1,586） 出 31 = 1,911 | 累计 24,032 tok $0.148
  已翻 8/830 段
    [tok] #11 入 1,958（新缓存 370 / 读缓存 1,586） 出 100 = 2,058 | 累计 26,090 tok $0.156
  已翻 9/830 段
    [tok] #12 入 2,071（新缓存 483 / 读缓存 1,586） 出 272 = 2,343 | 累计 28,433 tok $0.170
    [tok] #13 入 2,019（新缓存 431 / 读缓存 1,586） 出 256 = 2,275 | 累计 30,708 tok $0.182
  已翻 10/830 段
    [tok] #14 入 2,037（新缓存 449 / 读缓存 1,586） 出 178 = 2,215 | 累计 32,923 tok $0.193
  已翻 11/830 段
    [tok] #15 入 1,961（新缓存 373 / 读缓存 1,586） 出 89 = 2,050 | 累计 34,973 tok $0.201
  已翻 12/830 段
    [tok] #16 入 1,979（新缓存 391 / 读缓存 1,586） 出 148 = 2,127 | 累计 37,100 tok $0.211
  已翻 13/830 段
    [tok] #17 入 2,228（新缓存 640 / 读缓存 1,586） 出 466 = 2,694 | 累计 39,794 tok $0.231
  已翻 14/830 段
    [tok] #18 入 2,343（新缓存 755 / 读缓存 1,586） 出 556 = 2,899 | 累计 42,693 tok $0.255
  已翻 15/830 段
    [tok] #19 入 2,107（新缓存 519 / 读缓存 1,586） 出 390 = 2,497 | 累计 45,190 tok $0.271
  已翻 16/830 段
    [tok] #20 入 2,431（新缓存 843 / 读缓存 1,586） 出 575 = 3,006 | 累计 48,196 tok $0.297
  已翻 17/830 段
    [tok] #21 入 2,132（新缓存 544 / 读缓存 1,586） 出 301 = 2,433 | 累计 50,629 tok $0.312
  已翻 18/830 段
    [tok] #22 入 1,949（新缓存 361 / 读缓存 1,586） 出 140 = 2,089 | 累计 52,718 tok $0.321
  已翻 19/830 段
    [tok] #23 入 1,878（新缓存 290 / 读缓存 1,586） 出 29 = 1,907 | 累计 54,625 tok $0.326
  已翻 20/830 段
    [tok] #24 入 1,934（新缓存 346 / 读缓存 1,586） 出 88 = 2,022 | 累计 56,647 tok $0.334
  已翻 21/830 段
    [tok] #25 入 1,929（新缓存 341 / 读缓存 1,586） 出 70 = 1,999 | 累计 58,646 tok $0.341
  已翻 22/830 段
    [tok] #26 入 2,025（新缓存 437 / 读缓存 1,586） 出 194 = 2,219 | 累计 60,865 tok $0.352
  已翻 23/830 段
    [tok] #27 入 1,924（新缓存 336 / 读缓存 1,586） 出 89 = 2,013 | 累计 62,878 tok $0.359
  已翻 24/830 段
    [tok] #28 入 1,936（新缓存 348 / 读缓存 1,586） 出 77 = 2,013 | 累计 64,891 tok $0.367
  已翻 25/830 段
    [tok] #29 入 2,174（新缓存 586 / 读缓存 1,586） 出 317 = 2,491 | 累计 67,382 tok $0.383
    [tok] #30 入 2,122（新缓存 534 / 读缓存 1,586） 出 316 = 2,438 | 累计 69,820 tok $0.398
  已翻 26/830 段
    [tok] #31 入 2,393（新缓存 805 / 读缓存 1,586） 出 1,074 = 3,467 | 累计 73,287 tok $0.435
  已翻 27/830 段
    [tok] #32 入 2,187（新缓存 599 / 读缓存 1,586） 出 361 = 2,548 | 累计 75,835 tok $0.452
  已翻 28/830 段
    [tok] #33 入 2,293（新缓存 705 / 读缓存 1,586） 出 503 = 2,796 | 累计 78,631 tok $0.474
  已翻 29/830 段
    [tok] #34 入 2,259（新缓存 671 / 读缓存 1,586） 出 592 = 2,851 | 累计 81,482 tok $0.498
    [tok] #35 入 2,207（新缓存 619 / 读缓存 1,586） 出 401 = 2,608 | 累计 84,090 tok $0.516
  已翻 30/830 段
    [tok] #36 入 2,067（新缓存 479 / 读缓存 1,586） 出 309 = 2,376 | 累计 86,466 tok $0.530
  已翻 31/830 段
    [tok] #37 入 1,925（新缓存 337 / 读缓存 1,586） 出 70 = 1,995 | 累计 88,461 tok $0.537
    [tok] #38 入 1,873（新缓存 285 / 读缓存 1,586） 出 82 = 1,955 | 累计 90,416 tok $0.544
  已翻 32/830 段
    [tok] #39 入 1,907（新缓存 319 / 读缓存 1,586） 出 59 = 1,966 | 累计 92,382 tok $0.551
  已翻 33/830 段
    [tok] #40 入 2,182（新缓存 594 / 读缓存 1,586） 出 406 = 2,588 | 累计 94,970 tok $0.569
  已翻 34/830 段
    [tok] #41 入 2,156（新缓存 568 / 读缓存 1,586） 出 462 = 2,618 | 累计 97,588 tok $0.588
  已翻 35/830 段
    [tok] #42 入 2,142（新缓存 554 / 读缓存 1,586） 出 590 = 2,732 | 累计 100,320 tok $0.610
    [tok] #43 入 2,090（新缓存 502 / 读缓存 1,586） 出 370 = 2,460 | 累计 102,780 tok $0.627
  已翻 36/830 段
    [tok] #44 入 2,007（新缓存 419 / 读缓存 1,586） 出 294 = 2,301 | 累计 105,081 tok $0.640
  已翻 37/830 段
    [tok] #45 入 1,951（新缓存 363 / 读缓存 1,586） 出 95 = 2,046 | 累计 107,127 tok $0.648
  已翻 38/830 段
    [tok] #46 入 2,179（新缓存 591 / 读缓存 1,586） 出 387 = 2,566 | 累计 109,693 tok $0.666
  已翻 39/830 段
    [tok] #47 入 2,016（新缓存 428 / 读缓存 1,586） 出 504 = 2,520 | 累计 112,213 tok $0.685
    [tok] #48 入 1,964（新缓存 376 / 读缓存 1,586） 出 226 = 2,190 | 累计 114,403 tok $0.696
  已翻 40/830 段
    [tok] #49 入 1,967（新缓存 379 / 读缓存 1,586） 出 130 = 2,097 | 累计 116,500 tok $0.705
  已翻 41/830 段
    [tok] #50 入 2,138（新缓存 550 / 读缓存 1,586） 出 378 = 2,516 | 累计 119,016 tok $0.722
  已翻 42/830 段
    [tok] #51 入 1,947（新缓存 359 / 读缓存 1,586） 出 110 = 2,057 | 累计 121,073 tok $0.730
  已翻 43/830 段
    [tok] #52 入 2,545（新缓存 957 / 读缓存 1,586） 出 1,149 = 3,694 | 累计 124,767 tok $0.771
  已翻 44/830 段
    [tok] #53 入 2,208（新缓存 620 / 读缓存 1,586） 出 334 = 2,542 | 累计 127,309 tok $0.788
  已翻 45/830 段
    [tok] #54 入 2,256（新缓存 668 / 读缓存 1,586） 出 417 = 2,673 | 累计 129,982 tok $0.807
  已翻 46/830 段
    [tok] #55 入 1,963（新缓存 375 / 读缓存 1,586） 出 122 = 2,085 | 累计 132,067 tok $0.816
  已翻 47/830 段
    [tok] #56 入 1,912（新缓存 324 / 读缓存 1,586） 出 60 = 1,972 | 累计 134,039 tok $0.822
  已翻 48/830 段
    [tok] #57 入 2,222（新缓存 634 / 读缓存 1,586） 出 733 = 2,955 | 累计 136,994 tok $0.849
  已翻 49/830 段
    [tok] #58 入 1,921（新缓存 333 / 读缓存 1,586） 出 67 = 1,988 | 累计 138,982 tok $0.856
    [tok] #59 入 1,869（新缓存 281 / 读缓存 1,586） 出 330 = 2,199 | 累计 141,181 tok $0.869
  已翻 50/830 段
    [tok] #60 入 2,224（新缓存 636 / 读缓存 1,586） 出 422 = 2,646 | 累计 143,827 tok $0.888
  已翻 51/830 段
    [tok] #61 入 2,095（新缓存 507 / 读缓存 1,586） 出 360 = 2,455 | 累计 146,282 tok $0.904
  已翻 52/830 段
    [tok] #62 入 1,992（新缓存 404 / 读缓存 1,586） 出 132 = 2,124 | 累计 148,406 tok $0.913
  已翻 53/830 段
    [tok] #63 入 2,144（新缓存 556 / 读缓存 1,586） 出 554 = 2,698 | 累计 151,104 tok $0.935
  已翻 54/830 段
    [tok] #64 入 2,302（新缓存 714 / 读缓存 1,586） 出 509 = 2,811 | 累计 153,915 tok $0.957
  已翻 55/830 段
    [tok] #65 入 1,998（新缓存 410 / 读缓存 1,586） 出 161 = 2,159 | 累计 156,074 tok $0.967
  已翻 56/830 段
    [tok] #66 入 2,157（新缓存 569 / 读缓存 1,586） 出 571 = 2,728 | 累计 158,802 tok $0.989
  已翻 57/830 段
    [tok] #67 入 1,975（新缓存 387 / 读缓存 1,586） 出 173 = 2,148 | 累计 160,950 tok $0.999
  已翻 58/830 段
    [tok] #68 入 2,664（新缓存 1,076 / 读缓存 1,586） 出 1,018 = 3,682 | 累计 164,632 tok $1.038
  已翻 59/830 段
    [tok] #69 入 2,018（新缓存 430 / 读缓存 1,586） 出 177 = 2,195 | 累计 166,827 tok $1.048
  已翻 60/830 段
    [tok] #70 入 2,025（新缓存 437 / 读缓存 1,586） 出 261 = 2,286 | 累计 169,113 tok $1.061
  已翻 61/830 段
    [tok] #71 入 1,922（新缓存 334 / 读缓存 1,586） 出 78 = 2,000 | 累计 171,113 tok $1.068
  已翻 62/830 段
    [tok] #72 入 2,500（新缓存 912 / 读缓存 1,586） 出 743 = 3,243 | 累计 174,356 tok $1.099
  已翻 63/830 段
    [tok] #73 入 2,025（新缓存 437 / 读缓存 1,586） 出 181 = 2,206 | 累计 176,562 tok $1.109
  已翻 64/830 段
    [tok] #74 入 2,287（新缓存 699 / 读缓存 1,586） 出 736 = 3,023 | 累计 179,585 tok $1.137
  已翻 65/830 段
    [tok] #75 入 1,999（新缓存 411 / 读缓存 1,586） 出 230 = 2,229 | 累计 181,814 tok $1.149
  已翻 66/830 段
    [tok] #76 入 2,151（新缓存 563 / 读缓存 1,586） 出 345 = 2,496 | 累计 184,310 tok $1.165
  已翻 67/830 段
    [tok] #77 入 2,049（新缓存 461 / 读缓存 1,586） 出 215 = 2,264 | 累计 186,574 tok $1.177
  已翻 68/830 段
    [tok] #78 入 1,920（新缓存 332 / 读缓存 1,586） 出 74 = 1,994 | 累计 188,568 tok $1.184
  已翻 69/830 段
    [tok] #79 入 2,002（新缓存 414 / 读缓存 1,586） 出 177 = 2,179 | 累计 190,747 tok $1.195
  已翻 70/830 段
    [tok] #80 入 2,044（新缓存 456 / 读缓存 1,586） 出 256 = 2,300 | 累计 193,047 tok $1.208
  已翻 71/830 段
    [tok] #81 入 1,985（新缓存 397 / 读缓存 1,586） 出 249 = 2,234 | 累计 195,281 tok $1.220
  已翻 72/830 段
    [tok] #82 入 1,929（新缓存 341 / 读缓存 1,586） 出 97 = 2,026 | 累计 197,307 tok $1.228
  已翻 73/830 段
    [tok] #83 入 2,007（新缓存 419 / 读缓存 1,586） 出 147 = 2,154 | 累计 199,461 tok $1.237
  已翻 74/830 段
    [tok] #84 入 1,994（新缓存 406 / 读缓存 1,586） 出 204 = 2,198 | 累计 201,659 tok $1.248
  已翻 75/830 段
    [tok] #85 入 1,950（新缓存 362 / 读缓存 1,586） 出 371 = 2,321 | 累计 203,980 tok $1.263
  已翻 76/830 段
    [tok] #86 入 1,923（新缓存 335 / 读缓存 1,586） 出 93 = 2,016 | 累计 205,996 tok $1.271
  已翻 77/830 段
    [tok] #87 入 2,023（新缓存 435 / 读缓存 1,586） 出 253 = 2,276 | 累计 208,272 tok $1.283
  已翻 78/830 段
    [tok] #88 入 1,930（新缓存 342 / 读缓存 1,586） 出 78 = 2,008 | 累计 210,280 tok $1.291
  已翻 79/830 段
    [tok] #89 入 2,211（新缓存 623 / 读缓存 1,586） 出 432 = 2,643 | 累计 212,923 tok $1.310
  已翻 80/830 段
    [tok] #90 入 1,978（新缓存 390 / 读缓存 1,586） 出 265 = 2,243 | 累计 215,166 tok $1.322
  已翻 81/830 段
    [tok] #91 入 2,100（新缓存 512 / 读缓存 1,586） 出 280 = 2,380 | 累计 217,546 tok $1.337
  已翻 82/830 段
    [tok] #92 入 1,959（新缓存 371 / 读缓存 1,586） 出 126 = 2,085 | 累计 219,631 tok $1.345
  已翻 83/830 段
    [tok] #93 入 2,004（新缓存 416 / 读缓存 1,586） 出 177 = 2,181 | 累计 221,812 tok $1.356
  已翻 84/830 段
    [tok] #94 入 1,992（新缓存 404 / 读缓存 1,586） 出 228 = 2,220 | 累计 224,032 tok $1.367
  已翻 85/830 段
    [tok] #95 入 1,929（新缓存 341 / 读缓存 1,586） 出 82 = 2,011 | 累计 226,043 tok $1.375
  已翻 86/830 段
    [tok] #96 入 2,174（新缓存 586 / 读缓存 1,586） 出 444 = 2,618 | 累计 228,661 tok $1.394
  已翻 87/830 段
    [tok] #97 入 1,956（新缓存 368 / 读缓存 1,586） 出 248 = 2,204 | 累计 230,865 tok $1.406
  已翻 88/830 段
    [tok] #98 入 2,136（新缓存 548 / 读缓存 1,586） 出 316 = 2,452 | 累计 233,317 tok $1.421
  已翻 89/830 段
    [tok] #99 入 2,265（新缓存 677 / 读缓存 1,586） 出 738 = 3,003 | 累计 236,320 tok $1.449
  已翻 90/830 段
    [tok] #100 入 1,963（新缓存 375 / 读缓存 1,586） 出 154 = 2,117 | 累计 238,437 tok $1.458
  已翻 91/830 段
    [tok] #101 入 1,907（新缓存 319 / 读缓存 1,586） 出 57 = 1,964 | 累计 240,401 tok $1.465
  已翻 92/830 段
    [tok] #102 入 2,049（新缓存 461 / 读缓存 1,586） 出 194 = 2,243 | 累计 242,644 tok $1.476
  已翻 93/830 段
    [tok] #103 入 2,007（新缓存 419 / 读缓存 1,586） 出 190 = 2,197 | 累计 244,841 tok $1.487
  已翻 94/830 段
    [tok] #104 入 1,929（新缓存 341 / 读缓存 1,586） 出 76 = 2,005 | 累计 246,846 tok $1.494
  已翻 95/830 段
    [tok] #105 入 1,968（新缓存 380 / 读缓存 1,586） 出 327 = 2,295 | 累计 249,141 tok $1.508
  已翻 96/830 段
    [tok] #106 入 2,192（新缓存 604 / 读缓存 1,586） 出 347 = 2,539 | 累计 251,680 tok $1.525
  已翻 97/830 段
    [tok] #107 入 2,391（新缓存 803 / 读缓存 1,586） 出 644 = 3,035 | 累计 254,715 tok $1.551
  已翻 98/830 段
    [tok] #108 入 2,360（新缓存 772 / 读缓存 1,586） 出 671 = 3,031 | 累计 257,746 tok $1.578
    [tok] #109 入 2,308（新缓存 720 / 读缓存 1,586） 出 860 = 3,168 | 累计 260,914 tok $1.609
  已翻 99/830 段
    [tok] #110 入 1,929（新缓存 341 / 读缓存 1,586） 出 77 = 2,006 | 累计 262,920 tok $1.616
  已翻 100/830 段
    [tok] #111 入 1,920（新缓存 332 / 读缓存 1,586） 出 87 = 2,007 | 累计 264,927 tok $1.623
  已翻 101/830 段
    [tok] #112 入 2,280（新缓存 692 / 读缓存 1,586） 出 533 = 2,813 | 累计 267,740 tok $1.646
    [tok] #113 入 2,228（新缓存 640 / 读缓存 1,586） 出 760 = 2,988 | 累计 270,728 tok $1.673
  已翻 102/830 段
    [tok] #114 入 2,159（新缓存 571 / 读缓存 1,586） 出 417 = 2,576 | 累计 273,304 tok $1.691
  已翻 103/830 段
    [tok] #115 入 1,954（新缓存 366 / 读缓存 1,586） 出 97 = 2,051 | 累计 275,355 tok $1.699
  已翻 104/830 段
    [tok] #116 入 2,090（新缓存 502 / 读缓存 1,586） 出 400 = 2,490 | 累计 277,845 tok $1.716
  已翻 105/830 段
    [tok] #117 入 1,979（新缓存 391 / 读缓存 1,586） 出 142 = 2,121 | 累计 279,966 tok $1.726
  已翻 106/830 段
    [tok] #118 入 1,928（新缓存 340 / 读缓存 1,586） 出 80 = 2,008 | 累计 281,974 tok $1.733
  已翻 107/830 段
    [tok] #119 入 1,896（新缓存 308 / 读缓存 1,586） 出 46 = 1,942 | 累计 283,916 tok $1.739
  已翻 108/830 段
    [tok] #120 入 2,034（新缓存 446 / 读缓存 1,586） 出 301 = 2,335 | 累计 286,251 tok $1.753
  已翻 109/830 段
    [tok] #121 入 2,085（新缓存 497 / 读缓存 1,586） 出 323 = 2,408 | 累计 288,659 tok $1.768
  已翻 110/830 段
    [tok] #122 入 1,893（新缓存 305 / 读缓存 1,586） 出 39 = 1,932 | 累计 290,591 tok $1.774
    [tok] #123 入 1,841（新缓存 253 / 读缓存 1,586） 出 32 = 1,873 | 累计 292,464 tok $1.779
  已翻 111/830 段
    [tok] #124 入 2,000（新缓存 412 / 读缓存 1,586） 出 279 = 2,279 | 累计 294,743 tok $1.792
  已翻 112/830 段
    [tok] #125 入 2,020（新缓存 432 / 读缓存 1,586） 出 234 = 2,254 | 累计 296,997 tok $1.805
  已翻 113/830 段
    [tok] #126 入 2,010（新缓存 422 / 读缓存 1,586） 出 202 = 2,212 | 累计 299,209 tok $1.816
  已翻 114/830 段
    [tok] #127 入 2,056（新缓存 468 / 读缓存 1,586） 出 256 = 2,312 | 累计 301,521 tok $1.829
    [tok] #128 入 2,004（新缓存 416 / 读缓存 1,586） 出 605 = 2,609 | 累计 304,130 tok $1.850
  已翻 115/830 段
    [tok] #129 入 1,939（新缓存 351 / 读缓存 1,586） 出 109 = 2,048 | 累计 306,178 tok $1.858
  已翻 116/830 段
    [tok] #130 入 2,011（新缓存 423 / 读缓存 1,586） 出 235 = 2,246 | 累计 308,424 tok $1.870
  已翻 117/830 段
    [tok] #131 入 2,011（新缓存 423 / 读缓存 1,586） 出 228 = 2,239 | 累计 310,663 tok $1.882
  已翻 118/830 段
    [tok] #132 入 2,090（新缓存 502 / 读缓存 1,586） 出 350 = 2,440 | 累计 313,103 tok $1.898
  已翻 119/830 段
    [tok] #133 入 1,920（新缓存 332 / 读缓存 1,586） 出 69 = 1,989 | 累计 315,092 tok $1.905
  已翻 120/830 段
    [tok] #134 入 1,967（新缓存 379 / 读缓存 1,586） 出 140 = 2,107 | 累计 317,199 tok $1.914
  已翻 121/830 段
    [tok] #135 入 2,151（新缓存 563 / 读缓存 1,586） 出 367 = 2,518 | 累计 319,717 tok $1.931
    [tok] #136 入 2,099（新缓存 511 / 读缓存 1,586） 出 750 = 2,849 | 累计 322,566 tok $1.957
  已翻 122/830 段
    [tok] #137 入 1,967（新缓存 379 / 读缓存 1,586） 出 180 = 2,147 | 累计 324,713 tok $1.967
  已翻 123/830 段
    [tok] #138 入 2,133（新缓存 545 / 读缓存 1,586） 出 385 = 2,518 | 累计 327,231 tok $1.984
  已翻 124/830 段
    [tok] #139 入 2,063（新缓存 475 / 读缓存 1,586） 出 302 = 2,365 | 累计 329,596 tok $1.999
    [tok] #140 入 2,011（新缓存 423 / 读缓存 1,586） 出 213 = 2,224 | 累计 331,820 tok $2.010
  已翻 125/830 段
    [tok] #141 入 1,931（新缓存 343 / 读缓存 1,586） 出 93 = 2,024 | 累计 333,844 tok $2.018
  已翻 126/830 段
    [tok] #142 入 2,133（新缓存 545 / 读缓存 1,586） 出 255 = 2,388 | 累计 336,232 tok $2.032
  已翻 127/830 段
    [tok] #143 入 2,650（新缓存 1,062 / 读缓存 1,586） 出 827 = 3,477 | 累计 339,709 tok $2.065
  已翻 128/830 段
    [tok] #144 入 1,960（新缓存 372 / 读缓存 1,586） 出 187 = 2,147 | 累计 341,856 tok $2.076
    [tok] #145 入 1,908（新缓存 320 / 读缓存 1,586） 出 216 = 2,124 | 累计 343,980 tok $2.086
  已翻 129/830 段
    [tok] #146 入 1,967（新缓存 379 / 读缓存 1,586） 出 272 = 2,239 | 累计 346,219 tok $2.099
  已翻 130/830 段
    [tok] #147 入 1,916（新缓存 328 / 读缓存 1,586） 出 76 = 1,992 | 累计 348,211 tok $2.106
  已翻 131/830 段
    [tok] #148 入 2,095（新缓存 507 / 读缓存 1,586） 出 268 = 2,363 | 累计 350,574 tok $2.120
  已翻 132/830 段
    [tok] #149 入 2,302（新缓存 714 / 读缓存 1,586） 出 525 = 2,827 | 累计 353,401 tok $2.142
  已翻 133/830 段
    [tok] #150 入 1,952（新缓存 364 / 读缓存 1,586） 出 126 = 2,078 | 累计 355,479 tok $2.151
    [tok] #151 入 1,900（新缓存 312 / 读缓存 1,586） 出 439 = 2,339 | 累计 357,818 tok $2.167
  已翻 134/830 段
    [tok] #152 入 1,949（新缓存 361 / 读缓存 1,586） 出 120 = 2,069 | 累计 359,887 tok $2.175
  已翻 135/830 段
    [tok] #153 入 1,980（新缓存 392 / 读缓存 1,586） 出 244 = 2,224 | 累计 362,111 tok $2.187
  已翻 136/830 段
    [tok] #154 入 1,933（新缓存 345 / 读缓存 1,586） 出 80 = 2,013 | 累计 364,124 tok $2.194
  已翻 137/830 段
    [tok] #155 入 1,968（新缓存 380 / 读缓存 1,586） 出 126 = 2,094 | 累计 366,218 tok $2.203
  已翻 138/830 段
    [tok] #156 入 2,108（新缓存 520 / 读缓存 1,586） 出 368 = 2,476 | 累计 368,694 tok $2.220
    [tok] #157 入 2,056（新缓存 468 / 读缓存 1,586） 出 353 = 2,409 | 累计 371,103 tok $2.235
  已翻 139/830 段
    [tok] #158 入 1,991（新缓存 403 / 读缓存 1,586） 出 291 = 2,282 | 累计 373,385 tok $2.249
  已翻 140/830 段
    [tok] #159 入 2,113（新缓存 525 / 读缓存 1,586） 出 329 = 2,442 | 累计 375,827 tok $2.264
    [tok] #160 入 2,061（新缓存 473 / 读缓存 1,586） 出 478 = 2,539 | 累计 378,366 tok $2.283
  已翻 141/830 段
    [tok] #161 入 1,977（新缓存 389 / 读缓存 1,586） 出 186 = 2,163 | 累计 380,529 tok $2.293
    [tok] #162 入 1,925（新缓存 337 / 读缓存 1,586） 出 209 = 2,134 | 累计 382,663 tok $2.304
  已翻 142/830 段
    [tok] #163 入 1,897（新缓存 309 / 读缓存 1,586） 出 36 = 1,933 | 累计 384,596 tok $2.309
  已翻 143/830 段
    [tok] #164 入 1,932（新缓存 344 / 读缓存 1,586） 出 69 = 2,001 | 累计 386,597 tok $2.317
  已翻 144/830 段
    [tok] #165 入 2,078（新缓存 490 / 读缓存 1,586） 出 359 = 2,437 | 累计 389,034 tok $2.332
  已翻 145/830 段
    [tok] #166 入 1,961（新缓存 373 / 读缓存 1,586） 出 561 = 2,522 | 累计 391,556 tok $2.352
    [tok] #167 入 1,909（新缓存 321 / 读缓存 1,586） 出 761 = 2,670 | 累计 394,226 tok $2.376
  已翻 146/830 段
    [tok] #168 入 1,948（新缓存 360 / 读缓存 1,586） 出 90 = 2,038 | 累计 396,264 tok $2.384
  已翻 147/830 段
    [tok] #169 入 1,932（新缓存 344 / 读缓存 1,586） 出 90 = 2,022 | 累计 398,286 tok $2.392
  已翻 148/830 段
    [tok] #170 入 1,909（新缓存 321 / 读缓存 1,586） 出 64 = 1,973 | 累计 400,259 tok $2.398
  已翻 149/830 段
    [tok] #171 入 1,922（新缓存 334 / 读缓存 1,586） 出 97 = 2,019 | 累计 402,278 tok $2.406
  已翻 150/830 段
    [tok] #172 入 1,890（新缓存 302 / 读缓存 1,586） 出 38 = 1,928 | 累计 404,206 tok $2.412
  已翻 151/830 段
    [tok] #173 入 2,001（新缓存 413 / 读缓存 1,586） 出 242 = 2,243 | 累计 406,449 tok $2.424
  已翻 152/830 段
    [tok] #174 入 2,006（新缓存 418 / 读缓存 1,586） 出 171 = 2,177 | 累计 408,626 tok $2.434
  已翻 153/830 段
    [tok] #175 入 2,056（新缓存 468 / 读缓存 1,586） 出 323 = 2,379 | 累计 411,005 tok $2.449
  已翻 154/830 段
    [tok] #176 入 2,326（新缓存 738 / 读缓存 1,586） 出 489 = 2,815 | 累计 413,820 tok $2.471
  已翻 155/830 段
    [tok] #177 入 1,970（新缓存 382 / 读缓存 1,586） 出 336 = 2,306 | 累计 416,126 tok $2.485
  已翻 156/830 段
    [tok] #178 入 1,929（新缓存 341 / 读缓存 1,586） 出 84 = 2,013 | 累计 418,139 tok $2.492
  已翻 157/830 段
    [tok] #179 入 2,118（新缓存 530 / 读缓存 1,586） 出 661 = 2,779 | 累计 420,918 tok $2.516
  已翻 158/830 段
    [tok] #180 入 2,265（新缓存 677 / 读缓存 1,586） 出 501 = 2,766 | 累计 423,684 tok $2.538
  已翻 159/830 段
    [tok] #181 入 1,978（新缓存 390 / 读缓存 1,586） 出 123 = 2,101 | 累计 425,785 tok $2.547
  已翻 160/830 段
    [tok] #182 入 2,126（新缓存 538 / 读缓存 1,586） 出 525 = 2,651 | 累计 428,436 tok $2.567
  已翻 161/830 段
    [tok] #183 入 1,938（新缓存 350 / 读缓存 1,586） 出 104 = 2,042 | 累计 430,478 tok $2.575
  已翻 162/830 段
    [tok] #184 入 1,984（新缓存 396 / 读缓存 1,586） 出 165 = 2,149 | 累计 432,627 tok $2.585
    [tok] #185 入 1,932（新缓存 344 / 读缓存 1,586） 出 591 = 2,523 | 累计 435,150 tok $2.605
  已翻 163/830 段
    [tok] #186 入 1,941（新缓存 353 / 读缓存 1,586） 出 101 = 2,042 | 累计 437,192 tok $2.613
  已翻 164/830 段
    [tok] #187 入 2,166（新缓存 578 / 读缓存 1,586） 出 353 = 2,519 | 累计 439,711 tok $2.630
  已翻 165/830 段
    [tok] #188 入 1,886（新缓存 298 / 读缓存 1,586） 出 38 = 1,924 | 累计 441,635 tok $2.636
  已翻 166/830 段
    [tok] #189 入 1,923（新缓存 335 / 读缓存 1,586） 出 80 = 2,003 | 累计 443,638 tok $2.643
  已翻 167/830 段
    [tok] #190 入 1,900（新缓存 312 / 读缓存 1,586） 出 43 = 1,943 | 累计 445,581 tok $2.649
  已翻 168/830 段
    [tok] #191 入 1,898（新缓存 310 / 读缓存 1,586） 出 45 = 1,943 | 累计 447,524 tok $2.655
  已翻 169/830 段
    [tok] #192 入 2,020（新缓存 432 / 读缓存 1,586） 出 178 = 2,198 | 累计 449,722 tok $2.666
  已翻 170/830 段
    [tok] #193 入 1,960（新缓存 372 / 读缓存 1,586） 出 113 = 2,073 | 累计 451,795 tok $2.674
  已翻 171/830 段
    [tok] #194 入 1,995（新缓存 407 / 读缓存 1,586） 出 207 = 2,202 | 累计 453,997 tok $2.686
  已翻 172/830 段
    [tok] #195 入 2,017（新缓存 429 / 读缓存 1,586） 出 164 = 2,181 | 累计 456,178 tok $2.696
  已翻 173/830 段
    [tok] #196 入 1,937（新缓存 349 / 读缓存 1,586） 出 80 = 2,017 | 累计 458,195 tok $2.703
  已翻 174/830 段
    [tok] #197 入 2,040（新缓存 452 / 读缓存 1,586） 出 414 = 2,454 | 累计 460,649 tok $2.720
  已翻 175/830 段
    [tok] #198 入 2,021（新缓存 433 / 读缓存 1,586） 出 339 = 2,360 | 累计 463,009 tok $2.735
    [tok] #199 入 1,969（新缓存 381 / 读缓存 1,586） 出 196 = 2,165 | 累计 465,174 tok $2.746
  已翻 176/830 段
    [tok] #200 入 1,935（新缓存 347 / 读缓存 1,586） 出 78 = 2,013 | 累计 467,187 tok $2.753
  已翻 177/830 段
    [tok] #201 入 2,029（新缓存 441 / 读缓存 1,586） 出 182 = 2,211 | 累计 469,398 tok $2.764
  已翻 178/830 段
    [tok] #202 入 1,934（新缓存 346 / 读缓存 1,586） 出 81 = 2,015 | 累计 471,413 tok $2.771
  已翻 179/830 段
    [tok] #203 入 1,913（新缓存 325 / 读缓存 1,586） 出 302 = 2,215 | 累计 473,628 tok $2.784
  已翻 180/830 段
    [tok] #204 入 1,945（新缓存 357 / 读缓存 1,586） 出 100 = 2,045 | 累计 475,673 tok $2.792
  已翻 181/830 段
    [tok] #205 入 1,970（新缓存 382 / 读缓存 1,586） 出 196 = 2,166 | 累计 477,839 tok $2.803
  已翻 182/830 段
    [tok] #206 入 1,973（新缓存 385 / 读缓存 1,586） 出 401 = 2,374 | 累计 480,213 tok $2.818
  已翻 183/830 段
    [tok] #207 入 1,976（新缓存 388 / 读缓存 1,586） 出 129 = 2,105 | 累计 482,318 tok $2.827
  已翻 184/830 段
    [tok] #208 入 1,917（新缓存 329 / 读缓存 1,586） 出 82 = 1,999 | 累计 484,317 tok $2.835
  已翻 185/830 段
    [tok] #209 入 2,017（新缓存 429 / 读缓存 1,586） 出 224 = 2,241 | 累计 486,558 tok $2.846
  已翻 186/830 段
    [tok] #210 入 2,138（新缓存 550 / 读缓存 1,586） 出 311 = 2,449 | 累计 489,007 tok $2.862
  已翻 187/830 段
    [tok] #211 入 2,118（新缓存 530 / 读缓存 1,586） 出 282 = 2,400 | 累计 491,407 tok $2.876
    [tok] #212 入 2,066（新缓存 478 / 读缓存 1,586） 出 342 = 2,408 | 累计 493,815 tok $2.892
  已翻 188/830 段
    [tok] #213 入 2,082（新缓存 494 / 读缓存 1,586） 出 234 = 2,316 | 累计 496,131 tok $2.904
  已翻 189/830 段
    [tok] #214 入 2,008（新缓存 420 / 读缓存 1,586） 出 232 = 2,240 | 累计 498,371 tok $2.916
  已翻 190/830 段
    [tok] #215 入 1,994（新缓存 406 / 读缓存 1,586） 出 148 = 2,142 | 累计 500,513 tok $2.926
    [tok] #216 入 1,942（新缓存 354 / 读缓存 1,586） 出 147 = 2,089 | 累计 502,602 tok $2.935
  已翻 191/830 段
    [tok] #217 入 1,941（新缓存 353 / 读缓存 1,586） 出 247 = 2,188 | 累计 504,790 tok $2.947
  已翻 192/830 段
    [tok] #218 入 2,015（新缓存 427 / 读缓存 1,586） 出 179 = 2,194 | 累计 506,984 tok $2.957
  已翻 193/830 段
    [tok] #219 入 2,029（新缓存 441 / 读缓存 1,586） 出 215 = 2,244 | 累计 509,228 tok $2.969
  已翻 194/830 段
    [tok] #220 入 1,984（新缓存 396 / 读缓存 1,586） 出 160 = 2,144 | 累计 511,372 tok $2.979
  已翻 195/830 段
    [tok] #221 入 2,103（新缓存 515 / 读缓存 1,586） 出 304 = 2,407 | 累计 513,779 tok $2.994
  已翻 196/830 段
    [tok] #222 入 2,058（新缓存 470 / 读缓存 1,586） 出 201 = 2,259 | 累计 516,038 tok $3.006
  已翻 197/830 段
    [tok] #223 入 1,937（新缓存 349 / 读缓存 1,586） 出 104 = 2,041 | 累计 518,079 tok $3.014
  已翻 198/830 段
    [tok] #224 入 2,041（新缓存 453 / 读缓存 1,586） 出 214 = 2,255 | 累计 520,334 tok $3.025
  已翻 199/830 段
    [tok] #225 入 1,978（新缓存 390 / 读缓存 1,586） 出 143 = 2,121 | 累计 522,455 tok $3.035
  已翻 200/830 段
    [tok] #226 入 1,933（新缓存 345 / 读缓存 1,586） 出 61 = 1,994 | 累计 524,449 tok $3.042
  已翻 201/830 段
    [tok] #227 入 1,987（新缓存 399 / 读缓存 1,586） 出 121 = 2,108 | 累计 526,557 tok $3.051
  已翻 202/830 段
    [tok] #228 入 1,926（新缓存 338 / 读缓存 1,586） 出 69 = 1,995 | 累计 528,552 tok $3.058
    [tok] #229 入 1,874（新缓存 286 / 读缓存 1,586） 出 73 = 1,947 | 累计 530,499 tok $3.064
  已翻 203/830 段
    [tok] #230 入 1,999（新缓存 411 / 读缓存 1,586） 出 231 = 2,230 | 累计 532,729 tok $3.076
  已翻 204/830 段
    [tok] #231 入 2,385（新缓存 797 / 读缓存 1,586） 出 1,108 = 3,493 | 累计 536,222 tok $3.114
  已翻 205/830 段
    [tok] #232 入 2,079（新缓存 491 / 读缓存 1,586） 出 276 = 2,355 | 累计 538,577 tok $3.128
  已翻 206/830 段
    [tok] #233 入 2,658（新缓存 1,070 / 读缓存 1,586） 出 855 = 3,513 | 累计 542,090 tok $3.162
  已翻 207/830 段
    [tok] #234 入 1,949（新缓存 361 / 读缓存 1,586） 出 116 = 2,065 | 累计 544,155 tok $3.171
  已翻 208/830 段
    [tok] #235 入 1,916（新缓存 328 / 读缓存 1,586） 出 64 = 1,980 | 累计 546,135 tok $3.178
  已翻 209/830 段
    [tok] #236 入 2,116（新缓存 528 / 读缓存 1,586） 出 341 = 2,457 | 累计 548,592 tok $3.193
  已翻 210/830 段
    [tok] #237 入 1,951（新缓存 363 / 读缓存 1,586） 出 101 = 2,052 | 累计 550,644 tok $3.201
  已翻 211/830 段
    [tok] #238 入 2,072（新缓存 484 / 读缓存 1,586） 出 235 = 2,307 | 累计 552,951 tok $3.214
    [tok] #239 入 2,020（新缓存 432 / 读缓存 1,586） 出 233 = 2,253 | 累计 555,204 tok $3.226
  已翻 212/830 段
    [tok] #240 入 2,018（新缓存 430 / 读缓存 1,586） 出 176 = 2,194 | 累计 557,398 tok $3.237
  已翻 213/830 段
    [tok] #241 入 1,938（新缓存 350 / 读缓存 1,586） 出 88 = 2,026 | 累计 559,424 tok $3.245
  已翻 214/830 段
    [tok] #242 入 1,878（新缓存 290 / 读缓存 1,586） 出 22 = 1,900 | 累计 561,324 tok $3.250
  已翻 215/830 段
    [tok] #243 入 1,991（新缓存 403 / 读缓存 1,586） 出 155 = 2,146 | 累计 563,470 tok $3.260
  已翻 216/830 段
    [tok] #244 入 1,929（新缓存 341 / 读缓存 1,586） 出 109 = 2,038 | 累计 565,508 tok $3.268
  已翻 217/830 段
    [tok] #245 入 2,304（新缓存 716 / 读缓存 1,586） 出 493 = 2,797 | 累计 568,305 tok $3.289
  已翻 218/830 段
    [tok] #246 入 1,978（新缓存 390 / 读缓存 1,586） 出 244 = 2,222 | 累计 570,527 tok $3.301
    [tok] #247 入 1,926（新缓存 338 / 读缓存 1,586） 出 116 = 2,042 | 累计 572,569 tok $3.310
  已翻 219/830 段
    [tok] #248 入 1,980（新缓存 392 / 读缓存 1,586） 出 183 = 2,163 | 累计 574,732 tok $3.320
  已翻 220/830 段
    [tok] #249 入 1,902（新缓存 314 / 读缓存 1,586） 出 160 = 2,062 | 累计 576,794 tok $3.329
  已翻 221/830 段
    [tok] #250 入 1,908（新缓存 320 / 读缓存 1,586） 出 61 = 1,969 | 累计 578,763 tok $3.336
  已翻 222/830 段
    [tok] #251 入 1,971（新缓存 383 / 读缓存 1,586） 出 157 = 2,128 | 累计 580,891 tok $3.345
  已翻 223/830 段
    [tok] #252 入 2,029（新缓存 441 / 读缓存 1,586） 出 192 = 2,221 | 累计 583,112 tok $3.356
  已翻 224/830 段
    [tok] #253 入 2,019（新缓存 431 / 读缓存 1,586） 出 487 = 2,506 | 累计 585,618 tok $3.375
    [tok] #254 入 1,967（新缓存 379 / 读缓存 1,586） 出 155 = 2,122 | 累计 587,740 tok $3.385
  已翻 225/830 段
    [tok] #255 入 1,942（新缓存 354 / 读缓存 1,586） 出 169 = 2,111 | 累计 589,851 tok $3.394
  已翻 226/830 段
    [tok] #256 入 2,014（新缓存 426 / 读缓存 1,586） 出 187 = 2,201 | 累计 592,052 tok $3.405
  已翻 227/830 段
    [tok] #257 入 1,975（新缓存 387 / 读缓存 1,586） 出 154 = 2,129 | 累计 594,181 tok $3.415
  已翻 228/830 段
    [tok] #258 入 2,105（新缓存 517 / 读缓存 1,586） 出 455 = 2,560 | 累计 596,741 tok $3.433
    [tok] #259 入 2,053（新缓存 465 / 读缓存 1,586） 出 261 = 2,314 | 累计 599,055 tok $3.447
  已翻 229/830 段
    [tok] #260 入 2,009（新缓存 421 / 读缓存 1,586） 出 254 = 2,263 | 累计 601,318 tok $3.459
  已翻 230/830 段
    [tok] #261 入 1,946（新缓存 358 / 读缓存 1,586） 出 217 = 2,163 | 累计 603,481 tok $3.470
    [tok] #262 入 1,894（新缓存 306 / 读缓存 1,586） 出 146 = 2,040 | 累计 605,521 tok $3.479
  已翻 231/830 段
    [tok] #263 入 1,931（新缓存 343 / 读缓存 1,586） 出 66 = 1,997 | 累计 607,518 tok $3.485
  已翻 232/830 段
    [tok] #264 入 1,931（新缓存 343 / 读缓存 1,586） 出 65 = 1,996 | 累计 609,514 tok $3.492
  已翻 233/830 段
    [tok] #265 入 2,013（新缓存 425 / 读缓存 1,586） 出 146 = 2,159 | 累计 611,673 tok $3.502
  已翻 234/830 段
    [tok] #266 入 1,962（新缓存 374 / 读缓存 1,586） 出 122 = 2,084 | 累计 613,757 tok $3.511
  已翻 235/830 段
    [tok] #267 入 2,001（新缓存 413 / 读缓存 1,586） 出 200 = 2,201 | 累计 615,958 tok $3.522
  已翻 236/830 段
    [tok] #268 入 1,982（新缓存 394 / 读缓存 1,586） 出 169 = 2,151 | 累计 618,109 tok $3.532
    [tok] #269 入 1,930（新缓存 342 / 读缓存 1,586） 出 132 = 2,062 | 累计 620,171 tok $3.541
  已翻 237/830 段
    [tok] #270 入 1,925（新缓存 337 / 读缓存 1,586） 出 88 = 2,013 | 累计 622,184 tok $3.548
  已翻 238/830 段
    [tok] #271 入 2,365（新缓存 777 / 读缓存 1,586） 出 548 = 2,913 | 累计 625,097 tok $3.572
  已翻 239/830 段
    [tok] #272 入 1,992（新缓存 404 / 读缓存 1,586） 出 167 = 2,159 | 累计 627,256 tok $3.582
  已翻 240/830 段
    [tok] #273 入 1,957（新缓存 369 / 读缓存 1,586） 出 148 = 2,105 | 累计 629,361 tok $3.592
  已翻 241/830 段
    [tok] #274 入 1,942（新缓存 354 / 读缓存 1,586） 出 207 = 2,149 | 累计 631,510 tok $3.602
  已翻 242/830 段
    [tok] #275 入 2,026（新缓存 438 / 读缓存 1,586） 出 325 = 2,351 | 累计 633,861 tok $3.617
  已翻 243/830 段
    [tok] #276 入 1,889（新缓存 301 / 读缓存 1,586） 出 35 = 1,924 | 累计 635,785 tok $3.622
  已翻 244/830 段
    [tok] #277 入 1,931（新缓存 343 / 读缓存 1,586） 出 98 = 2,029 | 累计 637,814 tok $3.630
  已翻 245/830 段
    [tok] #278 入 1,906（新缓存 318 / 读缓存 1,586） 出 55 = 1,961 | 累计 639,775 tok $3.637
  已翻 246/830 段
    [tok] #279 入 2,026（新缓存 438 / 读缓存 1,586） 出 488 = 2,514 | 累计 642,289 tok $3.655
  已翻 247/830 段
    [tok] #280 入 2,014（新缓存 426 / 读缓存 1,586） 出 202 = 2,216 | 累计 644,505 tok $3.667
    [tok] #281 入 1,962（新缓存 374 / 读缓存 1,586） 出 256 = 2,218 | 累计 646,723 tok $3.679
  已翻 248/830 段
    [tok] #282 入 2,165（新缓存 577 / 读缓存 1,586） 出 385 = 2,550 | 累计 649,273 tok $3.696
    [tok] #283 入 2,113（新缓存 525 / 读缓存 1,586） 出 487 = 2,600 | 累计 651,873 tok $3.715
  已翻 249/830 段
    [tok] #284 入 1,875（新缓存 287 / 读缓存 1,586） 出 25 = 1,900 | 累计 653,773 tok $3.720
  已翻 250/830 段
    [tok] #285 入 1,995（新缓存 407 / 读缓存 1,586） 出 148 = 2,143 | 累计 655,916 tok $3.730
  已翻 251/830 段
    [tok] #286 入 1,908（新缓存 320 / 读缓存 1,586） 出 68 = 1,976 | 累计 657,892 tok $3.736
  已翻 252/830 段
    [tok] #287 入 2,058（新缓存 470 / 读缓存 1,586） 出 185 = 2,243 | 累计 660,135 tok $3.748
  已翻 253/830 段
    [tok] #288 入 2,039（新缓存 451 / 读缓存 1,586） 出 198 = 2,237 | 累计 662,372 tok $3.759
  已翻 254/830 段
    [tok] #289 入 1,933（新缓存 345 / 读缓存 1,586） 出 99 = 2,032 | 累计 664,404 tok $3.767
  已翻 255/830 段
    [tok] #290 入 2,113（新缓存 525 / 读缓存 1,586） 出 316 = 2,429 | 累计 666,833 tok $3.782
  已翻 256/830 段
    [tok] #291 入 1,953（新缓存 365 / 读缓存 1,586） 出 101 = 2,054 | 累计 668,887 tok $3.790
  已翻 257/830 段
    [tok] #292 入 2,120（新缓存 532 / 读缓存 1,586） 出 264 = 2,384 | 累计 671,271 tok $3.804
  已翻 258/830 段
    [tok] #293 入 1,939（新缓存 351 / 读缓存 1,586） 出 127 = 2,066 | 累计 673,337 tok $3.813
  已翻 259/830 段
    [tok] #294 入 2,067（新缓存 479 / 读缓存 1,586） 出 312 = 2,379 | 累计 675,716 tok $3.827
    [tok] #295 入 2,015（新缓存 427 / 读缓存 1,586） 出 917 = 2,932 | 累计 678,648 tok $3.857
  已翻 260/830 段
    [tok] #296 入 1,902（新缓存 314 / 读缓存 1,586） 出 47 = 1,949 | 累计 680,597 tok $3.863
  已翻 261/830 段
    [tok] #297 入 1,981（新缓存 393 / 读缓存 1,586） 出 143 = 2,124 | 累计 682,721 tok $3.872
  已翻 262/830 段
    [tok] #298 入 1,967（新缓存 379 / 读缓存 1,586） 出 118 = 2,085 | 累计 684,806 tok $3.881
  已翻 263/830 段
    [tok] #299 入 1,961（新缓存 373 / 读缓存 1,586） 出 92 = 2,053 | 累计 686,859 tok $3.889
  已翻 264/830 段
    [tok] #300 入 2,084（新缓存 496 / 读缓存 1,586） 出 557 = 2,641 | 累计 689,500 tok $3.910
    [tok] #301 入 2,032（新缓存 444 / 读缓存 1,586） 出 553 = 2,585 | 累计 692,085 tok $3.930
  已翻 265/830 段
    [tok] #302 入 2,068（新缓存 480 / 读缓存 1,586） 出 249 = 2,317 | 累计 694,402 tok $3.943
  已翻 266/830 段
    [tok] #303 入 2,103（新缓存 515 / 读缓存 1,586） 出 385 = 2,488 | 累计 696,890 tok $3.960
  已翻 267/830 段
    [tok] #304 入 2,108（新缓存 520 / 读缓存 1,586） 出 343 = 2,451 | 累计 699,341 tok $3.976
  已翻 268/830 段
    [tok] #305 入 1,965（新缓存 377 / 读缓存 1,586） 出 115 = 2,080 | 累计 701,421 tok $3.984
  已翻 269/830 段
    [tok] #306 入 1,952（新缓存 364 / 读缓存 1,586） 出 117 = 2,069 | 累计 703,490 tok $3.993
  已翻 270/830 段
    [tok] #307 入 2,045（新缓存 457 / 读缓存 1,586） 出 427 = 2,472 | 累计 705,962 tok $4.010
    [tok] #308 入 1,993（新缓存 405 / 读缓存 1,586） 出 410 = 2,403 | 累计 708,365 tok $4.026
  已翻 271/830 段
    [tok] #309 入 2,019（新缓存 431 / 读缓存 1,586） 出 365 = 2,384 | 累计 710,749 tok $4.042
    [tok] #310 入 1,967（新缓存 379 / 读缓存 1,586） 出 467 = 2,434 | 累计 713,183 tok $4.059
  已翻 272/830 段
    [tok] #311 入 1,999（新缓存 411 / 读缓存 1,586） 出 159 = 2,158 | 累计 715,341 tok $4.069
  已翻 273/830 段
    [tok] #312 入 2,131（新缓存 543 / 读缓存 1,586） 出 705 = 2,836 | 累计 718,177 tok $4.094
    [tok] #313 入 2,079（新缓存 491 / 读缓存 1,586） 出 730 = 2,809 | 累计 720,986 tok $4.119
  已翻 274/830 段
    [tok] #314 入 2,046（新缓存 458 / 读缓存 1,586） 出 259 = 2,305 | 累计 723,291 tok $4.132
    [tok] #315 入 1,994（新缓存 406 / 读缓存 1,586） 出 246 = 2,240 | 累计 725,531 tok $4.145
  已翻 275/830 段
    [tok] #316 入 2,065（新缓存 477 / 读缓存 1,586） 出 428 = 2,493 | 累计 728,024 tok $4.162
  已翻 276/830 段
    [tok] #317 入 1,993（新缓存 405 / 读缓存 1,586） 出 223 = 2,216 | 累计 730,240 tok $4.174
    [tok] #318 入 1,941（新缓存 353 / 读缓存 1,586） 出 238 = 2,179 | 累计 732,419 tok $4.185
  已翻 277/830 段
    [tok] #319 入 1,996（新缓存 408 / 读缓存 1,586） 出 225 = 2,221 | 累计 734,640 tok $4.197
  已翻 278/830 段
    [tok] #320 入 2,125（新缓存 537 / 读缓存 1,586） 出 422 = 2,547 | 累计 737,187 tok $4.215
  已翻 279/830 段
    [tok] #321 入 2,038（新缓存 450 / 读缓存 1,586） 出 261 = 2,299 | 累计 739,486 tok $4.228
  已翻 280/830 段
    [tok] #322 入 2,004（新缓存 416 / 读缓存 1,586） 出 257 = 2,261 | 累计 741,747 tok $4.240
  已翻 281/830 段
    [tok] #323 入 1,980（新缓存 392 / 读缓存 1,586） 出 119 = 2,099 | 累计 743,846 tok $4.249
    [tok] #324 入 1,928（新缓存 340 / 读缓存 1,586） 出 118 = 2,046 | 累计 745,892 tok $4.257
  已翻 282/830 段
    [tok] #325 入 1,925（新缓存 337 / 读缓存 1,586） 出 81 = 2,006 | 累计 747,898 tok $4.265
  已翻 283/830 段
    [tok] #326 入 1,956（新缓存 368 / 读缓存 1,586） 出 109 = 2,065 | 累计 749,963 tok $4.273
  已翻 284/830 段
    [tok] #327 入 2,005（新缓存 417 / 读缓存 1,586） 出 174 = 2,179 | 累计 752,142 tok $4.283
  已翻 285/830 段
    [tok] #328 入 1,929（新缓存 341 / 读缓存 1,586） 出 85 = 2,014 | 累计 754,156 tok $4.291
  已翻 286/830 段
    [tok] #329 入 1,956（新缓存 368 / 读缓存 1,586） 出 163 = 2,119 | 累计 756,275 tok $4.301
  已翻 287/830 段
    [tok] #330 入 1,921（新缓存 333 / 读缓存 1,586） 出 81 = 2,002 | 累计 758,277 tok $4.308
  已翻 288/830 段
    [tok] #331 入 2,082（新缓存 494 / 读缓存 1,586） 出 262 = 2,344 | 累计 760,621 tok $4.321
  已翻 289/830 段
    [tok] #332 入 1,912（新缓存 324 / 读缓存 1,586） 出 98 = 2,010 | 累计 762,631 tok $4.329
  已翻 290/830 段
    [tok] #333 入 2,038（新缓存 450 / 读缓存 1,586） 出 209 = 2,247 | 累计 764,878 tok $4.341
  已翻 291/830 段
    [tok] #334 入 2,054（新缓存 466 / 读缓存 1,586） 出 194 = 2,248 | 累计 767,126 tok $4.352
    [tok] #335 入 2,002（新缓存 414 / 读缓存 1,586） 出 748 = 2,750 | 累计 769,876 tok $4.377
  已翻 292/830 段
    [tok] #336 入 2,071（新缓存 483 / 读缓存 1,586） 出 324 = 2,395 | 累计 772,271 tok $4.392
    [tok] #337 入 2,019（新缓存 431 / 读缓存 1,586） 出 265 = 2,284 | 累计 774,555 tok $4.405
  已翻 293/830 段
    [tok] #338 入 1,901（新缓存 313 / 读缓存 1,586） 出 287 = 2,188 | 累计 776,743 tok $4.417
  已翻 294/830 段
    [tok] #339 入 1,970（新缓存 382 / 读缓存 1,586） 出 132 = 2,102 | 累计 778,845 tok $4.426
  已翻 295/830 段
    [tok] #340 入 2,209（新缓存 621 / 读缓存 1,586） 出 422 = 2,631 | 累计 781,476 tok $4.445
  已翻 296/830 段
    [tok] #341 入 1,944（新缓存 356 / 读缓存 1,586） 出 113 = 2,057 | 累计 783,533 tok $4.453
  已翻 297/830 段
    [tok] #342 入 1,906（新缓存 318 / 读缓存 1,586） 出 48 = 1,954 | 累计 785,487 tok $4.459
  已翻 298/830 段
    [tok] #343 入 2,058（新缓存 470 / 读缓存 1,586） 出 339 = 2,397 | 累计 787,884 tok $4.474
  已翻 299/830 段
    [tok] #344 入 2,154（新缓存 566 / 读缓存 1,586） 出 480 = 2,634 | 累计 790,518 tok $4.494
    [tok] #345 入 2,102（新缓存 514 / 读缓存 1,586） 出 485 = 2,587 | 累计 793,105 tok $4.514
  已翻 300/830 段
    [tok] #346 入 2,045（新缓存 457 / 读缓存 1,586） 出 254 = 2,299 | 累计 795,404 tok $4.526
  已翻 301/830 段
    [tok] #347 入 1,976（新缓存 388 / 读缓存 1,586） 出 150 = 2,126 | 累计 797,530 tok $4.536
  已翻 302/830 段
    [tok] #348 入 1,922（新缓存 334 / 读缓存 1,586） 出 94 = 2,016 | 累计 799,546 tok $4.544
  已翻 303/830 段
    [tok] #349 入 1,936（新缓存 348 / 读缓存 1,586） 出 84 = 2,020 | 累计 801,566 tok $4.551
  已翻 304/830 段
    [tok] #350 入 2,034（新缓存 446 / 读缓存 1,586） 出 201 = 2,235 | 累计 803,801 tok $4.563
  已翻 305/830 段
    [tok] #351 入 2,306（新缓存 718 / 读缓存 1,586） 出 451 = 2,757 | 累计 806,558 tok $4.583
  已翻 306/830 段
    [tok] #352 入 1,912（新缓存 324 / 读缓存 1,586） 出 71 = 1,983 | 累计 808,541 tok $4.590
    [tok] #353 入 1,860（新缓存 272 / 读缓存 1,586） 出 67 = 1,927 | 累计 810,468 tok $4.596
  已翻 307/830 段
    [tok] #354 入 2,083（新缓存 495 / 读缓存 1,586） 出 285 = 2,368 | 累计 812,836 tok $4.610
    [tok] #355 入 2,031（新缓存 443 / 读缓存 1,586） 出 237 = 2,268 | 累计 815,104 tok $4.623
  已翻 308/830 段
    [tok] #356 入 2,000（新缓存 412 / 读缓存 1,586） 出 196 = 2,196 | 累计 817,300 tok $4.634
  已翻 309/830 段
    [tok] #357 入 2,014（新缓存 426 / 读缓存 1,586） 出 341 = 2,355 | 累计 819,655 tok $4.648
  已翻 310/830 段
    [tok] #358 入 1,934（新缓存 346 / 读缓存 1,586） 出 62 = 1,996 | 累计 821,651 tok $4.655
  已翻 311/830 段
    [tok] #359 入 2,027（新缓存 439 / 读缓存 1,586） 出 296 = 2,323 | 累计 823,974 tok $4.669
  已翻 312/830 段
    [tok] #360 入 1,968（新缓存 380 / 读缓存 1,586） 出 348 = 2,316 | 累计 826,290 tok $4.684
  已翻 313/830 段
    [tok] #361 入 1,921（新缓存 333 / 读缓存 1,586） 出 81 = 2,002 | 累计 828,292 tok $4.691
  已翻 314/830 段
    [tok] #362 入 1,989（新缓存 401 / 读缓存 1,586） 出 376 = 2,365 | 累计 830,657 tok $4.706
  已翻 315/830 段
    [tok] #363 入 1,966（新缓存 378 / 读缓存 1,586） 出 111 = 2,077 | 累计 832,734 tok $4.715
  已翻 316/830 段
    [tok] #364 入 1,873（新缓存 285 / 读缓存 1,586） 出 28 = 1,901 | 累计 834,635 tok $4.720
  已翻 317/830 段
    [tok] #365 入 1,963（新缓存 375 / 读缓存 1,586） 出 376 = 2,339 | 累计 836,974 tok $4.735
  已翻 318/830 段
    [tok] #366 入 1,990（新缓存 402 / 读缓存 1,586） 出 209 = 2,199 | 累计 839,173 tok $4.746
  已翻 319/830 段
    [tok] #367 入 2,006（新缓存 418 / 读缓存 1,586） 出 232 = 2,238 | 累计 841,411 tok $4.758
  已翻 320/830 段
    [tok] #368 入 2,398（新缓存 810 / 读缓存 1,586） 出 778 = 3,176 | 累计 844,587 tok $4.788
  已翻 321/830 段
    [tok] #369 入 2,258（新缓存 670 / 读缓存 1,586） 出 714 = 2,972 | 累计 847,559 tok $4.815
  已翻 322/830 段
    [tok] #370 入 1,932（新缓存 344 / 读缓存 1,586） 出 68 = 2,000 | 累计 849,559 tok $4.822
  已翻 323/830 段
    [tok] #371 入 2,090（新缓存 502 / 读缓存 1,586） 出 240 = 2,330 | 累计 851,889 tok $4.835
    [tok] #372 入 2,038（新缓存 450 / 读缓存 1,586） 出 263 = 2,301 | 累计 854,190 tok $4.848
  已翻 324/830 段
    [tok] #373 入 1,948（新缓存 360 / 读缓存 1,586） 出 116 = 2,064 | 累计 856,254 tok $4.856
  已翻 325/830 段
    [tok] #374 入 1,934（新缓存 346 / 读缓存 1,586） 出 92 = 2,026 | 累计 858,280 tok $4.864
  已翻 326/830 段
    [tok] #375 入 1,940（新缓存 352 / 读缓存 1,586） 出 89 = 2,029 | 累计 860,309 tok $4.872
  已翻 327/830 段
    [tok] #376 入 1,969（新缓存 381 / 读缓存 1,586） 出 188 = 2,157 | 累计 862,466 tok $4.882
  已翻 328/830 段
    [tok] #377 入 2,177（新缓存 589 / 读缓存 1,586） 出 415 = 2,592 | 累计 865,058 tok $4.900
    [tok] #378 入 2,125（新缓存 537 / 读缓存 1,586） 出 834 = 2,959 | 累计 868,017 tok $4.929
  已翻 329/830 段
    [tok] #379 入 2,294（新缓存 706 / 读缓存 1,586） 出 693 = 2,987 | 累计 871,004 tok $4.955
    [tok] #380 入 2,242（新缓存 654 / 读缓存 1,586） 出 789 = 3,031 | 累计 874,035 tok $4.984
  已翻 330/830 段
    [tok] #381 入 2,412（新缓存 824 / 读缓存 1,586） 出 580 = 2,992 | 累计 877,027 tok $5.009
    [tok] #382 入 2,360（新缓存 772 / 读缓存 1,586） 出 570 = 2,930 | 累计 879,957 tok $5.033
  已翻 331/830 段
    [tok] #383 入 1,897（新缓存 309 / 读缓存 1,586） 出 55 = 1,952 | 累计 881,909 tok $5.039
  已翻 332/830 段
    [tok] #384 入 2,172（新缓存 584 / 读缓存 1,586） 出 417 = 2,589 | 累计 884,498 tok $5.057
  已翻 333/830 段
    [tok] #385 入 2,097（新缓存 509 / 读缓存 1,586） 出 311 = 2,408 | 累计 886,906 tok $5.072
  已翻 334/830 段
    [tok] #386 入 1,886（新缓存 298 / 读缓存 1,586） 出 43 = 1,929 | 累计 888,835 tok $5.078
  已翻 335/830 段
    [tok] #387 入 1,996（新缓存 408 / 读缓存 1,586） 出 153 = 2,149 | 累计 890,984 tok $5.088
  已翻 336/830 段
    [tok] #388 入 1,960（新缓存 372 / 读缓存 1,586） 出 164 = 2,124 | 累计 893,108 tok $5.098
  已翻 337/830 段
    [tok] #389 入 1,928（新缓存 340 / 读缓存 1,586） 出 73 = 2,001 | 累计 895,109 tok $5.105
  已翻 338/830 段
    [tok] #390 入 1,913（新缓存 325 / 读缓存 1,586） 出 67 = 1,980 | 累计 897,089 tok $5.112
  已翻 339/830 段
    [tok] #391 入 1,936（新缓存 348 / 读缓存 1,586） 出 96 = 2,032 | 累计 899,121 tok $5.120
  已翻 340/830 段
    [tok] #392 入 2,076（新缓存 488 / 读缓存 1,586） 出 248 = 2,324 | 累计 901,445 tok $5.133
  已翻 341/830 段
    [tok] #393 入 2,020（新缓存 432 / 读缓存 1,586） 出 227 = 2,247 | 累计 903,692 tok $5.145
  已翻 342/830 段
    [tok] #394 入 1,931（新缓存 343 / 读缓存 1,586） 出 77 = 2,008 | 累计 905,700 tok $5.152
  已翻 343/830 段
    [tok] #395 入 2,074（新缓存 486 / 读缓存 1,586） 出 280 = 2,354 | 累计 908,054 tok $5.166
  已翻 344/830 段
    [tok] #396 入 2,021（新缓存 433 / 读缓存 1,586） 出 168 = 2,189 | 累计 910,243 tok $5.176
  已翻 345/830 段
    [tok] #397 入 1,927（新缓存 339 / 读缓存 1,586） 出 69 = 1,996 | 累计 912,239 tok $5.183
  已翻 346/830 段
    [tok] #398 入 2,051（新缓存 463 / 读缓存 1,586） 出 253 = 2,304 | 累计 914,543 tok $5.196
  已翻 347/830 段
    [tok] #399 入 2,196（新缓存 608 / 读缓存 1,586） 出 492 = 2,688 | 累计 917,231 tok $5.217
  已翻 348/830 段
    [tok] #400 入 1,996（新缓存 408 / 读缓存 1,586） 出 157 = 2,153 | 累计 919,384 tok $5.227
  已翻 349/830 段
    [tok] #401 入 2,010（新缓存 422 / 读缓存 1,586） 出 207 = 2,217 | 累计 921,601 tok $5.238
  已翻 350/830 段
    [tok] #402 入 2,048（新缓存 460 / 读缓存 1,586） 出 291 = 2,339 | 累计 923,940 tok $5.252
  已翻 351/830 段
    [tok] #403 入 2,084（新缓存 496 / 读缓存 1,586） 出 695 = 2,779 | 累计 926,719 tok $5.276
  已翻 352/830 段
    [tok] #404 入 1,910（新缓存 322 / 读缓存 1,586） 出 82 = 1,992 | 累计 928,711 tok $5.283
  已翻 353/830 段
    [tok] #405 入 2,157（新缓存 569 / 读缓存 1,586） 出 553 = 2,710 | 累计 931,421 tok $5.305
  已翻 354/830 段
    [tok] #406 入 1,993（新缓存 405 / 读缓存 1,586） 出 158 = 2,151 | 累计 933,572 tok $5.315
  已翻 355/830 段
    [tok] #407 入 2,028（新缓存 440 / 读缓存 1,586） 出 204 = 2,232 | 累计 935,804 tok $5.326
  已翻 356/830 段
    [tok] #408 入 1,937（新缓存 349 / 读缓存 1,586） 出 84 = 2,021 | 累计 937,825 tok $5.334
  已翻 357/830 段
    [tok] #409 入 1,988（新缓存 400 / 读缓存 1,586） 出 309 = 2,297 | 累计 940,122 tok $5.348
    [tok] #410 入 1,936（新缓存 348 / 读缓存 1,586） 出 150 = 2,086 | 累计 942,208 tok $5.357
  已翻 358/830 段
    [tok] #411 入 1,988（新缓存 400 / 读缓存 1,586） 出 185 = 2,173 | 累计 944,381 tok $5.367
  已翻 359/830 段
    [tok] #412 入 1,934（新缓存 346 / 读缓存 1,586） 出 99 = 2,033 | 累计 946,414 tok $5.375
  已翻 360/830 段
    [tok] #413 入 1,926（新缓存 338 / 读缓存 1,586） 出 96 = 2,022 | 累计 948,436 tok $5.383
  已翻 361/830 段
    [tok] #414 入 2,050（新缓存 462 / 读缓存 1,586） 出 270 = 2,320 | 累计 950,756 tok $5.396
  已翻 362/830 段
    [tok] #415 入 1,912（新缓存 324 / 读缓存 1,586） 出 155 = 2,067 | 累计 952,823 tok $5.405
  已翻 363/830 段
    [tok] #416 入 2,008（新缓存 420 / 读缓存 1,586） 出 183 = 2,191 | 累计 955,014 tok $5.416
  已翻 364/830 段
    [tok] #417 入 1,945（新缓存 357 / 读缓存 1,586） 出 83 = 2,028 | 累计 957,042 tok $5.423
  已翻 365/830 段
    [tok] #418 入 1,911（新缓存 323 / 读缓存 1,586） 出 61 = 1,972 | 累计 959,014 tok $5.430
  已翻 366/830 段
    [tok] #419 入 2,080（新缓存 492 / 读缓存 1,586） 出 303 = 2,383 | 累计 961,397 tok $5.445
  已翻 367/830 段
    [tok] #420 入 2,211（新缓存 623 / 读缓存 1,586） 出 445 = 2,656 | 累计 964,053 tok $5.464
  已翻 368/830 段
    [tok] #421 入 1,981（新缓存 393 / 读缓存 1,586） 出 196 = 2,177 | 累计 966,230 tok $5.475
  已翻 369/830 段
    [tok] #422 入 2,176（新缓存 588 / 读缓存 1,586） 出 481 = 2,657 | 累计 968,887 tok $5.495
    [tok] #423 入 2,124（新缓存 536 / 读缓存 1,586） 出 465 = 2,589 | 累计 971,476 tok $5.514
  已翻 370/830 段
    [tok] #424 入 2,276（新缓存 688 / 读缓存 1,586） 出 698 = 2,974 | 累计 974,450 tok $5.540
    [tok] #425 入 2,224（新缓存 636 / 读缓存 1,586） 出 492 = 2,716 | 累计 977,166 tok $5.561
  已翻 371/830 段
    [tok] #426 入 1,932（新缓存 344 / 读缓存 1,586） 出 94 = 2,026 | 累计 979,192 tok $5.569
  已翻 372/830 段
    [tok] #427 入 2,000（新缓存 412 / 读缓存 1,586） 出 329 = 2,329 | 累计 981,521 tok $5.583
    [tok] #428 入 1,948（新缓存 360 / 读缓存 1,586） 出 157 = 2,105 | 累计 983,626 tok $5.592
  已翻 373/830 段
    [tok] #429 入 1,941（新缓存 353 / 读缓存 1,586） 出 101 = 2,042 | 累计 985,668 tok $5.600
  已翻 374/830 段
    [tok] #430 入 1,916（新缓存 328 / 读缓存 1,586） 出 381 = 2,297 | 累计 987,965 tok $5.615
  已翻 375/830 段
    [tok] #431 入 2,224（新缓存 636 / 读缓存 1,586） 出 461 = 2,685 | 累计 990,650 tok $5.635
  已翻 376/830 段
    [tok] #432 入 1,971（新缓存 383 / 读缓存 1,586） 出 260 = 2,231 | 累计 992,881 tok $5.647
  已翻 377/830 段
    [tok] #433 入 2,150（新缓存 562 / 读缓存 1,586） 出 450 = 2,600 | 累计 995,481 tok $5.666
  已翻 378/830 段
    [tok] #434 入 2,065（新缓存 477 / 读缓存 1,586） 出 529 = 2,594 | 累计 998,075 tok $5.686
  已翻 379/830 段
    [tok] #435 入 2,078（新缓存 490 / 读缓存 1,586） 出 276 = 2,354 | 累计 1,000,429 tok $5.700
    [tok] #436 入 2,026（新缓存 438 / 读缓存 1,586） 出 973 = 2,999 | 累计 1,003,428 tok $5.731
  已翻 380/830 段
    [tok] #437 入 1,912（新缓存 324 / 读缓存 1,586） 出 62 = 1,974 | 累计 1,005,402 tok $5.738
  已翻 381/830 段
    [tok] #438 入 1,912（新缓存 324 / 读缓存 1,586） 出 114 = 2,026 | 累计 1,007,428 tok $5.746
  已翻 382/830 段
    [tok] #439 入 1,938（新缓存 350 / 读缓存 1,586） 出 115 = 2,053 | 累计 1,009,481 tok $5.754
  已翻 383/830 段
    [tok] #440 入 1,925（新缓存 337 / 读缓存 1,586） 出 79 = 2,004 | 累计 1,011,485 tok $5.761
  已翻 384/830 段
    [tok] #441 入 1,952（新缓存 364 / 读缓存 1,586） 出 109 = 2,061 | 累计 1,013,546 tok $5.769
  已翻 385/830 段
    [tok] #442 入 1,946（新缓存 358 / 读缓存 1,586） 出 196 = 2,142 | 累计 1,015,688 tok $5.780
  已翻 386/830 段
    [tok] #443 入 1,925（新缓存 337 / 读缓存 1,586） 出 81 = 2,006 | 累计 1,017,694 tok $5.787
  已翻 387/830 段
    [tok] #444 入 2,059（新缓存 471 / 读缓存 1,586） 出 262 = 2,321 | 累计 1,020,015 tok $5.800
  已翻 388/830 段
    [tok] #445 入 1,945（新缓存 357 / 读缓存 1,586） 出 126 = 2,071 | 累计 1,022,086 tok $5.809
  已翻 389/830 段
    [tok] #446 入 2,018（新缓存 430 / 读缓存 1,586） 出 297 = 2,315 | 累计 1,024,401 tok $5.823
  已翻 390/830 段
    [tok] #447 入 1,900（新缓存 312 / 读缓存 1,586） 出 49 = 1,949 | 累计 1,026,350 tok $5.829
  已翻 391/830 段
    [tok] #448 入 1,913（新缓存 325 / 读缓存 1,586） 出 71 = 1,984 | 累计 1,028,334 tok $5.836
  已翻 392/830 段
    [tok] #449 入 1,968（新缓存 380 / 读缓存 1,586） 出 106 = 2,074 | 累计 1,030,408 tok $5.844
  已翻 393/830 段
    [tok] #450 入 2,322（新缓存 734 / 读缓存 1,586） 出 701 = 3,023 | 累计 1,033,431 tok $5.871
    [tok] #451 入 2,270（新缓存 682 / 读缓存 1,586） 出 542 = 2,812 | 累计 1,036,243 tok $5.894
  已翻 394/830 段
    [tok] #452 入 1,993（新缓存 405 / 读缓存 1,586） 出 179 = 2,172 | 累计 1,038,415 tok $5.904
  已翻 395/830 段
    [tok] #453 入 2,054（新缓存 466 / 读缓存 1,586） 出 198 = 2,252 | 累计 1,040,667 tok $5.916
    [tok] #454 入 2,002（新缓存 414 / 读缓存 1,586） 出 199 = 2,201 | 累计 1,042,868 tok $5.927
  已翻 396/830 段
    [tok] #455 入 2,163（新缓存 575 / 读缓存 1,586） 出 568 = 2,731 | 累计 1,045,599 tok $5.949
    [tok] #456 入 2,111（新缓存 523 / 读缓存 1,586） 出 748 = 2,859 | 累计 1,048,458 tok $5.975
  已翻 397/830 段
    [tok] #457 入 2,083（新缓存 495 / 读缓存 1,586） 出 303 = 2,386 | 累计 1,050,844 tok $5.989
    [tok] #458 入 2,031（新缓存 443 / 读缓存 1,586） 出 256 = 2,287 | 累计 1,053,131 tok $6.002
  已翻 398/830 段
    [tok] #459 入 2,305（新缓存 717 / 读缓存 1,586） 出 965 = 3,270 | 累计 1,056,401 tok $6.036
  已翻 399/830 段
    [tok] #460 入 1,977（新缓存 389 / 读缓存 1,586） 出 178 = 2,155 | 累计 1,058,556 tok $6.046
  已翻 400/830 段
    [tok] #461 入 1,915（新缓存 327 / 读缓存 1,586） 出 60 = 1,975 | 累计 1,060,531 tok $6.052
  已翻 401/830 段
    [tok] #462 入 2,115（新缓存 527 / 读缓存 1,586） 出 301 = 2,416 | 累计 1,062,947 tok $6.067
  已翻 402/830 段
    [tok] #463 入 2,006（新缓存 418 / 读缓存 1,586） 出 176 = 2,182 | 累计 1,065,129 tok $6.078
  已翻 403/830 段
    [tok] #464 入 2,421（新缓存 833 / 读缓存 1,586） 出 777 = 3,198 | 累计 1,068,327 tok $6.108
  已翻 404/830 段
    [tok] #465 入 1,939（新缓存 351 / 读缓存 1,586） 出 107 = 2,046 | 累计 1,070,373 tok $6.116
  已翻 405/830 段
    [tok] #466 入 1,949（新缓存 361 / 读缓存 1,586） 出 90 = 2,039 | 累计 1,072,412 tok $6.124
  已翻 406/830 段
    [tok] #467 入 1,916（新缓存 328 / 读缓存 1,586） 出 236 = 2,152 | 累计 1,074,564 tok $6.135
    [tok] #468 入 1,864（新缓存 276 / 读缓存 1,586） 出 416 = 2,280 | 累计 1,076,844 tok $6.150
  已翻 407/830 段
    [tok] #469 入 1,901（新缓存 313 / 读缓存 1,586） 出 51 = 1,952 | 累计 1,078,796 tok $6.156
  已翻 408/830 段
    [tok] #470 入 1,980（新缓存 392 / 读缓存 1,586） 出 177 = 2,157 | 累计 1,080,953 tok $6.166
  已翻 409/830 段
    [tok] #471 入 1,986（新缓存 398 / 读缓存 1,586） 出 183 = 2,169 | 累计 1,083,122 tok $6.177
  已翻 410/830 段
    [tok] #472 入 2,024（新缓存 436 / 读缓存 1,586） 出 278 = 2,302 | 累计 1,085,424 tok $6.190
  已翻 411/830 段
    [tok] #473 入 2,152（新缓存 564 / 读缓存 1,586） 出 1,206 = 3,358 | 累计 1,088,782 tok $6.228
    [tok] #474 入 2,100（新缓存 512 / 读缓存 1,586） 出 1,330 = 3,430 | 累计 1,092,212 tok $6.268
  已翻 412/830 段
    [tok] #475 入 1,997（新缓存 409 / 读缓存 1,586） 出 363 = 2,360 | 累计 1,094,572 tok $6.284
    [tok] #476 入 1,945（新缓存 357 / 读缓存 1,586） 出 428 = 2,373 | 累计 1,096,945 tok $6.300
  已翻 413/830 段
    [tok] #477 入 1,930（新缓存 342 / 读缓存 1,586） 出 114 = 2,044 | 累计 1,098,989 tok $6.308
  已翻 414/830 段
    [tok] #478 入 1,916（新缓存 328 / 读缓存 1,586） 出 68 = 1,984 | 累计 1,100,973 tok $6.315
  已翻 415/830 段
    [tok] #479 入 1,979（新缓存 391 / 读缓存 1,586） 出 214 = 2,193 | 累计 1,103,166 tok $6.326
  已翻 416/830 段
    [tok] #480 入 2,140（新缓存 552 / 读缓存 1,586） 出 210 = 2,350 | 累计 1,105,516 tok $6.339
  已翻 417/830 段
    [tok] #481 入 1,997（新缓存 409 / 读缓存 1,586） 出 164 = 2,161 | 累计 1,107,677 tok $6.349
  已翻 418/830 段
    [tok] #482 入 2,095（新缓存 507 / 读缓存 1,586） 出 466 = 2,561 | 累计 1,110,238 tok $6.368
  已翻 419/830 段
    [tok] #483 入 2,043（新缓存 455 / 读缓存 1,586） 出 261 = 2,304 | 累计 1,112,542 tok $6.381
  已翻 420/830 段
    [tok] #484 入 2,099（新缓存 511 / 读缓存 1,586） 出 253 = 2,352 | 累计 1,114,894 tok $6.394
    [tok] #485 入 2,047（新缓存 459 / 读缓存 1,586） 出 476 = 2,523 | 累计 1,117,417 tok $6.413
  已翻 421/830 段
    [tok] #486 入 1,960（新缓存 372 / 读缓存 1,586） 出 117 = 2,077 | 累计 1,119,494 tok $6.421
  已翻 422/830 段
    [tok] #487 入 2,054（新缓存 466 / 读缓存 1,586） 出 246 = 2,300 | 累计 1,121,794 tok $6.434
  已翻 423/830 段
    [tok] #488 入 2,235（新缓存 647 / 读缓存 1,586） 出 358 = 2,593 | 累计 1,124,387 tok $6.452
  已翻 424/830 段
    [tok] #489 入 2,023（新缓存 435 / 读缓存 1,586） 出 245 = 2,268 | 累计 1,126,655 tok $6.464
  已翻 425/830 段
    [tok] #490 入 1,958（新缓存 370 / 读缓存 1,586） 出 120 = 2,078 | 累计 1,128,733 tok $6.471
  已翻 426/830 段
    [tok] #491 入 1,977（新缓存 389 / 读缓存 1,586） 出 180 = 2,157 | 累计 1,130,890 tok $6.482
  已翻 427/830 段
    [tok] #492 入 1,993（新缓存 405 / 读缓存 1,586） 出 154 = 2,147 | 累计 1,133,037 tok $6.492
  已翻 428/830 段
    [tok] #493 入 1,929（新缓存 341 / 读缓存 1,586） 出 82 = 2,011 | 累计 1,135,048 tok $6.499
  已翻 429/830 段
    [tok] #494 入 2,154（新缓存 566 / 读缓存 1,586） 出 536 = 2,690 | 累计 1,137,738 tok $6.520
  已翻 430/830 段
    [tok] #495 入 1,981（新缓存 393 / 读缓存 1,586） 出 128 = 2,109 | 累计 1,139,847 tok $6.529
  已翻 431/830 段
    [tok] #496 入 1,997（新缓存 409 / 读缓存 1,586） 出 135 = 2,132 | 累计 1,141,979 tok $6.539
  已翻 432/830 段
    [tok] #497 入 2,535（新缓存 947 / 读缓存 1,586） 出 1,157 = 3,692 | 累计 1,145,671 tok $6.579
  已翻 433/830 段
    [tok] #498 入 2,099（新缓存 511 / 读缓存 1,586） 出 380 = 2,479 | 累计 1,148,150 tok $6.596
    [tok] #499 入 2,047（新缓存 459 / 读缓存 1,586） 出 402 = 2,449 | 累计 1,150,599 tok $6.613
  已翻 434/830 段
    [tok] #500 入 2,179（新缓存 591 / 读缓存 1,586） 出 453 = 2,632 | 累计 1,153,231 tok $6.632
  已翻 435/830 段
    [tok] #501 入 2,367（新缓存 779 / 读缓存 1,586） 出 613 = 2,980 | 累计 1,156,211 tok $6.657
  已翻 436/830 段
    [tok] #502 入 2,165（新缓存 577 / 读缓存 1,586） 出 526 = 2,691 | 累计 1,158,902 tok $6.678
  已翻 437/830 段
    [tok] #503 入 2,032（新缓存 444 / 读缓存 1,586） 出 247 = 2,279 | 累计 1,161,181 tok $6.691
    [tok] #504 入 1,980（新缓存 392 / 读缓存 1,586） 出 536 = 2,516 | 累计 1,163,697 tok $6.710
  已翻 438/830 段
    [tok] #505 入 2,030（新缓存 442 / 读缓存 1,586） 出 201 = 2,231 | 累计 1,165,928 tok $6.722
  已翻 439/830 段
    [tok] #506 入 1,976（新缓存 388 / 读缓存 1,586） 出 169 = 2,145 | 累计 1,168,073 tok $6.732
  已翻 440/830 段
    [tok] #507 入 1,903（新缓存 315 / 读缓存 1,586） 出 47 = 1,950 | 累计 1,170,023 tok $6.738
  已翻 441/830 段
    [tok] #508 入 1,922（新缓存 334 / 读缓存 1,586） 出 79 = 2,001 | 累计 1,172,024 tok $6.745
  已翻 442/830 段
    [tok] #509 入 1,941（新缓存 353 / 读缓存 1,586） 出 94 = 2,035 | 累计 1,174,059 tok $6.753
  已翻 443/830 段
    [tok] #510 入 2,073（新缓存 485 / 读缓存 1,586） 出 323 = 2,396 | 累计 1,176,455 tok $6.768
  已翻 444/830 段
    [tok] #511 入 1,946（新缓存 358 / 读缓存 1,586） 出 288 = 2,234 | 累计 1,178,689 tok $6.781
  已翻 445/830 段
    [tok] #512 入 2,022（新缓存 434 / 读缓存 1,586） 出 419 = 2,441 | 累计 1,181,130 tok $6.797
    [tok] #513 入 1,970（新缓存 382 / 读缓存 1,586） 出 563 = 2,533 | 累计 1,183,663 tok $6.817
  已翻 446/830 段
    [tok] #514 入 1,960（新缓存 372 / 读缓存 1,586） 出 164 = 2,124 | 累计 1,185,787 tok $6.827
  已翻 447/830 段
    [tok] #515 入 1,958（新缓存 370 / 读缓存 1,586） 出 462 = 2,420 | 累计 1,188,207 tok $6.844
  已翻 448/830 段
    [tok] #516 入 2,002（新缓存 414 / 读缓存 1,586） 出 203 = 2,205 | 累计 1,190,412 tok $6.855
  已翻 449/830 段
    [tok] #517 入 2,092（新缓存 504 / 读缓存 1,586） 出 235 = 2,327 | 累计 1,192,739 tok $6.868
  已翻 450/830 段
    [tok] #518 入 2,042（新缓存 454 / 读缓存 1,586） 出 175 = 2,217 | 累计 1,194,956 tok $6.879
  已翻 451/830 段
    [tok] #519 入 2,052（新缓存 464 / 读缓存 1,586） 出 229 = 2,281 | 累计 1,197,237 tok $6.891
  已翻 452/830 段
    [tok] #520 入 2,035（新缓存 447 / 读缓存 1,586） 出 233 = 2,268 | 累计 1,199,505 tok $6.904
  已翻 453/830 段
    [tok] #521 入 1,954（新缓存 366 / 读缓存 1,586） 出 351 = 2,305 | 累计 1,201,810 tok $6.918
    [tok] #522 入 1,902（新缓存 314 / 读缓存 1,586） 出 194 = 2,096 | 累计 1,203,906 tok $6.928
  已翻 454/830 段
    [tok] #523 入 2,032（新缓存 444 / 读缓存 1,586） 出 234 = 2,266 | 累计 1,206,172 tok $6.940
  已翻 455/830 段
    [tok] #524 入 2,059（新缓存 471 / 读缓存 1,586） 出 299 = 2,358 | 累计 1,208,530 tok $6.954
  已翻 456/830 段
    [tok] #525 入 2,169（新缓存 581 / 读缓存 1,586） 出 355 = 2,524 | 累计 1,211,054 tok $6.971
  已翻 457/830 段
    [tok] #526 入 2,049（新缓存 461 / 读缓存 1,586） 出 218 = 2,267 | 累计 1,213,321 tok $6.983
  已翻 458/830 段
    [tok] #527 入 2,241（新缓存 653 / 读缓存 1,586） 出 397 = 2,638 | 累计 1,215,959 tok $7.002
  已翻 459/830 段
    [tok] #528 入 1,928（新缓存 340 / 读缓存 1,586） 出 69 = 1,997 | 累计 1,217,956 tok $7.009
  已翻 460/830 段
    [tok] #529 入 1,950（新缓存 362 / 读缓存 1,586） 出 102 = 2,052 | 累计 1,220,008 tok $7.017
  已翻 461/830 段
    [tok] #530 入 2,188（新缓存 600 / 读缓存 1,586） 出 452 = 2,640 | 累计 1,222,648 tok $7.036
  已翻 462/830 段
    [tok] #531 入 1,921（新缓存 333 / 读缓存 1,586） 出 78 = 1,999 | 累计 1,224,647 tok $7.043
  已翻 463/830 段
    [tok] #532 入 2,138（新缓存 550 / 读缓存 1,586） 出 898 = 3,036 | 累计 1,227,683 tok $7.073
  已翻 464/830 段
    [tok] #533 入 1,910（新缓存 322 / 读缓存 1,586） 出 54 = 1,964 | 累计 1,229,647 tok $7.080
  已翻 465/830 段
    [tok] #534 入 2,042（新缓存 454 / 读缓存 1,586） 出 555 = 2,597 | 累计 1,232,244 tok $7.100
  已翻 466/830 段
    [tok] #535 入 2,063（新缓存 475 / 读缓存 1,586） 出 299 = 2,362 | 累计 1,234,606 tok $7.114
  已翻 467/830 段
    [tok] #536 入 2,000（新缓存 412 / 读缓存 1,586） 出 179 = 2,179 | 累计 1,236,785 tok $7.125
  已翻 468/830 段
    [tok] #537 入 1,925（新缓存 337 / 读缓存 1,586） 出 66 = 1,991 | 累计 1,238,776 tok $7.132
  已翻 469/830 段
    [tok] #538 入 2,286（新缓存 698 / 读缓存 1,586） 出 698 = 2,984 | 累计 1,241,760 tok $7.159
  已翻 470/830 段
    [tok] #539 入 2,028（新缓存 440 / 读缓存 1,586） 出 321 = 2,349 | 累计 1,244,109 tok $7.173
  已翻 471/830 段
    [tok] #540 入 1,996（新缓存 408 / 读缓存 1,586） 出 138 = 2,134 | 累计 1,246,243 tok $7.182
  已翻 472/830 段
    [tok] #541 入 2,280（新缓存 692 / 读缓存 1,586） 出 428 = 2,708 | 累计 1,248,951 tok $7.202
  已翻 473/830 段
    [tok] #542 入 2,013（新缓存 425 / 读缓存 1,586） 出 197 = 2,210 | 累计 1,251,161 tok $7.213
  已翻 474/830 段
    [tok] #543 入 2,016（新缓存 428 / 读缓存 1,586） 出 180 = 2,196 | 累计 1,253,357 tok $7.224
  已翻 475/830 段
    [tok] #544 入 2,099（新缓存 511 / 读缓存 1,586） 出 283 = 2,382 | 累计 1,255,739 tok $7.238
    [tok] #545 入 2,047（新缓存 459 / 读缓存 1,586） 出 315 = 2,362 | 累计 1,258,101 tok $7.253
  已翻 476/830 段
    [tok] #546 入 2,343（新缓存 755 / 读缓存 1,586） 出 776 = 3,119 | 累计 1,261,220 tok $7.282
  已翻 477/830 段
    [tok] #547 入 1,882（新缓存 294 / 读缓存 1,586） 出 32 = 1,914 | 累计 1,263,134 tok $7.288
  已翻 478/830 段
    [tok] #548 入 1,962（新缓存 374 / 读缓存 1,586） 出 119 = 2,081 | 累计 1,265,215 tok $7.296
    [tok] #549 入 1,910（新缓存 322 / 读缓存 1,586） 出 169 = 2,079 | 累计 1,267,294 tok $7.305
  已翻 479/830 段
    [tok] #550 入 1,932（新缓存 344 / 读缓存 1,586） 出 150 = 2,082 | 累计 1,269,376 tok $7.315
  已翻 480/830 段
    [tok] #551 入 2,129（新缓存 541 / 读缓存 1,586） 出 598 = 2,727 | 累计 1,272,103 tok $7.337
  已翻 481/830 段
    [tok] #552 入 1,927（新缓存 339 / 读缓存 1,586） 出 71 = 1,998 | 累计 1,274,101 tok $7.344
  已翻 482/830 段
    [tok] #553 入 1,982（新缓存 394 / 读缓存 1,586） 出 146 = 2,128 | 累计 1,276,229 tok $7.354
    [tok] #554 入 1,930（新缓存 342 / 读缓存 1,586） 出 228 = 2,158 | 累计 1,278,387 tok $7.365
  已翻 483/830 段
    [tok] #555 入 2,095（新缓存 507 / 读缓存 1,586） 出 252 = 2,347 | 累计 1,280,734 tok $7.378
  已翻 484/830 段
    [tok] #556 入 2,112（新缓存 524 / 读缓存 1,586） 出 307 = 2,419 | 累计 1,283,153 tok $7.393
  已翻 485/830 段
    [tok] #557 入 1,886（新缓存 298 / 读缓存 1,586） 出 46 = 1,932 | 累计 1,285,085 tok $7.399
  已翻 486/830 段
    [tok] #558 入 2,125（新缓存 537 / 读缓存 1,586） 出 300 = 2,425 | 累计 1,287,510 tok $7.414
  已翻 487/830 段
    [tok] #559 入 2,375（新缓存 787 / 读缓存 1,586） 出 757 = 3,132 | 累计 1,290,642 tok $7.443
  已翻 488/830 段
    [tok] #560 入 2,029（新缓存 441 / 读缓存 1,586） 出 165 = 2,194 | 累计 1,292,836 tok $7.453
  已翻 489/830 段
    [tok] #561 入 2,191（新缓存 603 / 读缓存 1,586） 出 327 = 2,518 | 累计 1,295,354 tok $7.470
  已翻 490/830 段
    [tok] #562 入 2,245（新缓存 657 / 读缓存 1,586） 出 1,031 = 3,276 | 累计 1,298,630 tok $7.504
  已翻 491/830 段
    [tok] #563 入 1,932（新缓存 344 / 读缓存 1,586） 出 155 = 2,087 | 累计 1,300,717 tok $7.513
  已翻 492/830 段
    [tok] #564 入 1,989（新缓存 401 / 读缓存 1,586） 出 147 = 2,136 | 累计 1,302,853 tok $7.523
  已翻 493/830 段
    [tok] #565 入 2,031（新缓存 443 / 读缓存 1,586） 出 238 = 2,269 | 累计 1,305,122 tok $7.535
  已翻 494/830 段
    [tok] #566 入 2,133（新缓存 545 / 读缓存 1,586） 出 282 = 2,415 | 累计 1,307,537 tok $7.550
  已翻 495/830 段
    [tok] #567 入 1,980（新缓存 392 / 读缓存 1,586） 出 173 = 2,153 | 累计 1,309,690 tok $7.560
  已翻 496/830 段
    [tok] #568 入 2,073（新缓存 485 / 读缓存 1,586） 出 315 = 2,388 | 累计 1,312,078 tok $7.575
  已翻 497/830 段
    [tok] #569 入 1,950（新缓存 362 / 读缓存 1,586） 出 114 = 2,064 | 累计 1,314,142 tok $7.583
  已翻 498/830 段
    [tok] #570 入 2,008（新缓存 420 / 读缓存 1,586） 出 628 = 2,636 | 累计 1,316,778 tok $7.605
    [tok] #571 入 1,956（新缓存 368 / 读缓存 1,586） 出 513 = 2,469 | 累计 1,319,247 tok $7.624
  已翻 499/830 段
    [tok] #572 入 1,919（新缓存 331 / 读缓存 1,586） 出 60 = 1,979 | 累计 1,321,226 tok $7.630
  已翻 500/830 段
    [tok] #573 入 1,930（新缓存 342 / 读缓存 1,586） 出 86 = 2,016 | 累计 1,323,242 tok $7.638
  已翻 501/830 段
    [tok] #574 入 1,931（新缓存 343 / 读缓存 1,586） 出 78 = 2,009 | 累计 1,325,251 tok $7.645
  已翻 502/830 段
    [tok] #575 入 1,957（新缓存 369 / 读缓存 1,586） 出 122 = 2,079 | 累计 1,327,330 tok $7.654
  已翻 503/830 段
    [tok] #576 入 1,944（新缓存 356 / 读缓存 1,586） 出 91 = 2,035 | 累计 1,329,365 tok $7.661
  已翻 504/830 段
    [tok] #577 入 2,025（新缓存 437 / 读缓存 1,586） 出 180 = 2,205 | 累计 1,331,570 tok $7.672
  已翻 505/830 段
    [tok] #578 入 2,172（新缓存 584 / 读缓存 1,586） 出 372 = 2,544 | 累计 1,334,114 tok $7.689
  已翻 506/830 段
    [tok] #579 入 2,046（新缓存 458 / 读缓存 1,586） 出 200 = 2,246 | 累计 1,336,360 tok $7.701
  已翻 507/830 段
    [tok] #580 入 2,163（新缓存 575 / 读缓存 1,586） 出 345 = 2,508 | 累计 1,338,868 tok $7.717
  已翻 508/830 段
    [tok] #581 入 1,984（新缓存 396 / 读缓存 1,586） 出 154 = 2,138 | 累计 1,341,006 tok $7.727
  已翻 509/830 段
    [tok] #582 入 2,086（新缓存 498 / 读缓存 1,586） 出 257 = 2,343 | 累计 1,343,349 tok $7.741
  已翻 510/830 段
    [tok] #583 入 2,442（新缓存 854 / 读缓存 1,586） 出 635 = 3,077 | 累计 1,346,426 tok $7.767
  已翻 511/830 段
    [tok] #584 入 2,031（新缓存 443 / 读缓存 1,586） 出 312 = 2,343 | 累计 1,348,769 tok $7.780
    [tok] #585 入 1,979（新缓存 391 / 读缓存 1,586） 出 204 = 2,183 | 累计 1,350,952 tok $7.791
  已翻 512/830 段
    [tok] #586 入 1,938（新缓存 350 / 读缓存 1,586） 出 83 = 2,021 | 累计 1,352,973 tok $7.799
  已翻 513/830 段
    [tok] #587 入 2,113（新缓存 525 / 读缓存 1,586） 出 329 = 2,442 | 累计 1,355,415 tok $7.814
  已翻 514/830 段
    [tok] #588 入 1,879（新缓存 291 / 读缓存 1,586） 出 31 = 1,910 | 累计 1,357,325 tok $7.820
  已翻 515/830 段
    [tok] #589 入 2,053（新缓存 465 / 读缓存 1,586） 出 503 = 2,556 | 累计 1,359,881 tok $7.839
  已翻 516/830 段
    [tok] #590 入 2,020（新缓存 432 / 读缓存 1,586） 出 197 = 2,217 | 累计 1,362,098 tok $7.850
  已翻 517/830 段
    [tok] #591 入 1,886（新缓存 298 / 读缓存 1,586） 出 35 = 1,921 | 累计 1,364,019 tok $7.856
  已翻 518/830 段
    [tok] #592 入 2,056（新缓存 468 / 读缓存 1,586） 出 271 = 2,327 | 累计 1,366,346 tok $7.870
  已翻 519/830 段
    [tok] #593 入 1,921（新缓存 333 / 读缓存 1,586） 出 208 = 2,129 | 累计 1,368,475 tok $7.880
  已翻 520/830 段
    [tok] #594 入 2,093（新缓存 505 / 读缓存 1,586） 出 359 = 2,452 | 累计 1,370,927 tok $7.896
  已翻 521/830 段
    [tok] #595 入 2,085（新缓存 497 / 读缓存 1,586） 出 306 = 2,391 | 累计 1,373,318 tok $7.911
  已翻 522/830 段
    [tok] #596 入 1,949（新缓存 361 / 读缓存 1,586） 出 115 = 2,064 | 累计 1,375,382 tok $7.919
  已翻 523/830 段
    [tok] #597 入 1,969（新缓存 381 / 读缓存 1,586） 出 309 = 2,278 | 累计 1,377,660 tok $7.933
  已翻 524/830 段
    [tok] #598 入 1,887（新缓存 299 / 读缓存 1,586） 出 38 = 1,925 | 累计 1,379,585 tok $7.938
  已翻 525/830 段
    [tok] #599 入 2,211（新缓存 623 / 读缓存 1,586） 出 399 = 2,610 | 累计 1,382,195 tok $7.957
  已翻 526/830 段
    [tok] #600 入 2,303（新缓存 715 / 读缓存 1,586） 出 707 = 3,010 | 累计 1,385,205 tok $7.984
    [tok] #601 入 2,251（新缓存 663 / 读缓存 1,586） 出 485 = 2,736 | 累计 1,387,941 tok $8.005
  已翻 527/830 段
    [tok] #602 入 2,242（新缓存 654 / 读缓存 1,586） 出 427 = 2,669 | 累计 1,390,610 tok $8.024
  已翻 528/830 段
    [tok] #603 入 2,066（新缓存 478 / 读缓存 1,586） 出 294 = 2,360 | 累计 1,392,970 tok $8.038
  已翻 529/830 段
    [tok] #604 入 2,294（新缓存 706 / 读缓存 1,586） 出 433 = 2,727 | 累计 1,395,697 tok $8.058
  已翻 530/830 段
    [tok] #605 入 1,906（新缓存 318 / 读缓存 1,586） 出 62 = 1,968 | 累计 1,397,665 tok $8.065
  已翻 531/830 段
    [tok] #606 入 1,957（新缓存 369 / 读缓存 1,586） 出 147 = 2,104 | 累计 1,399,769 tok $8.074
  已翻 532/830 段
    [tok] #607 入 2,029（新缓存 441 / 读缓存 1,586） 出 189 = 2,218 | 累计 1,401,987 tok $8.085
  已翻 533/830 段
    [tok] #608 入 2,035（新缓存 447 / 读缓存 1,586） 出 178 = 2,213 | 累计 1,404,200 tok $8.096
  已翻 534/830 段
    [tok] #609 入 2,258（新缓存 670 / 读缓存 1,586） 出 501 = 2,759 | 累计 1,406,959 tok $8.117
  已翻 535/830 段
    [tok] #610 入 2,761（新缓存 1,173 / 读缓存 1,586） 出 1,015 = 3,776 | 累计 1,410,735 tok $8.157
  已翻 536/830 段
    [tok] #611 入 2,348（新缓存 760 / 读缓存 1,586） 出 607 = 2,955 | 累计 1,413,690 tok $8.182
  已翻 537/830 段
    [tok] #612 入 2,929（新缓存 1,341 / 读缓存 1,586） 出 1,281 = 4,210 | 累计 1,417,900 tok $8.230
  已翻 538/830 段
    [tok] #613 入 2,334（新缓存 746 / 读缓存 1,586） 出 686 = 3,020 | 累计 1,420,920 tok $8.257
  已翻 539/830 段
    [tok] #614 入 2,220（新缓存 632 / 读缓存 1,586） 出 510 = 2,730 | 累计 1,423,650 tok $8.278
  已翻 540/830 段
    [tok] #615 入 2,469（新缓存 881 / 读缓存 1,586） 出 1,789 = 4,258 | 累计 1,427,908 tok $8.334
  已翻 541/830 段
    [tok] #616 入 2,383（新缓存 795 / 读缓存 1,586） 出 602 = 2,985 | 累计 1,430,893 tok $8.359
  已翻 542/830 段
    [tok] #617 入 2,018（新缓存 430 / 读缓存 1,586） 出 184 = 2,202 | 累计 1,433,095 tok $8.370
  已翻 543/830 段
    [tok] #618 入 2,289（新缓存 701 / 读缓存 1,586） 出 798 = 3,087 | 累计 1,436,182 tok $8.399
  已翻 544/830 段
    [tok] #619 入 1,950（新缓存 362 / 读缓存 1,586） 出 100 = 2,050 | 累计 1,438,232 tok $8.407
  已翻 545/830 段
    [tok] #620 入 2,333（新缓存 745 / 读缓存 1,586） 出 508 = 2,841 | 累计 1,441,073 tok $8.430
  已翻 546/830 段
    [tok] #621 入 2,001（新缓存 413 / 读缓存 1,586） 出 200 = 2,201 | 累计 1,443,274 tok $8.441
  已翻 547/830 段
    [tok] #622 入 2,253（新缓存 665 / 读缓存 1,586） 出 439 = 2,692 | 累计 1,445,966 tok $8.460
  已翻 548/830 段
    [tok] #623 入 2,058（新缓存 470 / 读缓存 1,586） 出 461 = 2,519 | 累计 1,448,485 tok $8.479
    [tok] #624 入 2,006（新缓存 418 / 读缓存 1,586） 出 434 = 2,440 | 累计 1,450,925 tok $8.496
  已翻 549/830 段
    [tok] #625 入 1,948（新缓存 360 / 读缓存 1,586） 出 110 = 2,058 | 累计 1,452,983 tok $8.504
  已翻 550/830 段
    [tok] #626 入 2,078（新缓存 490 / 读缓存 1,586） 出 211 = 2,289 | 累计 1,455,272 tok $8.516
  已翻 551/830 段
    [tok] #627 入 2,252（新缓存 664 / 读缓存 1,586） 出 529 = 2,781 | 累计 1,458,053 tok $8.538
  已翻 552/830 段
    [tok] #628 入 2,185（新缓存 597 / 读缓存 1,586） 出 288 = 2,473 | 累计 1,460,526 tok $8.553
  已翻 553/830 段
    [tok] #629 入 2,026（新缓存 438 / 读缓存 1,586） 出 252 = 2,278 | 累计 1,462,804 tok $8.566
    [tok] #630 入 1,974（新缓存 386 / 读缓存 1,586） 出 309 = 2,283 | 累计 1,465,087 tok $8.580
  已翻 554/830 段
    [tok] #631 入 2,032（新缓存 444 / 读缓存 1,586） 出 172 = 2,204 | 累计 1,467,291 tok $8.590
  已翻 555/830 段
    [tok] #632 入 2,223（新缓存 635 / 读缓存 1,586） 出 402 = 2,625 | 累计 1,469,916 tok $8.609
  已翻 556/830 段
    [tok] #633 入 1,939（新缓存 351 / 读缓存 1,586） 出 98 = 2,037 | 累计 1,471,953 tok $8.617
  已翻 557/830 段
    [tok] #634 入 2,240（新缓存 652 / 读缓存 1,586） 出 428 = 2,668 | 累计 1,474,621 tok $8.636
  已翻 558/830 段
    [tok] #635 入 2,050（新缓存 462 / 读缓存 1,586） 出 187 = 2,237 | 累计 1,476,858 tok $8.647
  已翻 559/830 段
    [tok] #636 入 2,278（新缓存 690 / 读缓存 1,586） 出 482 = 2,760 | 累计 1,479,618 tok $8.668
  已翻 560/830 段
    [tok] #637 入 2,242（新缓存 654 / 读缓存 1,586） 出 398 = 2,640 | 累计 1,482,258 tok $8.687
  已翻 561/830 段
    [tok] #638 入 2,020（新缓存 432 / 读缓存 1,586） 出 193 = 2,213 | 累计 1,484,471 tok $8.698
  已翻 562/830 段
    [tok] #639 入 1,971（新缓存 383 / 读缓存 1,586） 出 144 = 2,115 | 累计 1,486,586 tok $8.708
  已翻 563/830 段
    [tok] #640 入 1,971（新缓存 383 / 读缓存 1,586） 出 162 = 2,133 | 累计 1,488,719 tok $8.717
  已翻 564/830 段
    [tok] #641 入 2,148（新缓存 560 / 读缓存 1,586） 出 744 = 2,892 | 累计 1,491,611 tok $8.744
  已翻 565/830 段
    [tok] #642 入 2,251（新缓存 663 / 读缓存 1,586） 出 571 = 2,822 | 累计 1,494,433 tok $8.767
  已翻 566/830 段
    [tok] #643 入 2,063（新缓存 475 / 读缓存 1,586） 出 229 = 2,292 | 累计 1,496,725 tok $8.779
  已翻 567/830 段
    [tok] #644 入 1,933（新缓存 345 / 读缓存 1,586） 出 78 = 2,011 | 累计 1,498,736 tok $8.786
  已翻 568/830 段
    [tok] #645 入 1,949（新缓存 361 / 读缓存 1,586） 出 112 = 2,061 | 累计 1,500,797 tok $8.795
  已翻 569/830 段
    [tok] #646 入 1,935（新缓存 347 / 读缓存 1,586） 出 103 = 2,038 | 累计 1,502,835 tok $8.803
  已翻 570/830 段
    [tok] #647 入 2,041（新缓存 453 / 读缓存 1,586） 出 595 = 2,636 | 累计 1,505,471 tok $8.824
  已翻 571/830 段
    [tok] #648 入 2,015（新缓存 427 / 读缓存 1,586） 出 220 = 2,235 | 累计 1,507,706 tok $8.836
  已翻 572/830 段
    [tok] #649 入 2,057（新缓存 469 / 读缓存 1,586） 出 347 = 2,404 | 累计 1,510,110 tok $8.851
  已翻 573/830 段
    [tok] #650 入 2,033（新缓存 445 / 读缓存 1,586） 出 315 = 2,348 | 累计 1,512,458 tok $8.866
  已翻 574/830 段
    [tok] #651 入 2,174（新缓存 586 / 读缓存 1,586） 出 996 = 3,170 | 累计 1,515,628 tok $8.898
    [tok] #652 入 2,122（新缓存 534 / 读缓存 1,586） 出 758 = 2,880 | 累计 1,518,508 tok $8.925
  已翻 575/830 段
    [tok] #653 入 1,935（新缓存 347 / 读缓存 1,586） 出 96 = 2,031 | 累计 1,520,539 tok $8.933
  已翻 576/830 段
    [tok] #654 入 2,233（新缓存 645 / 读缓存 1,586） 出 506 = 2,739 | 累计 1,523,278 tok $8.954
  已翻 577/830 段
    [tok] #655 入 1,944（新缓存 356 / 读缓存 1,586） 出 91 = 2,035 | 累计 1,525,313 tok $8.961
  已翻 578/830 段
    [tok] #656 入 2,107（新缓存 519 / 读缓存 1,586） 出 272 = 2,379 | 累计 1,527,692 tok $8.976
    [tok] #657 入 2,055（新缓存 467 / 读缓存 1,586） 出 463 = 2,518 | 累计 1,530,210 tok $8.994
  已翻 579/830 段
    [tok] #658 入 1,950（新缓存 362 / 读缓存 1,586） 出 157 = 2,107 | 累计 1,532,317 tok $9.003
  已翻 580/830 段
    [tok] #659 入 1,927（新缓存 339 / 读缓存 1,586） 出 86 = 2,013 | 累计 1,534,330 tok $9.011
  已翻 581/830 段
    [tok] #660 入 1,996（新缓存 408 / 读缓存 1,586） 出 187 = 2,183 | 累计 1,536,513 tok $9.021
  已翻 582/830 段
    [tok] #661 入 1,896（新缓存 308 / 读缓存 1,586） 出 112 = 2,008 | 累计 1,538,521 tok $9.029
  已翻 583/830 段
    [tok] #662 入 1,892（新缓存 304 / 读缓存 1,586） 出 47 = 1,939 | 累计 1,540,460 tok $9.035
    [tok] #663 入 1,840（新缓存 252 / 读缓存 1,586） 出 240 = 2,080 | 累计 1,542,540 tok $9.046
  已翻 584/830 段
    [tok] #664 入 1,899（新缓存 311 / 读缓存 1,586） 出 128 = 2,027 | 累计 1,544,567 tok $9.054
  已翻 585/830 段
    [tok] #665 入 2,135（新缓存 547 / 读缓存 1,586） 出 463 = 2,598 | 累计 1,547,165 tok $9.073
  已翻 586/830 段
    [tok] #666 入 2,186（新缓存 598 / 读缓存 1,586） 出 360 = 2,546 | 累计 1,549,711 tok $9.090
  已翻 587/830 段
    [tok] #667 入 1,899（新缓存 311 / 读缓存 1,586） 出 47 = 1,946 | 累计 1,551,657 tok $9.096
  已翻 588/830 段
    [tok] #668 入 2,185（新缓存 597 / 读缓存 1,586） 出 454 = 2,639 | 累计 1,554,296 tok $9.115
  已翻 589/830 段
    [tok] #669 入 2,121（新缓存 533 / 读缓存 1,586） 出 418 = 2,539 | 累计 1,556,835 tok $9.133
  已翻 590/830 段
    [tok] #670 入 1,976（新缓存 388 / 读缓存 1,586） 出 139 = 2,115 | 累计 1,558,950 tok $9.143
  已翻 591/830 段
    [tok] #671 入 2,117（新缓存 529 / 读缓存 1,586） 出 353 = 2,470 | 累计 1,561,420 tok $9.159
  已翻 592/830 段
    [tok] #672 入 2,067（新缓存 479 / 读缓存 1,586） 出 285 = 2,352 | 累计 1,563,772 tok $9.173
  已翻 593/830 段
    [tok] #673 入 2,123（新缓存 535 / 读缓存 1,586） 出 282 = 2,405 | 累计 1,566,177 tok $9.187
  已翻 594/830 段
    [tok] #674 入 2,164（新缓存 576 / 读缓存 1,586） 出 320 = 2,484 | 累计 1,568,661 tok $9.203
  已翻 595/830 段
    [tok] #675 入 1,936（新缓存 348 / 读缓存 1,586） 出 104 = 2,040 | 累计 1,570,701 tok $9.211
  已翻 596/830 段
    [tok] #676 入 2,040（新缓存 452 / 读缓存 1,586） 出 199 = 2,239 | 累计 1,572,940 tok $9.222
  已翻 597/830 段
    [tok] #677 入 1,945（新缓存 357 / 读缓存 1,586） 出 85 = 2,030 | 累计 1,574,970 tok $9.230
  已翻 598/830 段
    [tok] #678 入 2,155（新缓存 567 / 读缓存 1,586） 出 423 = 2,578 | 累计 1,577,548 tok $9.248
  已翻 599/830 段
    [tok] #679 入 1,958（新缓存 370 / 读缓存 1,586） 出 126 = 2,084 | 累计 1,579,632 tok $9.257
  已翻 600/830 段
    [tok] #680 入 2,022（新缓存 434 / 读缓存 1,586） 出 384 = 2,406 | 累计 1,582,038 tok $9.273
  已翻 601/830 段
    [tok] #681 入 2,019（新缓存 431 / 读缓存 1,586） 出 243 = 2,262 | 累计 1,584,300 tok $9.285
  已翻 602/830 段
    [tok] #682 入 2,128（新缓存 540 / 读缓存 1,586） 出 360 = 2,488 | 累计 1,586,788 tok $9.302
  已翻 603/830 段
    [tok] #683 入 2,144（新缓存 556 / 读缓存 1,586） 出 472 = 2,616 | 累计 1,589,404 tok $9.321
    [tok] #684 入 2,092（新缓存 504 / 读缓存 1,586） 出 295 = 2,387 | 累计 1,591,791 tok $9.336
  已翻 604/830 段
    [tok] #685 入 2,171（新缓存 583 / 读缓存 1,586） 出 321 = 2,492 | 累计 1,594,283 tok $9.352
  已翻 605/830 段
    [tok] #686 入 1,947（新缓存 359 / 读缓存 1,586） 出 100 = 2,047 | 累计 1,596,330 tok $9.360
  已翻 606/830 段
    [tok] #687 入 2,016（新缓存 428 / 读缓存 1,586） 出 196 = 2,212 | 累计 1,598,542 tok $9.371
  已翻 607/830 段
    [tok] #688 入 1,910（新缓存 322 / 读缓存 1,586） 出 58 = 1,968 | 累计 1,600,510 tok $9.377
  已翻 608/830 段
    [tok] #689 入 2,127（新缓存 539 / 读缓存 1,586） 出 363 = 2,490 | 累计 1,603,000 tok $9.394
    [tok] #690 入 2,075（新缓存 487 / 读缓存 1,586） 出 245 = 2,320 | 累计 1,605,320 tok $9.407
  已翻 609/830 段
    [tok] #691 入 1,981（新缓存 393 / 读缓存 1,586） 出 340 = 2,321 | 累计 1,607,641 tok $9.421
  已翻 610/830 段
    [tok] #692 入 1,999（新缓存 411 / 读缓存 1,586） 出 146 = 2,145 | 累计 1,609,786 tok $9.431
  已翻 611/830 段
    [tok] #693 入 2,128（新缓存 540 / 读缓存 1,586） 出 384 = 2,512 | 累计 1,612,298 tok $9.448
  已翻 612/830 段
    [tok] #694 入 2,672（新缓存 1,084 / 读缓存 1,586） 出 811 = 3,483 | 累计 1,615,781 tok $9.482
  已翻 613/830 段
    [tok] #695 入 2,008（新缓存 420 / 读缓存 1,586） 出 186 = 2,194 | 累计 1,617,975 tok $9.492
  已翻 614/830 段
    [tok] #696 入 2,113（新缓存 525 / 读缓存 1,586） 出 351 = 2,464 | 累计 1,620,439 tok $9.508
  已翻 615/830 段
    [tok] #697 入 1,961（新缓存 373 / 读缓存 1,586） 出 132 = 2,093 | 累计 1,622,532 tok $9.517
  已翻 616/830 段
    [tok] #698 入 2,005（新缓存 417 / 读缓存 1,586） 出 151 = 2,156 | 累计 1,624,688 tok $9.527
  已翻 617/830 段
    [tok] #699 入 1,901（新缓存 313 / 读缓存 1,586） 出 64 = 1,965 | 累计 1,626,653 tok $9.534
  已翻 618/830 段
    [tok] #700 入 1,961（新缓存 373 / 读缓存 1,586） 出 114 = 2,075 | 累计 1,628,728 tok $9.542
  已翻 619/830 段
    [tok] #701 入 1,933（新缓存 345 / 读缓存 1,586） 出 98 = 2,031 | 累计 1,630,759 tok $9.550
  已翻 620/830 段
    [tok] #702 入 2,229（新缓存 641 / 读缓存 1,586） 出 590 = 2,819 | 累计 1,633,578 tok $9.574
    [tok] #703 入 2,177（新缓存 589 / 读缓存 1,586） 出 470 = 2,647 | 累计 1,636,225 tok $9.593
  已翻 621/830 段
    [tok] #704 入 1,991（新缓存 403 / 读缓存 1,586） 出 176 = 2,167 | 累计 1,638,392 tok $9.604
  已翻 622/830 段
    [tok] #705 入 2,358（新缓存 770 / 读缓存 1,586） 出 512 = 2,870 | 累计 1,641,262 tok $9.626
  已翻 623/830 段
    [tok] #706 入 2,124（新缓存 536 / 读缓存 1,586） 出 287 = 2,411 | 累计 1,643,673 tok $9.641
  已翻 624/830 段
    [tok] #707 入 2,025（新缓存 437 / 读缓存 1,586） 出 232 = 2,257 | 累计 1,645,930 tok $9.653
    [tok] #708 入 1,973（新缓存 385 / 读缓存 1,586） 出 217 = 2,190 | 累计 1,648,120 tok $9.664
  已翻 625/830 段
    [tok] #709 入 2,088（新缓存 500 / 读缓存 1,586） 出 222 = 2,310 | 累计 1,650,430 tok $9.677
  已翻 626/830 段
    [tok] #710 入 2,015（新缓存 427 / 读缓存 1,586） 出 380 = 2,395 | 累计 1,652,825 tok $9.693
    [tok] #711 入 1,963（新缓存 375 / 读缓存 1,586） 出 429 = 2,392 | 累计 1,655,217 tok $9.709
  已翻 627/830 段
    [tok] #712 入 1,943（新缓存 355 / 读缓存 1,586） 出 102 = 2,045 | 累计 1,657,262 tok $9.717
  已翻 628/830 段
    [tok] #713 入 1,909（新缓存 321 / 读缓存 1,586） 出 63 = 1,972 | 累计 1,659,234 tok $9.724
  已翻 629/830 段
    [tok] #714 入 1,925（新缓存 337 / 读缓存 1,586） 出 72 = 1,997 | 累计 1,661,231 tok $9.731
  已翻 630/830 段
    [tok] #715 入 1,882（新缓存 294 / 读缓存 1,586） 出 39 = 1,921 | 累计 1,663,152 tok $9.736
  已翻 631/830 段
    [tok] #716 入 1,943（新缓存 355 / 读缓存 1,586） 出 91 = 2,034 | 累计 1,665,186 tok $9.744
  已翻 632/830 段
    [tok] #717 入 2,261（新缓存 673 / 读缓存 1,586） 出 354 = 2,615 | 累计 1,667,801 tok $9.762
  已翻 633/830 段
    [tok] #718 入 2,659（新缓存 1,071 / 读缓存 1,586） 出 998 = 3,657 | 累计 1,671,458 tok $9.800
  已翻 634/830 段
    [tok] #719 入 2,125（新缓存 537 / 读缓存 1,586） 出 255 = 2,380 | 累计 1,673,838 tok $9.814
  已翻 635/830 段
    [tok] #720 入 2,278（新缓存 690 / 读缓存 1,586） 出 714 = 2,992 | 累计 1,676,830 tok $9.841
    [tok] #721 入 2,226（新缓存 638 / 读缓存 1,586） 出 457 = 2,683 | 累计 1,679,513 tok $9.861
  已翻 636/830 段
    [tok] #722 入 1,960（新缓存 372 / 读缓存 1,586） 出 257 = 2,217 | 累计 1,681,730 tok $9.873
    [tok] #723 入 1,908（新缓存 320 / 读缓存 1,586） 出 311 = 2,219 | 累计 1,683,949 tok $9.886
  已翻 637/830 段
    [tok] #724 入 2,029（新缓存 441 / 读缓存 1,586） 出 302 = 2,331 | 累计 1,686,280 tok $9.899
  已翻 638/830 段
    [tok] #725 入 1,988（新缓存 400 / 读缓存 1,586） 出 174 = 2,162 | 累计 1,688,442 tok $9.910
  已翻 639/830 段
    [tok] #726 入 1,947（新缓存 359 / 读缓存 1,586） 出 278 = 2,225 | 累计 1,690,667 tok $9.922
    [tok] #727 入 1,895（新缓存 307 / 读缓存 1,586） 出 295 = 2,190 | 累计 1,692,857 tok $9.934
  已翻 640/830 段
    [tok] #728 入 2,202（新缓存 614 / 读缓存 1,586） 出 361 = 2,563 | 累计 1,695,420 tok $9.952
  已翻 641/830 段
    [tok] #729 入 2,330（新缓存 742 / 读缓存 1,586） 出 482 = 2,812 | 累计 1,698,232 tok $9.973
  已翻 642/830 段
    [tok] #730 入 2,501（新缓存 913 / 读缓存 1,586） 出 1,090 = 3,591 | 累计 1,701,823 tok $10.012
    [tok] #731 入 2,449（新缓存 861 / 读缓存 1,586） 出 1,190 = 3,639 | 累计 1,705,462 tok $10.053
  已翻 643/830 段
    [tok] #732 入 2,398（新缓存 810 / 读缓存 1,586） 出 875 = 3,273 | 累计 1,708,735 tok $10.085
  已翻 644/830 段
    [tok] #733 入 0（新缓存 0 / 读缓存 0） 出 0 = 0 | 累计 1,708,735 tok $10.094
  已翻 645/830 段
    [tok] #734 入 2,097（新缓存 509 / 读缓存 1,586） 出 253 = 2,350 | 累计 1,711,085 tok $10.107
    [tok] #735 入 2,045（新缓存 457 / 读缓存 1,586） 出 467 = 2,512 | 累计 1,713,597 tok $10.125
  已翻 646/830 段
    [tok] #736 入 2,196（新缓存 608 / 读缓存 1,586） 出 450 = 2,646 | 累计 1,716,243 tok $10.145
  已翻 647/830 段
    [tok] #737 入 2,037（新缓存 449 / 读缓存 1,586） 出 192 = 2,229 | 累计 1,718,472 tok $10.156
  已翻 648/830 段
    [tok] #738 入 2,102（新缓存 514 / 读缓存 1,586） 出 537 = 2,639 | 累计 1,721,111 tok $10.176
  已翻 649/830 段
    [tok] #739 入 2,264（新缓存 676 / 读缓存 1,586） 出 460 = 2,724 | 累计 1,723,835 tok $10.197
  已翻 650/830 段
    [tok] #740 入 2,045（新缓存 457 / 读缓存 1,586） 出 740 = 2,785 | 累计 1,726,620 tok $10.222
  已翻 651/830 段
    [tok] #741 入 1,989（新缓存 401 / 读缓存 1,586） 出 140 = 2,129 | 累计 1,728,749 tok $10.231
  已翻 652/830 段
    [tok] #742 入 2,082（新缓存 494 / 读缓存 1,586） 出 259 = 2,341 | 累计 1,731,090 tok $10.245
  已翻 653/830 段
    [tok] #743 入 2,025（新缓存 437 / 读缓存 1,586） 出 218 = 2,243 | 累计 1,733,333 tok $10.257
  已翻 654/830 段
    [tok] #744 入 1,968（新缓存 380 / 读缓存 1,586） 出 145 = 2,113 | 累计 1,735,446 tok $10.266
  已翻 655/830 段
    [tok] #745 入 1,904（新缓存 316 / 读缓存 1,586） 出 48 = 1,952 | 累计 1,737,398 tok $10.272
  已翻 656/830 段
    [tok] #746 入 1,930（新缓存 342 / 读缓存 1,586） 出 88 = 2,018 | 累计 1,739,416 tok $10.280
  已翻 657/830 段
    [tok] #747 入 1,908（新缓存 320 / 读缓存 1,586） 出 58 = 1,966 | 累计 1,741,382 tok $10.286
  已翻 658/830 段
    [tok] #748 入 2,156（新缓存 568 / 读缓存 1,586） 出 584 = 2,740 | 累计 1,744,122 tok $10.309
  已翻 659/830 段
    [tok] #749 入 1,922（新缓存 334 / 读缓存 1,586） 出 68 = 1,990 | 累计 1,746,112 tok $10.316
  已翻 660/830 段
    [tok] #750 入 2,198（新缓存 610 / 读缓存 1,586） 出 393 = 2,591 | 累计 1,748,703 tok $10.334
  已翻 661/830 段
    [tok] #751 入 2,033（新缓存 445 / 读缓存 1,586） 出 223 = 2,256 | 累计 1,750,959 tok $10.346
  已翻 662/830 段
    [tok] #752 入 2,075（新缓存 487 / 读缓存 1,586） 出 265 = 2,340 | 累计 1,753,299 tok $10.359
  已翻 663/830 段
    [tok] #753 入 2,183（新缓存 595 / 读缓存 1,586） 出 552 = 2,735 | 累计 1,756,034 tok $10.381
  已翻 664/830 段
    [tok] #754 入 1,985（新缓存 397 / 读缓存 1,586） 出 417 = 2,402 | 累计 1,758,436 tok $10.397
    [tok] #755 入 1,933（新缓存 345 / 读缓存 1,586） 出 342 = 2,275 | 累计 1,760,711 tok $10.411
  已翻 665/830 段
    [tok] #756 入 1,940（新缓存 352 / 读缓存 1,586） 出 78 = 2,018 | 累计 1,762,729 tok $10.419
  已翻 666/830 段
    [tok] #757 入 1,948（新缓存 360 / 读缓存 1,586） 出 92 = 2,040 | 累计 1,764,769 tok $10.426
  已翻 667/830 段
    [tok] #758 入 2,015（新缓存 427 / 读缓存 1,586） 出 205 = 2,220 | 累计 1,766,989 tok $10.438
  已翻 668/830 段
    [tok] #759 入 1,924（新缓存 336 / 读缓存 1,586） 出 85 = 2,009 | 累计 1,768,998 tok $10.445
  已翻 669/830 段
    [tok] #760 入 1,908（新缓存 320 / 读缓存 1,586） 出 62 = 1,970 | 累计 1,770,968 tok $10.452
  已翻 670/830 段
    [tok] #761 入 1,871（新缓存 283 / 读缓存 1,586） 出 25 = 1,896 | 累计 1,772,864 tok $10.457
  已翻 671/830 段
    [tok] #762 入 1,961（新缓存 373 / 读缓存 1,586） 出 254 = 2,215 | 累计 1,775,079 tok $10.469
  已翻 672/830 段
    [tok] #763 入 2,059（新缓存 471 / 读缓存 1,586） 出 282 = 2,341 | 累计 1,777,420 tok $10.483
  已翻 673/830 段
    [tok] #764 入 2,358（新缓存 770 / 读缓存 1,586） 出 723 = 3,081 | 累计 1,780,501 tok $10.511
  已翻 674/830 段
    [tok] #765 入 2,064（新缓存 476 / 读缓存 1,586） 出 250 = 2,314 | 累计 1,782,815 tok $10.524
  已翻 675/830 段
    [tok] #766 入 2,273（新缓存 685 / 读缓存 1,586） 出 478 = 2,751 | 累计 1,785,566 tok $10.545
  已翻 676/830 段
    [tok] #767 入 2,423（新缓存 835 / 读缓存 1,586） 出 615 = 3,038 | 累计 1,788,604 tok $10.571
  已翻 677/830 段
    [tok] #768 入 1,922（新缓存 334 / 读缓存 1,586） 出 80 = 2,002 | 累计 1,790,606 tok $10.578
  已翻 678/830 段
    [tok] #769 入 2,140（新缓存 552 / 读缓存 1,586） 出 412 = 2,552 | 累计 1,793,158 tok $10.596
  已翻 679/830 段
    [tok] #770 入 2,149（新缓存 561 / 读缓存 1,586） 出 331 = 2,480 | 累计 1,795,638 tok $10.612
    [tok] #771 入 2,097（新缓存 509 / 读缓存 1,586） 出 296 = 2,393 | 累计 1,798,031 tok $10.626
  已翻 680/830 段
    [tok] #772 入 2,041（新缓存 453 / 读缓存 1,586） 出 219 = 2,260 | 累计 1,800,291 tok $10.638
  已翻 681/830 段
    [tok] #773 入 1,926（新缓存 338 / 读缓存 1,586） 出 71 = 1,997 | 累计 1,802,288 tok $10.645
  已翻 682/830 段
    [tok] #774 入 1,943（新缓存 355 / 读缓存 1,586） 出 87 = 2,030 | 累计 1,804,318 tok $10.653
  已翻 683/830 段
    [tok] #775 入 1,960（新缓存 372 / 读缓存 1,586） 出 118 = 2,078 | 累计 1,806,396 tok $10.662
  已翻 684/830 段
    [tok] #776 入 2,018（新缓存 430 / 读缓存 1,586） 出 166 = 2,184 | 累计 1,808,580 tok $10.672
  已翻 685/830 段
    [tok] #777 入 2,098（新缓存 510 / 读缓存 1,586） 出 219 = 2,317 | 累计 1,810,897 tok $10.685
  已翻 686/830 段
    [tok] #778 入 2,442（新缓存 854 / 读缓存 1,586） 出 671 = 3,113 | 累计 1,814,010 tok $10.712
  已翻 687/830 段
    [tok] #779 入 2,159（新缓存 571 / 读缓存 1,586） 出 307 = 2,466 | 累计 1,816,476 tok $10.728
  已翻 688/830 段
    [tok] #780 入 2,049（新缓存 461 / 读缓存 1,586） 出 325 = 2,374 | 累计 1,818,850 tok $10.742
  已翻 689/830 段
    [tok] #781 入 1,939（新缓存 351 / 读缓存 1,586） 出 80 = 2,019 | 累计 1,820,869 tok $10.750
  已翻 690/830 段
    [tok] #782 入 2,043（新缓存 455 / 读缓存 1,586） 出 200 = 2,243 | 累计 1,823,112 tok $10.761
  已翻 691/830 段
    [tok] #783 入 2,986（新缓存 1,398 / 读缓存 1,586） 出 1,050 = 4,036 | 累计 1,827,148 tok $10.804
  已翻 692/830 段
    [tok] #784 入 1,946（新缓存 358 / 读缓存 1,586） 出 342 = 2,288 | 累计 1,829,436 tok $10.818
  已翻 693/830 段
    [tok] #785 入 2,266（新缓存 678 / 读缓存 1,586） 出 451 = 2,717 | 累计 1,832,153 tok $10.838
  已翻 694/830 段
    [tok] #786 入 1,941（新缓存 353 / 读缓存 1,586） 出 82 = 2,023 | 累计 1,834,176 tok $10.846
    [tok] #787 入 1,889（新缓存 301 / 读缓存 1,586） 出 78 = 1,967 | 累计 1,836,143 tok $10.853
  已翻 695/830 段
    [tok] #788 入 2,439（新缓存 851 / 读缓存 1,586） 出 651 = 3,090 | 累计 1,839,233 tok $10.880
  已翻 696/830 段
    [tok] #789 入 1,972（新缓存 384 / 读缓存 1,586） 出 186 = 2,158 | 累计 1,841,391 tok $10.890
  已翻 697/830 段
    [tok] #790 入 1,968（新缓存 380 / 读缓存 1,586） 出 147 = 2,115 | 累计 1,843,506 tok $10.900
  已翻 698/830 段
    [tok] #791 入 2,013（新缓存 425 / 读缓存 1,586） 出 393 = 2,406 | 累计 1,845,912 tok $10.916
  已翻 699/830 段
    [tok] #792 入 1,924（新缓存 336 / 读缓存 1,586） 出 83 = 2,007 | 累计 1,847,919 tok $10.923
  已翻 700/830 段
    [tok] #793 入 2,045（新缓存 457 / 读缓存 1,586） 出 387 = 2,432 | 累计 1,850,351 tok $10.939
  已翻 701/830 段
    [tok] #794 入 2,247（新缓存 659 / 读缓存 1,586） 出 546 = 2,793 | 累计 1,853,144 tok $10.962
  已翻 702/830 段
    [tok] #795 入 2,014（新缓存 426 / 读缓存 1,586） 出 205 = 2,219 | 累计 1,855,363 tok $10.973
  已翻 703/830 段
    [tok] #796 入 2,067（新缓存 479 / 读缓存 1,586） 出 347 = 2,414 | 累计 1,857,777 tok $10.989
    [tok] #797 入 2,015（新缓存 427 / 读缓存 1,586） 出 1,095 = 3,110 | 累计 1,860,887 tok $11.022
  已翻 704/830 段
    [tok] #798 入 2,017（新缓存 429 / 读缓存 1,586） 出 281 = 2,298 | 累计 1,863,185 tok $11.035
    [tok] #799 入 1,965（新缓存 377 / 读缓存 1,586） 出 257 = 2,222 | 累计 1,865,407 tok $11.048
  已翻 705/830 段
    [tok] #800 入 2,051（新缓存 463 / 读缓存 1,586） 出 281 = 2,332 | 累计 1,867,739 tok $11.061
  已翻 706/830 段
    [tok] #801 入 1,963（新缓存 375 / 读缓存 1,586） 出 193 = 2,156 | 累计 1,869,895 tok $11.072
  已翻 707/830 段
    [tok] #802 入 1,975（新缓存 387 / 读缓存 1,586） 出 231 = 2,206 | 累计 1,872,101 tok $11.083
  已翻 708/830 段
    [tok] #803 入 1,914（新缓存 326 / 读缓存 1,586） 出 141 = 2,055 | 累计 1,874,156 tok $11.092
  已翻 709/830 段
    [tok] #804 入 1,930（新缓存 342 / 读缓存 1,586） 出 103 = 2,033 | 累计 1,876,189 tok $11.100
  已翻 710/830 段
    [tok] #805 入 2,045（新缓存 457 / 读缓存 1,586） 出 185 = 2,230 | 累计 1,878,419 tok $11.111
  已翻 711/830 段
    [tok] #806 入 2,276（新缓存 688 / 读缓存 1,586） 出 454 = 2,730 | 累计 1,881,149 tok $11.131
  已翻 712/830 段
    [tok] #807 入 2,053（新缓存 465 / 读缓存 1,586） 出 210 = 2,263 | 累计 1,883,412 tok $11.143
  已翻 713/830 段
    [tok] #808 入 1,922（新缓存 334 / 读缓存 1,586） 出 81 = 2,003 | 累计 1,885,415 tok $11.151
    [tok] #809 入 1,870（新缓存 282 / 读缓存 1,586） 出 237 = 2,107 | 累计 1,887,522 tok $11.161
  已翻 714/830 段
    [tok] #810 入 2,117（新缓存 529 / 读缓存 1,586） 出 355 = 2,472 | 累计 1,889,994 tok $11.177
  已翻 715/830 段
    [tok] #811 入 2,164（新缓存 576 / 读缓存 1,586） 出 324 = 2,488 | 累计 1,892,482 tok $11.193
  已翻 716/830 段
    [tok] #812 入 2,033（新缓存 445 / 读缓存 1,586） 出 219 = 2,252 | 累计 1,894,734 tok $11.205
  已翻 717/830 段
    [tok] #813 入 1,963（新缓存 375 / 读缓存 1,586） 出 144 = 2,107 | 累计 1,896,841 tok $11.214
  已翻 718/830 段
    [tok] #814 入 2,274（新缓存 686 / 读缓存 1,586） 出 689 = 2,963 | 累计 1,899,804 tok $11.241
    [tok] #815 入 2,222（新缓存 634 / 读缓存 1,586） 出 669 = 2,891 | 累计 1,902,695 tok $11.266
  已翻 719/830 段
    [tok] #816 入 2,202（新缓存 614 / 读缓存 1,586） 出 359 = 2,561 | 累计 1,905,256 tok $11.283
  已翻 720/830 段
    [tok] #817 入 1,930（新缓存 342 / 读缓存 1,586） 出 93 = 2,023 | 累计 1,907,279 tok $11.291
  已翻 721/830 段
    [tok] #818 入 1,950（新缓存 362 / 读缓存 1,586） 出 106 = 2,056 | 累计 1,909,335 tok $11.299
  已翻 722/830 段
    [tok] #819 入 2,057（新缓存 469 / 读缓存 1,586） 出 272 = 2,329 | 累计 1,911,664 tok $11.312
  已翻 723/830 段
    [tok] #820 入 2,227（新缓存 639 / 读缓存 1,586） 出 676 = 2,903 | 累计 1,914,567 tok $11.338
    [tok] #821 入 2,175（新缓存 587 / 读缓存 1,586） 出 575 = 2,750 | 累计 1,917,317 tok $11.360
  已翻 724/830 段
    [tok] #822 入 2,181（新缓存 593 / 读缓存 1,586） 出 521 = 2,702 | 累计 1,920,019 tok $11.381
    [tok] #823 入 2,129（新缓存 541 / 读缓存 1,586） 出 325 = 2,454 | 累计 1,922,473 tok $11.397
  已翻 725/830 段
    [tok] #824 入 1,986（新缓存 398 / 读缓存 1,586） 出 338 = 2,324 | 累计 1,924,797 tok $11.411
  已翻 726/830 段
    [tok] #825 入 2,038（新缓存 450 / 读缓存 1,586） 出 176 = 2,214 | 累计 1,927,011 tok $11.422
  已翻 727/830 段
    [tok] #826 入 1,892（新缓存 304 / 读缓存 1,586） 出 44 = 1,936 | 累计 1,928,947 tok $11.428
  已翻 728/830 段
    [tok] #827 入 2,138（新缓存 550 / 读缓存 1,586） 出 352 = 2,490 | 累计 1,931,437 tok $11.444
    [tok] #828 入 2,086（新缓存 498 / 读缓存 1,586） 出 601 = 2,687 | 累计 1,934,124 tok $11.466
  已翻 729/830 段
    [tok] #829 入 2,163（新缓存 575 / 读缓存 1,586） 出 516 = 2,679 | 累计 1,936,803 tok $11.487
  已翻 730/830 段
    [tok] #830 入 2,059（新缓存 471 / 读缓存 1,586） 出 320 = 2,379 | 累计 1,939,182 tok $11.502
  已翻 731/830 段
    [tok] #831 入 1,981（新缓存 393 / 读缓存 1,586） 出 167 = 2,148 | 累计 1,941,330 tok $11.512
  已翻 732/830 段
    [tok] #832 入 1,896（新缓存 308 / 读缓存 1,586） 出 47 = 1,943 | 累计 1,943,273 tok $11.518
  已翻 733/830 段
    [tok] #833 入 1,904（新缓存 316 / 读缓存 1,586） 出 48 = 1,952 | 累计 1,945,225 tok $11.524
  已翻 734/830 段
    [tok] #834 入 2,256（新缓存 668 / 读缓存 1,586） 出 1,547 = 3,803 | 累计 1,949,028 tok $11.572
  已翻 735/830 段
    [tok] #835 入 2,031（新缓存 443 / 读缓存 1,586） 出 330 = 2,361 | 累计 1,951,389 tok $11.587
    [tok] #836 入 1,979（新缓存 391 / 读缓存 1,586） 出 197 = 2,176 | 累计 1,953,565 tok $11.597
  已翻 736/830 段
    [tok] #837 入 2,685（新缓存 1,097 / 读缓存 1,586） 出 835 = 3,520 | 累计 1,957,085 tok $11.632
  已翻 737/830 段
    [tok] #838 入 0（新缓存 0 / 读缓存 0） 出 0 = 0 | 累计 1,957,085 tok $11.639
  已翻 738/830 段
    [tok] #839 入 2,218（新缓存 630 / 读缓存 1,586） 出 483 = 2,701 | 累计 1,959,786 tok $11.659
  已翻 739/830 段
    [tok] #840 入 2,372（新缓存 784 / 读缓存 1,586） 出 523 = 2,895 | 累计 1,962,681 tok $11.683
    [tok] #841 入 2,320（新缓存 732 / 读缓存 1,586） 出 536 = 2,856 | 累计 1,965,537 tok $11.706
  已翻 740/830 段
    [tok] #842 入 2,107（新缓存 519 / 读缓存 1,586） 出 280 = 2,387 | 累计 1,967,924 tok $11.720
  已翻 741/830 段
    [tok] #843 入 2,115（新缓存 527 / 读缓存 1,586） 出 295 = 2,410 | 累计 1,970,334 tok $11.734
  已翻 742/830 段
    [tok] #844 入 1,898（新缓存 310 / 读缓存 1,586） 出 48 = 1,946 | 累计 1,972,280 tok $11.741
  已翻 743/830 段
    [tok] #845 入 1,980（新缓存 392 / 读缓存 1,586） 出 185 = 2,165 | 累计 1,974,445 tok $11.751
  已翻 744/830 段
    [tok] #846 入 2,038（新缓存 450 / 读缓存 1,586） 出 178 = 2,216 | 累计 1,976,661 tok $11.762
  已翻 745/830 段
    [tok] #847 入 2,183（新缓存 595 / 读缓存 1,586） 出 474 = 2,657 | 累计 1,979,318 tok $11.782
    [tok] #848 入 2,131（新缓存 543 / 读缓存 1,586） 出 484 = 2,615 | 累计 1,981,933 tok $11.801
  已翻 746/830 段
    [tok] #849 入 2,156（新缓存 568 / 读缓存 1,586） 出 330 = 2,486 | 累计 1,984,419 tok $11.817
  已翻 747/830 段
    [tok] #850 入 2,034（新缓存 446 / 读缓存 1,586） 出 202 = 2,236 | 累计 1,986,655 tok $11.829
  已翻 748/830 段
    [tok] #851 入 1,981（新缓存 393 / 读缓存 1,586） 出 213 = 2,194 | 累计 1,988,849 tok $11.840
    [tok] #852 入 1,929（新缓存 341 / 读缓存 1,586） 出 137 = 2,066 | 累计 1,990,915 tok $11.849
  已翻 749/830 段
    [tok] #853 入 2,057（新缓存 469 / 读缓存 1,586） 出 205 = 2,262 | 累计 1,993,177 tok $11.861
  已翻 750/830 段
    [tok] #854 入 2,021（新缓存 433 / 读缓存 1,586） 出 250 = 2,271 | 累计 1,995,448 tok $11.873
  已翻 751/830 段
    [tok] #855 入 1,947（新缓存 359 / 读缓存 1,586） 出 103 = 2,050 | 累计 1,997,498 tok $11.881
  已翻 752/830 段
    [tok] #856 入 1,926（新缓存 338 / 读缓存 1,586） 出 72 = 1,998 | 累计 1,999,496 tok $11.888
  已翻 753/830 段
    [tok] #857 入 2,088（新缓存 500 / 读缓存 1,586） 出 339 = 2,427 | 累计 2,001,923 tok $11.904
  已翻 754/830 段
    [tok] #858 入 2,645（新缓存 1,057 / 读缓存 1,586） 出 868 = 3,513 | 累计 2,005,436 tok $11.939
  已翻 755/830 段
    [tok] #859 入 2,077（新缓存 489 / 读缓存 1,586） 出 211 = 2,288 | 累计 2,007,724 tok $11.951
  已翻 756/830 段
    [tok] #860 入 2,017（新缓存 429 / 读缓存 1,586） 出 187 = 2,204 | 累计 2,009,928 tok $11.962
  已翻 757/830 段
    [tok] #861 入 2,000（新缓存 412 / 读缓存 1,586） 出 111 = 2,111 | 累计 2,012,039 tok $11.971
  已翻 758/830 段
    [tok] #862 入 1,913（新缓存 325 / 读缓存 1,586） 出 91 = 2,004 | 累计 2,014,043 tok $11.978
  已翻 759/830 段
    [tok] #863 入 1,937（新缓存 349 / 读缓存 1,586） 出 88 = 2,025 | 累计 2,016,068 tok $11.986
  已翻 760/830 段
    [tok] #864 入 2,037（新缓存 449 / 读缓存 1,586） 出 198 = 2,235 | 累计 2,018,303 tok $11.997
  已翻 761/830 段
    [tok] #865 入 1,966（新缓存 378 / 读缓存 1,586） 出 246 = 2,212 | 累计 2,020,515 tok $12.009
  已翻 762/830 段
    [tok] #866 入 2,072（新缓存 484 / 读缓存 1,586） 出 214 = 2,286 | 累计 2,022,801 tok $12.021
  已翻 763/830 段
    [tok] #867 入 2,034（新缓存 446 / 读缓存 1,586） 出 179 = 2,213 | 累计 2,025,014 tok $12.032
  已翻 764/830 段
    [tok] #868 入 2,009（新缓存 421 / 读缓存 1,586） 出 197 = 2,206 | 累计 2,027,220 tok $12.043
    [tok] #869 入 1,957（新缓存 369 / 读缓存 1,586） 出 199 = 2,156 | 累计 2,029,376 tok $12.054
  已翻 765/830 段
    [tok] #870 入 2,496（新缓存 908 / 读缓存 1,586） 出 763 = 3,259 | 累计 2,032,635 tok $12.084
  已翻 766/830 段
    [tok] #871 入 2,284（新缓存 696 / 读缓存 1,586） 出 418 = 2,702 | 累计 2,035,337 tok $12.104
  已翻 767/830 段
    [tok] #872 入 1,937（新缓存 349 / 读缓存 1,586） 出 91 = 2,028 | 累计 2,037,365 tok $12.111
  已翻 768/830 段
    [tok] #873 入 1,915（新缓存 327 / 读缓存 1,586） 出 55 = 1,970 | 累计 2,039,335 tok $12.118
  已翻 769/830 段
    [tok] #874 入 1,915（新缓存 327 / 读缓存 1,586） 出 60 = 1,975 | 累计 2,041,310 tok $12.125
  已翻 770/830 段
    [tok] #875 入 2,002（新缓存 414 / 读缓存 1,586） 出 221 = 2,223 | 累计 2,043,533 tok $12.136
  已翻 771/830 段
    [tok] #876 入 2,113（新缓存 525 / 读缓存 1,586） 出 326 = 2,439 | 累计 2,045,972 tok $12.152
  已翻 772/830 段
    [tok] #877 入 2,093（新缓存 505 / 读缓存 1,586） 出 226 = 2,319 | 累计 2,048,291 tok $12.164
    [tok] #878 入 2,041（新缓存 453 / 读缓存 1,586） 出 295 = 2,336 | 累计 2,050,627 tok $12.178
  已翻 773/830 段
    [tok] #879 入 2,442（新缓存 854 / 读缓存 1,586） 出 859 = 3,301 | 累计 2,053,928 tok $12.211
  已翻 774/830 段
    [tok] #880 入 2,167（新缓存 579 / 读缓存 1,586） 出 573 = 2,740 | 累计 2,056,668 tok $12.233
  已翻 775/830 段
    [tok] #881 入 2,059（新缓存 471 / 读缓存 1,586） 出 246 = 2,305 | 累计 2,058,973 tok $12.246
  已翻 776/830 段
    [tok] #882 入 2,156（新缓存 568 / 读缓存 1,586） 出 333 = 2,489 | 累计 2,061,462 tok $12.262
  已翻 777/830 段
    [tok] #883 入 2,022（新缓存 434 / 读缓存 1,586） 出 227 = 2,249 | 累计 2,063,711 tok $12.274
  已翻 778/830 段
    [tok] #884 入 1,935（新缓存 347 / 读缓存 1,586） 出 79 = 2,014 | 累计 2,065,725 tok $12.281
  已翻 779/830 段
    [tok] #885 入 2,009（新缓存 421 / 读缓存 1,586） 出 244 = 2,253 | 累计 2,067,978 tok $12.293
  已翻 780/830 段
    [tok] #886 入 2,026（新缓存 438 / 读缓存 1,586） 出 189 = 2,215 | 累计 2,070,193 tok $12.305
  已翻 781/830 段
    [tok] #887 入 2,058（新缓存 470 / 读缓存 1,586） 出 188 = 2,246 | 累计 2,072,439 tok $12.316
  已翻 782/830 段
    [tok] #888 入 2,004（新缓存 416 / 读缓存 1,586） 出 186 = 2,190 | 累计 2,074,629 tok $12.327
  已翻 783/830 段
    [tok] #889 入 2,000（新缓存 412 / 读缓存 1,586） 出 260 = 2,260 | 累计 2,076,889 tok $12.339
    [tok] #890 入 1,948（新缓存 360 / 读缓存 1,586） 出 124 = 2,072 | 累计 2,078,961 tok $12.348
  已翻 784/830 段
    [tok] #891 入 2,500（新缓存 912 / 读缓存 1,586） 出 733 = 3,233 | 累计 2,082,194 tok $12.378
  已翻 785/830 段
    [tok] #892 入 2,108（新缓存 520 / 读缓存 1,586） 出 268 = 2,376 | 累计 2,084,570 tok $12.391
  已翻 786/830 段
    [tok] #893 入 2,223（新缓存 635 / 读缓存 1,586） 出 393 = 2,616 | 累计 2,087,186 tok $12.410
  已翻 787/830 段
    [tok] #894 入 2,100（新缓存 512 / 读缓存 1,586） 出 257 = 2,357 | 累计 2,089,543 tok $12.423
    [tok] #895 入 2,048（新缓存 460 / 读缓存 1,586） 出 290 = 2,338 | 累计 2,091,881 tok $12.437
  已翻 788/830 段
    [tok] #896 入 1,979（新缓存 391 / 读缓存 1,586） 出 135 = 2,114 | 累计 2,093,995 tok $12.446
  已翻 789/830 段
    [tok] #897 入 2,815（新缓存 1,227 / 读缓存 1,586） 出 1,370 = 4,185 | 累计 2,098,180 tok $12.495
  已翻 790/830 段
    [tok] #898 入 1,951（新缓存 363 / 读缓存 1,586） 出 90 = 2,041 | 累计 2,100,221 tok $12.503
  已翻 791/830 段
    [tok] #899 入 1,923（新缓存 335 / 读缓存 1,586） 出 79 = 2,002 | 累计 2,102,223 tok $12.510
  已翻 792/830 段
    [tok] #900 入 1,907（新缓存 319 / 读缓存 1,586） 出 62 = 1,969 | 累计 2,104,192 tok $12.517
  已翻 793/830 段
    [tok] #901 入 1,946（新缓存 358 / 读缓存 1,586） 出 104 = 2,050 | 累计 2,106,242 tok $12.525
  已翻 794/830 段
    [tok] #902 入 1,906（新缓存 318 / 读缓存 1,586） 出 47 = 1,953 | 累计 2,108,195 tok $12.531
  已翻 795/830 段
    [tok] #903 入 1,904（新缓存 316 / 读缓存 1,586） 出 55 = 1,959 | 累计 2,110,154 tok $12.538
  已翻 796/830 段
    [tok] #904 入 2,022（新缓存 434 / 读缓存 1,586） 出 563 = 2,585 | 累计 2,112,739 tok $12.558
  已翻 797/830 段
    [tok] #905 入 2,186（新缓存 598 / 读缓存 1,586） 出 581 = 2,767 | 累计 2,115,506 tok $12.581
    [tok] #906 入 2,134（新缓存 546 / 读缓存 1,586） 出 468 = 2,602 | 累计 2,118,108 tok $12.600
  已翻 798/830 段
    [tok] #907 入 2,109（新缓存 521 / 读缓存 1,586） 出 348 = 2,457 | 累计 2,120,565 tok $12.616
  已翻 799/830 段
    [tok] #908 入 2,141（新缓存 553 / 读缓存 1,586） 出 379 = 2,520 | 累计 2,123,085 tok $12.633
  已翻 800/830 段
    [tok] #909 入 2,026（新缓存 438 / 读缓存 1,586） 出 237 = 2,263 | 累计 2,125,348 tok $12.645
  已翻 801/830 段
    [tok] #910 入 2,077（新缓存 489 / 读缓存 1,586） 出 269 = 2,346 | 累计 2,127,694 tok $12.659
    [tok] #911 入 2,025（新缓存 437 / 读缓存 1,586） 出 245 = 2,270 | 累计 2,129,964 tok $12.671
  已翻 802/830 段
    [tok] #912 入 2,400（新缓存 812 / 读缓存 1,586） 出 937 = 3,337 | 累计 2,133,301 tok $12.705
  已翻 803/830 段
    [tok] #913 入 2,260（新缓存 672 / 读缓存 1,586） 出 561 = 2,821 | 累计 2,136,122 tok $12.728
  已翻 804/830 段
    [tok] #914 入 2,051（新缓存 463 / 读缓存 1,586） 出 225 = 2,276 | 累计 2,138,398 tok $12.740
  已翻 805/830 段
    [tok] #915 入 2,109（新缓存 521 / 读缓存 1,586） 出 288 = 2,397 | 累计 2,140,795 tok $12.755
    [tok] #916 入 2,057（新缓存 469 / 读缓存 1,586） 出 386 = 2,443 | 累计 2,143,238 tok $12.771
  已翻 806/830 段
    [tok] #917 入 2,262（新缓存 674 / 读缓存 1,586） 出 491 = 2,753 | 累计 2,145,991 tok $12.792
  已翻 807/830 段
    [tok] #918 入 2,640（新缓存 1,052 / 读缓存 1,586） 出 927 = 3,567 | 累计 2,149,558 tok $12.828
  已翻 808/830 段
    [tok] #919 入 1,967（新缓存 379 / 读缓存 1,586） 出 137 = 2,104 | 累计 2,151,662 tok $12.837
  已翻 809/830 段
    [tok] #920 入 1,890（新缓存 302 / 读缓存 1,586） 出 29 = 1,919 | 累计 2,153,581 tok $12.843
  已翻 810/830 段
    [tok] #921 入 2,130（新缓存 542 / 读缓存 1,586） 出 308 = 2,438 | 累计 2,156,019 tok $12.858
  已翻 811/830 段
    [tok] #922 入 2,033（新缓存 445 / 读缓存 1,586） 出 192 = 2,225 | 累计 2,158,244 tok $12.869
  已翻 812/830 段
    [tok] #923 入 2,011（新缓存 423 / 读缓存 1,586） 出 268 = 2,279 | 累计 2,160,523 tok $12.882
  已翻 813/830 段
    [tok] #924 入 1,953（新缓存 365 / 读缓存 1,586） 出 123 = 2,076 | 累计 2,162,599 tok $12.891
  已翻 814/830 段
    [tok] #925 入 1,964（新缓存 376 / 读缓存 1,586） 出 153 = 2,117 | 累计 2,164,716 tok $12.901
  已翻 815/830 段
    [tok] #926 入 2,308（新缓存 720 / 读缓存 1,586） 出 608 = 2,916 | 累计 2,167,632 tok $12.925
  已翻 816/830 段
    [tok] #927 入 1,946（新缓存 358 / 读缓存 1,586） 出 114 = 2,060 | 累计 2,169,692 tok $12.933
  已翻 817/830 段
    [tok] #928 入 1,934（新缓存 346 / 读缓存 1,586） 出 128 = 2,062 | 累计 2,171,754 tok $12.942
  已翻 818/830 段
    [tok] #929 入 1,965（新缓存 377 / 读缓存 1,586） 出 115 = 2,080 | 累计 2,173,834 tok $12.951
  已翻 819/830 段
    [tok] #930 入 1,943（新缓存 355 / 读缓存 1,586） 出 116 = 2,059 | 累计 2,175,893 tok $12.959
  已翻 820/830 段
    [tok] #931 入 2,036（新缓存 448 / 读缓存 1,586） 出 234 = 2,270 | 累计 2,178,163 tok $12.971
  已翻 821/830 段
    [tok] #932 入 2,687（新缓存 1,099 / 读缓存 1,586） 出 924 = 3,611 | 累计 2,181,774 tok $13.008
  已翻 822/830 段
    [tok] #933 入 2,026（新缓存 438 / 读缓存 1,586） 出 196 = 2,222 | 累计 2,183,996 tok $13.019
  已翻 823/830 段
    [tok] #934 入 1,977（新缓存 389 / 读缓存 1,586） 出 145 = 2,122 | 累计 2,186,118 tok $13.028
  已翻 824/830 段
    [tok] #935 入 1,968（新缓存 380 / 读缓存 1,586） 出 143 = 2,111 | 累计 2,188,229 tok $13.038
  已翻 825/830 段
    [tok] #936 入 1,886（新缓存 298 / 读缓存 1,586） 出 34 = 1,920 | 累计 2,190,149 tok $13.043
  已翻 826/830 段
    [tok] #937 入 2,135（新缓存 547 / 读缓存 1,586） 出 271 = 2,406 | 累计 2,192,555 tok $13.058
  已翻 827/830 段
    [tok] #938 入 1,989（新缓存 401 / 读缓存 1,586） 出 130 = 2,119 | 累计 2,194,674 tok $13.067
  已翻 828/830 段
    [tok] #939 入 1,880（新缓存 292 / 读缓存 1,586） 出 45 = 1,925 | 累计 2,196,599 tok $13.073
  已翻 829/830 段
    [tok] #940 入 2,052（新缓存 464 / 读缓存 1,586） 出 292 = 2,344 | 累计 2,198,943 tok $13.087
    [tok] #941 入 2,000（新缓存 412 / 读缓存 1,586） 出 348 = 2,348 | 累计 2,201,291 tok $13.102
  已翻 830/830 段
✓ 中文 raw → /Users/yanpeifa/Documents/whcjb.github.io/owen_raw/hebrews/zh_chapters/12.md  (chmod 444)
  缓存命中 832 / 832
✓ 中文页 → /Users/yanpeifa/Documents/whcjb.github.io/owen/hebrews/12/zh/index.md
✓ 英文页回填 zh_url → owen/hebrews/12/index.md
✓ 回填上一篇 next → 第十二章

──────── claude CLI 用量汇总 ────────
  调用      941 次
  输入      1,926,826（未缓存 1,878 / 新建缓存 435,694 / 读缓存 1,489,254）
  输出      274,465
  合计      2,201,291 tok
  均次      2,339 tok
  费用      $13.1015
  用时      181m27s
────────────────────────────────────
════════ [4/4] owen/hebrews/13/index.md  2026-09-04 19:23:10 ════════
owen/hebrews/13/index.md: 588 个可译单元
    [tok] #1 入 1,871（新缓存 283 / 读缓存 1,586） 出 20 = 1,891 | 累计 1,891 tok $0.005
  已翻 1/585 段
    [tok] #2 入 1,886（新缓存 298 / 读缓存 1,586） 出 191 = 2,077 | 累计 3,968 tok $0.015
  已翻 2/585 段
    [tok] #3 入 1,920（新缓存 332 / 读缓存 1,586） 出 54 = 1,974 | 累计 5,942 tok $0.021
  已翻 3/585 段
    [tok] #4 入 2,029（新缓存 441 / 读缓存 1,586） 出 257 = 2,286 | 累计 8,228 tok $0.034
  已翻 4/585 段
    [tok] #5 入 1,931（新缓存 343 / 读缓存 1,586） 出 86 = 2,017 | 累计 10,245 tok $0.042
  已翻 5/585 段
    [tok] #6 入 1,900（新缓存 312 / 读缓存 1,586） 出 41 = 1,941 | 累计 12,186 tok $0.048
  已翻 6/585 段
    [tok] #7 入 1,881（新缓存 293 / 读缓存 1,586） 出 166 = 2,047 | 累计 14,233 tok $0.057
  已翻 7/585 段
    [tok] #8 入 2,115（新缓存 527 / 读缓存 1,586） 出 254 = 2,369 | 累计 16,602 tok $0.070
  已翻 8/585 段
    [tok] #9 入 2,195（新缓存 607 / 读缓存 1,586） 出 684 = 2,879 | 累计 19,481 tok $0.096
    [tok] #10 入 2,143（新缓存 555 / 读缓存 1,586） 出 378 = 2,521 | 累计 22,002 tok $0.113
  已翻 9/585 段
    [tok] #11 入 1,910（新缓存 322 / 读缓存 1,586） 出 71 = 1,981 | 累计 23,983 tok $0.119
  已翻 10/585 段
    [tok] #12 入 2,202（新缓存 614 / 读缓存 1,586） 出 418 = 2,620 | 累计 26,603 tok $0.138
  已翻 11/585 段
    [tok] #13 入 2,601（新缓存 1,013 / 读缓存 1,586） 出 762 = 3,363 | 累计 29,966 tok $0.170
  已翻 12/585 段
    [tok] #14 入 2,265（新缓存 677 / 读缓存 1,586） 出 555 = 2,820 | 累计 32,786 tok $0.192
    [tok] #15 入 2,213（新缓存 625 / 读缓存 1,586） 出 807 = 3,020 | 累计 35,806 tok $0.221
  已翻 13/585 段
    [tok] #16 入 1,948（新缓存 360 / 读缓存 1,586） 出 115 = 2,063 | 累计 37,869 tok $0.229
  已翻 14/585 段
    [tok] #17 入 2,075（新缓存 487 / 读缓存 1,586） 出 937 = 3,012 | 累计 40,881 tok $0.260
  已翻 15/585 段
    [tok] #18 入 2,111（新缓存 523 / 读缓存 1,586） 出 333 = 2,444 | 累计 43,325 tok $0.275
  已翻 16/585 段
    [tok] #19 入 2,169（新缓存 581 / 读缓存 1,586） 出 274 = 2,443 | 累计 45,768 tok $0.290
    [tok] #20 入 2,117（新缓存 529 / 读缓存 1,586） 出 321 = 2,438 | 累计 48,206 tok $0.305
  已翻 17/585 段
    [tok] #21 入 1,917（新缓存 329 / 读缓存 1,586） 出 71 = 1,988 | 累计 50,194 tok $0.312
  已翻 18/585 段
    [tok] #22 入 1,924（新缓存 336 / 读缓存 1,586） 出 71 = 1,995 | 累计 52,189 tok $0.319
  已翻 19/585 段
    [tok] #23 入 1,934（新缓存 346 / 读缓存 1,586） 出 94 = 2,028 | 累计 54,217 tok $0.327
  已翻 20/585 段
    [tok] #24 入 2,065（新缓存 477 / 读缓存 1,586） 出 226 = 2,291 | 累计 56,508 tok $0.339
  已翻 21/585 段
    [tok] #25 入 2,030（新缓存 442 / 读缓存 1,586） 出 182 = 2,212 | 累计 58,720 tok $0.350
  已翻 22/585 段
    [tok] #26 入 2,121（新缓存 533 / 读缓存 1,586） 出 290 = 2,411 | 累计 61,131 tok $0.365
  已翻 23/585 段
    [tok] #27 入 2,009（新缓存 421 / 读缓存 1,586） 出 247 = 2,256 | 累计 63,387 tok $0.377
  已翻 24/585 段
    [tok] #28 入 2,000（新缓存 412 / 读缓存 1,586） 出 170 = 2,170 | 累计 65,557 tok $0.388
  已翻 25/585 段
    [tok] #29 入 2,268（新缓存 680 / 读缓存 1,586） 出 808 = 3,076 | 累计 68,633 tok $0.417
    [tok] #30 入 2,216（新缓存 628 / 读缓存 1,586） 出 940 = 3,156 | 累计 71,789 tok $0.449
  已翻 26/585 段
    [tok] #31 入 1,886（新缓存 298 / 读缓存 1,586） 出 195 = 2,081 | 累计 73,870 tok $0.458
  已翻 27/585 段
    [tok] #32 入 1,901（新缓存 313 / 读缓存 1,586） 出 168 = 2,069 | 累计 75,939 tok $0.468
  已翻 28/585 段
    [tok] #33 入 2,129（新缓存 541 / 读缓存 1,586） 出 347 = 2,476 | 累计 78,415 tok $0.484
    [tok] #34 入 2,077（新缓存 489 / 读缓存 1,586） 出 592 = 2,669 | 累计 81,084 tok $0.505
  已翻 29/585 段
    [tok] #35 入 1,934（新缓存 346 / 读缓存 1,586） 出 239 = 2,173 | 累计 83,257 tok $0.517
  已翻 30/585 段
    [tok] #36 入 2,112（新缓存 524 / 读缓存 1,586） 出 487 = 2,599 | 累计 85,856 tok $0.536
  已翻 31/585 段
    [tok] #37 入 1,972（新缓存 384 / 读缓存 1,586） 出 152 = 2,124 | 累计 87,980 tok $0.546
  已翻 32/585 段
    [tok] #38 入 1,918（新缓存 330 / 读缓存 1,586） 出 97 = 2,015 | 累计 89,995 tok $0.553
  已翻 33/585 段
    [tok] #39 入 1,904（新缓存 316 / 读缓存 1,586） 出 61 = 1,965 | 累计 91,960 tok $0.560
  已翻 34/585 段
    [tok] #40 入 1,905（新缓存 317 / 读缓存 1,586） 出 54 = 1,959 | 累计 93,919 tok $0.566
    [tok] #41 入 1,853（新缓存 265 / 读缓存 1,586） 出 243 = 2,096 | 累计 96,015 tok $0.577
  已翻 35/585 段
    [tok] #42 入 1,938（新缓存 350 / 读缓存 1,586） 出 73 = 2,011 | 累计 98,026 tok $0.584
  已翻 36/585 段
    [tok] #43 入 2,067（新缓存 479 / 读缓存 1,586） 出 267 = 2,334 | 累计 100,360 tok $0.597
  已翻 37/585 段
    [tok] #44 入 2,033（新缓存 445 / 读缓存 1,586） 出 246 = 2,279 | 累计 102,639 tok $0.610
  已翻 38/585 段
    [tok] #45 入 1,964（新缓存 376 / 读缓存 1,586） 出 130 = 2,094 | 累计 104,733 tok $0.619
    [tok] #46 入 1,912（新缓存 324 / 读缓存 1,586） 出 109 = 2,021 | 累计 106,754 tok $0.627
  已翻 39/585 段
    [tok] #47 入 1,928（新缓存 340 / 读缓存 1,586） 出 104 = 2,032 | 累计 108,786 tok $0.635
  已翻 40/585 段
    [tok] #48 入 1,922（新缓存 334 / 读缓存 1,586） 出 358 = 2,280 | 累计 111,066 tok $0.649
  已翻 41/585 段
    [tok] #49 入 1,909（新缓存 321 / 读缓存 1,586） 出 87 = 1,996 | 累计 113,062 tok $0.656
  已翻 42/585 段
    [tok] #50 入 1,896（新缓存 308 / 读缓存 1,586） 出 56 = 1,952 | 累计 115,014 tok $0.663
  已翻 43/585 段
    [tok] #51 入 1,925（新缓存 337 / 读缓存 1,586） 出 133 = 2,058 | 累计 117,072 tok $0.671
  已翻 44/585 段
    [tok] #52 入 1,897（新缓存 309 / 读缓存 1,586） 出 70 = 1,967 | 累计 119,039 tok $0.678
  已翻 45/585 段
    [tok] #53 入 1,943（新缓存 355 / 读缓存 1,586） 出 95 = 2,038 | 累计 121,077 tok $0.686
  已翻 46/585 段
    [tok] #54 入 1,992（新缓存 404 / 读缓存 1,586） 出 165 = 2,157 | 累计 123,234 tok $0.696
  已翻 47/585 段
    [tok] #55 入 1,951（新缓存 363 / 读缓存 1,586） 出 117 = 2,068 | 累计 125,302 tok $0.704
  已翻 48/585 段
    [tok] #56 入 1,929（新缓存 341 / 读缓存 1,586） 出 64 = 1,993 | 累计 127,295 tok $0.711
    [tok] #57 入 1,877（新缓存 289 / 读缓存 1,586） 出 71 = 1,948 | 累计 129,243 tok $0.718
  已翻 49/585 段
    [tok] #58 入 2,517（新缓存 929 / 读缓存 1,586） 出 794 = 3,311 | 累计 132,554 tok $0.749
  已翻 50/585 段
    [tok] #59 入 1,926（新缓存 338 / 读缓存 1,586） 出 88 = 2,014 | 累计 134,568 tok $0.757
  已翻 51/585 段
    [tok] #60 入 2,172（新缓存 584 / 读缓存 1,586） 出 410 = 2,582 | 累计 137,150 tok $0.775
  已翻 52/585 段
    [tok] #61 入 1,954（新缓存 366 / 读缓存 1,586） 出 121 = 2,075 | 累计 139,225 tok $0.783
  已翻 53/585 段
    [tok] #62 入 2,074（新缓存 486 / 读缓存 1,586） 出 779 = 2,853 | 累计 142,078 tok $0.810
  已翻 54/585 段
    [tok] #63 入 2,037（新缓存 449 / 读缓存 1,586） 出 180 = 2,217 | 累计 144,295 tok $0.821
  已翻 55/585 段
    [tok] #64 入 2,105（新缓存 517 / 读缓存 1,586） 出 611 = 2,716 | 累计 147,011 tok $0.843
  已翻 56/585 段
    [tok] #65 入 1,934（新缓存 346 / 读缓存 1,586） 出 84 = 2,018 | 累计 149,029 tok $0.851
  已翻 57/585 段
    [tok] #66 入 1,934（新缓存 346 / 读缓存 1,586） 出 102 = 2,036 | 累计 151,065 tok $0.858
  已翻 58/585 段
    [tok] #67 入 1,938（新缓存 350 / 读缓存 1,586） 出 110 = 2,048 | 累计 153,113 tok $0.867
  已翻 59/585 段
    [tok] #68 入 1,963（新缓存 375 / 读缓存 1,586） 出 111 = 2,074 | 累计 155,187 tok $0.875
  已翻 60/585 段
    [tok] #69 入 1,935（新缓存 347 / 读缓存 1,586） 出 97 = 2,032 | 累计 157,219 tok $0.883
  已翻 61/585 段
    [tok] #70 入 1,932（新缓存 344 / 读缓存 1,586） 出 88 = 2,020 | 累计 159,239 tok $0.890
  已翻 62/585 段
    [tok] #71 入 2,062（新缓存 474 / 读缓存 1,586） 出 424 = 2,486 | 累计 161,725 tok $0.908
  已翻 63/585 段
    [tok] #72 入 2,123（新缓存 535 / 读缓存 1,586） 出 313 = 2,436 | 累计 164,161 tok $0.923
  已翻 64/585 段
    [tok] #73 入 2,089（新缓存 501 / 读缓存 1,586） 出 295 = 2,384 | 累计 166,545 tok $0.937
  已翻 65/585 段
    [tok] #74 入 2,050（新缓存 462 / 读缓存 1,586） 出 635 = 2,685 | 累计 169,230 tok $0.960
  已翻 66/585 段
    [tok] #75 入 2,156（新缓存 568 / 读缓存 1,586） 出 367 = 2,523 | 累计 171,753 tok $0.977
  已翻 67/585 段
    [tok] #76 入 1,948（新缓存 360 / 读缓存 1,586） 出 117 = 2,065 | 累计 173,818 tok $0.985
  已翻 68/585 段
    [tok] #77 入 1,946（新缓存 358 / 读缓存 1,586） 出 116 = 2,062 | 累计 175,880 tok $0.994
  已翻 69/585 段
    [tok] #78 入 1,928（新缓存 340 / 读缓存 1,586） 出 139 = 2,067 | 累计 177,947 tok $1.002
    [tok] #79 入 1,876（新缓存 288 / 读缓存 1,586） 出 138 = 2,014 | 累计 179,961 tok $1.011
  已翻 70/585 段
    [tok] #80 入 1,900（新缓存 312 / 读缓存 1,586） 出 66 = 1,966 | 累计 181,927 tok $1.017
  已翻 71/585 段
    [tok] #81 入 1,896（新缓存 308 / 读缓存 1,586） 出 172 = 2,068 | 累计 183,995 tok $1.026
  已翻 72/585 段
    [tok] #82 入 1,911（新缓存 323 / 读缓存 1,586） 出 75 = 1,986 | 累计 185,981 tok $1.033
  已翻 73/585 段
    [tok] #83 入 1,920（新缓存 332 / 读缓存 1,586） 出 63 = 1,983 | 累计 187,964 tok $1.040
  已翻 74/585 段
    [tok] #84 入 2,140（新缓存 552 / 读缓存 1,586） 出 385 = 2,525 | 累计 190,489 tok $1.057
  已翻 75/585 段
    [tok] #85 入 1,937（新缓存 349 / 读缓存 1,586） 出 114 = 2,051 | 累计 192,540 tok $1.066
  已翻 76/585 段
    [tok] #86 入 2,287（新缓存 699 / 读缓存 1,586） 出 592 = 2,879 | 累计 195,419 tok $1.090
  已翻 77/585 段
    [tok] #87 入 1,930（新缓存 342 / 读缓存 1,586） 出 74 = 2,004 | 累计 197,423 tok $1.097
  已翻 78/585 段
    [tok] #88 入 1,907（新缓存 319 / 读缓存 1,586） 出 55 = 1,962 | 累计 199,385 tok $1.103
  已翻 79/585 段
    [tok] #89 入 1,913（新缓存 325 / 读缓存 1,586） 出 66 = 1,979 | 累计 201,364 tok $1.110
  已翻 80/585 段
    [tok] #90 入 1,948（新缓存 360 / 读缓存 1,586） 出 148 = 2,096 | 累计 203,460 tok $1.119
  已翻 81/585 段
    [tok] #91 入 1,934（新缓存 346 / 读缓存 1,586） 出 102 = 2,036 | 累计 205,496 tok $1.127
  已翻 82/585 段
    [tok] #92 入 2,013（新缓存 425 / 读缓存 1,586） 出 272 = 2,285 | 累计 207,781 tok $1.140
  已翻 83/585 段
    [tok] #93 入 2,039（新缓存 451 / 读缓存 1,586） 出 418 = 2,457 | 累计 210,238 tok $1.157
  已翻 84/585 段
    [tok] #94 入 1,933（新缓存 345 / 读缓存 1,586） 出 111 = 2,044 | 累计 212,282 tok $1.165
  已翻 85/585 段
    [tok] #95 入 2,028（新缓存 440 / 读缓存 1,586） 出 162 = 2,190 | 累计 214,472 tok $1.176
  已翻 86/585 段
    [tok] #96 入 1,983（新缓存 395 / 读缓存 1,586） 出 167 = 2,150 | 累计 216,622 tok $1.186
  已翻 87/585 段
    [tok] #97 入 2,041（新缓存 453 / 读缓存 1,586） 出 195 = 2,236 | 累计 218,858 tok $1.197
  已翻 88/585 段
    [tok] #98 入 1,973（新缓存 385 / 读缓存 1,586） 出 102 = 2,075 | 累计 220,933 tok $1.205
  已翻 89/585 段
    [tok] #99 入 2,241（新缓存 653 / 读缓存 1,586） 出 414 = 2,655 | 累计 223,588 tok $1.225
  已翻 90/585 段
    [tok] #100 入 2,026（新缓存 438 / 读缓存 1,586） 出 165 = 2,191 | 累计 225,779 tok $1.235
  已翻 91/585 段
    [tok] #101 入 1,895（新缓存 307 / 读缓存 1,586） 出 50 = 1,945 | 累计 227,724 tok $1.241
  已翻 92/585 段
    [tok] #102 入 1,900（新缓存 312 / 读缓存 1,586） 出 45 = 1,945 | 累计 229,669 tok $1.247
  已翻 93/585 段
    [tok] #103 入 1,951（新缓存 363 / 读缓存 1,586） 出 110 = 2,061 | 累计 231,730 tok $1.256
  已翻 94/585 段
    [tok] #104 入 1,914（新缓存 326 / 读缓存 1,586） 出 77 = 1,991 | 累计 233,721 tok $1.263
  已翻 95/585 段
    [tok] #105 入 2,105（新缓存 517 / 读缓存 1,586） 出 322 = 2,427 | 累计 236,148 tok $1.278
  已翻 96/585 段
    [tok] #106 入 1,936（新缓存 348 / 读缓存 1,586） 出 112 = 2,048 | 累计 238,196 tok $1.286
  已翻 97/585 段
    [tok] #107 入 2,094（新缓存 506 / 读缓存 1,586） 出 594 = 2,688 | 累计 240,884 tok $1.308
    [tok] #108 入 2,042（新缓存 454 / 读缓存 1,586） 出 491 = 2,533 | 累计 243,417 tok $1.327
  已翻 98/585 段
    [tok] #109 入 1,977（新缓存 389 / 读缓存 1,586） 出 138 = 2,115 | 累计 245,532 tok $1.336
  已翻 99/585 段
    [tok] #110 入 1,983（新缓存 395 / 读缓存 1,586） 出 182 = 2,165 | 累计 247,697 tok $1.346
  已翻 100/585 段
    [tok] #111 入 1,966（新缓存 378 / 读缓存 1,586） 出 107 = 2,073 | 累计 249,770 tok $1.355
    [tok] #112 入 1,914（新缓存 326 / 读缓存 1,586） 出 112 = 2,026 | 累计 251,796 tok $1.363
  已翻 101/585 段
    [tok] #113 入 2,002（新缓存 414 / 读缓存 1,586） 出 155 = 2,157 | 累计 253,953 tok $1.373
  已翻 102/585 段
    [tok] #114 入 1,927（新缓存 339 / 读缓存 1,586） 出 80 = 2,007 | 累计 255,960 tok $1.380
  已翻 103/585 段
    [tok] #115 入 1,912（新缓存 324 / 读缓存 1,586） 出 96 = 2,008 | 累计 257,968 tok $1.388
  已翻 104/585 段
    [tok] #116 入 1,915（新缓存 327 / 读缓存 1,586） 出 65 = 1,980 | 累计 259,948 tok $1.394
  已翻 105/585 段
    [tok] #117 入 2,281（新缓存 693 / 读缓存 1,586） 出 713 = 2,994 | 累计 262,942 tok $1.421
    [tok] #118 入 2,229（新缓存 641 / 读缓存 1,586） 出 740 = 2,969 | 累计 265,911 tok $1.448
  已翻 106/585 段
    [tok] #119 入 2,094（新缓存 506 / 读缓存 1,586） 出 413 = 2,507 | 累计 268,418 tok $1.466
    [tok] #120 入 2,042（新缓存 454 / 读缓存 1,586） 出 359 = 2,401 | 累计 270,819 tok $1.481
  已翻 107/585 段
    [tok] #121 入 2,013（新缓存 425 / 读缓存 1,586） 出 409 = 2,422 | 累计 273,241 tok $1.498
  已翻 108/585 段
    [tok] #122 入 1,916（新缓存 328 / 读缓存 1,586） 出 55 = 1,971 | 累计 275,212 tok $1.504
  已翻 109/585 段
    [tok] #123 入 1,983（新缓存 395 / 读缓存 1,586） 出 246 = 2,229 | 累计 277,441 tok $1.516
  已翻 110/585 段
    [tok] #124 入 2,191（新缓存 603 / 读缓存 1,586） 出 389 = 2,580 | 累计 280,021 tok $1.534
  已翻 111/585 段
    [tok] #125 入 2,002（新缓存 414 / 读缓存 1,586） 出 175 = 2,177 | 累计 282,198 tok $1.544
  已翻 112/585 段
    [tok] #126 入 1,958（新缓存 370 / 读缓存 1,586） 出 112 = 2,070 | 累计 284,268 tok $1.553
  已翻 113/585 段
    [tok] #127 入 1,932（新缓存 344 / 读缓存 1,586） 出 86 = 2,018 | 累计 286,286 tok $1.560
  已翻 114/585 段
    [tok] #128 入 2,796（新缓存 1,208 / 读缓存 1,586） 出 949 = 3,745 | 累计 290,031 tok $1.599
  已翻 115/585 段
    [tok] #129 入 1,971（新缓存 383 / 读缓存 1,586） 出 193 = 2,164 | 累计 292,195 tok $1.609
  已翻 116/585 段
    [tok] #130 入 1,976（新缓存 388 / 读缓存 1,586） 出 118 = 2,094 | 累计 294,289 tok $1.618
  已翻 117/585 段
    [tok] #131 入 1,948（新缓存 360 / 读缓存 1,586） 出 98 = 2,046 | 累计 296,335 tok $1.626
  已翻 118/585 段
    [tok] #132 入 1,988（新缓存 400 / 读缓存 1,586） 出 158 = 2,146 | 累计 298,481 tok $1.636
  已翻 119/585 段
    [tok] #133 入 1,961（新缓存 373 / 读缓存 1,586） 出 130 = 2,091 | 累计 300,572 tok $1.645
  已翻 120/585 段
    [tok] #134 入 1,943（新缓存 355 / 读缓存 1,586） 出 135 = 2,078 | 累计 302,650 tok $1.654
  已翻 121/585 段
    [tok] #135 入 1,926（新缓存 338 / 读缓存 1,586） 出 102 = 2,028 | 累计 304,678 tok $1.661
  已翻 122/585 段
    [tok] #136 入 1,954（新缓存 366 / 读缓存 1,586） 出 155 = 2,109 | 累计 306,787 tok $1.671
  已翻 123/585 段
    [tok] #137 入 2,020（新缓存 432 / 读缓存 1,586） 出 398 = 2,418 | 累计 309,205 tok $1.687
  已翻 124/585 段
    [tok] #138 入 1,943（新缓存 355 / 读缓存 1,586） 出 163 = 2,106 | 累计 311,311 tok $1.697
  已翻 125/585 段
    [tok] #139 入 1,966（新缓存 378 / 读缓存 1,586） 出 227 = 2,193 | 累计 313,504 tok $1.708
    [tok] #140 入 1,914（新缓存 326 / 读缓存 1,586） 出 438 = 2,352 | 累计 315,856 tok $1.724
  已翻 126/585 段
    [tok] #141 入 1,907（新缓存 319 / 读缓存 1,586） 出 54 = 1,961 | 累计 317,817 tok $1.731
  已翻 127/585 段
    [tok] #142 入 2,138（新缓存 550 / 读缓存 1,586） 出 384 = 2,522 | 累计 320,339 tok $1.748
    [tok] #143 入 2,086（新缓存 498 / 读缓存 1,586） 出 298 = 2,384 | 累计 322,723 tok $1.762
  已翻 128/585 段
    [tok] #144 入 2,458（新缓存 870 / 读缓存 1,586） 出 772 = 3,230 | 累计 325,953 tok $1.792
    [tok] #145 入 2,406（新缓存 818 / 读缓存 1,586） 出 773 = 3,179 | 累计 329,132 tok $1.822
  已翻 129/585 段
    [tok] #146 入 2,175（新缓存 587 / 读缓存 1,586） 出 409 = 2,584 | 累计 331,716 tok $1.840
    [tok] #147 入 2,123（新缓存 535 / 读缓存 1,586） 出 321 = 2,444 | 累计 334,160 tok $1.856
  已翻 130/585 段
    [tok] #148 入 2,181（新缓存 593 / 读缓存 1,586） 出 573 = 2,754 | 累计 336,914 tok $1.878
    [tok] #149 入 2,129（新缓存 541 / 读缓存 1,586） 出 360 = 2,489 | 累计 339,403 tok $1.895
  已翻 131/585 段
    [tok] #150 入 2,123（新缓存 535 / 读缓存 1,586） 出 364 = 2,487 | 累计 341,890 tok $1.911
    [tok] #151 入 2,071（新缓存 483 / 读缓存 1,586） 出 277 = 2,348 | 累计 344,238 tok $1.925
  已翻 132/585 段
    [tok] #152 入 2,105（新缓存 517 / 读缓存 1,586） 出 263 = 2,368 | 累计 346,606 tok $1.939
    [tok] #153 入 2,053（新缓存 465 / 读缓存 1,586） 出 434 = 2,487 | 累计 349,093 tok $1.956
  已翻 133/585 段
    [tok] #154 入 1,953（新缓存 365 / 读缓存 1,586） 出 92 = 2,045 | 累计 351,138 tok $1.964
  已翻 134/585 段
    [tok] #155 入 2,323（新缓存 735 / 读缓存 1,586） 出 541 = 2,864 | 累计 354,002 tok $1.987
  已翻 135/585 段
    [tok] #156 入 1,977（新缓存 389 / 读缓存 1,586） 出 141 = 2,118 | 累计 356,120 tok $1.996
  已翻 136/585 段
    [tok] #157 入 2,798（新缓存 1,210 / 读缓存 1,586） 出 1,321 = 4,119 | 累计 360,239 tok $2.044
  已翻 137/585 段
    [tok] #158 入 2,669（新缓存 1,081 / 读缓存 1,586） 出 902 = 3,571 | 累计 363,810 tok $2.080
  已翻 138/585 段
    [tok] #159 入 1,890（新缓存 302 / 读缓存 1,586） 出 38 = 1,928 | 累计 365,738 tok $2.086
  已翻 139/585 段
    [tok] #160 入 1,904（新缓存 316 / 读缓存 1,586） 出 55 = 1,959 | 累计 367,697 tok $2.092
  已翻 140/585 段
    [tok] #161 入 1,915（新缓存 327 / 读缓存 1,586） 出 73 = 1,988 | 累计 369,685 tok $2.099
  已翻 141/585 段
    [tok] #162 入 1,929（新缓存 341 / 读缓存 1,586） 出 77 = 2,006 | 累计 371,691 tok $2.106
  已翻 142/585 段
    [tok] #163 入 1,920（新缓存 332 / 读缓存 1,586） 出 73 = 1,993 | 累计 373,684 tok $2.113
  已翻 143/585 段
    [tok] #164 入 1,926（新缓存 338 / 读缓存 1,586） 出 92 = 2,018 | 累计 375,702 tok $2.121
  已翻 144/585 段
    [tok] #165 入 1,972（新缓存 384 / 读缓存 1,586） 出 144 = 2,116 | 累计 377,818 tok $2.130
    [tok] #166 入 1,920（新缓存 332 / 读缓存 1,586） 出 537 = 2,457 | 累计 380,275 tok $2.149
  已翻 145/585 段
    [tok] #167 入 2,306（新缓存 718 / 读缓存 1,586） 出 896 = 3,202 | 累计 383,477 tok $2.181
  已翻 146/585 段
    [tok] #168 入 1,940（新缓存 352 / 读缓存 1,586） 出 90 = 2,030 | 累计 385,507 tok $2.188
  已翻 147/585 段
    [tok] #169 入 2,149（新缓存 561 / 读缓存 1,586） 出 355 = 2,504 | 累计 388,011 tok $2.205
  已翻 148/585 段
    [tok] #170 入 2,013（新缓存 425 / 读缓存 1,586） 出 538 = 2,551 | 累计 390,562 tok $2.224
  已翻 149/585 段
    [tok] #171 入 2,021（新缓存 433 / 读缓存 1,586） 出 190 = 2,211 | 累计 392,773 tok $2.235
    [tok] #172 入 1,969（新缓存 381 / 读缓存 1,586） 出 390 = 2,359 | 累计 395,132 tok $2.251
  已翻 150/585 段
    [tok] #173 入 2,312（新缓存 724 / 读缓存 1,586） 出 1,025 = 3,337 | 累计 398,469 tok $2.286
  已翻 151/585 段
    [tok] #174 入 2,151（新缓存 563 / 读缓存 1,586） 出 313 = 2,464 | 累计 400,933 tok $2.302
    [tok] #175 入 2,099（新缓存 511 / 读缓存 1,586） 出 518 = 2,617 | 累计 403,550 tok $2.322
  已翻 152/585 段
    [tok] #176 入 2,107（新缓存 519 / 读缓存 1,586） 出 232 = 2,339 | 累计 405,889 tok $2.335
    [tok] #177 入 2,055（新缓存 467 / 读缓存 1,586） 出 233 = 2,288 | 累计 408,177 tok $2.347
  已翻 153/585 段
    [tok] #178 入 2,062（新缓存 474 / 读缓存 1,586） 出 213 = 2,275 | 累计 410,452 tok $2.359
  已翻 154/585 段
    [tok] #179 入 1,903（新缓存 315 / 读缓存 1,586） 出 56 = 1,959 | 累计 412,411 tok $2.366
  已翻 155/585 段
    [tok] #180 入 1,971（新缓存 383 / 读缓存 1,586） 出 181 = 2,152 | 累计 414,563 tok $2.376
  已翻 156/585 段
    [tok] #181 入 1,941（新缓存 353 / 读缓存 1,586） 出 79 = 2,020 | 累计 416,583 tok $2.383
  已翻 157/585 段
    [tok] #182 入 1,917（新缓存 329 / 读缓存 1,586） 出 76 = 1,993 | 累计 418,576 tok $2.390
  已翻 158/585 段
    [tok] #183 入 1,957（新缓存 369 / 读缓存 1,586） 出 153 = 2,110 | 累计 420,686 tok $2.400
  已翻 159/585 段
    [tok] #184 入 2,186（新缓存 598 / 读缓存 1,586） 出 438 = 2,624 | 累计 423,310 tok $2.419
  已翻 160/585 段
    [tok] #185 入 2,063（新缓存 475 / 读缓存 1,586） 出 303 = 2,366 | 累计 425,676 tok $2.433
  已翻 161/585 段
    [tok] #186 入 2,010（新缓存 422 / 读缓存 1,586） 出 237 = 2,247 | 累计 427,923 tok $2.445
  已翻 162/585 段
    [tok] #187 入 2,302（新缓存 714 / 读缓存 1,586） 出 639 = 2,941 | 累计 430,864 tok $2.471
  已翻 163/585 段
    [tok] #188 入 1,966（新缓存 378 / 读缓存 1,586） 出 403 = 2,369 | 累计 433,233 tok $2.486
    [tok] #189 入 1,914（新缓存 326 / 读缓存 1,586） 出 108 = 2,022 | 累计 435,255 tok $2.494
  已翻 164/585 段
    [tok] #190 入 1,997（新缓存 409 / 读缓存 1,586） 出 287 = 2,284 | 累计 437,539 tok $2.508
  已翻 165/585 段
    [tok] #191 入 1,964（新缓存 376 / 读缓存 1,586） 出 118 = 2,082 | 累计 439,621 tok $2.516
  已翻 166/585 段
    [tok] #192 入 1,959（新缓存 371 / 读缓存 1,586） 出 213 = 2,172 | 累计 441,793 tok $2.527
  已翻 167/585 段
    [tok] #193 入 1,998（新缓存 410 / 读缓存 1,586） 出 265 = 2,263 | 累计 444,056 tok $2.540
    [tok] #194 入 1,946（新缓存 358 / 读缓存 1,586） 出 514 = 2,460 | 累计 446,516 tok $2.558
  已翻 168/585 段
    [tok] #195 入 2,240（新缓存 652 / 读缓存 1,586） 出 455 = 2,695 | 累计 449,211 tok $2.578
  已翻 169/585 段
    [tok] #196 入 2,066（新缓存 478 / 读缓存 1,586） 出 445 = 2,511 | 累计 451,722 tok $2.596
    [tok] #197 入 2,014（新缓存 426 / 读缓存 1,586） 出 294 = 2,308 | 累计 454,030 tok $2.610
  已翻 170/585 段
    [tok] #198 入 2,313（新缓存 725 / 读缓存 1,586） 出 644 = 2,957 | 累计 456,987 tok $2.635
    [tok] #199 入 2,261（新缓存 673 / 读缓存 1,586） 出 562 = 2,823 | 累计 459,810 tok $2.658
  已翻 171/585 段
    [tok] #200 入 1,958（新缓存 370 / 读缓存 1,586） 出 159 = 2,117 | 累计 461,927 tok $2.668
  已翻 172/585 段
    [tok] #201 入 2,211（新缓存 623 / 读缓存 1,586） 出 369 = 2,580 | 累计 464,507 tok $2.685
  已翻 173/585 段
    [tok] #202 入 2,190（新缓存 602 / 读缓存 1,586） 出 458 = 2,648 | 累计 467,155 tok $2.705
  已翻 174/585 段
    [tok] #203 入 2,091（新缓存 503 / 读缓存 1,586） 出 482 = 2,573 | 累计 469,728 tok $2.724
  已翻 175/585 段
    [tok] #204 入 2,208（新缓存 620 / 读缓存 1,586） 出 391 = 2,599 | 累计 472,327 tok $2.742
  已翻 176/585 段
    [tok] #205 入 2,173（新缓存 585 / 读缓存 1,586） 出 318 = 2,491 | 累计 474,818 tok $2.758
  已翻 177/585 段
    [tok] #206 入 2,070（新缓存 482 / 读缓存 1,586） 出 235 = 2,305 | 累计 477,123 tok $2.771
  已翻 178/585 段
    [tok] #207 入 2,540（新缓存 952 / 读缓存 1,586） 出 749 = 3,289 | 累计 480,412 tok $2.801
  已翻 179/585 段
    [tok] #208 入 1,892（新缓存 304 / 读缓存 1,586） 出 129 = 2,021 | 累计 482,433 tok $2.809
  已翻 180/585 段
    [tok] #209 入 1,960（新缓存 372 / 读缓存 1,586） 出 163 = 2,123 | 累计 484,556 tok $2.819
  已翻 181/585 段
    [tok] #210 入 1,957（新缓存 369 / 读缓存 1,586） 出 94 = 2,051 | 累计 486,607 tok $2.827
  已翻 182/585 段
    [tok] #211 入 1,920（新缓存 332 / 读缓存 1,586） 出 70 = 1,990 | 累计 488,597 tok $2.834
  已翻 183/585 段
    [tok] #212 入 2,017（新缓存 429 / 读缓存 1,586） 出 188 = 2,205 | 累计 490,802 tok $2.845
  已翻 184/585 段
    [tok] #213 入 1,982（新缓存 394 / 读缓存 1,586） 出 154 = 2,136 | 累计 492,938 tok $2.855
  已翻 185/585 段
    [tok] #214 入 2,000（新缓存 412 / 读缓存 1,586） 出 233 = 2,233 | 累计 495,171 tok $2.867
  已翻 186/585 段
    [tok] #215 入 2,253（新缓存 665 / 读缓存 1,586） 出 601 = 2,854 | 累计 498,025 tok $2.890
  已翻 187/585 段
    [tok] #216 入 1,937（新缓存 349 / 读缓存 1,586） 出 88 = 2,025 | 累计 500,050 tok $2.898
  已翻 188/585 段
    [tok] #217 入 2,446（新缓存 858 / 读缓存 1,586） 出 779 = 3,225 | 累计 503,275 tok $2.928
  已翻 189/585 段
    [tok] #218 入 1,918（新缓存 330 / 读缓存 1,586） 出 66 = 1,984 | 累计 505,259 tok $2.935
  已翻 190/585 段
    [tok] #219 入 1,925（新缓存 337 / 读缓存 1,586） 出 92 = 2,017 | 累计 507,276 tok $2.943
  已翻 191/585 段
    [tok] #220 入 1,914（新缓存 326 / 读缓存 1,586） 出 69 = 1,983 | 累计 509,259 tok $2.950
  已翻 192/585 段
    [tok] #221 入 2,234（新缓存 646 / 读缓存 1,586） 出 508 = 2,742 | 累计 512,001 tok $2.971
    [tok] #222 入 2,182（新缓存 594 / 读缓存 1,586） 出 592 = 2,774 | 累计 514,775 tok $2.994
  已翻 193/585 段
    [tok] #223 入 1,962（新缓存 374 / 读缓存 1,586） 出 166 = 2,128 | 累计 516,903 tok $3.004
  已翻 194/585 段
    [tok] #224 入 2,012（新缓存 424 / 读缓存 1,586） 出 194 = 2,206 | 累计 519,109 tok $3.015
    [tok] #225 入 1,960（新缓存 372 / 读缓存 1,586） 出 200 = 2,160 | 累计 521,269 tok $3.025
  已翻 195/585 段
    [tok] #226 入 1,930（新缓存 342 / 读缓存 1,586） 出 77 = 2,007 | 累计 523,276 tok $3.032
  已翻 196/585 段
    [tok] #227 入 2,074（新缓存 486 / 读缓存 1,586） 出 260 = 2,334 | 累计 525,610 tok $3.046
  已翻 197/585 段
    [tok] #228 入 2,029（新缓存 441 / 读缓存 1,586） 出 211 = 2,240 | 累计 527,850 tok $3.058
  已翻 198/585 段
    [tok] #229 入 2,071（新缓存 483 / 读缓存 1,586） 出 252 = 2,323 | 累计 530,173 tok $3.071
    [tok] #230 入 2,019（新缓存 431 / 读缓存 1,586） 出 328 = 2,347 | 累计 532,520 tok $3.085
  已翻 199/585 段
    [tok] #231 入 1,968（新缓存 380 / 读缓存 1,586） 出 137 = 2,105 | 累计 534,625 tok $3.094
  已翻 200/585 段
    [tok] #232 入 2,020（新缓存 432 / 读缓存 1,586） 出 213 = 2,233 | 累计 536,858 tok $3.106
    [tok] #233 入 1,968（新缓存 380 / 读缓存 1,586） 出 461 = 2,429 | 累计 539,287 tok $3.123
  已翻 201/585 段
    [tok] #234 入 1,990（新缓存 402 / 读缓存 1,586） 出 229 = 2,219 | 累计 541,506 tok $3.135
  已翻 202/585 段
    [tok] #235 入 1,918（新缓存 330 / 读缓存 1,586） 出 77 = 1,995 | 累计 543,501 tok $3.142
  已翻 203/585 段
    [tok] #236 入 1,910（新缓存 322 / 读缓存 1,586） 出 81 = 1,991 | 累计 545,492 tok $3.149
  已翻 204/585 段
    [tok] #237 入 2,063（新缓存 475 / 读缓存 1,586） 出 447 = 2,510 | 累计 548,002 tok $3.167
    [tok] #238 入 2,011（新缓存 423 / 读缓存 1,586） 出 560 = 2,571 | 累计 550,573 tok $3.187
  已翻 205/585 段
    [tok] #239 入 1,901（新缓存 313 / 读缓存 1,586） 出 54 = 1,955 | 累计 552,528 tok $3.193
  已翻 206/585 段
    [tok] #240 入 1,956（新缓存 368 / 读缓存 1,586） 出 271 = 2,227 | 累计 554,755 tok $3.206
    [tok] #241 入 1,904（新缓存 316 / 读缓存 1,586） 出 125 = 2,029 | 累计 556,784 tok $3.214
  已翻 207/585 段
    [tok] #242 入 1,944（新缓存 356 / 读缓存 1,586） 出 119 = 2,063 | 累计 558,847 tok $3.222
  已翻 208/585 段
    [tok] #243 入 2,344（新缓存 756 / 读缓存 1,586） 出 587 = 2,931 | 累计 561,778 tok $3.247
  已翻 209/585 段
    [tok] #244 入 1,921（新缓存 333 / 读缓存 1,586） 出 78 = 1,999 | 累计 563,777 tok $3.254
  已翻 210/585 段
    [tok] #245 入 1,924（新缓存 336 / 读缓存 1,586） 出 95 = 2,019 | 累计 565,796 tok $3.262
  已翻 211/585 段
    [tok] #246 入 2,045（新缓存 457 / 读缓存 1,586） 出 211 = 2,256 | 累计 568,052 tok $3.274
  已翻 212/585 段
    [tok] #247 入 1,943（新缓存 355 / 读缓存 1,586） 出 96 = 2,039 | 累计 570,091 tok $3.281
  已翻 213/585 段
    [tok] #248 入 1,946（新缓存 358 / 读缓存 1,586） 出 111 = 2,057 | 累计 572,148 tok $3.290
  已翻 214/585 段
    [tok] #249 入 1,919（新缓存 331 / 读缓存 1,586） 出 94 = 2,013 | 累计 574,161 tok $3.297
  已翻 215/585 段
    [tok] #250 入 1,957（新缓存 369 / 读缓存 1,586） 出 99 = 2,056 | 累计 576,217 tok $3.305
  已翻 216/585 段
    [tok] #251 入 2,359（新缓存 771 / 读缓存 1,586） 出 663 = 3,022 | 累计 579,239 tok $3.332
  已翻 217/585 段
    [tok] #252 入 2,090（新缓存 502 / 读缓存 1,586） 出 357 = 2,447 | 累计 581,686 tok $3.348
  已翻 218/585 段
    [tok] #253 入 2,010（新缓存 422 / 读缓存 1,586） 出 187 = 2,197 | 累计 583,883 tok $3.359
  已翻 219/585 段
    [tok] #254 入 2,031（新缓存 443 / 读缓存 1,586） 出 210 = 2,241 | 累计 586,124 tok $3.370
    [tok] #255 入 1,979（新缓存 391 / 读缓存 1,586） 出 248 = 2,227 | 累计 588,351 tok $3.382
  已翻 220/585 段
    [tok] #256 入 1,953（新缓存 365 / 读缓存 1,586） 出 120 = 2,073 | 累计 590,424 tok $3.391
  已翻 221/585 段
    [tok] #257 入 1,938（新缓存 350 / 读缓存 1,586） 出 95 = 2,033 | 累计 592,457 tok $3.399
  已翻 222/585 段
    [tok] #258 入 1,917（新缓存 329 / 读缓存 1,586） 出 74 = 1,991 | 累计 594,448 tok $3.406
  已翻 223/585 段
    [tok] #259 入 1,942（新缓存 354 / 读缓存 1,586） 出 95 = 2,037 | 累计 596,485 tok $3.414
  已翻 224/585 段
    [tok] #260 入 1,906（新缓存 318 / 读缓存 1,586） 出 63 = 1,969 | 累计 598,454 tok $3.420
  已翻 225/585 段
    [tok] #261 入 1,961（新缓存 373 / 读缓存 1,586） 出 124 = 2,085 | 累计 600,539 tok $3.429
  已翻 226/585 段
    [tok] #262 入 2,002（新缓存 414 / 读缓存 1,586） 出 194 = 2,196 | 累计 602,735 tok $3.440
  已翻 227/585 段
    [tok] #263 入 2,071（新缓存 483 / 读缓存 1,586） 出 404 = 2,475 | 累计 605,210 tok $3.457
  已翻 228/585 段
    [tok] #264 入 2,038（新缓存 450 / 读缓存 1,586） 出 449 = 2,487 | 累计 607,697 tok $3.475
  已翻 229/585 段
    [tok] #265 入 1,908（新缓存 320 / 读缓存 1,586） 出 57 = 1,965 | 累计 609,662 tok $3.481
  已翻 230/585 段
    [tok] #266 入 2,053（新缓存 465 / 读缓存 1,586） 出 259 = 2,312 | 累计 611,974 tok $3.494
  已翻 231/585 段
    [tok] #267 入 2,047（新缓存 459 / 读缓存 1,586） 出 527 = 2,574 | 累计 614,548 tok $3.514
  已翻 232/585 段
    [tok] #268 入 2,209（新缓存 621 / 读缓存 1,586） 出 535 = 2,744 | 累计 617,292 tok $3.536
  已翻 233/585 段
    [tok] #269 入 2,360（新缓存 772 / 读缓存 1,586） 出 639 = 2,999 | 累计 620,291 tok $3.562
  已翻 234/585 段
    [tok] #270 入 2,015（新缓存 427 / 读缓存 1,586） 出 201 = 2,216 | 累计 622,507 tok $3.573
    [tok] #271 入 1,963（新缓存 375 / 读缓存 1,586） 出 494 = 2,457 | 累计 624,964 tok $3.591
  已翻 235/585 段
    [tok] #272 入 2,152（新缓存 564 / 读缓存 1,586） 出 381 = 2,533 | 累计 627,497 tok $3.608
    [tok] #273 入 2,100（新缓存 512 / 读缓存 1,586） 出 388 = 2,488 | 累计 629,985 tok $3.625
  已翻 236/585 段
    [tok] #274 入 2,163（新缓存 575 / 读缓存 1,586） 出 345 = 2,508 | 累计 632,493 tok $3.641
    [tok] #275 入 2,111（新缓存 523 / 读缓存 1,586） 出 343 = 2,454 | 累计 634,947 tok $3.657
  已翻 237/585 段
    [tok] #276 入 1,950（新缓存 362 / 读缓存 1,586） 出 99 = 2,049 | 累计 636,996 tok $3.665
  已翻 238/585 段
    [tok] #277 入 1,994（新缓存 406 / 读缓存 1,586） 出 142 = 2,136 | 累计 639,132 tok $3.675
  已翻 239/585 段
    [tok] #278 入 2,037（新缓存 449 / 读缓存 1,586） 出 209 = 2,246 | 累计 641,378 tok $3.686
  已翻 240/585 段
    [tok] #279 入 2,147（新缓存 559 / 读缓存 1,586） 出 405 = 2,552 | 累计 643,930 tok $3.704
  已翻 241/585 段
    [tok] #280 入 2,059（新缓存 471 / 读缓存 1,586） 出 271 = 2,330 | 累计 646,260 tok $3.718
    [tok] #281 入 2,007（新缓存 419 / 读缓存 1,586） 出 214 = 2,221 | 累计 648,481 tok $3.729
  已翻 242/585 段
    [tok] #282 入 1,986（新缓存 398 / 读缓存 1,586） 出 157 = 2,143 | 累计 650,624 tok $3.739
  已翻 243/585 段
    [tok] #283 入 1,974（新缓存 386 / 读缓存 1,586） 出 236 = 2,210 | 累计 652,834 tok $3.751
  已翻 244/585 段
    [tok] #284 入 2,335（新缓存 747 / 读缓存 1,586） 出 1,123 = 3,458 | 累计 656,292 tok $3.789
  已翻 245/585 段
    [tok] #285 入 2,269（新缓存 681 / 读缓存 1,586） 出 457 = 2,726 | 累计 659,018 tok $3.809
  已翻 246/585 段
    [tok] #286 入 2,034（新缓存 446 / 读缓存 1,586） 出 212 = 2,246 | 累计 661,264 tok $3.821
  已翻 247/585 段
    [tok] #287 入 2,008（新缓存 420 / 读缓存 1,586） 出 170 = 2,178 | 累计 663,442 tok $3.831
  已翻 248/585 段
    [tok] #288 入 2,095（新缓存 507 / 读缓存 1,586） 出 427 = 2,522 | 累计 665,964 tok $3.849
  已翻 249/585 段
    [tok] #289 入 2,189（新缓存 601 / 读缓存 1,586） 出 566 = 2,755 | 累计 668,719 tok $3.871
  已翻 250/585 段
    [tok] #290 入 2,279（新缓存 691 / 读缓存 1,586） 出 549 = 2,828 | 累计 671,547 tok $3.894
    [tok] #291 入 2,227（新缓存 639 / 读缓存 1,586） 出 543 = 2,770 | 累计 674,317 tok $3.916
  已翻 251/585 段
    [tok] #292 入 2,078（新缓存 490 / 读缓存 1,586） 出 244 = 2,322 | 累计 676,639 tok $3.929
    [tok] #293 入 2,026（新缓存 438 / 读缓存 1,586） 出 375 = 2,401 | 累计 679,040 tok $3.945
  已翻 252/585 段
    [tok] #294 入 1,950（新缓存 362 / 读缓存 1,586） 出 189 = 2,139 | 累计 681,179 tok $3.955
  已翻 253/585 段
    [tok] #295 入 1,924（新缓存 336 / 读缓存 1,586） 出 99 = 2,023 | 累计 683,202 tok $3.963
  已翻 254/585 段
    [tok] #296 入 2,072（新缓存 484 / 读缓存 1,586） 出 301 = 2,373 | 累计 685,575 tok $3.977
  已翻 255/585 段
    [tok] #297 入 1,892（新缓存 304 / 读缓存 1,586） 出 38 = 1,930 | 累计 687,505 tok $3.983
  已翻 256/585 段
    [tok] #298 入 2,082（新缓存 494 / 读缓存 1,586） 出 257 = 2,339 | 累计 689,844 tok $3.996
  已翻 257/585 段
    [tok] #299 入 2,321（新缓存 733 / 读缓存 1,586） 出 461 = 2,782 | 累计 692,626 tok $4.018
  已翻 258/585 段
    [tok] #300 入 2,013（新缓存 425 / 读缓存 1,586） 出 171 = 2,184 | 累计 694,810 tok $4.028
  已翻 259/585 段
    [tok] #301 入 2,002（新缓存 414 / 读缓存 1,586） 出 202 = 2,204 | 累计 697,014 tok $4.039
    [tok] #302 入 1,950（新缓存 362 / 读缓存 1,586） 出 117 = 2,067 | 累计 699,081 tok $4.048
  已翻 260/585 段
    [tok] #303 入 1,989（新缓存 401 / 读缓存 1,586） 出 215 = 2,204 | 累计 701,285 tok $4.059
    [tok] #304 入 1,937（新缓存 349 / 读缓存 1,586） 出 261 = 2,198 | 累计 703,483 tok $4.071
  已翻 261/585 段
    [tok] #305 入 2,672（新缓存 1,084 / 读缓存 1,586） 出 848 = 3,520 | 累计 707,003 tok $4.105
  已翻 262/585 段
    [tok] #306 入 2,113（新缓存 525 / 读缓存 1,586） 出 367 = 2,480 | 累计 709,483 tok $4.122
  已翻 263/585 段
    [tok] #307 入 2,448（新缓存 860 / 读缓存 1,586） 出 717 = 3,165 | 累计 712,648 tok $4.151
  已翻 264/585 段
    [tok] #308 入 1,889（新缓存 301 / 读缓存 1,586） 出 44 = 1,933 | 累计 714,581 tok $4.157
  已翻 265/585 段
    [tok] #309 入 1,952（新缓存 364 / 读缓存 1,586） 出 111 = 2,063 | 累计 716,644 tok $4.165
  已翻 266/585 段
    [tok] #310 入 1,976（新缓存 388 / 读缓存 1,586） 出 188 = 2,164 | 累计 718,808 tok $4.175
  已翻 267/585 段
    [tok] #311 入 1,930（新缓存 342 / 读缓存 1,586） 出 82 = 2,012 | 累计 720,820 tok $4.183
  已翻 268/585 段
    [tok] #312 入 1,923（新缓存 335 / 读缓存 1,586） 出 68 = 1,991 | 累计 722,811 tok $4.190
  已翻 269/585 段
    [tok] #313 入 1,909（新缓存 321 / 读缓存 1,586） 出 61 = 1,970 | 累计 724,781 tok $4.196
  已翻 270/585 段
    [tok] #314 入 1,915（新缓存 327 / 读缓存 1,586） 出 68 = 1,983 | 累计 726,764 tok $4.203
  已翻 271/585 段
    [tok] #315 入 1,892（新缓存 304 / 读缓存 1,586） 出 51 = 1,943 | 累计 728,707 tok $4.209
  已翻 272/585 段
    [tok] #316 入 2,049（新缓存 461 / 读缓存 1,586） 出 180 = 2,229 | 累计 730,936 tok $4.220
  已翻 273/585 段
    [tok] #317 入 2,051（新缓存 463 / 读缓存 1,586） 出 259 = 2,310 | 累计 733,246 tok $4.234
  已翻 274/585 段
    [tok] #318 入 1,979（新缓存 391 / 读缓存 1,586） 出 131 = 2,110 | 累计 735,356 tok $4.243
  已翻 275/585 段
    [tok] #319 入 1,987（新缓存 399 / 读缓存 1,586） 出 330 = 2,317 | 累计 737,673 tok $4.257
  已翻 276/585 段
    [tok] #320 入 1,980（新缓存 392 / 读缓存 1,586） 出 144 = 2,124 | 累计 739,797 tok $4.266
  已翻 277/585 段
    [tok] #321 入 1,954（新缓存 366 / 读缓存 1,586） 出 128 = 2,082 | 累计 741,879 tok $4.275
  已翻 278/585 段
    [tok] #322 入 2,041（新缓存 453 / 读缓存 1,586） 出 247 = 2,288 | 累计 744,167 tok $4.288
  已翻 279/585 段
    [tok] #323 入 2,019（新缓存 431 / 读缓存 1,586） 出 161 = 2,180 | 累计 746,347 tok $4.298
  已翻 280/585 段
    [tok] #324 入 2,011（新缓存 423 / 读缓存 1,586） 出 195 = 2,206 | 累计 748,553 tok $4.309
  已翻 281/585 段
    [tok] #325 入 2,067（新缓存 479 / 读缓存 1,586） 出 245 = 2,312 | 累计 750,865 tok $4.322
  已翻 282/585 段
    [tok] #326 入 1,944（新缓存 356 / 读缓存 1,586） 出 105 = 2,049 | 累计 752,914 tok $4.330
  已翻 283/585 段
    [tok] #327 入 1,994（新缓存 406 / 读缓存 1,586） 出 207 = 2,201 | 累计 755,115 tok $4.341
  已翻 284/585 段
    [tok] #328 入 1,920（新缓存 332 / 读缓存 1,586） 出 80 = 2,000 | 累计 757,115 tok $4.349
  已翻 285/585 段
    [tok] #329 入 1,910（新缓存 322 / 读缓存 1,586） 出 57 = 1,967 | 累计 759,082 tok $4.355
  已翻 286/585 段
    [tok] #330 入 1,943（新缓存 355 / 读缓存 1,586） 出 99 = 2,042 | 累计 761,124 tok $4.363
  已翻 287/585 段
    [tok] #331 入 2,002（新缓存 414 / 读缓存 1,586） 出 152 = 2,154 | 累计 763,278 tok $4.373
  已翻 288/585 段
    [tok] #332 入 1,898（新缓存 310 / 读缓存 1,586） 出 55 = 1,953 | 累计 765,231 tok $4.379
  已翻 289/585 段
    [tok] #333 入 1,974（新缓存 386 / 读缓存 1,586） 出 125 = 2,099 | 累计 767,330 tok $4.388
  已翻 290/585 段
    [tok] #334 入 1,910（新缓存 322 / 读缓存 1,586） 出 60 = 1,970 | 累计 769,300 tok $4.395
  已翻 291/585 段
    [tok] #335 入 1,926（新缓存 338 / 读缓存 1,586） 出 92 = 2,018 | 累计 771,318 tok $4.402
  已翻 292/585 段
    [tok] #336 入 1,898（新缓存 310 / 读缓存 1,586） 出 44 = 1,942 | 累计 773,260 tok $4.408
    [tok] #337 入 1,846（新缓存 258 / 读缓存 1,586） 出 94 = 1,940 | 累计 775,200 tok $4.415
  已翻 293/585 段
    [tok] #338 入 1,887（新缓存 299 / 读缓存 1,586） 出 46 = 1,933 | 累计 777,133 tok $4.421
  已翻 294/585 段
    [tok] #339 入 1,968（新缓存 380 / 读缓存 1,586） 出 568 = 2,536 | 累计 779,669 tok $4.441
  已翻 295/585 段
    [tok] #340 入 2,037（新缓存 449 / 读缓存 1,586） 出 187 = 2,224 | 累计 781,893 tok $4.452
  已翻 296/585 段
    [tok] #341 入 2,292（新缓存 704 / 读缓存 1,586） 出 653 = 2,945 | 累计 784,838 tok $4.478
    [tok] #342 入 2,240（新缓存 652 / 读缓存 1,586） 出 660 = 2,900 | 累计 787,738 tok $4.503
  已翻 297/585 段
    [tok] #343 入 1,992（新缓存 404 / 读缓存 1,586） 出 234 = 2,226 | 累计 789,964 tok $4.515
    [tok] #344 入 1,940（新缓存 352 / 读缓存 1,586） 出 130 = 2,070 | 累计 792,034 tok $4.523
  已翻 298/585 段
    [tok] #345 入 2,480（新缓存 892 / 读缓存 1,586） 出 748 = 3,228 | 累计 795,262 tok $4.553
  已翻 299/585 段
    [tok] #346 入 1,894（新缓存 306 / 读缓存 1,586） 出 52 = 1,946 | 累计 797,208 tok $4.560
  已翻 300/585 段
    [tok] #347 入 1,910（新缓存 322 / 读缓存 1,586） 出 59 = 1,969 | 累计 799,177 tok $4.566
  已翻 301/585 段
    [tok] #348 入 1,911（新缓存 323 / 读缓存 1,586） 出 72 = 1,983 | 累计 801,160 tok $4.573
  已翻 302/585 段
    [tok] #349 入 1,955（新缓存 367 / 读缓存 1,586） 出 82 = 2,037 | 累计 803,197 tok $4.581
    [tok] #350 入 1,903（新缓存 315 / 读缓存 1,586） 出 82 = 1,985 | 累计 805,182 tok $4.588
  已翻 303/585 段
    [tok] #351 入 1,945（新缓存 357 / 读缓存 1,586） 出 94 = 2,039 | 累计 807,221 tok $4.596
  已翻 304/585 段
    [tok] #352 入 1,912（新缓存 324 / 读缓存 1,586） 出 62 = 1,974 | 累计 809,195 tok $4.602
  已翻 305/585 段
    [tok] #353 入 1,937（新缓存 349 / 读缓存 1,586） 出 74 = 2,011 | 累计 811,206 tok $4.610
  已翻 306/585 段
    [tok] #354 入 1,989（新缓存 401 / 读缓存 1,586） 出 168 = 2,157 | 累计 813,363 tok $4.620
  已翻 307/585 段
    [tok] #355 入 2,153（新缓存 565 / 读缓存 1,586） 出 314 = 2,467 | 累计 815,830 tok $4.635
    [tok] #356 入 2,101（新缓存 513 / 读缓存 1,586） 出 402 = 2,503 | 累计 818,333 tok $4.652
  已翻 308/585 段
    [tok] #357 入 2,543（新缓存 955 / 读缓存 1,586） 出 647 = 3,190 | 累计 821,523 tok $4.681
  已翻 309/585 段
    [tok] #358 入 2,399（新缓存 811 / 读缓存 1,586） 出 520 = 2,919 | 累计 824,442 tok $4.704
  已翻 310/585 段
    [tok] #359 入 2,196（新缓存 608 / 读缓存 1,586） 出 435 = 2,631 | 累计 827,073 tok $4.723
  已翻 311/585 段
    [tok] #360 入 2,436（新缓存 848 / 读缓存 1,586） 出 643 = 3,079 | 累计 830,152 tok $4.750
  已翻 312/585 段
    [tok] #361 入 2,121（新缓存 533 / 读缓存 1,586） 出 306 = 2,427 | 累计 832,579 tok $4.765
  已翻 313/585 段
    [tok] #362 入 1,955（新缓存 367 / 读缓存 1,586） 出 124 = 2,079 | 累计 834,658 tok $4.773
  已翻 314/585 段
    [tok] #363 入 2,202（新缓存 614 / 读缓存 1,586） 出 409 = 2,611 | 累计 837,269 tok $4.792
  已翻 315/585 段
    [tok] #364 入 2,236（新缓存 648 / 读缓存 1,586） 出 460 = 2,696 | 累计 839,965 tok $4.812
  已翻 316/585 段
    [tok] #365 入 1,968（新缓存 380 / 读缓存 1,586） 出 124 = 2,092 | 累计 842,057 tok $4.821
    [tok] #366 入 1,916（新缓存 328 / 读缓存 1,586） 出 420 = 2,336 | 累计 844,393 tok $4.837
  已翻 317/585 段
    [tok] #367 入 1,949（新缓存 361 / 读缓存 1,586） 出 131 = 2,080 | 累计 846,473 tok $4.844
  已翻 318/585 段
    [tok] #368 入 1,895（新缓存 307 / 读缓存 1,586） 出 48 = 1,943 | 累计 848,416 tok $4.850
  已翻 319/585 段
    [tok] #369 入 2,172（新缓存 584 / 读缓存 1,586） 出 383 = 2,555 | 累计 850,971 tok $4.868
    [tok] #370 入 2,120（新缓存 532 / 读缓存 1,586） 出 383 = 2,503 | 累计 853,474 tok $4.885
  已翻 320/585 段
    [tok] #371 入 1,943（新缓存 355 / 读缓存 1,586） 出 86 = 2,029 | 累计 855,503 tok $4.892
  已翻 321/585 段
    [tok] #372 入 1,959（新缓存 371 / 读缓存 1,586） 出 150 = 2,109 | 累计 857,612 tok $4.902
  已翻 322/585 段
    [tok] #373 入 2,201（新缓存 613 / 读缓存 1,586） 出 416 = 2,617 | 累计 860,229 tok $4.920
  已翻 323/585 段
    [tok] #374 入 2,074（新缓存 486 / 读缓存 1,586） 出 242 = 2,316 | 累计 862,545 tok $4.933
    [tok] #375 入 2,022（新缓存 434 / 读缓存 1,586） 出 232 = 2,254 | 累计 864,799 tok $4.945
  已翻 324/585 段
    [tok] #376 入 1,992（新缓存 404 / 读缓存 1,586） 出 207 = 2,199 | 累计 866,998 tok $4.957
    [tok] #377 入 1,940（新缓存 352 / 读缓存 1,586） 出 229 = 2,169 | 累计 869,167 tok $4.968
  已翻 325/585 段
    [tok] #378 入 2,007（新缓存 419 / 读缓存 1,586） 出 135 = 2,142 | 累计 871,309 tok $4.977
  已翻 326/585 段
    [tok] #379 入 1,900（新缓存 312 / 读缓存 1,586） 出 69 = 1,969 | 累计 873,278 tok $4.984
  已翻 327/585 段
    [tok] #380 入 2,309（新缓存 721 / 读缓存 1,586） 出 647 = 2,956 | 累计 876,234 tok $5.009
  已翻 328/585 段
    [retry 1] rc=1 stderr='' subtype='success' stop_reason='stop_sequence' result='API Error: Server error mid-response. The response  | wait 5s
    [tok] #381 入 2,278（新缓存 0 / 读缓存 2,276） 出 628 = 2,906 | 累计 879,140 tok $5.028
  已翻 329/585 段
    [tok] #382 入 1,902（新缓存 314 / 读缓存 1,586） 出 46 = 1,948 | 累计 881,088 tok $5.034
  已翻 330/585 段
    [tok] #383 入 1,907（新缓存 319 / 读缓存 1,586） 出 64 = 1,971 | 累计 883,059 tok $5.041
  已翻 331/585 段
    [tok] #384 入 1,930（新缓存 342 / 读缓存 1,586） 出 74 = 2,004 | 累计 885,063 tok $5.048
  已翻 332/585 段
    [tok] #385 入 1,977（新缓存 389 / 读缓存 1,586） 出 214 = 2,191 | 累计 887,254 tok $5.059
  已翻 333/585 段
    [tok] #386 入 2,019（新缓存 431 / 读缓存 1,586） 出 183 = 2,202 | 累计 889,456 tok $5.070
  已翻 334/585 段
    [tok] #387 入 1,923（新缓存 335 / 读缓存 1,586） 出 78 = 2,001 | 累计 891,457 tok $5.077
  已翻 335/585 段
    [tok] #388 入 2,125（新缓存 537 / 读缓存 1,586） 出 597 = 2,722 | 累计 894,179 tok $5.099
  已翻 336/585 段
    [tok] #389 入 1,943（新缓存 355 / 读缓存 1,586） 出 104 = 2,047 | 累计 896,226 tok $5.107
  已翻 337/585 段
    [tok] #390 入 2,108（新缓存 520 / 读缓存 1,586） 出 272 = 2,380 | 累计 898,606 tok $5.121
  已翻 338/585 段
    [tok] #391 入 1,889（新缓存 301 / 读缓存 1,586） 出 52 = 1,941 | 累计 900,547 tok $5.128
    [tok] #392 入 1,837（新缓存 249 / 读缓存 1,586） 出 44 = 1,881 | 累计 902,428 tok $5.133
  已翻 339/585 段
    [tok] #393 入 1,944（新缓存 356 / 读缓存 1,586） 出 100 = 2,044 | 累计 904,472 tok $5.141
  已翻 340/585 段
    [tok] #394 入 2,180（新缓存 592 / 读缓存 1,586） 出 346 = 2,526 | 累计 906,998 tok $5.158
  已翻 341/585 段
    [tok] #395 入 1,920（新缓存 332 / 读缓存 1,586） 出 62 = 1,982 | 累计 908,980 tok $5.164
  已翻 342/585 段
    [tok] #396 入 2,073（新缓存 485 / 读缓存 1,586） 出 293 = 2,366 | 累计 911,346 tok $5.179
  已翻 343/585 段
    [tok] #397 入 1,955（新缓存 367 / 读缓存 1,586） 出 93 = 2,048 | 累计 913,394 tok $5.186
  已翻 344/585 段
    [tok] #398 入 2,079（新缓存 491 / 读缓存 1,586） 出 294 = 2,373 | 累计 915,767 tok $5.201
  已翻 345/585 段
    [tok] #399 入 1,926（新缓存 338 / 读缓存 1,586） 出 57 = 1,983 | 累计 917,750 tok $5.207
  已翻 346/585 段
    [tok] #400 入 2,049（新缓存 461 / 读缓存 1,586） 出 333 = 2,382 | 累计 920,132 tok $5.222
  已翻 347/585 段
    [tok] #401 入 2,326（新缓存 738 / 读缓存 1,586） 出 859 = 3,185 | 累计 923,317 tok $5.253
    [tok] #402 入 2,274（新缓存 686 / 读缓存 1,586） 出 1,117 = 3,391 | 累计 926,708 tok $5.290
  已翻 348/585 段
    [tok] #403 入 1,942（新缓存 354 / 读缓存 1,586） 出 80 = 2,022 | 累计 928,730 tok $5.298
  已翻 349/585 段
    [tok] #404 入 1,907（新缓存 319 / 读缓存 1,586） 出 49 = 1,956 | 累计 930,686 tok $5.304
  已翻 350/585 段
    [tok] #405 入 2,145（新缓存 557 / 读缓存 1,586） 出 276 = 2,421 | 累计 933,107 tok $5.319
  已翻 351/585 段
    [tok] #406 入 2,096（新缓存 508 / 读缓存 1,586） 出 397 = 2,493 | 累计 935,600 tok $5.336
  已翻 352/585 段
    [tok] #407 入 1,983（新缓存 395 / 读缓存 1,586） 出 168 = 2,151 | 累计 937,751 tok $5.346
  已翻 353/585 段
    [tok] #408 入 1,901（新缓存 313 / 读缓存 1,586） 出 55 = 1,956 | 累计 939,707 tok $5.352
  已翻 354/585 段
    [tok] #409 入 1,911（新缓存 323 / 读缓存 1,586） 出 48 = 1,959 | 累计 941,666 tok $5.358
  已翻 355/585 段
    [tok] #410 入 1,905（新缓存 317 / 读缓存 1,586） 出 53 = 1,958 | 累计 943,624 tok $5.365
  已翻 356/585 段
    [tok] #411 入 2,193（新缓存 605 / 读缓存 1,586） 出 295 = 2,488 | 累计 946,112 tok $5.380
  已翻 357/585 段
    [tok] #412 入 2,001（新缓存 413 / 读缓存 1,586） 出 216 = 2,217 | 累计 948,329 tok $5.392
    [tok] #413 入 1,949（新缓存 361 / 读缓存 1,586） 出 250 = 2,199 | 累计 950,528 tok $5.403
  已翻 358/585 段
    [tok] #414 入 1,955（新缓存 367 / 读缓存 1,586） 出 113 = 2,068 | 累计 952,596 tok $5.412
  已翻 359/585 段
    [tok] #415 入 1,897（新缓存 309 / 读缓存 1,586） 出 50 = 1,947 | 累计 954,543 tok $5.418
  已翻 360/585 段
    [tok] #416 入 1,977（新缓存 389 / 读缓存 1,586） 出 252 = 2,229 | 累计 956,772 tok $5.430
  已翻 361/585 段
    [tok] #417 入 2,013（新缓存 425 / 读缓存 1,586） 出 241 = 2,254 | 累计 959,026 tok $5.442
  已翻 362/585 段
    [tok] #418 入 2,319（新缓存 731 / 读缓存 1,586） 出 505 = 2,824 | 累计 961,850 tok $5.465
  已翻 363/585 段
    [tok] #419 入 2,009（新缓存 421 / 读缓存 1,586） 出 335 = 2,344 | 累计 964,194 tok $5.479
  已翻 364/585 段
    [tok] #420 入 2,200（新缓存 612 / 读缓存 1,586） 出 354 = 2,554 | 累计 966,748 tok $5.496
  已翻 365/585 段
    [tok] #421 入 2,224（新缓存 636 / 读缓存 1,586） 出 413 = 2,637 | 累计 969,385 tok $5.515
  已翻 366/585 段
    [tok] #422 入 1,940（新缓存 352 / 读缓存 1,586） 出 114 = 2,054 | 累计 971,439 tok $5.523
  已翻 367/585 段
    [tok] #423 入 1,916（新缓存 328 / 读缓存 1,586） 出 59 = 1,975 | 累计 973,414 tok $5.530
  已翻 368/585 段
    [tok] #424 入 1,993（新缓存 405 / 读缓存 1,586） 出 145 = 2,138 | 累计 975,552 tok $5.540
  已翻 369/585 段
    [tok] #425 入 1,954（新缓存 366 / 读缓存 1,586） 出 101 = 2,055 | 累计 977,607 tok $5.548
  已翻 370/585 段
    [tok] #426 入 1,922（新缓存 334 / 读缓存 1,586） 出 75 = 1,997 | 累计 979,604 tok $5.555
  已翻 371/585 段
    [tok] #427 入 1,924（新缓存 336 / 读缓存 1,586） 出 86 = 2,010 | 累计 981,614 tok $5.562
  已翻 372/585 段
    [tok] #428 入 1,909（新缓存 321 / 读缓存 1,586） 出 68 = 1,977 | 累计 983,591 tok $5.569
  已翻 373/585 段
    [tok] #429 入 2,018（新缓存 430 / 读缓存 1,586） 出 221 = 2,239 | 累计 985,830 tok $5.581
  已翻 374/585 段
    [tok] #430 入 1,915（新缓存 327 / 读缓存 1,586） 出 224 = 2,139 | 累计 987,969 tok $5.592
  已翻 375/585 段
    [tok] #431 入 1,948（新缓存 360 / 读缓存 1,586） 出 105 = 2,053 | 累计 990,022 tok $5.600
    [tok] #432 入 1,896（新缓存 308 / 读缓存 1,586） 出 113 = 2,009 | 累计 992,031 tok $5.607
  已翻 376/585 段
    [tok] #433 入 2,076（新缓存 488 / 读缓存 1,586） 出 345 = 2,421 | 累计 994,452 tok $5.623
  已翻 377/585 段
    [tok] #434 入 2,304（新缓存 716 / 读缓存 1,586） 出 464 = 2,768 | 累计 997,220 tok $5.644
  已翻 378/585 段
    [tok] #435 入 2,285（新缓存 697 / 读缓存 1,586） 出 605 = 2,890 | 累计 1,000,110 tok $5.668
    [tok] #436 入 2,233（新缓存 645 / 读缓存 1,586） 出 483 = 2,716 | 累计 1,002,826 tok $5.689
  已翻 379/585 段
    [tok] #437 入 1,938（新缓存 350 / 读缓存 1,586） 出 80 = 2,018 | 累计 1,004,844 tok $5.696
  已翻 380/585 段
    [tok] #438 入 2,118（新缓存 530 / 读缓存 1,586） 出 272 = 2,390 | 累计 1,007,234 tok $5.710
    [tok] #439 入 2,066（新缓存 478 / 读缓存 1,586） 出 332 = 2,398 | 累计 1,009,632 tok $5.725
  已翻 381/585 段
    [tok] #440 入 2,240（新缓存 652 / 读缓存 1,586） 出 574 = 2,814 | 累计 1,012,446 tok $5.748
  已翻 382/585 段
    [tok] #441 入 2,094（新缓存 506 / 读缓存 1,586） 出 269 = 2,363 | 累计 1,014,809 tok $5.762
  已翻 383/585 段
    [tok] #442 入 1,958（新缓存 370 / 读缓存 1,586） 出 104 = 2,062 | 累计 1,016,871 tok $5.770
  已翻 384/585 段
    [tok] #443 入 1,956（新缓存 368 / 读缓存 1,586） 出 99 = 2,055 | 累计 1,018,926 tok $5.779
  已翻 385/585 段
    [tok] #444 入 1,918（新缓存 330 / 读缓存 1,586） 出 62 = 1,980 | 累计 1,020,906 tok $5.785
  已翻 386/585 段
    [tok] #445 入 1,889（新缓存 301 / 读缓存 1,586） 出 41 = 1,930 | 累计 1,022,836 tok $5.791
  已翻 387/585 段
    [tok] #446 入 1,898（新缓存 310 / 读缓存 1,586） 出 51 = 1,949 | 累计 1,024,785 tok $5.797
  已翻 388/585 段
    [tok] #447 入 1,895（新缓存 307 / 读缓存 1,586） 出 41 = 1,936 | 累计 1,026,721 tok $5.803
  已翻 389/585 段
    [tok] #448 入 1,878（新缓存 290 / 读缓存 1,586） 出 26 = 1,904 | 累计 1,028,625 tok $5.809
  已翻 390/585 段
    [tok] #449 入 1,946（新缓存 358 / 读缓存 1,586） 出 96 = 2,042 | 累计 1,030,667 tok $5.817
  已翻 391/585 段
    [tok] #450 入 2,100（新缓存 512 / 读缓存 1,586） 出 283 = 2,383 | 累计 1,033,050 tok $5.831
  已翻 392/585 段
    [tok] #451 入 2,100（新缓存 512 / 读缓存 1,586） 出 408 = 2,508 | 累计 1,035,558 tok $5.848
  已翻 393/585 段
    [tok] #452 入 1,952（新缓存 364 / 读缓存 1,586） 出 120 = 2,072 | 累计 1,037,630 tok $5.857
  已翻 394/585 段
    [tok] #453 入 1,972（新缓存 384 / 读缓存 1,586） 出 204 = 2,176 | 累计 1,039,806 tok $5.868
  已翻 395/585 段
    [tok] #454 入 1,930（新缓存 342 / 读缓存 1,586） 出 81 = 2,011 | 累计 1,041,817 tok $5.875
  已翻 396/585 段
    [tok] #455 入 1,978（新缓存 390 / 读缓存 1,586） 出 118 = 2,096 | 累计 1,043,913 tok $5.884
    [tok] #456 入 1,926（新缓存 338 / 读缓存 1,586） 出 154 = 2,080 | 累计 1,045,993 tok $5.893
  已翻 397/585 段
    [tok] #457 入 1,880（新缓存 292 / 读缓存 1,586） 出 31 = 1,911 | 累计 1,047,904 tok $5.898
  已翻 398/585 段
    [tok] #458 入 1,990（新缓存 402 / 读缓存 1,586） 出 255 = 2,245 | 累计 1,050,149 tok $5.911
  已翻 399/585 段
    [tok] #459 入 2,229（新缓存 641 / 读缓存 1,586） 出 634 = 2,863 | 累计 1,053,012 tok $5.935
  已翻 400/585 段
    [tok] #460 入 1,975（新缓存 387 / 读缓存 1,586） 出 288 = 2,263 | 累计 1,055,275 tok $5.948
    [tok] #461 入 1,923（新缓存 335 / 读缓存 1,586） 出 215 = 2,138 | 累计 1,057,413 tok $5.959
  已翻 401/585 段
    [tok] #462 入 1,962（新缓存 374 / 读缓存 1,586） 出 253 = 2,215 | 累计 1,059,628 tok $5.971
  已翻 402/585 段
    [tok] #463 入 1,919（新缓存 331 / 读缓存 1,586） 出 75 = 1,994 | 累计 1,061,622 tok $5.978
  已翻 403/585 段
    [tok] #464 入 1,913（新缓存 325 / 读缓存 1,586） 出 66 = 1,979 | 累计 1,063,601 tok $5.985
  已翻 404/585 段
    [tok] #465 入 1,917（新缓存 329 / 读缓存 1,586） 出 67 = 1,984 | 累计 1,065,585 tok $5.992
  已翻 405/585 段
    [tok] #466 入 2,222（新缓存 634 / 读缓存 1,586） 出 337 = 2,559 | 累计 1,068,144 tok $6.008
  已翻 406/585 段
    [tok] #467 入 2,058（新缓存 470 / 读缓存 1,586） 出 280 = 2,338 | 累计 1,070,482 tok $6.022
  已翻 407/585 段
    [tok] #468 入 1,895（新缓存 307 / 读缓存 1,586） 出 43 = 1,938 | 累计 1,072,420 tok $6.028
  已翻 408/585 段
    [tok] #469 入 1,983（新缓存 395 / 读缓存 1,586） 出 178 = 2,161 | 累计 1,074,581 tok $6.038
  已翻 409/585 段
    [tok] #470 入 1,913（新缓存 325 / 读缓存 1,586） 出 58 = 1,971 | 累计 1,076,552 tok $6.045
  已翻 410/585 段
    [tok] #471 入 2,121（新缓存 533 / 读缓存 1,586） 出 287 = 2,408 | 累计 1,078,960 tok $6.060
  已翻 411/585 段
    [tok] #472 入 1,906（新缓存 318 / 读缓存 1,586） 出 73 = 1,979 | 累计 1,080,939 tok $6.066
  已翻 412/585 段
    [tok] #473 入 1,961（新缓存 373 / 读缓存 1,586） 出 202 = 2,163 | 累计 1,083,102 tok $6.077
    [tok] #474 入 1,909（新缓存 321 / 读缓存 1,586） 出 97 = 2,006 | 累计 1,085,108 tok $6.085
  已翻 413/585 段
    [tok] #475 入 2,076（新缓存 488 / 读缓存 1,586） 出 344 = 2,420 | 累计 1,087,528 tok $6.100
  已翻 414/585 段
    [tok] #476 入 1,901（新缓存 313 / 读缓存 1,586） 出 64 = 1,965 | 累计 1,089,493 tok $6.107
  已翻 415/585 段
    [tok] #477 入 1,904（新缓存 316 / 读缓存 1,586） 出 49 = 1,953 | 累计 1,091,446 tok $6.113
  已翻 416/585 段
    [tok] #478 入 1,902（新缓存 314 / 读缓存 1,586） 出 59 = 1,961 | 累计 1,093,407 tok $6.119
  已翻 417/585 段
    [tok] #479 入 2,418（新缓存 830 / 读缓存 1,586） 出 1,199 = 3,617 | 累计 1,097,024 tok $6.160
    [tok] #480 入 2,366（新缓存 778 / 读缓存 1,586） 出 1,105 = 3,471 | 累计 1,100,495 tok $6.198
  已翻 418/585 段
    [tok] #481 入 2,065（新缓存 477 / 读缓存 1,586） 出 276 = 2,341 | 累计 1,102,836 tok $6.211
  已翻 419/585 段
    [tok] #482 入 1,940（新缓存 352 / 读缓存 1,586） 出 102 = 2,042 | 累计 1,104,878 tok $6.219
  已翻 420/585 段
    [tok] #483 入 1,908（新缓存 320 / 读缓存 1,586） 出 54 = 1,962 | 累计 1,106,840 tok $6.226
  已翻 421/585 段
    [tok] #484 入 2,010（新缓存 422 / 读缓存 1,586） 出 172 = 2,182 | 累计 1,109,022 tok $6.236
  已翻 422/585 段
    [tok] #485 入 2,033（新缓存 445 / 读缓存 1,586） 出 410 = 2,443 | 累计 1,111,465 tok $6.253
    [tok] #486 入 1,981（新缓存 393 / 读缓存 1,586） 出 338 = 2,319 | 累计 1,113,784 tok $6.267
  已翻 423/585 段
    [tok] #487 入 2,308（新缓存 720 / 读缓存 1,586） 出 660 = 2,968 | 累计 1,116,752 tok $6.293
  已翻 424/585 段
    [tok] #488 入 2,144（新缓存 556 / 读缓存 1,586） 出 479 = 2,623 | 累计 1,119,375 tok $6.313
  已翻 425/585 段
    [tok] #489 入 2,544（新缓存 956 / 读缓存 1,586） 出 755 = 3,299 | 累计 1,122,674 tok $6.343
  已翻 426/585 段
    [tok] #490 入 2,234（新缓存 646 / 读缓存 1,586） 出 549 = 2,783 | 累计 1,125,457 tok $6.366
  已翻 427/585 段
    [tok] #491 入 1,923（新缓存 335 / 读缓存 1,586） 出 79 = 2,002 | 累计 1,127,459 tok $6.373
  已翻 428/585 段
    [tok] #492 入 1,982（新缓存 394 / 读缓存 1,586） 出 259 = 2,241 | 累计 1,129,700 tok $6.385
    [tok] #493 入 1,930（新缓存 342 / 读缓存 1,586） 出 260 = 2,190 | 累计 1,131,890 tok $6.397
  已翻 429/585 段
    [tok] #494 入 2,441（新缓存 853 / 读缓存 1,586） 出 733 = 3,174 | 累计 1,135,064 tok $6.426
  已翻 430/585 段
    [tok] #495 入 2,230（新缓存 642 / 读缓存 1,586） 出 356 = 2,586 | 累计 1,137,650 tok $6.444
  已翻 431/585 段
    [tok] #496 入 1,958（新缓存 370 / 读缓存 1,586） 出 118 = 2,076 | 累计 1,139,726 tok $6.452
  已翻 432/585 段
    [tok] #497 入 1,941（新缓存 353 / 读缓存 1,586） 出 108 = 2,049 | 累计 1,141,775 tok $6.460
  已翻 433/585 段
    [tok] #498 入 1,954（新缓存 366 / 读缓存 1,586） 出 501 = 2,455 | 累计 1,144,230 tok $6.478
  已翻 434/585 段
    [tok] #499 入 1,925（新缓存 337 / 读缓存 1,586） 出 185 = 2,110 | 累计 1,146,340 tok $6.488
  已翻 435/585 段
    [tok] #500 入 2,104（新缓存 516 / 读缓存 1,586） 出 839 = 2,943 | 累计 1,149,283 tok $6.516
  已翻 436/585 段
    [tok] #501 入 1,905（新缓存 317 / 读缓存 1,586） 出 45 = 1,950 | 累计 1,151,233 tok $6.523
  已翻 437/585 段
    [tok] #502 入 2,172（新缓存 584 / 读缓存 1,586） 出 1,098 = 3,270 | 累计 1,154,503 tok $6.558
  已翻 438/585 段
    [tok] #503 入 1,962（新缓存 374 / 读缓存 1,586） 出 130 = 2,092 | 累计 1,156,595 tok $6.567
  已翻 439/585 段
    [tok] #504 入 1,898（新缓存 310 / 读缓存 1,586） 出 51 = 1,949 | 累计 1,158,544 tok $6.573
  已翻 440/585 段
    [tok] #505 入 2,305（新缓存 717 / 读缓存 1,586） 出 512 = 2,817 | 累计 1,161,361 tok $6.595
  已翻 441/585 段
    [tok] #506 入 1,885（新缓存 297 / 读缓存 1,586） 出 41 = 1,926 | 累计 1,163,287 tok $6.601
  已翻 442/585 段
    [tok] #507 入 2,040（新缓存 452 / 读缓存 1,586） 出 425 = 2,465 | 累计 1,165,752 tok $6.618
  已翻 443/585 段
    [tok] #508 入 2,069（新缓存 481 / 读缓存 1,586） 出 259 = 2,328 | 累计 1,168,080 tok $6.632
  已翻 444/585 段
    [tok] #509 入 2,034（新缓存 446 / 读缓存 1,586） 出 326 = 2,360 | 累计 1,170,440 tok $6.646
    [tok] #510 入 1,982（新缓存 394 / 读缓存 1,586） 出 464 = 2,446 | 累计 1,172,886 tok $6.664
  已翻 445/585 段
    [tok] #511 入 2,032（新缓存 444 / 读缓存 1,586） 出 273 = 2,305 | 累计 1,175,191 tok $6.677
    [tok] #512 入 1,980（新缓存 392 / 读缓存 1,586） 出 175 = 2,155 | 累计 1,177,346 tok $6.687
  已翻 446/585 段
    [tok] #513 入 2,051（新缓存 463 / 读缓存 1,586） 出 237 = 2,288 | 累计 1,179,634 tok $6.700
  已翻 447/585 段
    [tok] #514 入 2,310（新缓存 722 / 读缓存 1,586） 出 569 = 2,879 | 累计 1,182,513 tok $6.723
  已翻 448/585 段
    [tok] #515 入 2,068（新缓存 480 / 读缓存 1,586） 出 336 = 2,404 | 累计 1,184,917 tok $6.738
    [tok] #516 入 2,016（新缓存 428 / 读缓存 1,586） 出 218 = 2,234 | 累计 1,187,151 tok $6.750
  已翻 449/585 段
    [tok] #517 入 1,918（新缓存 330 / 读缓存 1,586） 出 56 = 1,974 | 累计 1,189,125 tok $6.757
  已翻 450/585 段
    [tok] #518 入 1,914（新缓存 326 / 读缓存 1,586） 出 70 = 1,984 | 累计 1,191,109 tok $6.764
  已翻 451/585 段
    [tok] #519 入 1,951（新缓存 363 / 读缓存 1,586） 出 113 = 2,064 | 累计 1,193,173 tok $6.772
  已翻 452/585 段
    [tok] #520 入 1,903（新缓存 315 / 读缓存 1,586） 出 50 = 1,953 | 累计 1,195,126 tok $6.778
  已翻 453/585 段
    [tok] #521 入 1,931（新缓存 343 / 读缓存 1,586） 出 101 = 2,032 | 累计 1,197,158 tok $6.786
  已翻 454/585 段
    [tok] #522 入 2,300（新缓存 712 / 读缓存 1,586） 出 540 = 2,840 | 累计 1,199,998 tok $6.809
  已翻 455/585 段
    [tok] #523 入 2,114（新缓存 526 / 读缓存 1,586） 出 363 = 2,477 | 累计 1,202,475 tok $6.825
  已翻 456/585 段
    [tok] #524 入 2,156（新缓存 568 / 读缓存 1,586） 出 500 = 2,656 | 累计 1,205,131 tok $6.846
  已翻 457/585 段
    [tok] #525 入 1,925（新缓存 337 / 读缓存 1,586） 出 81 = 2,006 | 累计 1,207,137 tok $6.852
  已翻 458/585 段
    [tok] #526 入 1,900（新缓存 312 / 读缓存 1,586） 出 42 = 1,942 | 累计 1,209,079 tok $6.858
  已翻 459/585 段
    [tok] #527 入 2,061（新缓存 473 / 读缓存 1,586） 出 287 = 2,348 | 累计 1,211,427 tok $6.872
  已翻 460/585 段
    [tok] #528 入 1,931（新缓存 343 / 读缓存 1,586） 出 97 = 2,028 | 累计 1,213,455 tok $6.879
  已翻 461/585 段
    [tok] #529 入 1,943（新缓存 355 / 读缓存 1,586） 出 95 = 2,038 | 累计 1,215,493 tok $6.887
  已翻 462/585 段
    [tok] #530 入 1,983（新缓存 395 / 读缓存 1,586） 出 256 = 2,239 | 累计 1,217,732 tok $6.900
    [tok] #531 入 1,931（新缓存 343 / 读缓存 1,586） 出 212 = 2,143 | 累计 1,219,875 tok $6.910
  已翻 463/585 段
    [tok] #532 入 2,017（新缓存 429 / 读缓存 1,586） 出 188 = 2,205 | 累计 1,222,080 tok $6.921
  已翻 464/585 段
    [tok] #533 入 1,984（新缓存 396 / 读缓存 1,586） 出 160 = 2,144 | 累计 1,224,224 tok $6.931
  已翻 465/585 段
    [tok] #534 入 2,150（新缓存 562 / 读缓存 1,586） 出 545 = 2,695 | 累计 1,226,919 tok $6.952
    [tok] #535 入 2,098（新缓存 510 / 读缓存 1,586） 出 292 = 2,390 | 累计 1,229,309 tok $6.967
  已翻 466/585 段
    [tok] #536 入 2,129（新缓存 541 / 读缓存 1,586） 出 272 = 2,401 | 累计 1,231,710 tok $6.981
  已翻 467/585 段
    [tok] #537 入 1,903（新缓存 315 / 读缓存 1,586） 出 45 = 1,948 | 累计 1,233,658 tok $6.987
  已翻 468/585 段
    [tok] #538 入 2,021（新缓存 433 / 读缓存 1,586） 出 738 = 2,759 | 累计 1,236,417 tok $7.012
  已翻 469/585 段
    [tok] #539 入 2,014（新缓存 426 / 读缓存 1,586） 出 172 = 2,186 | 累计 1,238,603 tok $7.022
  已翻 470/585 段
    [tok] #540 入 2,013（新缓存 425 / 读缓存 1,586） 出 202 = 2,215 | 累计 1,240,818 tok $7.034
  已翻 471/585 段
    [tok] #541 入 1,980（新缓存 392 / 读缓存 1,586） 出 144 = 2,124 | 累计 1,242,942 tok $7.043
  已翻 472/585 段
    [tok] #542 入 1,922（新缓存 334 / 读缓存 1,586） 出 60 = 1,982 | 累计 1,244,924 tok $7.050
  已翻 473/585 段
    [tok] #543 入 1,959（新缓存 371 / 读缓存 1,586） 出 150 = 2,109 | 累计 1,247,033 tok $7.059
  已翻 474/585 段
    [tok] #544 入 1,951（新缓存 363 / 读缓存 1,586） 出 148 = 2,099 | 累计 1,249,132 tok $7.069
  已翻 475/585 段
    [tok] #545 入 2,052（新缓存 464 / 读缓存 1,586） 出 233 = 2,285 | 累计 1,251,417 tok $7.081
    [tok] #546 入 2,000（新缓存 412 / 读缓存 1,586） 出 310 = 2,310 | 累计 1,253,727 tok $7.095
  已翻 476/585 段
    [tok] #547 入 1,976（新缓存 388 / 读缓存 1,586） 出 135 = 2,111 | 累计 1,255,838 tok $7.104
  已翻 477/585 段
    [tok] #548 入 1,997（新缓存 409 / 读缓存 1,586） 出 164 = 2,161 | 累计 1,257,999 tok $7.114
  已翻 478/585 段
    [tok] #549 入 1,937（新缓存 349 / 读缓存 1,586） 出 106 = 2,043 | 累计 1,260,042 tok $7.122
  已翻 479/585 段
    [tok] #550 入 1,958（新缓存 370 / 读缓存 1,586） 出 137 = 2,095 | 累计 1,262,137 tok $7.131
  已翻 480/585 段
    [tok] #551 入 1,961（新缓存 373 / 读缓存 1,586） 出 114 = 2,075 | 累计 1,264,212 tok $7.140
  已翻 481/585 段
    [tok] #552 入 1,901（新缓存 313 / 读缓存 1,586） 出 76 = 1,977 | 累计 1,266,189 tok $7.147
  已翻 482/585 段
    [tok] #553 入 1,940（新缓存 352 / 读缓存 1,586） 出 105 = 2,045 | 累计 1,268,234 tok $7.155
  已翻 483/585 段
    [tok] #554 入 2,070（新缓存 482 / 读缓存 1,586） 出 359 = 2,429 | 累计 1,270,663 tok $7.170
    [tok] #555 入 2,018（新缓存 430 / 读缓存 1,586） 出 501 = 2,519 | 累计 1,273,182 tok $7.189
  已翻 484/585 段
    [tok] #556 入 2,099（新缓存 511 / 读缓存 1,586） 出 319 = 2,418 | 累计 1,275,600 tok $7.204
  已翻 485/585 段
    [tok] #557 入 1,980（新缓存 392 / 读缓存 1,586） 出 155 = 2,135 | 累计 1,277,735 tok $7.214
  已翻 486/585 段
    [tok] #558 入 1,929（新缓存 341 / 读缓存 1,586） 出 93 = 2,022 | 累计 1,279,757 tok $7.222
  已翻 487/585 段
    [tok] #559 入 1,979（新缓存 391 / 读缓存 1,586） 出 147 = 2,126 | 累计 1,281,883 tok $7.231
  已翻 488/585 段
    [tok] #560 入 1,985（新缓存 397 / 读缓存 1,586） 出 144 = 2,129 | 累计 1,284,012 tok $7.241
  已翻 489/585 段
    [tok] #561 入 2,020（新缓存 432 / 读缓存 1,586） 出 197 = 2,217 | 累计 1,286,229 tok $7.252
  已翻 490/585 段
    [tok] #562 入 1,996（新缓存 408 / 读缓存 1,586） 出 144 = 2,140 | 累计 1,288,369 tok $7.262
  已翻 491/585 段
    [tok] #563 入 2,152（新缓存 564 / 读缓存 1,586） 出 407 = 2,559 | 累计 1,290,928 tok $7.280
  已翻 492/585 段
    [tok] #564 入 2,134（新缓存 546 / 读缓存 1,586） 出 305 = 2,439 | 累计 1,293,367 tok $7.295
  已翻 493/585 段
    [tok] #565 入 1,972（新缓存 384 / 读缓存 1,586） 出 118 = 2,090 | 累计 1,295,457 tok $7.303
    [tok] #566 入 1,920（新缓存 332 / 读缓存 1,586） 出 126 = 2,046 | 累计 1,297,503 tok $7.312
  已翻 494/585 段
    [tok] #567 入 2,184（新缓存 596 / 读缓存 1,586） 出 337 = 2,521 | 累计 1,300,024 tok $7.328
  已翻 495/585 段
    [tok] #568 入 2,117（新缓存 529 / 读缓存 1,586） 出 362 = 2,479 | 累计 1,302,503 tok $7.345
  已翻 496/585 段
    [tok] #569 入 2,204（新缓存 616 / 读缓存 1,586） 出 411 = 2,615 | 累计 1,305,118 tok $7.363
  已翻 497/585 段
    [tok] #570 入 2,168（新缓存 580 / 读缓存 1,586） 出 361 = 2,529 | 累计 1,307,647 tok $7.380
  已翻 498/585 段
    [tok] #571 入 1,984（新缓存 396 / 读缓存 1,586） 出 118 = 2,102 | 累计 1,309,749 tok $7.389
  已翻 499/585 段
    [tok] #572 入 2,033（新缓存 445 / 读缓存 1,586） 出 240 = 2,273 | 累计 1,312,022 tok $7.401
    [tok] #573 入 1,981（新缓存 393 / 读缓存 1,586） 出 239 = 2,220 | 累计 1,314,242 tok $7.413
  已翻 500/585 段
    [tok] #574 入 1,929（新缓存 341 / 读缓存 1,586） 出 79 = 2,008 | 累计 1,316,250 tok $7.420
  已翻 501/585 段
    [tok] #575 入 2,162（新缓存 574 / 读缓存 1,586） 出 359 = 2,521 | 累计 1,318,771 tok $7.437
  已翻 502/585 段
    [tok] #576 入 1,933（新缓存 345 / 读缓存 1,586） 出 91 = 2,024 | 累计 1,320,795 tok $7.445
  已翻 503/585 段
    [tok] #577 入 2,056（新缓存 468 / 读缓存 1,586） 出 268 = 2,324 | 累计 1,323,119 tok $7.458
  已翻 504/585 段
    [tok] #578 入 2,154（新缓存 566 / 读缓存 1,586） 出 470 = 2,624 | 累计 1,325,743 tok $7.478
  已翻 505/585 段
    [tok] #579 入 1,952（新缓存 364 / 读缓存 1,586） 出 260 = 2,212 | 累计 1,327,955 tok $7.490
    [tok] #580 入 1,900（新缓存 312 / 读缓存 1,586） 出 111 = 2,011 | 累计 1,329,966 tok $7.497
  已翻 506/585 段
    [tok] #581 入 1,999（新缓存 411 / 读缓存 1,586） 出 168 = 2,167 | 累计 1,332,133 tok $7.508
  已翻 507/585 段
    [tok] #582 入 2,311（新缓存 723 / 读缓存 1,586） 出 640 = 2,951 | 累计 1,335,084 tok $7.533
  已翻 508/585 段
    [tok] #583 入 2,170（新缓存 582 / 读缓存 1,586） 出 346 = 2,516 | 累计 1,337,600 tok $7.550
  已翻 509/585 段
    [tok] #584 入 2,274（新缓存 686 / 读缓存 1,586） 出 472 = 2,746 | 累计 1,340,346 tok $7.571
  已翻 510/585 段
    [tok] #585 入 2,202（新缓存 614 / 读缓存 1,586） 出 461 = 2,663 | 累计 1,343,009 tok $7.590
  已翻 511/585 段
    [tok] #586 入 1,984（新缓存 396 / 读缓存 1,586） 出 126 = 2,110 | 累计 1,345,119 tok $7.599
  已翻 512/585 段
    [tok] #587 入 2,050（新缓存 462 / 读缓存 1,586） 出 269 = 2,319 | 累计 1,347,438 tok $7.613
  已翻 513/585 段
    [tok] #588 入 1,957（新缓存 369 / 读缓存 1,586） 出 106 = 2,063 | 累计 1,349,501 tok $7.621
  已翻 514/585 段
    [tok] #589 入 2,301（新缓存 713 / 读缓存 1,586） 出 554 = 2,855 | 累计 1,352,356 tok $7.644
  已翻 515/585 段
    [tok] #590 入 2,202（新缓存 614 / 读缓存 1,586） 出 376 = 2,578 | 累计 1,354,934 tok $7.662
  已翻 516/585 段
    [tok] #591 入 1,967（新缓存 379 / 读缓存 1,586） 出 248 = 2,215 | 累计 1,357,149 tok $7.674
    [tok] #592 入 1,915（新缓存 327 / 读缓存 1,586） 出 486 = 2,401 | 累计 1,359,550 tok $7.691
  已翻 517/585 段
    [tok] #593 入 1,943（新缓存 355 / 读缓存 1,586） 出 98 = 2,041 | 累计 1,361,591 tok $7.699
  已翻 518/585 段
    [tok] #594 入 2,020（新缓存 432 / 读缓存 1,586） 出 807 = 2,827 | 累计 1,364,418 tok $7.725
    [tok] #595 入 1,968（新缓存 380 / 读缓存 1,586） 出 658 = 2,626 | 累计 1,367,044 tok $7.748
  已翻 519/585 段
    [tok] #596 入 2,107（新缓存 519 / 读缓存 1,586） 出 217 = 2,324 | 累计 1,369,368 tok $7.760
  已翻 520/585 段
    [tok] #597 入 2,007（新缓存 419 / 读缓存 1,586） 出 346 = 2,353 | 累计 1,371,721 tok $7.775
  已翻 521/585 段
    [tok] #598 入 1,946（新缓存 358 / 读缓存 1,586） 出 175 = 2,121 | 累计 1,373,842 tok $7.785
  已翻 522/585 段
    [tok] #599 入 1,919（新缓存 331 / 读缓存 1,586） 出 73 = 1,992 | 累计 1,375,834 tok $7.792
  已翻 523/585 段
    [tok] #600 入 2,079（新缓存 491 / 读缓存 1,586） 出 452 = 2,531 | 累计 1,378,365 tok $7.810
  已翻 524/585 段
    [tok] #601 入 1,949（新缓存 361 / 读缓存 1,586） 出 108 = 2,057 | 累计 1,380,422 tok $7.818
  已翻 525/585 段
    [tok] #602 入 2,053（新缓存 465 / 读缓存 1,586） 出 228 = 2,281 | 累计 1,382,703 tok $7.831
  已翻 526/585 段
    [tok] #603 入 1,896（新缓存 308 / 读缓存 1,586） 出 43 = 1,939 | 累计 1,384,642 tok $7.837
  已翻 527/585 段
    [tok] #604 入 2,229（新缓存 641 / 读缓存 1,586） 出 605 = 2,834 | 累计 1,387,476 tok $7.860
    [tok] #605 入 2,177（新缓存 589 / 读缓存 1,586） 出 388 = 2,565 | 累计 1,390,041 tok $7.878
  已翻 528/585 段
    [tok] #606 入 1,971（新缓存 383 / 读缓存 1,586） 出 161 = 2,132 | 累计 1,392,173 tok $7.888
  已翻 529/585 段
    [tok] #607 入 1,955（新缓存 367 / 读缓存 1,586） 出 104 = 2,059 | 累计 1,394,232 tok $7.896
  已翻 530/585 段
    [tok] #608 入 1,986（新缓存 398 / 读缓存 1,586） 出 161 = 2,147 | 累计 1,396,379 tok $7.906
  已翻 531/585 段
    [tok] #609 入 2,249（新缓存 661 / 读缓存 1,586） 出 658 = 2,907 | 累计 1,399,286 tok $7.931
  已翻 532/585 段
    [tok] #610 入 2,025（新缓存 437 / 读缓存 1,586） 出 161 = 2,186 | 累计 1,401,472 tok $7.942
  已翻 533/585 段
    [tok] #611 入 2,133（新缓存 545 / 读缓存 1,586） 出 382 = 2,515 | 累计 1,403,987 tok $7.959
    [tok] #612 入 2,081（新缓存 493 / 读缓存 1,586） 出 840 = 2,921 | 累计 1,406,908 tok $7.986
  已翻 534/585 段
    [tok] #613 入 2,060（新缓存 472 / 读缓存 1,586） 出 193 = 2,253 | 累计 1,409,161 tok $7.998
  已翻 535/585 段
    [tok] #614 入 1,958（新缓存 370 / 读缓存 1,586） 出 100 = 2,058 | 累计 1,411,219 tok $8.006
  已翻 536/585 段
    [tok] #615 入 1,962（新缓存 374 / 读缓存 1,586） 出 103 = 2,065 | 累计 1,413,284 tok $8.014
  已翻 537/585 段
    [tok] #616 入 1,956（新缓存 368 / 读缓存 1,586） 出 107 = 2,063 | 累计 1,415,347 tok $8.023
  已翻 538/585 段
    [tok] #617 入 2,399（新缓存 811 / 读缓存 1,586） 出 542 = 2,941 | 累计 1,418,288 tok $8.047
  已翻 539/585 段
    [tok] #618 入 1,955（新缓存 367 / 读缓存 1,586） 出 88 = 2,043 | 累计 1,420,331 tok $8.054
  已翻 540/585 段
    [tok] #619 入 2,246（新缓存 658 / 读缓存 1,586） 出 388 = 2,634 | 累计 1,422,965 tok $8.073
    [tok] #620 入 2,194（新缓存 606 / 读缓存 1,586） 出 381 = 2,575 | 累计 1,425,540 tok $8.090
  已翻 541/585 段
    [tok] #621 入 1,930（新缓存 342 / 读缓存 1,586） 出 250 = 2,180 | 累计 1,427,720 tok $8.102
  已翻 542/585 段
    [tok] #622 入 1,907（新缓存 319 / 读缓存 1,586） 出 77 = 1,984 | 累计 1,429,704 tok $8.109
  已翻 543/585 段
    [tok] #623 入 1,981（新缓存 393 / 读缓存 1,586） 出 114 = 2,095 | 累计 1,431,799 tok $8.118
  已翻 544/585 段
    [tok] #624 入 2,067（新缓存 479 / 读缓存 1,586） 出 232 = 2,299 | 累计 1,434,098 tok $8.130
  已翻 545/585 段
    [tok] #625 入 2,062（新缓存 474 / 读缓存 1,586） 出 227 = 2,289 | 累计 1,436,387 tok $8.143
  已翻 546/585 段
    [tok] #626 入 1,926（新缓存 338 / 读缓存 1,586） 出 132 = 2,058 | 累计 1,438,445 tok $8.151
  已翻 547/585 段
    [tok] #627 入 2,043（新缓存 455 / 读缓存 1,586） 出 196 = 2,239 | 累计 1,440,684 tok $8.163
  已翻 548/585 段
    [tok] #628 入 2,031（新缓存 443 / 读缓存 1,586） 出 393 = 2,424 | 累计 1,443,108 tok $8.179
  已翻 549/585 段
    [tok] #629 入 2,098（新缓存 510 / 读缓存 1,586） 出 324 = 2,422 | 累计 1,445,530 tok $8.194
    [tok] #630 入 2,046（新缓存 458 / 读缓存 1,586） 出 293 = 2,339 | 累计 1,447,869 tok $8.208
  已翻 550/585 段
    [tok] #631 入 2,049（新缓存 461 / 读缓存 1,586） 出 249 = 2,298 | 累计 1,450,167 tok $8.221
  已翻 551/585 段
    [tok] #632 入 2,018（新缓存 430 / 读缓存 1,586） 出 344 = 2,362 | 累计 1,452,529 tok $8.236
    [tok] #633 入 1,966（新缓存 378 / 读缓存 1,586） 出 187 = 2,153 | 累计 1,454,682 tok $8.246
  已翻 552/585 段
    [tok] #634 入 2,037（新缓存 449 / 读缓存 1,586） 出 327 = 2,364 | 累计 1,457,046 tok $8.261
  已翻 553/585 段
    [tok] #635 入 2,060（新缓存 472 / 读缓存 1,586） 出 302 = 2,362 | 累计 1,459,408 tok $8.275
  已翻 554/585 段
    [tok] #636 入 2,113（新缓存 525 / 读缓存 1,586） 出 322 = 2,435 | 累计 1,461,843 tok $8.290
  已翻 555/585 段
    [tok] #637 入 2,150（新缓存 562 / 读缓存 1,586） 出 394 = 2,544 | 累计 1,464,387 tok $8.308
  已翻 556/585 段
    [tok] #638 入 2,071（新缓存 483 / 读缓存 1,586） 出 240 = 2,311 | 累计 1,466,698 tok $8.321
  已翻 557/585 段
    [tok] #639 入 1,963（新缓存 375 / 读缓存 1,586） 出 366 = 2,329 | 累计 1,469,027 tok $8.336
  已翻 558/585 段
    [tok] #640 入 1,942（新缓存 354 / 读缓存 1,586） 出 120 = 2,062 | 累计 1,471,089 tok $8.344
  已翻 559/585 段
    [tok] #641 入 1,991（新缓存 403 / 读缓存 1,586） 出 212 = 2,203 | 累计 1,473,292 tok $8.355
  已翻 560/585 段
    [tok] #642 入 2,236（新缓存 648 / 读缓存 1,586） 出 419 = 2,655 | 累计 1,475,947 tok $8.374
  已翻 561/585 段
    [tok] #643 入 1,916（新缓存 328 / 读缓存 1,586） 出 65 = 1,981 | 累计 1,477,928 tok $8.381
  已翻 562/585 段
    [tok] #644 入 1,969（新缓存 381 / 读缓存 1,586） 出 540 = 2,509 | 累计 1,480,437 tok $8.400
  已翻 563/585 段
    [tok] #645 入 1,905（新缓存 317 / 读缓存 1,586） 出 318 = 2,223 | 累计 1,482,660 tok $8.413
  已翻 564/585 段
    [tok] #646 入 2,007（新缓存 419 / 读缓存 1,586） 出 166 = 2,173 | 累计 1,484,833 tok $8.424
  已翻 565/585 段
    [tok] #647 入 1,975（新缓存 387 / 读缓存 1,586） 出 184 = 2,159 | 累计 1,486,992 tok $8.434
  已翻 566/585 段
    [tok] #648 入 2,505（新缓存 917 / 读缓存 1,586） 出 808 = 3,313 | 累计 1,490,305 tok $8.466
  已翻 567/585 段
    [tok] #649 入 1,946（新缓存 358 / 读缓存 1,586） 出 97 = 2,043 | 累计 1,492,348 tok $8.474
  已翻 568/585 段
    [tok] #650 入 2,131（新缓存 543 / 读缓存 1,586） 出 457 = 2,588 | 累计 1,494,936 tok $8.493
    [tok] #651 入 2,079（新缓存 491 / 读缓存 1,586） 出 411 = 2,490 | 累计 1,497,426 tok $8.510
  已翻 569/585 段
    [tok] #652 入 2,030（新缓存 442 / 读缓存 1,586） 出 395 = 2,425 | 累计 1,499,851 tok $8.526
  已翻 570/585 段
    [tok] #653 入 2,151（新缓存 563 / 读缓存 1,586） 出 332 = 2,483 | 累计 1,502,334 tok $8.542
  已翻 571/585 段
    [tok] #654 入 1,953（新缓存 365 / 读缓存 1,586） 出 138 = 2,091 | 累计 1,504,425 tok $8.551
  已翻 572/585 段
    [tok] #655 入 1,906（新缓存 318 / 读缓存 1,586） 出 177 = 2,083 | 累计 1,506,508 tok $8.561
    [tok] #656 入 1,854（新缓存 266 / 读缓存 1,586） 出 42 = 1,896 | 累计 1,508,404 tok $8.566
  已翻 573/585 段
    [tok] #657 入 2,420（新缓存 832 / 读缓存 1,586） 出 611 = 3,031 | 累计 1,511,435 tok $8.592
  已翻 574/585 段
    [tok] #658 入 1,964（新缓存 376 / 读缓存 1,586） 出 144 = 2,108 | 累计 1,513,543 tok $8.601
  已翻 575/585 段
    [tok] #659 入 1,897（新缓存 309 / 读缓存 1,586） 出 44 = 1,941 | 累计 1,515,484 tok $8.607
  已翻 576/585 段
    [tok] #660 入 2,062（新缓存 474 / 读缓存 1,586） 出 223 = 2,285 | 累计 1,517,769 tok $8.620
  已翻 577/585 段
    [tok] #661 入 1,946（新缓存 358 / 读缓存 1,586） 出 104 = 2,050 | 累计 1,519,819 tok $8.628
  已翻 578/585 段
    [tok] #662 入 2,148（新缓存 560 / 读缓存 1,586） 出 313 = 2,461 | 累计 1,522,280 tok $8.643
    [tok] #663 入 2,096（新缓存 508 / 读缓存 1,586） 出 343 = 2,439 | 累计 1,524,719 tok $8.659
  已翻 579/585 段
    [tok] #664 入 1,903（新缓存 315 / 读缓存 1,586） 出 70 = 1,973 | 累计 1,526,692 tok $8.666
  已翻 580/585 段
    [tok] #665 入 1,883（新缓存 295 / 读缓存 1,586） 出 32 = 1,915 | 累计 1,528,607 tok $8.671
  已翻 581/585 段
    [tok] #666 入 2,028（新缓存 440 / 读缓存 1,586） 出 400 = 2,428 | 累计 1,531,035 tok $8.688
  已翻 582/585 段
    [tok] #667 入 2,062（新缓存 474 / 读缓存 1,586） 出 245 = 2,307 | 累计 1,533,342 tok $8.701
    [tok] #668 入 2,010（新缓存 422 / 读缓存 1,586） 出 229 = 2,239 | 累计 1,535,581 tok $8.712
  已翻 583/585 段
    [tok] #669 入 1,901（新缓存 313 / 读缓存 1,586） 出 42 = 1,943 | 累计 1,537,524 tok $8.719
  已翻 584/585 段
    [tok] #670 入 1,921（新缓存 333 / 读缓存 1,586） 出 70 = 1,991 | 累计 1,539,515 tok $8.726
  已翻 585/585 段
✓ 中文 raw → /Users/yanpeifa/Documents/whcjb.github.io/owen_raw/hebrews/zh_chapters/13.md  (chmod 444)
  缓存命中 588 / 588
✓ 中文页 → /Users/yanpeifa/Documents/whcjb.github.io/owen/hebrews/13/zh/index.md
✓ 英文页回填 zh_url → owen/hebrews/13/index.md
✓ 回填上一篇 next → 第十三章

──────── claude CLI 用量汇总 ────────
  调用      670 次（另有 1 次失败重试）
  输入      1,362,484（未缓存 1,340 / 新建缓存 297,834 / 读缓存 1,063,310）
  输出      177,031
  合计      1,539,515 tok
  均次      2,297 tok
  费用      $8.7255
  用时      115m15s
────────────────────────────────────
════════ 全部完成  2026-09-04 21:18:26 ════════
