▶ 批量中译 3 篇  2026-09-03 11:24:56
════════ [1/3] owen/hebrews/7/index.md  2026-09-03 11:24:56 ════════
owen/hebrews/7/index.md: 964 个可译单元
    [tok] #1 入 1,870（新缓存 282 / 读缓存 1,586） 出 19 = 1,889 | 累计 1,889 tok $0.005
  已翻 1/959 段
    [tok] #2 入 2,017（新缓存 429 / 读缓存 1,586） 出 560 = 2,577 | 累计 4,466 tok $0.025
  已翻 2/959 段
    [tok] #3 入 2,022（新缓存 434 / 读缓存 1,586） 出 184 = 2,206 | 累计 6,672 tok $0.036
  已翻 3/959 段
    [tok] #4 入 2,298（新缓存 710 / 读缓存 1,586） 出 396 = 2,694 | 累计 9,366 tok $0.055
  已翻 4/959 段
    [tok] #5 入 1,989（新缓存 401 / 读缓存 1,586） 出 133 = 2,122 | 累计 11,488 tok $0.065
  已翻 5/959 段
    [tok] #6 入 2,018（新缓存 430 / 读缓存 1,586） 出 146 = 2,164 | 累计 13,652 tok $0.075
  已翻 6/959 段
    [tok] #7 入 2,376（新缓存 788 / 读缓存 1,586） 出 537 = 2,913 | 累计 16,565 tok $0.098
  已翻 7/959 段
    [tok] #8 入 2,039（新缓存 451 / 读缓存 1,586） 出 208 = 2,247 | 累计 18,812 tok $0.110
  已翻 8/959 段
    [tok] #9 入 2,135（新缓存 547 / 读缓存 1,586） 出 319 = 2,454 | 累计 21,266 tok $0.125
  已翻 9/959 段
    [tok] #10 入 2,655（新缓存 1,067 / 读缓存 1,586） 出 807 = 3,462 | 累计 24,728 tok $0.159
  已翻 10/959 段
    [tok] #11 入 2,208（新缓存 620 / 读缓存 1,586） 出 529 = 2,737 | 累计 27,465 tok $0.180
  已翻 11/959 段
    [tok] #12 入 2,179（新缓存 591 / 读缓存 1,586） 出 401 = 2,580 | 累计 30,045 tok $0.198
  已翻 12/959 段
    [tok] #13 入 2,626（新缓存 1,038 / 读缓存 1,586） 出 872 = 3,498 | 累计 33,543 tok $0.233
  已翻 13/959 段
    [tok] #14 入 2,127（新缓存 539 / 读缓存 1,586） 出 375 = 2,502 | 累计 36,045 tok $0.250
  已翻 14/959 段
    [tok] #15 入 1,899（新缓存 311 / 读缓存 1,586） 出 48 = 1,947 | 累计 37,992 tok $0.256
  已翻 15/959 段
    [tok] #16 入 1,898（新缓存 310 / 读缓存 1,586） 出 50 = 1,948 | 累计 39,940 tok $0.262
  已翻 16/959 段
    [tok] #17 入 1,946（新缓存 358 / 读缓存 1,586） 出 99 = 2,045 | 累计 41,985 tok $0.270
  已翻 17/959 段
    [tok] #18 入 2,072（新缓存 484 / 读缓存 1,586） 出 236 = 2,308 | 累计 44,293 tok $0.283
    [tok] #19 入 2,020（新缓存 432 / 读缓存 1,586） 出 207 = 2,227 | 累计 46,520 tok $0.294
  已翻 18/959 段
    [tok] #20 入 2,198（新缓存 610 / 读缓存 1,586） 出 355 = 2,553 | 累计 49,073 tok $0.311
  已翻 19/959 段
    [tok] #21 入 2,430（新缓存 842 / 读缓存 1,586） 出 1,091 = 3,521 | 累计 52,594 tok $0.349
  已翻 20/959 段
    [tok] #22 入 2,064（新缓存 476 / 读缓存 1,586） 出 526 = 2,590 | 累计 55,184 tok $0.369
  已翻 21/959 段
    [tok] #23 入 2,148（新缓存 560 / 读缓存 1,586） 出 335 = 2,483 | 累计 57,667 tok $0.385
  已翻 22/959 段
    [tok] #24 入 2,277（新缓存 689 / 读缓存 1,586） 出 599 = 2,876 | 累计 60,543 tok $0.409
  已翻 23/959 段
    [tok] #25 入 2,397（新缓存 809 / 读缓存 1,586） 出 570 = 2,967 | 累计 63,510 tok $0.434
  已翻 24/959 段
    [tok] #26 入 2,457（新缓存 869 / 读缓存 1,586） 出 663 = 3,120 | 累计 66,630 tok $0.461
  已翻 25/959 段
    [tok] #27 入 2,248（新缓存 660 / 读缓存 1,586） 出 496 = 2,744 | 累计 69,374 tok $0.483
  已翻 26/959 段
    [tok] #28 入 2,106（新缓存 518 / 读缓存 1,586） 出 272 = 2,378 | 累计 71,752 tok $0.497
  已翻 27/959 段
    [tok] #29 入 2,173（新缓存 585 / 读缓存 1,586） 出 433 = 2,606 | 累计 74,358 tok $0.515
  已翻 28/959 段
    [tok] #30 入 2,043（新缓存 455 / 读缓存 1,586） 出 309 = 2,352 | 累计 76,710 tok $0.530
  已翻 29/959 段
    [tok] #31 入 2,641（新缓存 1,053 / 读缓存 1,586） 出 800 = 3,441 | 累计 80,151 tok $0.563
  已翻 30/959 段
    [tok] #32 入 2,568（新缓存 980 / 读缓存 1,586） 出 923 = 3,491 | 累计 83,642 tok $0.598
  已翻 31/959 段
    [tok] #33 入 2,340（新缓存 752 / 读缓存 1,586） 出 548 = 2,888 | 累计 86,530 tok $0.621
  已翻 32/959 段
    [tok] #34 入 1,970（新缓存 382 / 读缓存 1,586） 出 116 = 2,086 | 累计 88,616 tok $0.630
  已翻 33/959 段
    [tok] #35 入 2,655（新缓存 1,067 / 读缓存 1,586） 出 920 = 3,575 | 累计 92,191 tok $0.666
  已翻 34/959 段
    [tok] #36 入 2,275（新缓存 687 / 读缓存 1,586） 出 469 = 2,744 | 累计 94,935 tok $0.687
  已翻 35/959 段
    [tok] #37 入 2,016（新缓存 428 / 读缓存 1,586） 出 213 = 2,229 | 累计 97,164 tok $0.698
  已翻 36/959 段
    [tok] #38 入 2,035（新缓存 447 / 读缓存 1,586） 出 199 = 2,234 | 累计 99,398 tok $0.710
  已翻 37/959 段
    [tok] #39 入 2,239（新缓存 651 / 读缓存 1,586） 出 437 = 2,676 | 累计 102,074 tok $0.729
  已翻 38/959 段
    [tok] #40 入 3,131（新缓存 1,543 / 读缓存 1,586） 出 1,599 = 4,730 | 累计 106,804 tok $0.788
    [tok] #41 入 3,079（新缓存 1,491 / 读缓存 1,586） 出 1,478 = 4,557 | 累计 111,361 tok $0.842
  已翻 39/959 段
    [tok] #42 入 1,936（新缓存 348 / 读缓存 1,586） 出 91 = 2,027 | 累计 113,388 tok $0.850
  已翻 40/959 段
    [tok] #43 入 2,061（新缓存 473 / 读缓存 1,586） 出 379 = 2,440 | 累计 115,828 tok $0.866
  已翻 41/959 段
    [tok] #44 入 1,974（新缓存 386 / 读缓存 1,586） 出 144 = 2,118 | 累计 117,946 tok $0.875
  已翻 42/959 段
    [tok] #45 入 2,138（新缓存 550 / 读缓存 1,586） 出 607 = 2,745 | 累计 120,691 tok $0.898
  已翻 43/959 段
    [tok] #46 入 1,956（新缓存 368 / 读缓存 1,586） 出 111 = 2,067 | 累计 122,758 tok $0.907
  已翻 44/959 段
    [tok] #47 入 2,131（新缓存 543 / 读缓存 1,586） 出 311 = 2,442 | 累计 125,200 tok $0.922
  已翻 45/959 段
    [tok] #48 入 2,017（新缓存 429 / 读缓存 1,586） 出 126 = 2,143 | 累计 127,343 tok $0.931
  已翻 46/959 段
    [tok] #49 入 2,256（新缓存 668 / 读缓存 1,586） 出 741 = 2,997 | 累计 130,340 tok $0.959
  已翻 47/959 段
    [tok] #50 入 2,826（新缓存 1,238 / 读缓存 1,586） 出 1,009 = 3,835 | 累计 134,175 tok $0.999
  已翻 48/959 段
    [tok] #51 入 2,039（新缓存 451 / 读缓存 1,586） 出 200 = 2,239 | 累计 136,414 tok $1.010
  已翻 49/959 段
    [tok] #52 入 2,297（新缓存 709 / 读缓存 1,586） 出 458 = 2,755 | 累计 139,169 tok $1.031
  已翻 50/959 段
    [tok] #53 入 2,194（新缓存 606 / 读缓存 1,586） 出 334 = 2,528 | 累计 141,697 tok $1.048
    [tok] #54 入 2,142（新缓存 554 / 读缓存 1,586） 出 359 = 2,501 | 累计 144,198 tok $1.064
  已翻 51/959 段
    [tok] #55 入 2,081（新缓存 493 / 读缓存 1,586） 出 243 = 2,324 | 累计 146,522 tok $1.077
  已翻 52/959 段
    [tok] #56 入 1,972（新缓存 384 / 读缓存 1,586） 出 131 = 2,103 | 累计 148,625 tok $1.086
  已翻 53/959 段
    [tok] #57 入 2,296（新缓存 708 / 读缓存 1,586） 出 465 = 2,761 | 累计 151,386 tok $1.107
  已翻 54/959 段
    [tok] #58 入 1,934（新缓存 346 / 读缓存 1,586） 出 186 = 2,120 | 累计 153,506 tok $1.116
    [tok] #59 入 1,882（新缓存 294 / 读缓存 1,586） 出 82 = 1,964 | 累计 155,470 tok $1.123
  已翻 55/959 段
    [tok] #60 入 2,134（新缓存 546 / 读缓存 1,586） 出 536 = 2,670 | 累计 158,140 tok $1.144
  已翻 56/959 段
    [tok] #61 入 2,207（新缓存 619 / 读缓存 1,586） 出 463 = 2,670 | 累计 160,810 tok $1.164
  已翻 57/959 段
    [tok] #62 入 1,977（新缓存 389 / 读缓存 1,586） 出 139 = 2,116 | 累计 162,926 tok $1.173
  已翻 58/959 段
    [tok] #63 入 2,017（新缓存 429 / 读缓存 1,586） 出 583 = 2,600 | 累计 165,526 tok $1.194
  已翻 59/959 段
    [tok] #64 入 2,056（新缓存 468 / 读缓存 1,586） 出 209 = 2,265 | 累计 167,791 tok $1.206
  已翻 60/959 段
    [tok] #65 入 2,255（新缓存 667 / 读缓存 1,586） 出 811 = 3,066 | 累计 170,857 tok $1.235
    [tok] #66 入 2,203（新缓存 615 / 读缓存 1,586） 出 419 = 2,622 | 累计 173,479 tok $1.253
  已翻 61/959 段
    [tok] #67 入 1,939（新缓存 351 / 读缓存 1,586） 出 87 = 2,026 | 累计 175,505 tok $1.261
  已翻 62/959 段
    [tok] #68 入 2,143（新缓存 555 / 读缓存 1,586） 出 351 = 2,494 | 累计 177,999 tok $1.277
  已翻 63/959 段
    [tok] #69 入 1,935（新缓存 347 / 读缓存 1,586） 出 105 = 2,040 | 累计 180,039 tok $1.284
  已翻 64/959 段
    [tok] #70 入 2,124（新缓存 536 / 读缓存 1,586） 出 300 = 2,424 | 累计 182,463 tok $1.299
  已翻 65/959 段
    [tok] #71 入 2,521（新缓存 933 / 读缓存 1,586） 出 776 = 3,297 | 累计 185,760 tok $1.330
  已翻 66/959 段
    [tok] #72 入 1,913（新缓存 325 / 读缓存 1,586） 出 66 = 1,979 | 累计 187,739 tok $1.337
  已翻 67/959 段
    [tok] #73 入 1,917（新缓存 329 / 读缓存 1,586） 出 64 = 1,981 | 累计 189,720 tok $1.344
  已翻 68/959 段
    [tok] #74 入 2,564（新缓存 976 / 读缓存 1,586） 出 800 = 3,364 | 累计 193,084 tok $1.376
  已翻 69/959 段
    [tok] #75 入 2,086（新缓存 498 / 读缓存 1,586） 出 319 = 2,405 | 累计 195,489 tok $1.391
    [tok] #76 入 2,034（新缓存 446 / 读缓存 1,586） 出 253 = 2,287 | 累计 197,776 tok $1.404
  已翻 70/959 段
    [tok] #77 入 2,045（新缓存 457 / 读缓存 1,586） 出 411 = 2,456 | 累计 200,232 tok $1.421
  已翻 71/959 段
    [tok] #78 入 2,038（新缓存 450 / 读缓存 1,586） 出 221 = 2,259 | 累计 202,491 tok $1.433
  已翻 72/959 段
    [tok] #79 入 1,920（新缓存 332 / 读缓存 1,586） 出 64 = 1,984 | 累计 204,475 tok $1.439
  已翻 73/959 段
    [tok] #80 入 2,372（新缓存 784 / 读缓存 1,586） 出 604 = 2,976 | 累计 207,451 tok $1.465
  已翻 74/959 段
    [tok] #81 入 2,326（新缓存 738 / 读缓存 1,586） 出 488 = 2,814 | 累计 210,265 tok $1.486
  已翻 75/959 段
    [tok] #82 入 2,143（新缓存 555 / 读缓存 1,586） 出 399 = 2,542 | 累计 212,807 tok $1.504
  已翻 76/959 段
    [tok] #83 入 2,190（新缓存 602 / 读缓存 1,586） 出 682 = 2,872 | 累计 215,679 tok $1.529
  已翻 77/959 段
    [tok] #84 入 2,063（新缓存 475 / 读缓存 1,586） 出 236 = 2,299 | 累计 217,978 tok $1.542
  已翻 78/959 段
    [tok] #85 入 4,126（新缓存 475 / 读缓存 3,647） 出 236 = 4,362 | 累计 222,340 tok $1.555
  已翻 79/959 段
    [tok] #86 入 2,536（新缓存 948 / 读缓存 1,586） 出 824 = 3,360 | 累计 225,700 tok $1.588
  已翻 80/959 段
    [retry 1] rc=1 stderr='' subtype='success' stop_reason='stop_sequence' result='API Error: Your computer went to sleep mid-response | wait 5s
    [tok] #87 入 3,398（新缓存 0 / 读缓存 3,396） 出 1,630 = 5,028 | 累计 230,728 tok $1.632
  已翻 81/959 段
    [tok] #88 入 2,822（新缓存 1,234 / 读缓存 1,586） 出 1,060 = 3,882 | 累计 234,610 tok $1.674
  已翻 82/959 段
    [tok] #89 入 2,425（新缓存 837 / 读缓存 1,586） 出 686 = 3,111 | 累计 237,721 tok $1.702
  已翻 83/959 段
    [tok] #90 入 2,205（新缓存 617 / 读缓存 1,586） 出 478 = 2,683 | 累计 240,404 tok $1.722
  已翻 84/959 段
    [tok] #91 入 2,561（新缓存 973 / 读缓存 1,586） 出 800 = 3,361 | 累计 243,765 tok $1.754
  已翻 85/959 段
    [tok] #92 入 2,233（新缓存 645 / 读缓存 1,586） 出 380 = 2,613 | 累计 246,378 tok $1.772
  已翻 86/959 段
    [tok] #93 入 2,247（新缓存 659 / 读缓存 1,586） 出 381 = 2,628 | 累计 249,006 tok $1.790
    [tok] #94 入 2,195（新缓存 607 / 读缓存 1,586） 出 405 = 2,600 | 累计 251,606 tok $1.809
  已翻 87/959 段
    [tok] #95 入 2,078（新缓存 490 / 读缓存 1,586） 出 227 = 2,305 | 累计 253,911 tok $1.821
  已翻 88/959 段
    [tok] #96 入 2,089（新缓存 501 / 读缓存 1,586） 出 312 = 2,401 | 累计 256,312 tok $1.836
  已翻 89/959 段
    [tok] #97 入 2,687（新缓存 1,099 / 读缓存 1,586） 出 897 = 3,584 | 累计 259,896 tok $1.872
  已翻 90/959 段
    [tok] #98 入 2,034（新缓存 446 / 读缓存 1,586） 出 173 = 2,207 | 累计 262,103 tok $1.883
  已翻 91/959 段
    [tok] #99 入 2,450（新缓存 862 / 读缓存 1,586） 出 997 = 3,447 | 累计 265,550 tok $1.919
  已翻 92/959 段
    [tok] #100 入 2,370（新缓存 782 / 读缓存 1,586） 出 788 = 3,158 | 累计 268,708 tok $1.948
  已翻 93/959 段
    [tok] #101 入 1,951（新缓存 363 / 读缓存 1,586） 出 114 = 2,065 | 累计 270,773 tok $1.957
  已翻 94/959 段
    [tok] #102 入 1,943（新缓存 355 / 读缓存 1,586） 出 112 = 2,055 | 累计 272,828 tok $1.965
  已翻 95/959 段
    [tok] #103 入 2,395（新缓存 807 / 读缓存 1,586） 出 543 = 2,938 | 累计 275,766 tok $1.989
  已翻 96/959 段
    [tok] #104 入 2,187（新缓存 599 / 读缓存 1,586） 出 371 = 2,558 | 累计 278,324 tok $2.006
  已翻 97/959 段
    [tok] #105 入 1,927（新缓存 339 / 读缓存 1,586） 出 95 = 2,022 | 累计 280,346 tok $2.014
  已翻 98/959 段
    [tok] #106 入 2,254（新缓存 666 / 读缓存 1,586） 出 673 = 2,927 | 累计 283,273 tok $2.039
    [tok] #107 入 2,202（新缓存 614 / 读缓存 1,586） 出 382 = 2,584 | 累计 285,857 tok $2.057
  已翻 99/959 段
    [tok] #108 入 2,157（新缓存 569 / 读缓存 1,586） 出 932 = 3,089 | 累计 288,946 tok $2.088
  已翻 100/959 段
    [tok] #109 入 2,154（新缓存 566 / 读缓存 1,586） 出 288 = 2,442 | 累计 291,388 tok $2.103
  已翻 101/959 段
    [tok] #110 入 2,350（新缓存 762 / 读缓存 1,586） 出 696 = 3,046 | 累计 294,434 tok $2.131
  已翻 102/959 段
    [tok] #111 入 2,438（新缓存 850 / 读缓存 1,586） 出 654 = 3,092 | 累计 297,526 tok $2.158
  已翻 103/959 段
    [tok] #112 入 2,355（新缓存 767 / 读缓存 1,586） 出 522 = 2,877 | 累计 300,403 tok $2.181
  已翻 104/959 段
    [tok] #113 入 2,091（新缓存 503 / 读缓存 1,586） 出 270 = 2,361 | 累计 302,764 tok $2.194
  已翻 105/959 段
    [tok] #114 入 2,102（新缓存 514 / 读缓存 1,586） 出 329 = 2,431 | 累计 305,195 tok $2.210
    [tok] #115 入 2,050（新缓存 462 / 读缓存 1,586） 出 262 = 2,312 | 累计 307,507 tok $2.223
  已翻 106/959 段
    [tok] #116 入 2,216（新缓存 628 / 读缓存 1,586） 出 368 = 2,584 | 累计 310,091 tok $2.241
  已翻 107/959 段
    [tok] #117 入 2,461（新缓存 873 / 读缓存 1,586） 出 697 = 3,158 | 累计 313,249 tok $2.269
  已翻 108/959 段
    [tok] #118 入 2,731（新缓存 1,143 / 读缓存 1,586） 出 937 = 3,668 | 累计 316,917 tok $2.306
  已翻 109/959 段
    [tok] #119 入 2,102（新缓存 514 / 读缓存 1,586） 出 294 = 2,396 | 累计 319,313 tok $2.321
  已翻 110/959 段
    [tok] #120 入 0（新缓存 0 / 读缓存 0） 出 0 = 0 | 累计 319,313 tok $2.331
  已翻 111/959 段
    [tok] #121 入 1,987（新缓存 399 / 读缓存 1,586） 出 129 = 2,116 | 累计 321,429 tok $2.340
  已翻 112/959 段
    [tok] #122 入 1,947（新缓存 359 / 读缓存 1,586） 出 110 = 2,057 | 累计 323,486 tok $2.348
  已翻 113/959 段
    [tok] #123 入 2,412（新缓存 824 / 读缓存 1,586） 出 630 = 3,042 | 累计 326,528 tok $2.374
  已翻 114/959 段
    [tok] #124 入 2,100（新缓存 512 / 读缓存 1,586） 出 248 = 2,348 | 累计 328,876 tok $2.388
  已翻 115/959 段
    [tok] #125 入 2,173（新缓存 585 / 读缓存 1,586） 出 299 = 2,472 | 累计 331,348 tok $2.403
  已翻 116/959 段
    [tok] #126 入 2,697（新缓存 1,109 / 读缓存 1,586） 出 1,001 = 3,698 | 累计 335,046 tok $2.442
  已翻 117/959 段
    [tok] #127 入 2,251（新缓存 663 / 读缓存 1,586） 出 457 = 2,708 | 累计 337,754 tok $2.462
  已翻 118/959 段
    [tok] #128 入 2,309（新缓存 721 / 读缓存 1,586） 出 462 = 2,771 | 累计 340,525 tok $2.483
  已翻 119/959 段
    [tok] #129 入 1,971（新缓存 383 / 读缓存 1,586） 出 124 = 2,095 | 累计 342,620 tok $2.492
  已翻 120/959 段
    [tok] #130 入 1,939（新缓存 351 / 读缓存 1,586） 出 89 = 2,028 | 累计 344,648 tok $2.499
  已翻 121/959 段
    [tok] #131 入 1,931（新缓存 343 / 读缓存 1,586） 出 87 = 2,018 | 累计 346,666 tok $2.507
  已翻 122/959 段
    [tok] #132 入 1,954（新缓存 366 / 读缓存 1,586） 出 116 = 2,070 | 累计 348,736 tok $2.515
  已翻 123/959 段
    [tok] #133 入 1,942（新缓存 354 / 读缓存 1,586） 出 111 = 2,053 | 累计 350,789 tok $2.523
  已翻 124/959 段
    [tok] #134 入 1,924（新缓存 336 / 读缓存 1,586） 出 127 = 2,051 | 累计 352,840 tok $2.532
  已翻 125/959 段
    [tok] #135 入 1,930（新缓存 342 / 读缓存 1,586） 出 427 = 2,357 | 累计 355,197 tok $2.548
  已翻 126/959 段
    [tok] #136 入 2,127（新缓存 539 / 读缓存 1,586） 出 297 = 2,424 | 累计 357,621 tok $2.563
  已翻 127/959 段
    [tok] #137 入 1,895（新缓存 307 / 读缓存 1,586） 出 50 = 1,945 | 累计 359,566 tok $2.569
  已翻 128/959 段
    [tok] #138 入 1,891（新缓存 303 / 读缓存 1,586） 出 37 = 1,928 | 累计 361,494 tok $2.575
  已翻 129/959 段
    [tok] #139 入 1,881（新缓存 293 / 读缓存 1,586） 出 30 = 1,911 | 累计 363,405 tok $2.580
  已翻 130/959 段
    [tok] #140 入 2,096（新缓存 508 / 读缓存 1,586） 出 330 = 2,426 | 累计 365,831 tok $2.596
  已翻 131/959 段
    [tok] #141 入 2,072（新缓存 484 / 读缓存 1,586） 出 254 = 2,326 | 累计 368,157 tok $2.609
  已翻 132/959 段
    [tok] #142 入 1,942（新缓存 354 / 读缓存 1,586） 出 83 = 2,025 | 累计 370,182 tok $2.616
  已翻 133/959 段
    [tok] #143 入 2,496（新缓存 908 / 读缓存 1,586） 出 744 = 3,240 | 累计 373,422 tok $2.646
  已翻 134/959 段
    [tok] #144 入 2,773（新缓存 1,185 / 读缓存 1,586） 出 943 = 3,716 | 累计 377,138 tok $2.684
  已翻 135/959 段
    [tok] #145 入 2,038（新缓存 450 / 读缓存 1,586） 出 219 = 2,257 | 累计 379,395 tok $2.696
  已翻 136/959 段
    [tok] #146 入 2,240（新缓存 652 / 读缓存 1,586） 出 481 = 2,721 | 累计 382,116 tok $2.717
    [tok] #147 入 2,188（新缓存 600 / 读缓存 1,586） 出 436 = 2,624 | 累计 384,740 tok $2.736
  已翻 137/959 段
    [tok] #148 入 2,147（新缓存 559 / 读缓存 1,586） 出 401 = 2,548 | 累计 387,288 tok $2.754
  已翻 138/959 段
    [tok] #149 入 2,293（新缓存 705 / 读缓存 1,586） 出 842 = 3,135 | 累计 390,423 tok $2.784
  已翻 139/959 段
    [tok] #150 入 1,905（新缓存 317 / 读缓存 1,586） 出 288 = 2,193 | 累计 392,616 tok $2.796
  已翻 140/959 段
    [tok] #151 入 1,971（新缓存 383 / 读缓存 1,586） 出 155 = 2,126 | 累计 394,742 tok $2.806
    [tok] #152 入 1,919（新缓存 331 / 读缓存 1,586） 出 653 = 2,572 | 累计 397,314 tok $2.827
  已翻 141/959 段
    [tok] #153 入 1,966（新缓存 378 / 读缓存 1,586） 出 143 = 2,109 | 累计 399,423 tok $2.837
  已翻 142/959 段
    [tok] #154 入 1,940（新缓存 352 / 读缓存 1,586） 出 86 = 2,026 | 累计 401,449 tok $2.844
  已翻 143/959 段
    [tok] #155 入 2,297（新缓存 709 / 读缓存 1,586） 出 570 = 2,867 | 累计 404,316 tok $2.868
  已翻 144/959 段
    [tok] #156 入 2,968（新缓存 1,380 / 读缓存 1,586） 出 1,153 = 4,121 | 累计 408,437 tok $2.913
  已翻 145/959 段
    [retry 1] rc=1 stderr='' subtype='success' stop_reason='stop_sequence' result='API Error: Your computer went to sleep mid-response | wait 5s
    [tok] #157 入 2,706（新缓存 0 / 读缓存 2,704） 出 1,144 = 3,850 | 累计 412,287 tok $2.945
    [retry 1] rc=1 stderr='' subtype='success' stop_reason='stop_sequence' result='API Error: Your computer went to sleep mid-response | wait 5s
    [tok] #158 入 2,654（新缓存 0 / 读缓存 2,652） 出 1,035 = 3,689 | 累计 415,976 tok $2.974
  已翻 146/959 段
    [tok] #159 入 2,142（新缓存 554 / 读缓存 1,586） 出 318 = 2,460 | 累计 418,436 tok $2.989
  已翻 147/959 段
    [tok] #160 入 1,977（新缓存 389 / 读缓存 1,586） 出 191 = 2,168 | 累计 420,604 tok $3.000
    [tok] #161 入 1,925（新缓存 337 / 读缓存 1,586） 出 104 = 2,029 | 累计 422,633 tok $3.008
  已翻 148/959 段
    [tok] #162 入 4,432（新缓存 628 / 读缓存 3,800） 出 489 = 4,921 | 累计 427,554 tok $3.029
  已翻 149/959 段
    [tok] #163 入 2,378（新缓存 790 / 读缓存 1,586） 出 683 = 3,061 | 累计 430,615 tok $3.057
  已翻 150/959 段
    [tok] #164 入 2,544（新缓存 956 / 读缓存 1,586） 出 793 = 3,337 | 累计 433,952 tok $3.088
  已翻 151/959 段
    [tok] #165 入 2,080（新缓存 492 / 读缓存 1,586） 出 240 = 2,320 | 累计 436,272 tok $3.101
  已翻 152/959 段
    [tok] #166 入 2,525（新缓存 937 / 读缓存 1,586） 出 682 = 3,207 | 累计 439,479 tok $3.130
    [tok] #167 入 2,473（新缓存 885 / 读缓存 1,586） 出 691 = 3,164 | 累计 442,643 tok $3.158
  已翻 153/959 段
    [tok] #168 入 2,728（新缓存 1,140 / 读缓存 1,586） 出 862 = 3,590 | 累计 446,233 tok $3.194
  已翻 154/959 段
    [tok] #169 入 2,017（新缓存 429 / 读缓存 1,586） 出 177 = 2,194 | 累计 448,427 tok $3.205
  已翻 155/959 段
    [tok] #170 入 2,419（新缓存 831 / 读缓存 1,586） 出 777 = 3,196 | 累计 451,623 tok $3.235
  已翻 156/959 段
    [tok] #171 入 1,936（新缓存 348 / 读缓存 1,586） 出 79 = 2,015 | 累计 453,638 tok $3.242
  已翻 157/959 段
    [tok] #172 入 2,086（新缓存 498 / 读缓存 1,586） 出 261 = 2,347 | 累计 455,985 tok $3.255
  已翻 158/959 段
    [tok] #173 入 1,954（新缓存 366 / 读缓存 1,586） 出 258 = 2,212 | 累计 458,197 tok $3.267
    [tok] #174 入 1,902（新缓存 314 / 读缓存 1,586） 出 197 = 2,099 | 累计 460,296 tok $3.277
  已翻 159/959 段
    [tok] #175 入 2,083（新缓存 495 / 读缓存 1,586） 出 362 = 2,445 | 累计 462,741 tok $3.293
  已翻 160/959 段
    [tok] #176 入 2,032（新缓存 444 / 读缓存 1,586） 出 334 = 2,366 | 累计 465,107 tok $3.308
  已翻 161/959 段
    [tok] #177 入 2,073（新缓存 485 / 读缓存 1,586） 出 276 = 2,349 | 累计 467,456 tok $3.322
  已翻 162/959 段
    [tok] #178 入 1,922（新缓存 334 / 读缓存 1,586） 出 70 = 1,992 | 累计 469,448 tok $3.329
  已翻 163/959 段
    [tok] #179 入 2,377（新缓存 789 / 读缓存 1,586） 出 706 = 3,083 | 累计 472,531 tok $3.357
  已翻 164/959 段
    [tok] #180 入 2,051（新缓存 463 / 读缓存 1,586） 出 224 = 2,275 | 累计 474,806 tok $3.369
  已翻 165/959 段
    [tok] #181 入 2,389（新缓存 801 / 读缓存 1,586） 出 612 = 3,001 | 累计 477,807 tok $3.394
  已翻 166/959 段
    [tok] #182 入 2,157（新缓存 569 / 读缓存 1,586） 出 466 = 2,623 | 累计 480,430 tok $3.414
  已翻 167/959 段
    [tok] #183 入 2,518（新缓存 930 / 读缓存 1,586） 出 662 = 3,180 | 累计 483,610 tok $3.442
  已翻 168/959 段
    [tok] #184 入 2,197（新缓存 609 / 读缓存 1,586） 出 434 = 2,631 | 累计 486,241 tok $3.461
  已翻 169/959 段
    [tok] #185 入 3,024（新缓存 1,436 / 读缓存 1,586） 出 1,249 = 4,273 | 累计 490,514 tok $3.509
  已翻 170/959 段
    [tok] #186 入 2,710（新缓存 1,122 / 读缓存 1,586） 出 1,054 = 3,764 | 累计 494,278 tok $3.549
  已翻 171/959 段
    [tok] #187 入 2,333（新缓存 745 / 读缓存 1,586） 出 574 = 2,907 | 累计 497,185 tok $3.573
  已翻 172/959 段
    [tok] #188 入 2,132（新缓存 544 / 读缓存 1,586） 出 283 = 2,415 | 累计 499,600 tok $3.588
  已翻 173/959 段
    [tok] #189 入 2,172（新缓存 584 / 读缓存 1,586） 出 373 = 2,545 | 累计 502,145 tok $3.605
  已翻 174/959 段
    [tok] #190 入 2,166（新缓存 578 / 读缓存 1,586） 出 295 = 2,461 | 累计 504,606 tok $3.620
  已翻 175/959 段
    [tok] #191 入 2,410（新缓存 822 / 读缓存 1,586） 出 586 = 2,996 | 累计 507,602 tok $3.646
  已翻 176/959 段
    [tok] #192 入 2,129（新缓存 541 / 读缓存 1,586） 出 396 = 2,525 | 累计 510,127 tok $3.663
  已翻 177/959 段
    [tok] #193 入 1,989（新缓存 401 / 读缓存 1,586） 出 175 = 2,164 | 累计 512,291 tok $3.673
    [tok] #194 入 1,937（新缓存 349 / 读缓存 1,586） 出 143 = 2,080 | 累计 514,371 tok $3.682
  已翻 178/959 段
    [tok] #195 入 2,155（新缓存 567 / 读缓存 1,586） 出 437 = 2,592 | 累计 516,963 tok $3.701
  已翻 179/959 段
    [tok] #196 入 2,229（新缓存 641 / 读缓存 1,586） 出 441 = 2,670 | 累计 519,633 tok $3.721
  已翻 180/959 段
    [tok] #197 入 2,006（新缓存 418 / 读缓存 1,586） 出 177 = 2,183 | 累计 521,816 tok $3.731
  已翻 181/959 段
    [tok] #198 入 3,098（新缓存 1,510 / 读缓存 1,586） 出 1,437 = 4,535 | 累计 526,351 tok $3.785
  已翻 182/959 段
    [tok] #199 入 2,500（新缓存 912 / 读缓存 1,586） 出 684 = 3,184 | 累计 529,535 tok $3.814
  已翻 183/959 段
    [tok] #200 入 2,097（新缓存 509 / 读缓存 1,586） 出 246 = 2,343 | 累计 531,878 tok $3.827
  已翻 184/959 段
    [tok] #201 入 1,915（新缓存 327 / 读缓存 1,586） 出 65 = 1,980 | 累计 533,858 tok $3.834
  已翻 185/959 段
    [tok] #202 入 2,586（新缓存 998 / 读缓存 1,586） 出 954 = 3,540 | 累计 537,398 tok $3.870
  已翻 186/959 段
    [tok] #203 入 2,154（新缓存 566 / 读缓存 1,586） 出 367 = 2,521 | 累计 539,919 tok $3.887
  已翻 187/959 段
    [tok] #204 入 1,960（新缓存 372 / 读缓存 1,586） 出 158 = 2,118 | 累计 542,037 tok $3.896
  已翻 188/959 段
    [tok] #205 入 2,028（新缓存 440 / 读缓存 1,586） 出 205 = 2,233 | 累计 544,270 tok $3.908
  已翻 189/959 段
    [tok] #206 入 2,336（新缓存 748 / 读缓存 1,586） 出 608 = 2,944 | 累计 547,214 tok $3.933
  已翻 190/959 段
    [tok] #207 入 1,996（新缓存 408 / 读缓存 1,586） 出 166 = 2,162 | 累计 549,376 tok $3.943
  已翻 191/959 段
    [tok] #208 入 2,267（新缓存 679 / 读缓存 1,586） 出 511 = 2,778 | 累计 552,154 tok $3.965
  已翻 192/959 段
    [tok] #209 入 1,905（新缓存 317 / 读缓存 1,586） 出 60 = 1,965 | 累计 554,119 tok $3.971
  已翻 193/959 段
    [tok] #210 入 1,919（新缓存 331 / 读缓存 1,586） 出 79 = 1,998 | 累计 556,117 tok $3.978
    [tok] #211 入 1,867（新缓存 279 / 读缓存 1,586） 出 207 = 2,074 | 累计 558,191 tok $3.988
  已翻 194/959 段
    [tok] #212 入 2,875（新缓存 1,287 / 读缓存 1,586） 出 1,089 = 3,964 | 累计 562,155 tok $4.031
  已翻 195/959 段
    [tok] #213 入 2,062（新缓存 474 / 读缓存 1,586） 出 237 = 2,299 | 累计 564,454 tok $4.044
  已翻 196/959 段
    [tok] #214 入 2,448（新缓存 860 / 读缓存 1,586） 出 693 = 3,141 | 累计 567,595 tok $4.072
  已翻 197/959 段
    [tok] #215 入 2,170（新缓存 582 / 读缓存 1,586） 出 658 = 2,828 | 累计 570,423 tok $4.096
  已翻 198/959 段
    [tok] #216 入 2,296（新缓存 708 / 读缓存 1,586） 出 521 = 2,817 | 累计 573,240 tok $4.119
  已翻 199/959 段
    [tok] #217 入 2,100（新缓存 512 / 读缓存 1,586） 出 309 = 2,409 | 累计 575,649 tok $4.133
  已翻 200/959 段
    [tok] #218 入 2,127（新缓存 539 / 读缓存 1,586） 出 493 = 2,620 | 累计 578,269 tok $4.153
    [tok] #219 入 2,075（新缓存 487 / 读缓存 1,586） 出 352 = 2,427 | 累计 580,696 tok $4.169
  已翻 201/959 段
    [tok] #220 入 1,978（新缓存 390 / 读缓存 1,586） 出 167 = 2,145 | 累计 582,841 tok $4.179
  已翻 202/959 段
    [tok] #221 入 1,927（新缓存 339 / 读缓存 1,586） 出 80 = 2,007 | 累计 584,848 tok $4.186
  已翻 203/959 段
    [tok] #222 入 1,932（新缓存 344 / 读缓存 1,586） 出 83 = 2,015 | 累计 586,863 tok $4.193
  已翻 204/959 段
    [tok] #223 入 1,933（新缓存 345 / 读缓存 1,586） 出 107 = 2,040 | 累计 588,903 tok $4.200
  已翻 205/959 段
    [tok] #224 入 1,944（新缓存 356 / 读缓存 1,586） 出 159 = 2,103 | 累计 591,006 tok $4.210
  已翻 206/959 段
    [tok] #225 入 2,057（新缓存 469 / 读缓存 1,586） 出 209 = 2,266 | 累计 593,272 tok $4.222
  已翻 207/959 段
    [tok] #226 入 1,889（新缓存 301 / 读缓存 1,586） 出 38 = 1,927 | 累计 595,199 tok $4.228
  已翻 208/959 段
    [tok] #227 入 1,965（新缓存 377 / 读缓存 1,586） 出 224 = 2,189 | 累计 597,388 tok $4.239
  已翻 209/959 段
    [tok] #228 入 2,570（新缓存 982 / 读缓存 1,586） 出 808 = 3,378 | 累计 600,766 tok $4.271
  已翻 210/959 段
    [tok] #229 入 0（新缓存 0 / 读缓存 0） 出 0 = 0 | 累计 600,766 tok $4.289
  已翻 211/959 段
    [tok] #230 入 2,213（新缓存 625 / 读缓存 1,586） 出 406 = 2,619 | 累计 603,385 tok $4.307
  已翻 212/959 段
    [tok] #231 入 2,722（新缓存 1,134 / 读缓存 1,586） 出 1,215 = 3,937 | 累计 607,322 tok $4.351
    [tok] #232 入 2,670（新缓存 1,082 / 读缓存 1,586） 出 886 = 3,556 | 累计 610,878 tok $4.387
  已翻 213/959 段
    [tok] #233 入 2,034（新缓存 446 / 读缓存 1,586） 出 333 = 2,367 | 累计 613,245 tok $4.402
  已翻 214/959 段
    [tok] #234 入 2,115（新缓存 527 / 读缓存 1,586） 出 306 = 2,421 | 累计 615,666 tok $4.417
    [tok] #235 入 2,063（新缓存 475 / 读缓存 1,586） 出 288 = 2,351 | 累计 618,017 tok $4.431
  已翻 215/959 段
    [tok] #236 入 2,305（新缓存 717 / 读缓存 1,586） 出 555 = 2,860 | 累计 620,877 tok $4.454
  已翻 216/959 段
    [tok] #237 入 3,047（新缓存 1,459 / 读缓存 1,586） 出 1,203 = 4,250 | 累计 625,127 tok $4.501
  已翻 217/959 段
    [tok] #238 入 3,381（新缓存 1,793 / 读缓存 1,586） 出 2,016 = 5,397 | 累计 630,524 tok $4.573
  已翻 218/959 段
    [tok] #239 入 1,986（新缓存 398 / 读缓存 1,586） 出 142 = 2,128 | 累计 632,652 tok $4.582
  已翻 219/959 段
    [tok] #240 入 1,960（新缓存 372 / 读缓存 1,586） 出 114 = 2,074 | 累计 634,726 tok $4.590
  已翻 220/959 段
    [tok] #241 入 1,968（新缓存 380 / 读缓存 1,586） 出 110 = 2,078 | 累计 636,804 tok $4.599
  已翻 221/959 段
    [tok] #242 入 1,955（新缓存 367 / 读缓存 1,586） 出 367 = 2,322 | 累计 639,126 tok $4.614
  已翻 222/959 段
    [tok] #243 入 2,250（新缓存 662 / 读缓存 1,586） 出 728 = 2,978 | 累计 642,104 tok $4.641
    [tok] #244 入 2,198（新缓存 610 / 读缓存 1,586） 出 701 = 2,899 | 累计 645,003 tok $4.666
  已翻 223/959 段
    [tok] #245 入 1,900（新缓存 312 / 读缓存 1,586） 出 55 = 1,955 | 累计 646,958 tok $4.673
  已翻 224/959 段
    [tok] #246 入 1,987（新缓存 399 / 读缓存 1,586） 出 163 = 2,150 | 累计 649,108 tok $4.683
  已翻 225/959 段
    [tok] #247 入 2,613（新缓存 1,025 / 读缓存 1,586） 出 876 = 3,489 | 累计 652,597 tok $4.717
  已翻 226/959 段
    [tok] #248 入 2,296（新缓存 708 / 读缓存 1,586） 出 552 = 2,848 | 累计 655,445 tok $4.740
  已翻 227/959 段
    [tok] #249 入 2,606（新缓存 1,018 / 读缓存 1,586） 出 852 = 3,458 | 累计 658,903 tok $4.774
  已翻 228/959 段
    [tok] #250 入 3,282（新缓存 1,694 / 读缓存 1,586） 出 1,433 = 4,715 | 累计 663,618 tok $4.830
  已翻 229/959 段
    [tok] #251 入 2,458（新缓存 870 / 读缓存 1,586） 出 695 = 3,153 | 累计 666,771 tok $4.858
  已翻 230/959 段
    [tok] #252 入 2,743（新缓存 1,155 / 读缓存 1,586） 出 1,356 = 4,099 | 累计 670,870 tok $4.906
    [tok] #253 入 2,691（新缓存 1,103 / 读缓存 1,586） 出 1,394 = 4,085 | 累计 674,955 tok $4.955
  已翻 231/959 段
    [tok] #254 入 2,500（新缓存 912 / 读缓存 1,586） 出 655 = 3,155 | 累计 678,110 tok $4.983
  已翻 232/959 段
    [tok] #255 入 2,333（新缓存 745 / 读缓存 1,586） 出 499 = 2,832 | 累计 680,942 tok $5.005
  已翻 233/959 段
    [tok] #256 入 2,350（新缓存 762 / 读缓存 1,586） 出 528 = 2,878 | 累计 683,820 tok $5.028
  已翻 234/959 段
    [tok] #257 入 2,003（新缓存 415 / 读缓存 1,586） 出 166 = 2,169 | 累计 685,989 tok $5.038
  已翻 235/959 段
    [tok] #258 入 2,015（新缓存 427 / 读缓存 1,586） 出 150 = 2,165 | 累计 688,154 tok $5.048
  已翻 236/959 段
    [tok] #259 入 2,211（新缓存 623 / 读缓存 1,586） 出 396 = 2,607 | 累计 690,761 tok $5.066
  已翻 237/959 段
    [tok] #260 入 2,024（新缓存 436 / 读缓存 1,586） 出 250 = 2,274 | 累计 693,035 tok $5.079
  已翻 238/959 段
    [tok] #261 入 2,074（新缓存 486 / 读缓存 1,586） 出 213 = 2,287 | 累计 695,322 tok $5.091
  已翻 239/959 段
    [tok] #262 入 1,927（新缓存 339 / 读缓存 1,586） 出 92 = 2,019 | 累计 697,341 tok $5.099
  已翻 240/959 段
    [tok] #263 入 1,950（新缓存 362 / 读缓存 1,586） 出 83 = 2,033 | 累计 699,374 tok $5.106
  已翻 241/959 段
    [tok] #264 入 2,328（新缓存 740 / 读缓存 1,586） 出 490 = 2,818 | 累计 702,192 tok $5.128
  已翻 242/959 段
    [tok] #265 入 2,103（新缓存 515 / 读缓存 1,586） 出 488 = 2,591 | 累计 704,783 tok $5.147
  已翻 243/959 段
    [tok] #266 入 2,163（新缓存 575 / 读缓存 1,586） 出 498 = 2,661 | 累计 707,444 tok $5.168
  已翻 244/959 段
    [tok] #267 入 2,313（新缓存 725 / 读缓存 1,586） 出 648 = 2,961 | 累计 710,405 tok $5.193
  已翻 245/959 段
    [tok] #268 入 2,045（新缓存 457 / 读缓存 1,586） 出 277 = 2,322 | 累计 712,727 tok $5.207
  已翻 246/959 段
    [tok] #269 入 2,089（新缓存 501 / 读缓存 1,586） 出 283 = 2,372 | 累计 715,099 tok $5.221
    [tok] #270 入 2,037（新缓存 449 / 读缓存 1,586） 出 300 = 2,337 | 累计 717,436 tok $5.235
  已翻 247/959 段
    [tok] #271 入 2,012（新缓存 424 / 读缓存 1,586） 出 186 = 2,198 | 累计 719,634 tok $5.246
  已翻 248/959 段
    [tok] #272 入 2,021（新缓存 433 / 读缓存 1,586） 出 195 = 2,216 | 累计 721,850 tok $5.257
  已翻 249/959 段
    [tok] #273 入 2,233（新缓存 645 / 读缓存 1,586） 出 559 = 2,792 | 累计 724,642 tok $5.279
  已翻 250/959 段
    [tok] #274 入 2,116（新缓存 528 / 读缓存 1,586） 出 327 = 2,443 | 累计 727,085 tok $5.295
  已翻 251/959 段
    [tok] #275 入 1,995（新缓存 407 / 读缓存 1,586） 出 158 = 2,153 | 累计 729,238 tok $5.305
  已翻 252/959 段
    [tok] #276 入 2,289（新缓存 701 / 读缓存 1,586） 出 597 = 2,886 | 累计 732,124 tok $5.329
  已翻 253/959 段
    [tok] #277 入 3,049（新缓存 1,461 / 读缓存 1,586） 出 2,505 = 5,554 | 累计 737,678 tok $5.409
    [tok] #278 入 2,997（新缓存 1,409 / 读缓存 1,586） 出 1,700 = 4,697 | 累计 742,375 tok $5.468
  已翻 254/959 段
    [tok] #279 入 2,018（新缓存 430 / 读缓存 1,586） 出 276 = 2,294 | 累计 744,669 tok $5.481
    [tok] #280 入 1,966（新缓存 378 / 读缓存 1,586） 出 287 = 2,253 | 累计 746,922 tok $5.494
  已翻 255/959 段
    [tok] #281 入 2,123（新缓存 535 / 读缓存 1,586） 出 317 = 2,440 | 累计 749,362 tok $5.510
  已翻 256/959 段
    [tok] #282 入 2,108（新缓存 520 / 读缓存 1,586） 出 591 = 2,699 | 累计 752,061 tok $5.532
  已翻 257/959 段
    [tok] #283 入 2,027（新缓存 439 / 读缓存 1,586） 出 178 = 2,205 | 累计 754,266 tok $5.542
  已翻 258/959 段
    [tok] #284 入 2,617（新缓存 1,029 / 读缓存 1,586） 出 1,124 = 3,741 | 累计 758,007 tok $5.583
  已翻 259/959 段
    [tok] #285 入 2,072（新缓存 484 / 读缓存 1,586） 出 424 = 2,496 | 累计 760,503 tok $5.601
  已翻 260/959 段
    [tok] #286 入 2,449（新缓存 861 / 读缓存 1,586） 出 653 = 3,102 | 累计 763,605 tok $5.628
  已翻 261/959 段
    [tok] #287 入 2,160（新缓存 572 / 读缓存 1,586） 出 383 = 2,543 | 累计 766,148 tok $5.645
  已翻 262/959 段
    [tok] #288 入 1,875（新缓存 287 / 读缓存 1,586） 出 28 = 1,903 | 累计 768,051 tok $5.651
  已翻 263/959 段
    [tok] #289 入 2,167（新缓存 579 / 读缓存 1,586） 出 337 = 2,504 | 累计 770,555 tok $5.667
  已翻 264/959 段
    [tok] #290 入 2,496（新缓存 908 / 读缓存 1,586） 出 1,211 = 3,707 | 累计 774,262 tok $5.709
    [tok] #291 入 2,444（新缓存 856 / 读缓存 1,586） 出 1,212 = 3,656 | 累计 777,918 tok $5.750
  已翻 265/959 段
    [tok] #292 入 2,175（新缓存 587 / 读缓存 1,586） 出 413 = 2,588 | 累计 780,506 tok $5.768
  已翻 266/959 段
    [tok] #293 入 2,057（新缓存 469 / 读缓存 1,586） 出 279 = 2,336 | 累计 782,842 tok $5.782
  已翻 267/959 段
    [tok] #294 入 1,937（新缓存 349 / 读缓存 1,586） 出 107 = 2,044 | 累计 784,886 tok $5.790
  已翻 268/959 段
    [tok] #295 入 2,071（新缓存 483 / 读缓存 1,586） 出 510 = 2,581 | 累计 787,467 tok $5.810
  已翻 269/959 段
    [tok] #296 入 2,268（新缓存 680 / 读缓存 1,586） 出 593 = 2,861 | 累计 790,328 tok $5.833
  已翻 270/959 段
    [tok] #297 入 2,016（新缓存 428 / 读缓存 1,586） 出 666 = 2,682 | 累计 793,010 tok $5.856
    [tok] #298 入 1,964（新缓存 376 / 读缓存 1,586） 出 798 = 2,762 | 累计 795,772 tok $5.882
  已翻 271/959 段
    [tok] #299 入 2,048（新缓存 460 / 读缓存 1,586） 出 287 = 2,335 | 累计 798,107 tok $5.896
  已翻 272/959 段
    [tok] #300 入 2,120（新缓存 532 / 读缓存 1,586） 出 669 = 2,789 | 累计 800,896 tok $5.920
  已翻 273/959 段
    [tok] #301 入 1,935（新缓存 347 / 读缓存 1,586） 出 228 = 2,163 | 累计 803,059 tok $5.931
  已翻 274/959 段
    [tok] #302 入 2,307（新缓存 719 / 读缓存 1,586） 出 542 = 2,849 | 累计 805,908 tok $5.954
  已翻 275/959 段
    [tok] #303 入 2,398（新缓存 810 / 读缓存 1,586） 出 783 = 3,181 | 累计 809,089 tok $5.984
  已翻 276/959 段
    [tok] #304 入 2,292（新缓存 704 / 读缓存 1,586） 出 491 = 2,783 | 累计 811,872 tok $6.005
  已翻 277/959 段
    [tok] #305 入 2,134（新缓存 546 / 读缓存 1,586） 出 615 = 2,749 | 累计 814,621 tok $6.028
  已翻 278/959 段
    [tok] #306 入 2,010（新缓存 422 / 读缓存 1,586） 出 220 = 2,230 | 累计 816,851 tok $6.040
  已翻 279/959 段
    [tok] #307 入 1,875（新缓存 287 / 读缓存 1,586） 出 27 = 1,902 | 累计 818,753 tok $6.045
  已翻 280/959 段
    [tok] #308 入 2,312（新缓存 724 / 读缓存 1,586） 出 523 = 2,835 | 累计 821,588 tok $6.068
  已翻 281/959 段
    [tok] #309 入 2,556（新缓存 968 / 读缓存 1,586） 出 969 = 3,525 | 累计 825,113 tok $6.104
    [tok] #310 入 2,504（新缓存 916 / 读缓存 1,586） 出 1,011 = 3,515 | 累计 828,628 tok $6.141
  已翻 282/959 段
    [tok] #311 入 1,982（新缓存 394 / 读缓存 1,586） 出 132 = 2,114 | 累计 830,742 tok $6.150
  已翻 283/959 段
    [tok] #312 入 2,269（新缓存 681 / 读缓存 1,586） 出 413 = 2,682 | 累计 833,424 tok $6.169
  已翻 284/959 段
    [tok] #313 入 2,599（新缓存 1,011 / 读缓存 1,586） 出 1,879 = 4,478 | 累计 837,902 tok $6.229
  已翻 285/959 段
    [tok] #314 入 3,440（新缓存 1,852 / 读缓存 1,586） 出 2,081 = 5,521 | 累计 843,423 tok $6.302
  已翻 286/959 段
    [tok] #315 入 2,933（新缓存 1,345 / 读缓存 1,586） 出 1,201 = 4,134 | 累计 847,557 tok $6.348
  已翻 287/959 段
    [tok] #316 入 1,897（新缓存 309 / 读缓存 1,586） 出 37 = 1,934 | 累计 849,491 tok $6.354
  已翻 288/959 段
    [tok] #317 入 2,179（新缓存 591 / 读缓存 1,586） 出 442 = 2,621 | 累计 852,112 tok $6.373
    [tok] #318 入 2,127（新缓存 539 / 读缓存 1,586） 出 513 = 2,640 | 累计 854,752 tok $6.394
  已翻 289/959 段
    [tok] #319 入 2,021（新缓存 433 / 读缓存 1,586） 出 151 = 2,172 | 累计 856,924 tok $6.404
    [tok] #320 入 1,969（新缓存 381 / 读缓存 1,586） 出 167 = 2,136 | 累计 859,060 tok $6.414
  已翻 290/959 段
    [tok] #321 入 1,987（新缓存 399 / 读缓存 1,586） 出 223 = 2,210 | 累计 861,270 tok $6.425
  已翻 291/959 段
    [tok] #322 入 2,416（新缓存 828 / 读缓存 1,586） 出 632 = 3,048 | 累计 864,318 tok $6.451
  已翻 292/959 段
    [tok] #323 入 2,457（新缓存 869 / 读缓存 1,586） 出 568 = 3,025 | 累计 867,343 tok $6.477
  已翻 293/959 段
    [tok] #324 入 2,483（新缓存 895 / 读缓存 1,586） 出 638 = 3,121 | 累计 870,464 tok $6.504
  已翻 294/959 段
    [tok] #325 入 1,930（新缓存 342 / 读缓存 1,586） 出 210 = 2,140 | 累计 872,604 tok $6.514
  已翻 295/959 段
    [tok] #326 入 2,066（新缓存 478 / 读缓存 1,586） 出 286 = 2,352 | 累计 874,956 tok $6.528
  已翻 296/959 段
    [tok] #327 入 2,108（新缓存 520 / 读缓存 1,586） 出 299 = 2,407 | 累计 877,363 tok $6.543
    [tok] #328 入 2,056（新缓存 468 / 读缓存 1,586） 出 268 = 2,324 | 累计 879,687 tok $6.556
  已翻 297/959 段
    [tok] #329 入 2,260（新缓存 672 / 读缓存 1,586） 出 416 = 2,676 | 累计 882,363 tok $6.576
  已翻 298/959 段
    [tok] #330 入 2,040（新缓存 452 / 读缓存 1,586） 出 204 = 2,244 | 累计 884,607 tok $6.587
  已翻 299/959 段
    [tok] #331 入 3,139（新缓存 1,551 / 读缓存 1,586） 出 1,349 = 4,488 | 累计 889,095 tok $6.639
  已翻 300/959 段
    [tok] #332 入 2,096（新缓存 508 / 读缓存 1,586） 出 379 = 2,475 | 累计 891,570 tok $6.656
  已翻 301/959 段
    [tok] #333 入 2,002（新缓存 414 / 读缓存 1,586） 出 153 = 2,155 | 累计 893,725 tok $6.666
  已翻 302/959 段
    [tok] #334 入 2,181（新缓存 593 / 读缓存 1,586） 出 354 = 2,535 | 累计 896,260 tok $6.683
  已翻 303/959 段
    [tok] #335 入 2,975（新缓存 1,387 / 读缓存 1,586） 出 1,140 = 4,115 | 累计 900,375 tok $6.728
  已翻 304/959 段
    [tok] #336 入 2,110（新缓存 522 / 读缓存 1,586） 出 494 = 2,604 | 累计 902,979 tok $6.747
  已翻 305/959 段
    [tok] #337 入 2,012（新缓存 424 / 读缓存 1,586） 出 178 = 2,190 | 累计 905,169 tok $6.758
  已翻 306/959 段
    [tok] #338 入 2,021（新缓存 433 / 读缓存 1,586） 出 179 = 2,200 | 累计 907,369 tok $6.769
  已翻 307/959 段
    [tok] #339 入 2,471（新缓存 883 / 读缓存 1,586） 出 648 = 3,119 | 累计 910,488 tok $6.796
  已翻 308/959 段
    [tok] #340 入 2,773（新缓存 1,185 / 读缓存 1,586） 出 989 = 3,762 | 累计 914,250 tok $6.835
  已翻 309/959 段
    [tok] #341 入 2,067（新缓存 479 / 读缓存 1,586） 出 221 = 2,288 | 累计 916,538 tok $6.848
  已翻 310/959 段
    [tok] #342 入 2,099（新缓存 511 / 读缓存 1,586） 出 232 = 2,331 | 累计 918,869 tok $6.861
    [tok] #343 入 2,047（新缓存 459 / 读缓存 1,586） 出 264 = 2,311 | 累计 921,180 tok $6.874
  已翻 311/959 段
    [tok] #344 入 2,097（新缓存 509 / 读缓存 1,586） 出 283 = 2,380 | 累计 923,560 tok $6.888
  已翻 312/959 段
    [tok] #345 入 2,343（新缓存 755 / 读缓存 1,586） 出 524 = 2,867 | 累计 926,427 tok $6.911
  已翻 313/959 段
    [tok] #346 入 2,521（新缓存 933 / 读缓存 1,586） 出 760 = 3,281 | 累计 929,708 tok $6.941
  已翻 314/959 段
    [tok] #347 入 2,436（新缓存 848 / 读缓存 1,586） 出 597 = 3,033 | 累计 932,741 tok $6.967
  已翻 315/959 段
    [tok] #348 入 2,050（新缓存 462 / 读缓存 1,586） 出 245 = 2,295 | 累计 935,036 tok $6.980
  已翻 316/959 段
    [tok] #349 入 2,192（新缓存 604 / 读缓存 1,586） 出 545 = 2,737 | 累计 937,773 tok $7.002
    [tok] #350 入 2,140（新缓存 552 / 读缓存 1,586） 出 370 = 2,510 | 累计 940,283 tok $7.018
  已翻 317/959 段
    [tok] #351 入 2,458（新缓存 870 / 读缓存 1,586） 出 683 = 3,141 | 累计 943,424 tok $7.047
  已翻 318/959 段
    [tok] #352 入 2,212（新缓存 624 / 读缓存 1,586） 出 439 = 2,651 | 累计 946,075 tok $7.066
  已翻 319/959 段
    [tok] #353 入 2,099（新缓存 511 / 读缓存 1,586） 出 266 = 2,365 | 累计 948,440 tok $7.080
  已翻 320/959 段
    [tok] #354 入 2,209（新缓存 621 / 读缓存 1,586） 出 382 = 2,591 | 累计 951,031 tok $7.098
  已翻 321/959 段
    [tok] #355 入 2,736（新缓存 1,148 / 读缓存 1,586） 出 1,037 = 3,773 | 累计 954,804 tok $7.137
    [tok] #356 入 2,684（新缓存 1,096 / 读缓存 1,586） 出 930 = 3,614 | 累计 958,418 tok $7.174
  已翻 322/959 段
    [tok] #357 入 2,494（新缓存 906 / 读缓存 1,586） 出 1,196 = 3,690 | 累计 962,108 tok $7.215
  已翻 323/959 段
    [tok] #358 入 1,997（新缓存 409 / 读缓存 1,586） 出 163 = 2,160 | 累计 964,268 tok $7.226
  已翻 324/959 段
    [tok] #359 入 2,103（新缓存 515 / 读缓存 1,586） 出 405 = 2,508 | 累计 966,776 tok $7.243
    [tok] #360 入 2,051（新缓存 463 / 读缓存 1,586） 出 246 = 2,297 | 累计 969,073 tok $7.256
  已翻 325/959 段
    [tok] #361 入 2,601（新缓存 1,013 / 读缓存 1,586） 出 988 = 3,589 | 累计 972,662 tok $7.293
  已翻 326/959 段
    [tok] #362 入 2,055（新缓存 467 / 读缓存 1,586） 出 218 = 2,273 | 累计 974,935 tok $7.305
  已翻 327/959 段
    [tok] #363 入 2,473（新缓存 885 / 读缓存 1,586） 出 706 = 3,179 | 累计 978,114 tok $7.334
  已翻 328/959 段
    [tok] #364 入 2,673（新缓存 1,085 / 读缓存 1,586） 出 880 = 3,553 | 累计 981,667 tok $7.369
  已翻 329/959 段
    [tok] #365 入 2,239（新缓存 651 / 读缓存 1,586） 出 395 = 2,634 | 累计 984,301 tok $7.388
  已翻 330/959 段
    [tok] #366 入 2,255（新缓存 667 / 读缓存 1,586） 出 594 = 2,849 | 累计 987,150 tok $7.411
  已翻 331/959 段
    [tok] #367 入 2,191（新缓存 603 / 读缓存 1,586） 出 439 = 2,630 | 累计 989,780 tok $7.430
  已翻 332/959 段
    [tok] #368 入 2,080（新缓存 492 / 读缓存 1,586） 出 352 = 2,432 | 累计 992,212 tok $7.446
    [tok] #369 入 2,028（新缓存 440 / 读缓存 1,586） 出 283 = 2,311 | 累计 994,523 tok $7.459
  已翻 333/959 段
    [tok] #370 入 2,149（新缓存 561 / 读缓存 1,586） 出 306 = 2,455 | 累计 996,978 tok $7.475
  已翻 334/959 段
    [tok] #371 入 2,095（新缓存 507 / 读缓存 1,586） 出 310 = 2,405 | 累计 999,383 tok $7.490
  已翻 335/959 段
    [tok] #372 入 2,245（新缓存 657 / 读缓存 1,586） 出 518 = 2,763 | 累计 1,002,146 tok $7.511
  已翻 336/959 段
    [tok] #373 入 2,179（新缓存 591 / 读缓存 1,586） 出 491 = 2,670 | 累计 1,004,816 tok $7.532
  已翻 337/959 段
    [tok] #374 入 1,985（新缓存 397 / 读缓存 1,586） 出 166 = 2,151 | 累计 1,006,967 tok $7.542
  已翻 338/959 段
    [tok] #375 入 2,059（新缓存 471 / 读缓存 1,586） 出 259 = 2,318 | 累计 1,009,285 tok $7.555
  已翻 339/959 段
    [tok] #376 入 1,936（新缓存 348 / 读缓存 1,586） 出 110 = 2,046 | 累计 1,011,331 tok $7.563
  已翻 340/959 段
    [tok] #377 入 2,446（新缓存 858 / 读缓存 1,586） 出 703 = 3,149 | 累计 1,014,480 tok $7.591
    [tok] #378 入 2,394（新缓存 806 / 读缓存 1,586） 出 670 = 3,064 | 累计 1,017,544 tok $7.618
  已翻 341/959 段
    [tok] #379 入 1,958（新缓存 370 / 读缓存 1,586） 出 103 = 2,061 | 累计 1,019,605 tok $7.627
  已翻 342/959 段
    [tok] #380 入 2,151（新缓存 563 / 读缓存 1,586） 出 478 = 2,629 | 累计 1,022,234 tok $7.646
  已翻 343/959 段
    [tok] #381 入 2,011（新缓存 423 / 读缓存 1,586） 出 313 = 2,324 | 累计 1,024,558 tok $7.660
  已翻 344/959 段
    [tok] #382 入 2,037（新缓存 449 / 读缓存 1,586） 出 246 = 2,283 | 累计 1,026,841 tok $7.673
  已翻 345/959 段
    [tok] #383 入 2,407（新缓存 819 / 读缓存 1,586） 出 697 = 3,104 | 累计 1,029,945 tok $7.701
  已翻 346/959 段
    [tok] #384 入 2,408（新缓存 820 / 读缓存 1,586） 出 724 = 3,132 | 累计 1,033,077 tok $7.729
  已翻 347/959 段
    [tok] #385 入 2,204（新缓存 616 / 读缓存 1,586） 出 406 = 2,610 | 累计 1,035,687 tok $7.748
  已翻 348/959 段
    [tok] #386 入 2,734（新缓存 1,146 / 读缓存 1,586） 出 1,107 = 3,841 | 累计 1,039,528 tok $7.789
  已翻 349/959 段
    [tok] #387 入 2,167（新缓存 579 / 读缓存 1,586） 出 383 = 2,550 | 累计 1,042,078 tok $7.807
  已翻 350/959 段
    [tok] #388 入 1,968（新缓存 380 / 读缓存 1,586） 出 118 = 2,086 | 累计 1,044,164 tok $7.816
  已翻 351/959 段
    [tok] #389 入 2,171（新缓存 583 / 读缓存 1,586） 出 528 = 2,699 | 累计 1,046,863 tok $7.837
  已翻 352/959 段
    [tok] #390 入 1,988（新缓存 400 / 读缓存 1,586） 出 145 = 2,133 | 累计 1,048,996 tok $7.846
  已翻 353/959 段
    [tok] #391 入 2,257（新缓存 669 / 读缓存 1,586） 出 639 = 2,896 | 累计 1,051,892 tok $7.871
  已翻 354/959 段
    [tok] #392 入 2,069（新缓存 481 / 读缓存 1,586） 出 207 = 2,276 | 累计 1,054,168 tok $7.883
  已翻 355/959 段
    [tok] #393 入 1,941（新缓存 353 / 读缓存 1,586） 出 80 = 2,021 | 累计 1,056,189 tok $7.890
    [tok] #394 入 1,889（新缓存 301 / 读缓存 1,586） 出 212 = 2,101 | 累计 1,058,290 tok $7.901
  已翻 356/959 段
    [tok] #395 入 2,824（新缓存 1,236 / 读缓存 1,586） 出 1,105 = 3,929 | 累计 1,062,219 tok $7.943
  已翻 357/959 段
    [tok] #396 入 1,901（新缓存 313 / 读缓存 1,586） 出 50 = 1,951 | 累计 1,064,170 tok $7.949
  已翻 358/959 段
    [tok] #397 入 1,924（新缓存 336 / 读缓存 1,586） 出 147 = 2,071 | 累计 1,066,241 tok $7.958
  已翻 359/959 段
    [tok] #398 入 2,020（新缓存 432 / 读缓存 1,586） 出 249 = 2,269 | 累计 1,068,510 tok $7.971
    [tok] #399 入 1,968（新缓存 380 / 读缓存 1,586） 出 285 = 2,253 | 累计 1,070,763 tok $7.984
  已翻 360/959 段
    [tok] #400 入 1,892（新缓存 304 / 读缓存 1,586） 出 33 = 1,925 | 累计 1,072,688 tok $7.990
  已翻 361/959 段
    [tok] #401 入 1,994（新缓存 406 / 读缓存 1,586） 出 132 = 2,126 | 累计 1,074,814 tok $7.999
  已翻 362/959 段
    [tok] #402 入 2,276（新缓存 688 / 读缓存 1,586） 出 476 = 2,752 | 累计 1,077,566 tok $8.020
  已翻 363/959 段
    [tok] #403 入 2,083（新缓存 495 / 读缓存 1,586） 出 299 = 2,382 | 累计 1,079,948 tok $8.034
  已翻 364/959 段
    [tok] #404 入 1,984（新缓存 396 / 读缓存 1,586） 出 267 = 2,251 | 累计 1,082,199 tok $8.047
  已翻 365/959 段
    [tok] #405 入 2,300（新缓存 712 / 读缓存 1,586） 出 490 = 2,790 | 累计 1,084,989 tok $8.068
  已翻 366/959 段
    [tok] #406 入 1,996（新缓存 408 / 读缓存 1,586） 出 201 = 2,197 | 累计 1,087,186 tok $8.079
  已翻 367/959 段
    [tok] #407 入 2,378（新缓存 790 / 读缓存 1,586） 出 608 = 2,986 | 累计 1,090,172 tok $8.105
  已翻 368/959 段
    [tok] #408 入 2,247（新缓存 659 / 读缓存 1,586） 出 461 = 2,708 | 累计 1,092,880 tok $8.125
  已翻 369/959 段
    [tok] #409 入 2,015（新缓存 427 / 读缓存 1,586） 出 525 = 2,540 | 累计 1,095,420 tok $8.144
    [tok] #410 入 1,963（新缓存 375 / 读缓存 1,586） 出 327 = 2,290 | 累计 1,097,710 tok $8.158
  已翻 370/959 段
    [tok] #411 入 1,912（新缓存 324 / 读缓存 1,586） 出 72 = 1,984 | 累计 1,099,694 tok $8.165
  已翻 371/959 段
    [tok] #412 入 2,645（新缓存 1,057 / 读缓存 1,586） 出 786 = 3,431 | 累计 1,103,125 tok $8.198
  已翻 372/959 段
    [tok] #413 入 2,135（新缓存 547 / 读缓存 1,586） 出 523 = 2,658 | 累计 1,105,783 tok $8.218
    [tok] #414 入 2,083（新缓存 495 / 读缓存 1,586） 出 298 = 2,381 | 累计 1,108,164 tok $8.233
  已翻 373/959 段
    [tok] #415 入 2,304（新缓存 716 / 读缓存 1,586） 出 467 = 2,771 | 累计 1,110,935 tok $8.254
  已翻 374/959 段
    [tok] #416 入 2,194（新缓存 606 / 读缓存 1,586） 出 413 = 2,607 | 累计 1,113,542 tok $8.272
  已翻 375/959 段
    [tok] #417 入 2,475（新缓存 887 / 读缓存 1,586） 出 651 = 3,126 | 累计 1,116,668 tok $8.300
  已翻 376/959 段
    [tok] #418 入 2,021（新缓存 433 / 读缓存 1,586） 出 464 = 2,485 | 累计 1,119,153 tok $8.318
  已翻 377/959 段
    [tok] #419 入 2,012（新缓存 424 / 读缓存 1,586） 出 175 = 2,187 | 累计 1,121,340 tok $8.328
    [tok] #420 入 1,960（新缓存 372 / 读缓存 1,586） 出 295 = 2,255 | 累计 1,123,595 tok $8.341
  已翻 378/959 段
    [tok] #421 入 1,942（新缓存 354 / 读缓存 1,586） 出 99 = 2,041 | 累计 1,125,636 tok $8.349
  已翻 379/959 段
    [tok] #422 入 2,136（新缓存 548 / 读缓存 1,586） 出 363 = 2,499 | 累计 1,128,135 tok $8.366
  已翻 380/959 段
    [tok] #423 入 2,202（新缓存 614 / 读缓存 1,586） 出 334 = 2,536 | 累计 1,130,671 tok $8.382
  已翻 381/959 段
    [tok] #424 入 2,142（新缓存 554 / 读缓存 1,586） 出 325 = 2,467 | 累计 1,133,138 tok $8.398
  已翻 382/959 段
    [tok] #425 入 1,979（新缓存 391 / 读缓存 1,586） 出 159 = 2,138 | 累计 1,135,276 tok $8.408
    [tok] #426 入 1,927（新缓存 339 / 读缓存 1,586） 出 153 = 2,080 | 累计 1,137,356 tok $8.417
  已翻 383/959 段
    [tok] #427 入 2,134（新缓存 546 / 读缓存 1,586） 出 297 = 2,431 | 累计 1,139,787 tok $8.432
  已翻 384/959 段
    [tok] #428 入 1,912（新缓存 324 / 读缓存 1,586） 出 72 = 1,984 | 累计 1,141,771 tok $8.439
  已翻 385/959 段
    [tok] #429 入 1,989（新缓存 401 / 读缓存 1,586） 出 154 = 2,143 | 累计 1,143,914 tok $8.449
  已翻 386/959 段
    [tok] #430 入 2,095（新缓存 507 / 读缓存 1,586） 出 540 = 2,635 | 累计 1,146,549 tok $8.469
  已翻 387/959 段
    [tok] #431 入 2,318（新缓存 730 / 读缓存 1,586） 出 668 = 2,986 | 累计 1,149,535 tok $8.495
  已翻 388/959 段
    [tok] #432 入 1,906（新缓存 318 / 读缓存 1,586） 出 348 = 2,254 | 累计 1,151,789 tok $8.509
    [tok] #433 入 1,854（新缓存 266 / 读缓存 1,586） 出 40 = 1,894 | 累计 1,153,683 tok $8.515
  已翻 389/959 段
    [tok] #434 入 1,964（新缓存 376 / 读缓存 1,586） 出 186 = 2,150 | 累计 1,155,833 tok $8.525
  已翻 390/959 段
    [tok] #435 入 2,192（新缓存 604 / 读缓存 1,586） 出 449 = 2,641 | 累计 1,158,474 tok $8.544
  已翻 391/959 段
    [tok] #436 入 2,370（新缓存 782 / 读缓存 1,586） 出 574 = 2,944 | 累计 1,161,418 tok $8.569
  已翻 392/959 段
    [tok] #437 入 2,315（新缓存 727 / 读缓存 1,586） 出 537 = 2,852 | 累计 1,164,270 tok $8.592
  已翻 393/959 段
    [tok] #438 入 2,277（新缓存 689 / 读缓存 1,586） 出 496 = 2,773 | 累计 1,167,043 tok $8.613
  已翻 394/959 段
    [tok] #439 入 2,138（新缓存 550 / 读缓存 1,586） 出 311 = 2,449 | 累计 1,169,492 tok $8.628
  已翻 395/959 段
    [tok] #440 入 1,985（新缓存 397 / 读缓存 1,586） 出 116 = 2,101 | 累计 1,171,593 tok $8.637
  已翻 396/959 段
    [tok] #441 入 1,908（新缓存 320 / 读缓存 1,586） 出 280 = 2,188 | 累计 1,173,781 tok $8.649
  已翻 397/959 段
    [tok] #442 入 1,920（新缓存 332 / 读缓存 1,586） 出 66 = 1,986 | 累计 1,175,767 tok $8.656
  已翻 398/959 段
    [tok] #443 入 1,896（新缓存 308 / 读缓存 1,586） 出 45 = 1,941 | 累计 1,177,708 tok $8.662
  已翻 399/959 段
    [tok] #444 入 1,979（新缓存 391 / 读缓存 1,586） 出 169 = 2,148 | 累计 1,179,856 tok $8.672
  已翻 400/959 段
    [tok] #445 入 1,920（新缓存 332 / 读缓存 1,586） 出 162 = 2,082 | 累计 1,181,938 tok $8.682
  已翻 401/959 段
    [tok] #446 入 1,916（新缓存 328 / 读缓存 1,586） 出 55 = 1,971 | 累计 1,183,909 tok $8.688
  已翻 402/959 段
    [tok] #447 入 1,977（新缓存 389 / 读缓存 1,586） 出 105 = 2,082 | 累计 1,185,991 tok $8.697
  已翻 403/959 段
    [tok] #448 入 2,273（新缓存 685 / 读缓存 1,586） 出 497 = 2,770 | 累计 1,188,761 tok $8.718
  已翻 404/959 段
    [tok] #449 入 2,237（新缓存 649 / 读缓存 1,586） 出 403 = 2,640 | 累计 1,191,401 tok $8.737
    [tok] #450 入 2,185（新缓存 597 / 读缓存 1,586） 出 508 = 2,693 | 累计 1,194,094 tok $8.757
  已翻 405/959 段
    [tok] #451 入 2,150（新缓存 562 / 读缓存 1,586） 出 329 = 2,479 | 累计 1,196,573 tok $8.773
  已翻 406/959 段
    [tok] #452 入 2,867（新缓存 1,279 / 读缓存 1,586） 出 1,597 = 4,464 | 累计 1,201,037 tok $8.829
  已翻 407/959 段
    [tok] #453 入 1,896（新缓存 308 / 读缓存 1,586） 出 35 = 1,931 | 累计 1,202,968 tok $8.834
  已翻 408/959 段
    [tok] #454 入 2,530（新缓存 942 / 读缓存 1,586） 出 709 = 3,239 | 累计 1,206,207 tok $8.864
  已翻 409/959 段
    [tok] #455 入 1,932（新缓存 344 / 读缓存 1,586） 出 67 = 1,999 | 累计 1,208,206 tok $8.871
  已翻 410/959 段
    [tok] #456 入 2,771（新缓存 1,183 / 读缓存 1,586） 出 909 = 3,680 | 累计 1,211,886 tok $8.908
  已翻 411/959 段
    [tok] #457 入 1,894（新缓存 306 / 读缓存 1,586） 出 42 = 1,936 | 累计 1,213,822 tok $8.914
  已翻 412/959 段
    [tok] #458 入 2,020（新缓存 432 / 读缓存 1,586） 出 209 = 2,229 | 累计 1,216,051 tok $8.926
  已翻 413/959 段
    [tok] #459 入 2,109（新缓存 521 / 读缓存 1,586） 出 371 = 2,480 | 累计 1,218,531 tok $8.942
  已翻 414/959 段
    [tok] #460 入 1,959（新缓存 371 / 读缓存 1,586） 出 128 = 2,087 | 累计 1,220,618 tok $8.951
  已翻 415/959 段
    [tok] #461 入 2,124（新缓存 536 / 读缓存 1,586） 出 258 = 2,382 | 累计 1,223,000 tok $8.965
  已翻 416/959 段
    [tok] #462 入 1,927（新缓存 339 / 读缓存 1,586） 出 76 = 2,003 | 累计 1,225,003 tok $8.972
  已翻 417/959 段
    [tok] #463 入 1,902（新缓存 314 / 读缓存 1,586） 出 53 = 1,955 | 累计 1,226,958 tok $8.978
  已翻 418/959 段
    [tok] #464 入 2,028（新缓存 440 / 读缓存 1,586） 出 278 = 2,306 | 累计 1,229,264 tok $8.992
  已翻 419/959 段
    [tok] #465 入 2,126（新缓存 538 / 读缓存 1,586） 出 309 = 2,435 | 累计 1,231,699 tok $9.007
  已翻 420/959 段
    [tok] #466 入 1,951（新缓存 363 / 读缓存 1,586） 出 98 = 2,049 | 累计 1,233,748 tok $9.015
  已翻 421/959 段
    [tok] #467 入 2,456（新缓存 868 / 读缓存 1,586） 出 607 = 3,063 | 累计 1,236,811 tok $9.041
  已翻 422/959 段
    [tok] #468 入 2,043（新缓存 455 / 读缓存 1,586） 出 267 = 2,310 | 累计 1,239,121 tok $9.054
  已翻 423/959 段
    [tok] #469 入 2,761（新缓存 1,173 / 读缓存 1,586） 出 921 = 3,682 | 累计 1,242,803 tok $9.091
  已翻 424/959 段
    [tok] #470 入 2,109（新缓存 521 / 读缓存 1,586） 出 264 = 2,373 | 累计 1,245,176 tok $9.105
  已翻 425/959 段
    [tok] #471 入 1,900（新缓存 312 / 读缓存 1,586） 出 228 = 2,128 | 累计 1,247,304 tok $9.116
  已翻 426/959 段
    [tok] #472 入 1,910（新缓存 322 / 读缓存 1,586） 出 63 = 1,973 | 累计 1,249,277 tok $9.123
  已翻 427/959 段
    [tok] #473 入 2,178（新缓存 590 / 读缓存 1,586） 出 330 = 2,508 | 累计 1,251,785 tok $9.139
  已翻 428/959 段
    [tok] #474 入 2,096（新缓存 508 / 读缓存 1,586） 出 270 = 2,366 | 累计 1,254,151 tok $9.153
  已翻 429/959 段
    [tok] #475 入 2,193（新缓存 605 / 读缓存 1,586） 出 491 = 2,684 | 累计 1,256,835 tok $9.173
  已翻 430/959 段
    [tok] #476 入 2,080（新缓存 492 / 读缓存 1,586） 出 286 = 2,366 | 累计 1,259,201 tok $9.187
  已翻 431/959 段
    [tok] #477 入 2,607（新缓存 1,019 / 读缓存 1,586） 出 946 = 3,553 | 累计 1,262,754 tok $9.224
  已翻 432/959 段
    [tok] #478 入 2,369（新缓存 781 / 读缓存 1,586） 出 789 = 3,158 | 累计 1,265,912 tok $9.253
  已翻 433/959 段
    [tok] #479 入 2,481（新缓存 893 / 读缓存 1,586） 出 716 = 3,197 | 累计 1,269,109 tok $9.283
  已翻 434/959 段
    [tok] #480 入 2,143（新缓存 555 / 读缓存 1,586） 出 365 = 2,508 | 累计 1,271,617 tok $9.299
  已翻 435/959 段
    [tok] #481 入 1,896（新缓存 308 / 读缓存 1,586） 出 54 = 1,950 | 累计 1,273,567 tok $9.306
  已翻 436/959 段
    [tok] #482 入 2,175（新缓存 587 / 读缓存 1,586） 出 375 = 2,550 | 累计 1,276,117 tok $9.323
  已翻 437/959 段
    [tok] #483 入 2,205（新缓存 617 / 读缓存 1,586） 出 359 = 2,564 | 累计 1,278,681 tok $9.340
  已翻 438/959 段
    [tok] #484 入 1,968（新缓存 380 / 读缓存 1,586） 出 134 = 2,102 | 累计 1,280,783 tok $9.349
  已翻 439/959 段
    [tok] #485 入 2,155（新缓存 567 / 读缓存 1,586） 出 415 = 2,570 | 累计 1,283,353 tok $9.367
  已翻 440/959 段
    [tok] #486 入 1,930（新缓存 342 / 读缓存 1,586） 出 108 = 2,038 | 累计 1,285,391 tok $9.375
  已翻 441/959 段
    [tok] #487 入 2,127（新缓存 539 / 读缓存 1,586） 出 286 = 2,413 | 累计 1,287,804 tok $9.390
  已翻 442/959 段
    [tok] #488 入 1,953（新缓存 365 / 读缓存 1,586） 出 141 = 2,094 | 累计 1,289,898 tok $9.399
  已翻 443/959 段
    [tok] #489 入 1,978（新缓存 390 / 读缓存 1,586） 出 162 = 2,140 | 累计 1,292,038 tok $9.409
  已翻 444/959 段
    [tok] #490 入 2,029（新缓存 441 / 读缓存 1,586） 出 193 = 2,222 | 累计 1,294,260 tok $9.420
  已翻 445/959 段
    [tok] #491 入 1,951（新缓存 363 / 读缓存 1,586） 出 93 = 2,044 | 累计 1,296,304 tok $9.428
  已翻 446/959 段
    [tok] #492 入 2,296（新缓存 708 / 读缓存 1,586） 出 491 = 2,787 | 累计 1,299,091 tok $9.449
  已翻 447/959 段
    [tok] #493 入 2,010（新缓存 422 / 读缓存 1,586） 出 172 = 2,182 | 累计 1,301,273 tok $9.460
    [tok] #494 入 1,958（新缓存 370 / 读缓存 1,586） 出 477 = 2,435 | 累计 1,303,708 tok $9.477
  已翻 448/959 段
    [tok] #495 入 2,413（新缓存 825 / 读缓存 1,586） 出 706 = 3,119 | 累计 1,306,827 tok $9.506
    [tok] #496 入 2,361（新缓存 773 / 读缓存 1,586） 出 1,194 = 3,555 | 累计 1,310,382 tok $9.545
  已翻 449/959 段
    [tok] #497 入 2,193（新缓存 605 / 读缓存 1,586） 出 746 = 2,939 | 累计 1,313,321 tok $9.572
  已翻 450/959 段
    [tok] #498 入 2,105（新缓存 517 / 读缓存 1,586） 出 605 = 2,710 | 累计 1,316,031 tok $9.595
    [tok] #499 入 2,053（新缓存 465 / 读缓存 1,586） 出 249 = 2,302 | 累计 1,318,333 tok $9.607
  已翻 451/959 段
    [tok] #500 入 2,011（新缓存 423 / 读缓存 1,586） 出 152 = 2,163 | 累计 1,320,496 tok $9.617
  已翻 452/959 段
    [tok] #501 入 2,008（新缓存 420 / 读缓存 1,586） 出 353 = 2,361 | 累计 1,322,857 tok $9.632
  已翻 453/959 段
    [tok] #502 入 2,223（新缓存 635 / 读缓存 1,586） 出 540 = 2,763 | 累计 1,325,620 tok $9.654
  已翻 454/959 段
    [tok] #503 入 1,941（新缓存 353 / 读缓存 1,586） 出 98 = 2,039 | 累计 1,327,659 tok $9.662
  已翻 455/959 段
    [tok] #504 入 1,935（新缓存 347 / 读缓存 1,586） 出 83 = 2,018 | 累计 1,329,677 tok $9.670
  已翻 456/959 段
    [tok] #505 入 3,045（新缓存 1,457 / 读缓存 1,586） 出 1,619 = 4,664 | 累计 1,334,341 tok $9.728
  已翻 457/959 段
    [tok] #506 入 2,069（新缓存 481 / 读缓存 1,586） 出 225 = 2,294 | 累计 1,336,635 tok $9.740
  已翻 458/959 段
    [tok] #507 入 1,983（新缓存 395 / 读缓存 1,586） 出 314 = 2,297 | 累计 1,338,932 tok $9.754
  已翻 459/959 段
    [tok] #508 入 1,921（新缓存 333 / 读缓存 1,586） 出 69 = 1,990 | 累计 1,340,922 tok $9.761
  已翻 460/959 段
    [tok] #509 入 1,974（新缓存 386 / 读缓存 1,586） 出 114 = 2,088 | 累计 1,343,010 tok $9.769
  已翻 461/959 段
    [tok] #510 入 2,087（新缓存 499 / 读缓存 1,586） 出 266 = 2,353 | 累计 1,345,363 tok $9.783
  已翻 462/959 段
    [tok] #511 入 2,039（新缓存 451 / 读缓存 1,586） 出 191 = 2,230 | 累计 1,347,593 tok $9.794
    [tok] #512 入 1,987（新缓存 399 / 读缓存 1,586） 出 195 = 2,182 | 累计 1,349,775 tok $9.805
  已翻 463/959 段
    [tok] #513 入 2,290（新缓存 702 / 读缓存 1,586） 出 612 = 2,902 | 累计 1,352,677 tok $9.830
  已翻 464/959 段
    [tok] #514 入 2,158（新缓存 570 / 读缓存 1,586） 出 336 = 2,494 | 累计 1,355,171 tok $9.846
  已翻 465/959 段
    [tok] #515 入 1,985（新缓存 397 / 读缓存 1,586） 出 134 = 2,119 | 累计 1,357,290 tok $9.855
    [tok] #516 入 1,933（新缓存 345 / 读缓存 1,586） 出 132 = 2,065 | 累计 1,359,355 tok $9.864
  已翻 466/959 段
    [tok] #517 入 2,040（新缓存 452 / 读缓存 1,586） 出 507 = 2,547 | 累计 1,361,902 tok $9.883
    [tok] #518 入 1,988（新缓存 400 / 读缓存 1,586） 出 235 = 2,223 | 累计 1,364,125 tok $9.895
  已翻 467/959 段
    [tok] #519 入 2,519（新缓存 931 / 读缓存 1,586） 出 738 = 3,257 | 累计 1,367,382 tok $9.925
  已翻 468/959 段
    [tok] #520 入 1,949（新缓存 361 / 读缓存 1,586） 出 130 = 2,079 | 累计 1,369,461 tok $9.934
  已翻 469/959 段
    [tok] #521 入 1,944（新缓存 356 / 读缓存 1,586） 出 113 = 2,057 | 累计 1,371,518 tok $9.942
  已翻 470/959 段
    [tok] #522 入 1,952（新缓存 364 / 读缓存 1,586） 出 407 = 2,359 | 累计 1,373,877 tok $9.958
  已翻 471/959 段
    [tok] #523 入 1,944（新缓存 356 / 读缓存 1,586） 出 114 = 2,058 | 累计 1,375,935 tok $9.966
  已翻 472/959 段
    [tok] #524 入 1,919（新缓存 331 / 读缓存 1,586） 出 73 = 1,992 | 累计 1,377,927 tok $9.973
  已翻 473/959 段
    [tok] #525 入 1,926（新缓存 338 / 读缓存 1,586） 出 97 = 2,023 | 累计 1,379,950 tok $9.981
  已翻 474/959 段
    [tok] #526 入 2,040（新缓存 452 / 读缓存 1,586） 出 283 = 2,323 | 累计 1,382,273 tok $9.994
  已翻 475/959 段
    [tok] #527 入 2,171（新缓存 583 / 读缓存 1,586） 出 405 = 2,576 | 累计 1,384,849 tok $10.012
  已翻 476/959 段
    [tok] #528 入 1,934（新缓存 346 / 读缓存 1,586） 出 196 = 2,130 | 累计 1,386,979 tok $10.023
  已翻 477/959 段
    [tok] #529 入 1,914（新缓存 326 / 读缓存 1,586） 出 71 = 1,985 | 累计 1,388,964 tok $10.029
  已翻 478/959 段
    [tok] #530 入 1,941（新缓存 353 / 读缓存 1,586） 出 312 = 2,253 | 累计 1,391,217 tok $10.043
    [tok] #531 入 1,889（新缓存 301 / 读缓存 1,586） 出 68 = 1,957 | 累计 1,393,174 tok $10.049
  已翻 479/959 段
    [tok] #532 入 2,099（新缓存 511 / 读缓存 1,586） 出 201 = 2,300 | 累计 1,395,474 tok $10.061
  已翻 480/959 段
    [tok] #533 入 2,205（新缓存 617 / 读缓存 1,586） 出 357 = 2,562 | 累计 1,398,036 tok $10.079
  已翻 481/959 段
    [tok] #534 入 2,125（新缓存 537 / 读缓存 1,586） 出 468 = 2,593 | 累计 1,400,629 tok $10.098
  已翻 482/959 段
    [tok] #535 入 2,217（新缓存 629 / 读缓存 1,586） 出 385 = 2,602 | 累计 1,403,231 tok $10.116
  已翻 483/959 段
    [tok] #536 入 2,025（新缓存 437 / 读缓存 1,586） 出 157 = 2,182 | 累计 1,405,413 tok $10.126
  已翻 484/959 段
    [tok] #537 入 2,383（新缓存 795 / 读缓存 1,586） 出 504 = 2,887 | 累计 1,408,300 tok $10.149
  已翻 485/959 段
    [tok] #538 入 1,966（新缓存 378 / 读缓存 1,586） 出 116 = 2,082 | 累计 1,410,382 tok $10.158
  已翻 486/959 段
    [tok] #539 入 2,204（新缓存 616 / 读缓存 1,586） 出 550 = 2,754 | 累计 1,413,136 tok $10.180
    [tok] #540 入 2,152（新缓存 564 / 读缓存 1,586） 出 501 = 2,653 | 累计 1,415,789 tok $10.200
  已翻 487/959 段
    [tok] #541 入 2,276（新缓存 688 / 读缓存 1,586） 出 508 = 2,784 | 累计 1,418,573 tok $10.222
  已翻 488/959 段
    [tok] #542 入 1,930（新缓存 342 / 读缓存 1,586） 出 87 = 2,017 | 累计 1,420,590 tok $10.229
  已翻 489/959 段
    [tok] #543 入 2,861（新缓存 1,273 / 读缓存 1,586） 出 1,051 = 3,912 | 累计 1,424,502 tok $10.271
  已翻 490/959 段
    [tok] #544 入 2,150（新缓存 562 / 读缓存 1,586） 出 327 = 2,477 | 累计 1,426,979 tok $10.287
  已翻 491/959 段
    [tok] #545 入 1,980（新缓存 392 / 读缓存 1,586） 出 131 = 2,111 | 累计 1,429,090 tok $10.296
  已翻 492/959 段
    [tok] #546 入 1,908（新缓存 320 / 读缓存 1,586） 出 62 = 1,970 | 累计 1,431,060 tok $10.302
  已翻 493/959 段
    [tok] #547 入 2,293（新缓存 705 / 读缓存 1,586） 出 858 = 3,151 | 累计 1,434,211 tok $10.333
  已翻 494/959 段
    [tok] #548 入 1,899（新缓存 311 / 读缓存 1,586） 出 50 = 1,949 | 累计 1,436,160 tok $10.339
  已翻 495/959 段
    [tok] #549 入 2,240（新缓存 652 / 读缓存 1,586） 出 402 = 2,642 | 累计 1,438,802 tok $10.358
  已翻 496/959 段
    [tok] #550 入 2,078（新缓存 490 / 读缓存 1,586） 出 249 = 2,327 | 累计 1,441,129 tok $10.371
    [tok] #551 入 2,026（新缓存 438 / 读缓存 1,586） 出 240 = 2,266 | 累计 1,443,395 tok $10.383
  已翻 497/959 段
    [tok] #552 入 2,376（新缓存 788 / 读缓存 1,586） 出 507 = 2,883 | 累计 1,446,278 tok $10.406
  已翻 498/959 段
    [tok] #553 入 2,009（新缓存 421 / 读缓存 1,586） 出 179 = 2,188 | 累计 1,448,466 tok $10.417
  已翻 499/959 段
    [tok] #554 入 1,883（新缓存 295 / 读缓存 1,586） 出 34 = 1,917 | 累计 1,450,383 tok $10.422
  已翻 500/959 段
    [tok] #555 入 1,952（新缓存 364 / 读缓存 1,586） 出 97 = 2,049 | 累计 1,452,432 tok $10.430
  已翻 501/959 段
    [tok] #556 入 1,998（新缓存 410 / 读缓存 1,586） 出 228 = 2,226 | 累计 1,454,658 tok $10.442
    [tok] #557 入 1,946（新缓存 358 / 读缓存 1,586） 出 293 = 2,239 | 累计 1,456,897 tok $10.455
  已翻 502/959 段
    [tok] #558 入 1,914（新缓存 326 / 读缓存 1,586） 出 72 = 1,986 | 累计 1,458,883 tok $10.462
  已翻 503/959 段
    [tok] #559 入 2,241（新缓存 653 / 读缓存 1,586） 出 1,351 = 3,592 | 累计 1,462,475 tok $10.504
    [tok] #560 入 2,189（新缓存 601 / 读缓存 1,586） 出 492 = 2,681 | 累计 1,465,156 tok $10.525
  已翻 504/959 段
    [tok] #561 入 2,209（新缓存 621 / 读缓存 1,586） 出 422 = 2,631 | 累计 1,467,787 tok $10.544
  已翻 505/959 段
    [tok] #562 入 2,224（新缓存 636 / 读缓存 1,586） 出 939 = 3,163 | 累计 1,470,950 tok $10.576
  已翻 506/959 段
    [tok] #563 入 2,660（新缓存 1,072 / 读缓存 1,586） 出 756 = 3,416 | 累计 1,474,366 tok $10.608
  已翻 507/959 段
    [tok] #564 入 1,936（新缓存 348 / 读缓存 1,586） 出 78 = 2,014 | 累计 1,476,380 tok $10.615
  已翻 508/959 段
    [tok] #565 入 2,000（新缓存 412 / 读缓存 1,586） 出 167 = 2,167 | 累计 1,478,547 tok $10.625
  已翻 509/959 段
    [tok] #566 入 2,206（新缓存 618 / 读缓存 1,586） 出 398 = 2,604 | 累计 1,481,151 tok $10.644
  已翻 510/959 段
    [tok] #567 入 2,450（新缓存 862 / 读缓存 1,586） 出 597 = 3,047 | 累计 1,484,198 tok $10.669
  已翻 511/959 段
    [tok] #568 入 2,272（新缓存 684 / 读缓存 1,586） 出 413 = 2,685 | 累计 1,486,883 tok $10.689
  已翻 512/959 段
    [tok] #569 入 1,954（新缓存 366 / 读缓存 1,586） 出 108 = 2,062 | 累计 1,488,945 tok $10.697
  已翻 513/959 段
    [tok] #570 入 2,266（新缓存 678 / 读缓存 1,586） 出 542 = 2,808 | 累计 1,491,753 tok $10.720
  已翻 514/959 段
    [tok] #571 入 2,648（新缓存 1,060 / 读缓存 1,586） 出 949 = 3,597 | 累计 1,495,350 tok $10.756
  已翻 515/959 段
    [tok] #572 入 2,555（新缓存 967 / 读缓存 1,586） 出 963 = 3,518 | 累计 1,498,868 tok $10.792
  已翻 516/959 段
    [tok] #573 入 2,304（新缓存 716 / 读缓存 1,586） 出 469 = 2,773 | 累计 1,501,641 tok $10.814
  已翻 517/959 段
    [tok] #574 入 2,028（新缓存 440 / 读缓存 1,586） 出 250 = 2,278 | 累计 1,503,919 tok $10.826
  已翻 518/959 段
    [tok] #575 入 1,920（新缓存 332 / 读缓存 1,586） 出 78 = 1,998 | 累计 1,505,917 tok $10.833
  已翻 519/959 段
    [tok] #576 入 1,913（新缓存 325 / 读缓存 1,586） 出 56 = 1,969 | 累计 1,507,886 tok $10.840
  已翻 520/959 段
    [tok] #577 入 2,174（新缓存 586 / 读缓存 1,586） 出 294 = 2,468 | 累计 1,510,354 tok $10.855
  已翻 521/959 段
    [tok] #578 入 2,129（新缓存 541 / 读缓存 1,586） 出 773 = 2,902 | 累计 1,513,256 tok $10.882
  已翻 522/959 段
    [tok] #579 入 2,370（新缓存 782 / 读缓存 1,586） 出 499 = 2,869 | 累计 1,516,125 tok $10.904
  已翻 523/959 段
    [tok] #580 入 1,935（新缓存 347 / 读缓存 1,586） 出 98 = 2,033 | 累计 1,518,158 tok $10.912
  已翻 524/959 段
    [tok] #581 入 1,962（新缓存 374 / 读缓存 1,586） 出 127 = 2,089 | 累计 1,520,247 tok $10.921
  已翻 525/959 段
    [tok] #582 入 1,943（新缓存 355 / 读缓存 1,586） 出 105 = 2,048 | 累计 1,522,295 tok $10.929
  已翻 526/959 段
    [tok] #583 入 2,251（新缓存 663 / 读缓存 1,586） 出 621 = 2,872 | 累计 1,525,167 tok $10.953
  已翻 527/959 段
    [tok] #584 入 2,408（新缓存 820 / 读缓存 1,586） 出 578 = 2,986 | 累计 1,528,153 tok $10.978
  已翻 528/959 段
    [tok] #585 入 2,048（新缓存 460 / 读缓存 1,586） 出 214 = 2,262 | 累计 1,530,415 tok $10.990
    [tok] #586 入 1,996（新缓存 408 / 读缓存 1,586） 出 203 = 2,199 | 累计 1,532,614 tok $11.001
  已翻 529/959 段
    [tok] #587 入 1,939（新缓存 351 / 读缓存 1,586） 出 94 = 2,033 | 累计 1,534,647 tok $11.009
  已翻 530/959 段
    [tok] #588 入 2,279（新缓存 691 / 读缓存 1,586） 出 448 = 2,727 | 累计 1,537,374 tok $11.029
  已翻 531/959 段
    [tok] #589 入 2,258（新缓存 670 / 读缓存 1,586） 出 1,151 = 3,409 | 累计 1,540,783 tok $11.067
  已翻 532/959 段
    [tok] #590 入 2,016（新缓存 428 / 读缓存 1,586） 出 317 = 2,333 | 累计 1,543,116 tok $11.081
  已翻 533/959 段
    [tok] #591 入 1,960（新缓存 372 / 读缓存 1,586） 出 166 = 2,126 | 累计 1,545,242 tok $11.091
  已翻 534/959 段
    [tok] #592 入 2,082（新缓存 494 / 读缓存 1,586） 出 364 = 2,446 | 累计 1,547,688 tok $11.107
  已翻 535/959 段
    [tok] #593 入 2,245（新缓存 657 / 读缓存 1,586） 出 612 = 2,857 | 累计 1,550,545 tok $11.131
  已翻 536/959 段
    [tok] #594 入 2,338（新缓存 750 / 读缓存 1,586） 出 639 = 2,977 | 累计 1,553,522 tok $11.157
    [retry 1] TimeoutExpired(120s) | wait 5s
    [tok] #595 入 2,286（新缓存 698 / 读缓存 1,586） 出 667 = 2,953 | 累计 1,556,475 tok $11.183
  已翻 537/959 段
    [tok] #596 入 2,029（新缓存 441 / 读缓存 1,586） 出 195 = 2,224 | 累计 1,558,699 tok $11.194
    [tok] #597 入 1,977（新缓存 389 / 读缓存 1,586） 出 336 = 2,313 | 累计 1,561,012 tok $11.208
  已翻 538/959 段
    [tok] #598 入 2,260（新缓存 672 / 读缓存 1,586） 出 435 = 2,695 | 累计 1,563,707 tok $11.228
  已翻 539/959 段
    [tok] #599 入 2,235（新缓存 647 / 读缓存 1,586） 出 375 = 2,610 | 累计 1,566,317 tok $11.246
  已翻 540/959 段
    [tok] #600 入 2,326（新缓存 738 / 读缓存 1,586） 出 500 = 2,826 | 累计 1,569,143 tok $11.268
  已翻 541/959 段
    [tok] #601 入 2,216（新缓存 628 / 读缓存 1,586） 出 469 = 2,685 | 累计 1,571,828 tok $11.288
  已翻 542/959 段
    [tok] #602 入 1,916（新缓存 328 / 读缓存 1,586） 出 64 = 1,980 | 累计 1,573,808 tok $11.295
  已翻 543/959 段
    [tok] #603 入 2,237（新缓存 649 / 读缓存 1,586） 出 436 = 2,673 | 累计 1,576,481 tok $11.314
  已翻 544/959 段
    [tok] #604 入 2,381（新缓存 793 / 读缓存 1,586） 出 580 = 2,961 | 累计 1,579,442 tok $11.339
  已翻 545/959 段
    [tok] #605 入 2,036（新缓存 448 / 读缓存 1,586） 出 303 = 2,339 | 累计 1,581,781 tok $11.353
  已翻 546/959 段
    [tok] #606 入 2,187（新缓存 599 / 读缓存 1,586） 出 344 = 2,531 | 累计 1,584,312 tok $11.370
  已翻 547/959 段
    [tok] #607 入 2,375（新缓存 787 / 读缓存 1,586） 出 605 = 2,980 | 累计 1,587,292 tok $11.395
  已翻 548/959 段
    [tok] #608 入 2,364（新缓存 776 / 读缓存 1,586） 出 621 = 2,985 | 累计 1,590,277 tok $11.420
    [tok] #609 入 2,312（新缓存 724 / 读缓存 1,586） 出 564 = 2,876 | 累计 1,593,153 tok $11.444
  已翻 549/959 段
    [tok] #610 入 2,027（新缓存 439 / 读缓存 1,586） 出 202 = 2,229 | 累计 1,595,382 tok $11.455
  已翻 550/959 段
    [tok] #611 入 2,402（新缓存 814 / 读缓存 1,586） 出 622 = 3,024 | 累计 1,598,406 tok $11.481
  已翻 551/959 段
    [tok] #612 入 2,933（新缓存 1,345 / 读缓存 1,586） 出 1,222 = 4,155 | 累计 1,602,561 tok $11.528
  已翻 552/959 段
    [tok] #613 入 1,944（新缓存 356 / 读缓存 1,586） 出 102 = 2,046 | 累计 1,604,607 tok $11.536
  已翻 553/959 段
    [tok] #614 入 2,433（新缓存 845 / 读缓存 1,586） 出 699 = 3,132 | 累计 1,607,739 tok $11.564
  已翻 554/959 段
    [tok] #615 入 2,146（新缓存 558 / 读缓存 1,586） 出 420 = 2,566 | 累计 1,610,305 tok $11.582
  已翻 555/959 段
    [tok] #616 入 2,336（新缓存 748 / 读缓存 1,586） 出 855 = 3,191 | 累计 1,613,496 tok $11.613
    [tok] #617 入 2,284（新缓存 696 / 读缓存 1,586） 出 811 = 3,095 | 累计 1,616,591 tok $11.643
  已翻 556/959 段
    [tok] #618 入 2,017（新缓存 429 / 读缓存 1,586） 出 219 = 2,236 | 累计 1,618,827 tok $11.655
  已翻 557/959 段
    [tok] #619 入 2,033（新缓存 445 / 读缓存 1,586） 出 204 = 2,237 | 累计 1,621,064 tok $11.666
  已翻 558/959 段
    [tok] #620 入 2,030（新缓存 442 / 读缓存 1,586） 出 270 = 2,300 | 累计 1,623,364 tok $11.679
  已翻 559/959 段
    [tok] #621 入 1,949（新缓存 361 / 读缓存 1,586） 出 135 = 2,084 | 累计 1,625,448 tok $11.688
  已翻 560/959 段
    [tok] #622 入 1,956（新缓存 368 / 读缓存 1,586） 出 128 = 2,084 | 累计 1,627,532 tok $11.697
  已翻 561/959 段
    [tok] #623 入 1,945（新缓存 357 / 读缓存 1,586） 出 122 = 2,067 | 累计 1,629,599 tok $11.705
  已翻 562/959 段
    [tok] #624 入 2,044（新缓存 456 / 读缓存 1,586） 出 224 = 2,268 | 累计 1,631,867 tok $11.718
  已翻 563/959 段
    [tok] #625 入 1,886（新缓存 298 / 读缓存 1,586） 出 40 = 1,926 | 累计 1,633,793 tok $11.723
    [tok] #626 入 1,834（新缓存 246 / 读缓存 1,586） 出 33 = 1,867 | 累计 1,635,660 tok $11.729
  已翻 564/959 段
    [tok] #627 入 1,965（新缓存 377 / 读缓存 1,586） 出 893 = 2,858 | 累计 1,638,518 tok $11.757
  已翻 565/959 段
    [tok] #628 入 1,993（新缓存 405 / 读缓存 1,586） 出 151 = 2,144 | 累计 1,640,662 tok $11.766
  已翻 566/959 段
    [tok] #629 入 1,953（新缓存 365 / 读缓存 1,586） 出 161 = 2,114 | 累计 1,642,776 tok $11.776
  已翻 567/959 段
    [tok] #630 入 2,028（新缓存 440 / 读缓存 1,586） 出 202 = 2,230 | 累计 1,645,006 tok $11.787
  已翻 568/959 段
    [tok] #631 入 2,378（新缓存 790 / 读缓存 1,586） 出 566 = 2,944 | 累计 1,647,950 tok $11.812
  已翻 569/959 段
    [tok] #632 入 2,101（新缓存 513 / 读缓存 1,586） 出 393 = 2,494 | 累计 1,650,444 tok $11.829
  已翻 570/959 段
    [tok] #633 入 1,923（新缓存 335 / 读缓存 1,586） 出 68 = 1,991 | 累计 1,652,435 tok $11.836
  已翻 571/959 段
    [tok] #634 入 2,188（新缓存 600 / 读缓存 1,586） 出 417 = 2,605 | 累计 1,655,040 tok $11.854
  已翻 572/959 段
    [tok] #635 入 2,158（新缓存 570 / 读缓存 1,586） 出 454 = 2,612 | 累计 1,657,652 tok $11.873
  已翻 573/959 段
    [tok] #636 入 1,929（新缓存 341 / 读缓存 1,586） 出 72 = 2,001 | 累计 1,659,653 tok $11.880
  已翻 574/959 段
    [tok] #637 入 2,099（新缓存 511 / 读缓存 1,586） 出 319 = 2,418 | 累计 1,662,071 tok $11.895
  已翻 575/959 段
    [tok] #638 入 2,328（新缓存 740 / 读缓存 1,586） 出 512 = 2,840 | 累计 1,664,911 tok $11.918
  已翻 576/959 段
    [tok] #639 入 2,012（新缓存 424 / 读缓存 1,586） 出 219 = 2,231 | 累计 1,667,142 tok $11.929
  已翻 577/959 段
    [tok] #640 入 2,026（新缓存 438 / 读缓存 1,586） 出 508 = 2,534 | 累计 1,669,676 tok $11.949
    [tok] #641 入 1,974（新缓存 386 / 读缓存 1,586） 出 434 = 2,408 | 累计 1,672,084 tok $11.965
  已翻 578/959 段
    [tok] #642 入 1,926（新缓存 338 / 读缓存 1,586） 出 90 = 2,016 | 累计 1,674,100 tok $11.973
  已翻 579/959 段
    [tok] #643 入 1,898（新缓存 310 / 读缓存 1,586） 出 56 = 1,954 | 累计 1,676,054 tok $11.979
  已翻 580/959 段
    [tok] #644 入 1,942（新缓存 354 / 读缓存 1,586） 出 93 = 2,035 | 累计 1,678,089 tok $11.987
  已翻 581/959 段
    [tok] #645 入 2,002（新缓存 414 / 读缓存 1,586） 出 251 = 2,253 | 累计 1,680,342 tok $11.999
  已翻 582/959 段
    [tok] #646 入 1,964（新缓存 376 / 读缓存 1,586） 出 124 = 2,088 | 累计 1,682,430 tok $12.008
  已翻 583/959 段
    [tok] #647 入 2,294（新缓存 706 / 读缓存 1,586） 出 484 = 2,778 | 累计 1,685,208 tok $12.029
    [tok] #648 入 2,242（新缓存 654 / 读缓存 1,586） 出 519 = 2,761 | 累计 1,687,969 tok $12.051
  已翻 584/959 段
    [tok] #649 入 2,175（新缓存 587 / 读缓存 1,586） 出 591 = 2,766 | 累计 1,690,735 tok $12.074
    [tok] #650 入 2,123（新缓存 535 / 读缓存 1,586） 出 360 = 2,483 | 累计 1,693,218 tok $12.090
  已翻 585/959 段
    [tok] #651 入 2,299（新缓存 711 / 读缓存 1,586） 出 475 = 2,774 | 累计 1,695,992 tok $12.111
  已翻 586/959 段
    [tok] #652 入 1,945（新缓存 357 / 读缓存 1,586） 出 109 = 2,054 | 累计 1,698,046 tok $12.119
  已翻 587/959 段
    [tok] #653 入 2,434（新缓存 846 / 读缓存 1,586） 出 582 = 3,016 | 累计 1,701,062 tok $12.145
  已翻 588/959 段
    [tok] #654 入 2,092（新缓存 504 / 读缓存 1,586） 出 290 = 2,382 | 累计 1,703,444 tok $12.159
  已翻 589/959 段
    [tok] #655 入 2,035（新缓存 447 / 读缓存 1,586） 出 237 = 2,272 | 累计 1,705,716 tok $12.171
  已翻 590/959 段
    [tok] #656 入 2,178（新缓存 590 / 读缓存 1,586） 出 452 = 2,630 | 累计 1,708,346 tok $12.191
  已翻 591/959 段
    [tok] #657 入 1,940（新缓存 352 / 读缓存 1,586） 出 88 = 2,028 | 累计 1,710,374 tok $12.198
  已翻 592/959 段
    [tok] #658 入 2,010（新缓存 422 / 读缓存 1,586） 出 188 = 2,198 | 累计 1,712,572 tok $12.209
  已翻 593/959 段
    [tok] #659 入 1,982（新缓存 394 / 读缓存 1,586） 出 201 = 2,183 | 累计 1,714,755 tok $12.220
  已翻 594/959 段
    [tok] #660 入 2,140（新缓存 552 / 读缓存 1,586） 出 251 = 2,391 | 累计 1,717,146 tok $12.234
  已翻 595/959 段
    [tok] #661 入 1,902（新缓存 314 / 读缓存 1,586） 出 59 = 1,961 | 累计 1,719,107 tok $12.241
  已翻 596/959 段
    [tok] #662 入 1,908（新缓存 320 / 读缓存 1,586） 出 86 = 1,994 | 累计 1,721,101 tok $12.248
  已翻 597/959 段
    [tok] #663 入 1,886（新缓存 298 / 读缓存 1,586） 出 31 = 1,917 | 累计 1,723,018 tok $12.253
    [tok] #664 入 1,834（新缓存 246 / 读缓存 1,586） 出 26 = 1,860 | 累计 1,724,878 tok $12.258
  已翻 598/959 段
    [tok] #665 入 1,903（新缓存 315 / 读缓存 1,586） 出 51 = 1,954 | 累计 1,726,832 tok $12.265
  已翻 599/959 段
    [tok] #666 入 1,961（新缓存 373 / 读缓存 1,586） 出 309 = 2,270 | 累计 1,729,102 tok $12.278
    [tok] #667 入 1,909（新缓存 321 / 读缓存 1,586） 出 126 = 2,035 | 累计 1,731,137 tok $12.286
  已翻 600/959 段
    [tok] #668 入 2,019（新缓存 431 / 读缓存 1,586） 出 310 = 2,329 | 累计 1,733,466 tok $12.300
    [tok] #669 入 1,967（新缓存 379 / 读缓存 1,586） 出 359 = 2,326 | 累计 1,735,792 tok $12.315
  已翻 601/959 段
    [tok] #670 入 1,913（新缓存 325 / 读缓存 1,586） 出 84 = 1,997 | 累计 1,737,789 tok $12.322
  已翻 602/959 段
    [tok] #671 入 2,146（新缓存 558 / 读缓存 1,586） 出 321 = 2,467 | 累计 1,740,256 tok $12.338
  已翻 603/959 段
    [tok] #672 入 2,722（新缓存 1,134 / 读缓存 1,586） 出 947 = 3,669 | 累计 1,743,925 tok $12.375
  已翻 604/959 段
    [tok] #673 入 2,468（新缓存 880 / 读缓存 1,586） 出 712 = 3,180 | 累计 1,747,105 tok $12.404
  已翻 605/959 段
    [tok] #674 入 1,895（新缓存 307 / 读缓存 1,586） 出 267 = 2,162 | 累计 1,749,267 tok $12.416
  已翻 606/959 段
    [tok] #675 入 2,046（新缓存 458 / 读缓存 1,586） 出 504 = 2,550 | 累计 1,751,817 tok $12.435
  已翻 607/959 段
    [tok] #676 入 2,069（新缓存 481 / 读缓存 1,586） 出 753 = 2,822 | 累计 1,754,639 tok $12.461
  已翻 608/959 段
    [tok] #677 入 2,188（新缓存 600 / 读缓存 1,586） 出 438 = 2,626 | 累计 1,757,265 tok $12.480
  已翻 609/959 段
    [tok] #678 入 1,924（新缓存 336 / 读缓存 1,586） 出 551 = 2,475 | 累计 1,759,740 tok $12.499
  已翻 610/959 段
    [tok] #679 入 1,922（新缓存 334 / 读缓存 1,586） 出 73 = 1,995 | 累计 1,761,735 tok $12.506
  已翻 611/959 段
    [tok] #680 入 2,194（新缓存 606 / 读缓存 1,586） 出 715 = 2,909 | 累计 1,764,644 tok $12.532
  已翻 612/959 段
    [tok] #681 入 2,285（新缓存 697 / 读缓存 1,586） 出 488 = 2,773 | 累计 1,767,417 tok $12.553
  已翻 613/959 段
    [tok] #682 入 1,905（新缓存 317 / 读缓存 1,586） 出 61 = 1,966 | 累计 1,769,383 tok $12.560
  已翻 614/959 段
    [tok] #683 入 2,093（新缓存 505 / 读缓存 1,586） 出 717 = 2,810 | 累计 1,772,193 tok $12.585
  已翻 615/959 段
    [tok] #684 入 1,935（新缓存 347 / 读缓存 1,586） 出 80 = 2,015 | 累计 1,774,208 tok $12.592
  已翻 616/959 段
    [tok] #685 入 1,996（新缓存 408 / 读缓存 1,586） 出 177 = 2,173 | 累计 1,776,381 tok $12.603
  已翻 617/959 段
    [tok] #686 入 1,955（新缓存 367 / 读缓存 1,586） 出 88 = 2,043 | 累计 1,778,424 tok $12.610
  已翻 618/959 段
    [tok] #687 入 1,975（新缓存 387 / 读缓存 1,586） 出 141 = 2,116 | 累计 1,780,540 tok $12.620
  已翻 619/959 段
    [tok] #688 入 1,976（新缓存 388 / 读缓存 1,586） 出 349 = 2,325 | 累计 1,782,865 tok $12.634
  已翻 620/959 段
    [tok] #689 入 2,170（新缓存 582 / 读缓存 1,586） 出 319 = 2,489 | 累计 1,785,354 tok $12.650
  已翻 621/959 段
    [tok] #690 入 2,037（新缓存 449 / 读缓存 1,586） 出 178 = 2,215 | 累计 1,787,569 tok $12.661
  已翻 622/959 段
    [tok] #691 入 1,976（新缓存 388 / 读缓存 1,586） 出 150 = 2,126 | 累计 1,789,695 tok $12.671
  已翻 623/959 段
    [tok] #692 入 1,883（新缓存 295 / 读缓存 1,586） 出 33 = 1,916 | 累计 1,791,611 tok $12.676
    [tok] #693 入 1,831（新缓存 243 / 读缓存 1,586） 出 29 = 1,860 | 累计 1,793,471 tok $12.681
  已翻 624/959 段
    [tok] #694 入 2,232（新缓存 644 / 读缓存 1,586） 出 442 = 2,674 | 累计 1,796,145 tok $12.701
  已翻 625/959 段
    [tok] #695 入 2,521（新缓存 933 / 读缓存 1,586） 出 950 = 3,471 | 累计 1,799,616 tok $12.736
  已翻 626/959 段
    [tok] #696 入 1,976（新缓存 388 / 读缓存 1,586） 出 187 = 2,163 | 累计 1,801,779 tok $12.747
  已翻 627/959 段
    [tok] #697 入 2,443（新缓存 855 / 读缓存 1,586） 出 642 = 3,085 | 累计 1,804,864 tok $12.774
  已翻 628/959 段
    [tok] #698 入 1,891（新缓存 303 / 读缓存 1,586） 出 33 = 1,924 | 累计 1,806,788 tok $12.779
  已翻 629/959 段
    [tok] #699 入 2,114（新缓存 526 / 读缓存 1,586） 出 333 = 2,447 | 累计 1,809,235 tok $12.795
  已翻 630/959 段
    [tok] #700 入 1,911（新缓存 323 / 读缓存 1,586） 出 51 = 1,962 | 累计 1,811,197 tok $12.801
  已翻 631/959 段
    [tok] #701 入 1,985（新缓存 397 / 读缓存 1,586） 出 536 = 2,521 | 累计 1,813,718 tok $12.821
    [tok] #702 入 1,933（新缓存 345 / 读缓存 1,586） 出 112 = 2,045 | 累计 1,815,763 tok $12.829
  已翻 632/959 段
    [tok] #703 入 1,937（新缓存 349 / 读缓存 1,586） 出 94 = 2,031 | 累计 1,817,794 tok $12.837
  已翻 633/959 段
    [tok] #704 入 1,969（新缓存 381 / 读缓存 1,586） 出 150 = 2,119 | 累计 1,819,913 tok $12.846
  已翻 634/959 段
    [tok] #705 入 2,038（新缓存 450 / 读缓存 1,586） 出 219 = 2,257 | 累计 1,822,170 tok $12.858
  已翻 635/959 段
    [tok] #706 入 1,965（新缓存 377 / 读缓存 1,586） 出 142 = 2,107 | 累计 1,824,277 tok $12.867
  已翻 636/959 段
    [tok] #707 入 2,068（新缓存 480 / 读缓存 1,586） 出 496 = 2,564 | 累计 1,826,841 tok $12.886
  已翻 637/959 段
    [tok] #708 入 2,481（新缓存 893 / 读缓存 1,586） 出 1,205 = 3,686 | 累计 1,830,527 tok $12.928
    [tok] #709 入 2,429（新缓存 841 / 读缓存 1,586） 出 1,921 = 4,350 | 累计 1,834,877 tok $12.986
  已翻 638/959 段
    [tok] #710 入 1,995（新缓存 407 / 读缓存 1,586） 出 125 = 2,120 | 累计 1,836,997 tok $12.996
    [tok] #711 入 1,943（新缓存 355 / 读缓存 1,586） 出 124 = 2,067 | 累计 1,839,064 tok $13.004
  已翻 639/959 段
    [tok] #712 入 2,049（新缓存 461 / 读缓存 1,586） 出 460 = 2,509 | 累计 1,841,573 tok $13.022
  已翻 640/959 段
    [tok] #713 入 2,412（新缓存 824 / 读缓存 1,586） 出 833 = 3,245 | 累计 1,844,818 tok $13.054
    [tok] #714 入 2,360（新缓存 772 / 读缓存 1,586） 出 997 = 3,357 | 累计 1,848,175 tok $13.088
  已翻 641/959 段
    [tok] #715 入 1,909（新缓存 321 / 读缓存 1,586） 出 225 = 2,134 | 累计 1,850,309 tok $13.099
  已翻 642/959 段
    [tok] #716 入 2,200（新缓存 612 / 读缓存 1,586） 出 408 = 2,608 | 累计 1,852,917 tok $13.118
  已翻 643/959 段
    [tok] #717 入 2,496（新缓存 908 / 读缓存 1,586） 出 722 = 3,218 | 累计 1,856,135 tok $13.147
  已翻 644/959 段
    [tok] #718 入 2,102（新缓存 514 / 读缓存 1,586） 出 280 = 2,382 | 累计 1,858,517 tok $13.161
  已翻 645/959 段
    [tok] #719 入 2,020（新缓存 432 / 读缓存 1,586） 出 171 = 2,191 | 累计 1,860,708 tok $13.172
  已翻 646/959 段
    [tok] #720 入 2,322（新缓存 734 / 读缓存 1,586） 出 742 = 3,064 | 累计 1,863,772 tok $13.200
  已翻 647/959 段
    [tok] #721 入 3,023（新缓存 1,435 / 读缓存 1,586） 出 1,571 = 4,594 | 累计 1,868,366 tok $13.256
    [tok] #722 入 2,971（新缓存 1,383 / 读缓存 1,586） 出 1,697 = 4,668 | 累计 1,873,034 tok $13.315
  已翻 648/959 段
    [tok] #723 入 2,086（新缓存 498 / 读缓存 1,586） 出 584 = 2,670 | 累计 1,875,704 tok $13.337
  已翻 649/959 段
    [tok] #724 入 2,379（新缓存 791 / 读缓存 1,586） 出 499 = 2,878 | 累计 1,878,582 tok $13.359
    [tok] #725 入 2,327（新缓存 739 / 读缓存 1,586） 出 607 = 2,934 | 累计 1,881,516 tok $13.384
  已翻 650/959 段
    [tok] #726 入 2,186（新缓存 598 / 读缓存 1,586） 出 430 = 2,616 | 累计 1,884,132 tok $13.403
  已翻 651/959 段
    [tok] #727 入 1,994（新缓存 406 / 读缓存 1,586） 出 256 = 2,250 | 累计 1,886,382 tok $13.415
    [tok] #728 入 1,942（新缓存 354 / 读缓存 1,586） 出 441 = 2,383 | 累计 1,888,765 tok $13.432
  已翻 652/959 段
    [tok] #729 入 2,257（新缓存 669 / 读缓存 1,586） 出 449 = 2,706 | 累计 1,891,471 tok $13.452
  已翻 653/959 段
    [tok] #730 入 2,366（新缓存 778 / 读缓存 1,586） 出 572 = 2,938 | 累计 1,894,409 tok $13.476
  已翻 654/959 段
    [tok] #731 入 1,903（新缓存 315 / 读缓存 1,586） 出 58 = 1,961 | 累计 1,896,370 tok $13.483
  已翻 655/959 段
    [tok] #732 入 1,880（新缓存 292 / 读缓存 1,586） 出 26 = 1,906 | 累计 1,898,276 tok $13.488
  已翻 656/959 段
    [tok] #733 入 2,052（新缓存 464 / 读缓存 1,586） 出 245 = 2,297 | 累计 1,900,573 tok $13.501
  已翻 657/959 段
    [tok] #734 入 2,012（新缓存 424 / 读缓存 1,586） 出 507 = 2,519 | 累计 1,903,092 tok $13.520
  已翻 658/959 段
    [tok] #735 入 2,124（新缓存 536 / 读缓存 1,586） 出 323 = 2,447 | 累计 1,905,539 tok $13.535
  已翻 659/959 段
    [tok] #736 入 1,898（新缓存 310 / 读缓存 1,586） 出 55 = 1,953 | 累计 1,907,492 tok $13.542
  已翻 660/959 段
    [tok] #737 入 2,025（新缓存 437 / 读缓存 1,586） 出 256 = 2,281 | 累计 1,909,773 tok $13.554
  已翻 661/959 段
    [tok] #738 入 2,259（新缓存 671 / 读缓存 1,586） 出 420 = 2,679 | 累计 1,912,452 tok $13.574
  已翻 662/959 段
    [tok] #739 入 2,023（新缓存 435 / 读缓存 1,586） 出 177 = 2,200 | 累计 1,914,652 tok $13.584
  已翻 663/959 段
    [tok] #740 入 2,150（新缓存 562 / 读缓存 1,586） 出 327 = 2,477 | 累计 1,917,129 tok $13.600
  已翻 664/959 段
    [tok] #741 入 2,665（新缓存 1,077 / 读缓存 1,586） 出 1,053 = 3,718 | 累计 1,920,847 tok $13.640
  已翻 665/959 段
    [tok] #742 入 2,115（新缓存 527 / 读缓存 1,586） 出 398 = 2,513 | 累计 1,923,360 tok $13.657
  已翻 666/959 段
    [tok] #743 入 3,194（新缓存 1,606 / 读缓存 1,586） 出 1,326 = 4,520 | 累计 1,927,880 tok $13.709
  已翻 667/959 段
    [tok] #744 入 2,294（新缓存 706 / 读缓存 1,586） 出 715 = 3,009 | 累计 1,930,889 tok $13.736
    [tok] #745 入 2,242（新缓存 654 / 读缓存 1,586） 出 516 = 2,758 | 累计 1,933,647 tok $13.758
  已翻 668/959 段
    [tok] #746 入 2,101（新缓存 513 / 读缓存 1,586） 出 629 = 2,730 | 累计 1,936,377 tok $13.781
  已翻 669/959 段
    [tok] #747 入 1,942（新缓存 354 / 读缓存 1,586） 出 123 = 2,065 | 累计 1,938,442 tok $13.789
  已翻 670/959 段
    [tok] #748 入 1,990（新缓存 402 / 读缓存 1,586） 出 327 = 2,317 | 累计 1,940,759 tok $13.803
  已翻 671/959 段
    [tok] #749 入 2,116（新缓存 528 / 读缓存 1,586） 出 360 = 2,476 | 累计 1,943,235 tok $13.820
  已翻 672/959 段
    [tok] #750 入 2,201（新缓存 613 / 读缓存 1,586） 出 1,287 = 3,488 | 累计 1,946,723 tok $13.860
    [tok] #751 入 2,149（新缓存 561 / 读缓存 1,586） 出 547 = 2,696 | 累计 1,949,419 tok $13.881
  已翻 673/959 段
    [tok] #752 入 1,911（新缓存 323 / 读缓存 1,586） 出 69 = 1,980 | 累计 1,951,399 tok $13.888
  已翻 674/959 段
    [tok] #753 入 2,033（新缓存 445 / 读缓存 1,586） 出 434 = 2,467 | 累计 1,953,866 tok $13.906
    [tok] #754 入 1,981（新缓存 393 / 读缓存 1,586） 出 267 = 2,248 | 累计 1,956,114 tok $13.918
  已翻 675/959 段
    [tok] #755 入 2,079（新缓存 491 / 读缓存 1,586） 出 538 = 2,617 | 累计 1,958,731 tok $13.938
    [tok] #756 入 2,027（新缓存 439 / 读缓存 1,586） 出 1,023 = 3,050 | 累计 1,961,781 tok $13.970
  已翻 676/959 段
    [tok] #757 入 2,136（新缓存 548 / 读缓存 1,586） 出 457 = 2,593 | 累计 1,964,374 tok $13.989
  已翻 677/959 段
    [tok] #758 入 2,070（新缓存 482 / 读缓存 1,586） 出 431 = 2,501 | 累计 1,966,875 tok $14.007
  已翻 678/959 段
    [tok] #759 入 2,033（新缓存 445 / 读缓存 1,586） 出 205 = 2,238 | 累计 1,969,113 tok $14.019
  已翻 679/959 段
    [tok] #760 入 2,009（新缓存 421 / 读缓存 1,586） 出 308 = 2,317 | 累计 1,971,430 tok $14.032
  已翻 680/959 段
    [tok] #761 入 1,965（新缓存 377 / 读缓存 1,586） 出 396 = 2,361 | 累计 1,973,791 tok $14.048
  已翻 681/959 段
    [tok] #762 入 2,007（新缓存 419 / 读缓存 1,586） 出 149 = 2,156 | 累计 1,975,947 tok $14.058
  已翻 682/959 段
    [tok] #763 入 2,157（新缓存 569 / 读缓存 1,586） 出 392 = 2,549 | 累计 1,978,496 tok $14.075
  已翻 683/959 段
    [tok] #764 入 1,966（新缓存 378 / 读缓存 1,586） 出 207 = 2,173 | 累计 1,980,669 tok $14.086
  已翻 684/959 段
    [tok] #765 入 1,877（新缓存 289 / 读缓存 1,586） 出 48 = 1,925 | 累计 1,982,594 tok $14.092
  已翻 685/959 段
    [tok] #766 入 1,949（新缓存 361 / 读缓存 1,586） 出 117 = 2,066 | 累计 1,984,660 tok $14.101
  已翻 686/959 段
    [tok] #767 入 1,895（新缓存 307 / 读缓存 1,586） 出 45 = 1,940 | 累计 1,986,600 tok $14.107
  已翻 687/959 段
    [tok] #768 入 1,915（新缓存 327 / 读缓存 1,586） 出 92 = 2,007 | 累计 1,988,607 tok $14.114
  已翻 688/959 段
    [tok] #769 入 2,018（新缓存 430 / 读缓存 1,586） 出 191 = 2,209 | 累计 1,990,816 tok $14.125
  已翻 689/959 段
    [tok] #770 入 1,890（新缓存 302 / 读缓存 1,586） 出 41 = 1,931 | 累计 1,992,747 tok $14.131
  已翻 690/959 段
    [tok] #771 入 1,962（新缓存 374 / 读缓存 1,586） 出 186 = 2,148 | 累计 1,994,895 tok $14.142
  已翻 691/959 段
    [tok] #772 入 2,063（新缓存 475 / 读缓存 1,586） 出 324 = 2,387 | 累计 1,997,282 tok $14.156
  已翻 692/959 段
    [tok] #773 入 2,205（新缓存 617 / 读缓存 1,586） 出 411 = 2,616 | 累计 1,999,898 tok $14.175
  已翻 693/959 段
    [tok] #774 入 2,074（新缓存 486 / 读缓存 1,586） 出 475 = 2,549 | 累计 2,002,447 tok $14.194
  已翻 694/959 段
    [tok] #775 入 1,987（新缓存 399 / 读缓存 1,586） 出 215 = 2,202 | 累计 2,004,649 tok $14.205
  已翻 695/959 段
    [tok] #776 入 1,906（新缓存 318 / 读缓存 1,586） 出 60 = 1,966 | 累计 2,006,615 tok $14.211
  已翻 696/959 段
    [tok] #777 入 2,409（新缓存 821 / 读缓存 1,586） 出 614 = 3,023 | 累计 2,009,638 tok $14.237
  已翻 697/959 段
    [tok] #778 入 1,927（新缓存 339 / 读缓存 1,586） 出 66 = 1,993 | 累计 2,011,631 tok $14.244
  已翻 698/959 段
    [tok] #779 入 2,052（新缓存 464 / 读缓存 1,586） 出 322 = 2,374 | 累计 2,014,005 tok $14.259
  已翻 699/959 段
    [tok] #780 入 1,903（新缓存 315 / 读缓存 1,586） 出 407 = 2,310 | 累计 2,016,315 tok $14.274
  已翻 700/959 段
    [tok] #781 入 1,953（新缓存 365 / 读缓存 1,586） 出 119 = 2,072 | 累计 2,018,387 tok $14.283
  已翻 701/959 段
    [tok] #782 入 2,197（新缓存 609 / 读缓存 1,586） 出 372 = 2,569 | 累计 2,020,956 tok $14.300
  已翻 702/959 段
    [tok] #783 入 1,936（新缓存 348 / 读缓存 1,586） 出 73 = 2,009 | 累计 2,022,965 tok $14.306
  已翻 703/959 段
    [tok] #784 入 2,041（新缓存 453 / 读缓存 1,586） 出 312 = 2,353 | 累计 2,025,318 tok $14.321
  已翻 704/959 段
    [tok] #785 入 2,131（新缓存 543 / 读缓存 1,586） 出 290 = 2,421 | 累计 2,027,739 tok $14.335
  已翻 705/959 段
    [tok] #786 入 1,950（新缓存 362 / 读缓存 1,586） 出 134 = 2,084 | 累计 2,029,823 tok $14.344
  已翻 706/959 段
    [tok] #787 入 2,048（新缓存 460 / 读缓存 1,586） 出 565 = 2,613 | 累计 2,032,436 tok $14.365
  已翻 707/959 段
    [tok] #788 入 2,131（新缓存 543 / 读缓存 1,586） 出 305 = 2,436 | 累计 2,034,872 tok $14.380
  已翻 708/959 段
    [tok] #789 入 2,446（新缓存 858 / 读缓存 1,586） 出 751 = 3,197 | 累计 2,038,069 tok $14.410
    [tok] #790 入 2,394（新缓存 806 / 读缓存 1,586） 出 644 = 3,038 | 累计 2,041,107 tok $14.436
  已翻 709/959 段
    [tok] #791 入 2,222（新缓存 634 / 读缓存 1,586） 出 546 = 2,768 | 累计 2,043,875 tok $14.458
  已翻 710/959 段
    [tok] #792 入 1,955（新缓存 367 / 读缓存 1,586） 出 138 = 2,093 | 累计 2,045,968 tok $14.467
  已翻 711/959 段
    [tok] #793 入 1,998（新缓存 410 / 读缓存 1,586） 出 143 = 2,141 | 累计 2,048,109 tok $14.477
  已翻 712/959 段
    [tok] #794 入 1,985（新缓存 397 / 读缓存 1,586） 出 613 = 2,598 | 累计 2,050,707 tok $14.498
    [tok] #795 入 1,933（新缓存 345 / 读缓存 1,586） 出 626 = 2,559 | 累计 2,053,266 tok $14.519
  已翻 713/959 段
    [tok] #796 入 2,577（新缓存 989 / 读缓存 1,586） 出 761 = 3,338 | 累计 2,056,604 tok $14.550
  已翻 714/959 段
    [tok] #797 入 2,226（新缓存 638 / 读缓存 1,586） 出 429 = 2,655 | 累计 2,059,259 tok $14.570
  已翻 715/959 段
    [tok] #798 入 2,001（新缓存 413 / 读缓存 1,586） 出 177 = 2,178 | 累计 2,061,437 tok $14.580
  已翻 716/959 段
    [tok] #799 入 3,051（新缓存 1,463 / 读缓存 1,586） 出 1,465 = 4,516 | 累计 2,065,953 tok $14.634
  已翻 717/959 段
    [tok] #800 入 1,935（新缓存 347 / 读缓存 1,586） 出 87 = 2,022 | 累计 2,067,975 tok $14.642
  已翻 718/959 段
    [tok] #801 入 1,920（新缓存 332 / 读缓存 1,586） 出 55 = 1,975 | 累计 2,069,950 tok $14.648
  已翻 719/959 段
    [tok] #802 入 2,181（新缓存 593 / 读缓存 1,586） 出 339 = 2,520 | 累计 2,072,470 tok $14.665
  已翻 720/959 段
    [tok] #803 入 2,074（新缓存 486 / 读缓存 1,586） 出 217 = 2,291 | 累计 2,074,761 tok $14.677
  已翻 721/959 段
    [tok] #804 入 2,257（新缓存 669 / 读缓存 1,586） 出 571 = 2,828 | 累计 2,077,589 tok $14.700
  已翻 722/959 段
    [tok] #805 入 2,045（新缓存 457 / 读缓存 1,586） 出 235 = 2,280 | 累计 2,079,869 tok $14.713
  已翻 723/959 段
    [tok] #806 入 2,698（新缓存 1,110 / 读缓存 1,586） 出 1,061 = 3,759 | 累计 2,083,628 tok $14.753
    [tok] #807 入 2,646（新缓存 1,058 / 读缓存 1,586） 出 898 = 3,544 | 累计 2,087,172 tok $14.788
  已翻 724/959 段
    [tok] #808 入 1,903（新缓存 315 / 读缓存 1,586） 出 143 = 2,046 | 累计 2,089,218 tok $14.797
  已翻 725/959 段
    [tok] #809 入 2,103（新缓存 515 / 读缓存 1,586） 出 230 = 2,333 | 累计 2,091,551 tok $14.810
  已翻 726/959 段
    [tok] #810 入 2,041（新缓存 453 / 读缓存 1,586） 出 230 = 2,271 | 累计 2,093,822 tok $14.822
  已翻 727/959 段
    [tok] #811 入 2,118（新缓存 530 / 读缓存 1,586） 出 474 = 2,592 | 累计 2,096,414 tok $14.841
  已翻 728/959 段
    [tok] #812 入 2,078（新缓存 490 / 读缓存 1,586） 出 245 = 2,323 | 累计 2,098,737 tok $14.854
  已翻 729/959 段
    [tok] #813 入 1,925（新缓存 337 / 读缓存 1,586） 出 87 = 2,012 | 累计 2,100,749 tok $14.862
  已翻 730/959 段
    [tok] #814 入 2,171（新缓存 583 / 读缓存 1,586） 出 458 = 2,629 | 累计 2,103,378 tok $14.881
  已翻 731/959 段
    [tok] #815 入 1,974（新缓存 386 / 读缓存 1,586） 出 136 = 2,110 | 累计 2,105,488 tok $14.890
    [tok] #816 入 1,922（新缓存 334 / 读缓存 1,586） 出 127 = 2,049 | 累计 2,107,537 tok $14.899
  已翻 732/959 段
    [tok] #817 入 2,002（新缓存 414 / 读缓存 1,586） 出 183 = 2,185 | 累计 2,109,722 tok $14.909
  已翻 733/959 段
    [tok] #818 入 2,024（新缓存 436 / 读缓存 1,586） 出 175 = 2,199 | 累计 2,111,921 tok $14.920
  已翻 734/959 段
    [tok] #819 入 2,042（新缓存 454 / 读缓存 1,586） 出 243 = 2,285 | 累计 2,114,206 tok $14.933
  已翻 735/959 段
    [tok] #820 入 1,942（新缓存 354 / 读缓存 1,586） 出 94 = 2,036 | 累计 2,116,242 tok $14.940
  已翻 736/959 段
    [tok] #821 入 1,952（新缓存 364 / 读缓存 1,586） 出 96 = 2,048 | 累计 2,118,290 tok $14.948
  已翻 737/959 段
    [tok] #822 入 2,306（新缓存 718 / 读缓存 1,586） 出 420 = 2,726 | 累计 2,121,016 tok $14.968
  已翻 738/959 段
    [tok] #823 入 2,304（新缓存 716 / 读缓存 1,586） 出 485 = 2,789 | 累计 2,123,805 tok $14.990
  已翻 739/959 段
    [tok] #824 入 1,919（新缓存 331 / 读缓存 1,586） 出 71 = 1,990 | 累计 2,125,795 tok $14.997
  已翻 740/959 段
    [tok] #825 入 2,678（新缓存 1,090 / 读缓存 1,586） 出 886 = 3,564 | 累计 2,129,359 tok $15.032
  已翻 741/959 段
    [tok] #826 入 2,583（新缓存 995 / 读缓存 1,586） 出 710 = 3,293 | 累计 2,132,652 tok $15.062
  已翻 742/959 段
    [tok] #827 入 2,005（新缓存 417 / 读缓存 1,586） 出 505 = 2,510 | 累计 2,135,162 tok $15.081
  已翻 743/959 段
    [tok] #828 入 2,307（新缓存 719 / 读缓存 1,586） 出 680 = 2,987 | 累计 2,138,149 tok $15.107
    [tok] #829 入 2,255（新缓存 667 / 读缓存 1,586） 出 587 = 2,842 | 累计 2,140,991 tok $15.131
  已翻 744/959 段
    [tok] #830 入 1,958（新缓存 370 / 读缓存 1,586） 出 110 = 2,068 | 累计 2,143,059 tok $15.139
  已翻 745/959 段
    [tok] #831 入 2,002（新缓存 414 / 读缓存 1,586） 出 318 = 2,320 | 累计 2,145,379 tok $15.153
  已翻 746/959 段
    [tok] #832 入 2,017（新缓存 429 / 读缓存 1,586） 出 161 = 2,178 | 累计 2,147,557 tok $15.163
  已翻 747/959 段
    [tok] #833 入 1,908（新缓存 320 / 读缓存 1,586） 出 45 = 1,953 | 累计 2,149,510 tok $15.170
  已翻 748/959 段
    [tok] #834 入 2,030（新缓存 442 / 读缓存 1,586） 出 386 = 2,416 | 累计 2,151,926 tok $15.186
    [tok] #835 入 1,978（新缓存 390 / 读缓存 1,586） 出 434 = 2,412 | 累计 2,154,338 tok $15.202
  已翻 749/959 段
    [tok] #836 入 2,147（新缓存 559 / 读缓存 1,586） 出 357 = 2,504 | 累计 2,156,842 tok $15.219
  已翻 750/959 段
    [tok] #837 入 2,070（新缓存 482 / 读缓存 1,586） 出 236 = 2,306 | 累计 2,159,148 tok $15.232
  已翻 751/959 段
    [tok] #838 入 1,947（新缓存 359 / 读缓存 1,586） 出 100 = 2,047 | 累计 2,161,195 tok $15.240
  已翻 752/959 段
    [tok] #839 入 1,979（新缓存 391 / 读缓存 1,586） 出 178 = 2,157 | 累计 2,163,352 tok $15.250
  已翻 753/959 段
    [tok] #840 入 2,005（新缓存 417 / 读缓存 1,586） 出 464 = 2,469 | 累计 2,165,821 tok $15.268
    [tok] #841 入 1,953（新缓存 365 / 读缓存 1,586） 出 538 = 2,491 | 累计 2,168,312 tok $15.287
  已翻 754/959 段
    [tok] #842 入 2,001（新缓存 413 / 读缓存 1,586） 出 179 = 2,180 | 累计 2,170,492 tok $15.297
  已翻 755/959 段
    [tok] #843 入 2,032（新缓存 444 / 读缓存 1,586） 出 239 = 2,271 | 累计 2,172,763 tok $15.310
  已翻 756/959 段
    [tok] #844 入 1,910（新缓存 322 / 读缓存 1,586） 出 57 = 1,967 | 累计 2,174,730 tok $15.316
  已翻 757/959 段
    [tok] #845 入 2,133（新缓存 545 / 读缓存 1,586） 出 381 = 2,514 | 累计 2,177,244 tok $15.333
  已翻 758/959 段
    [tok] #846 入 2,207（新缓存 619 / 读缓存 1,586） 出 633 = 2,840 | 累计 2,180,084 tok $15.357
    [tok] #847 入 2,155（新缓存 567 / 读缓存 1,586） 出 378 = 2,533 | 累计 2,182,617 tok $15.375
  已翻 759/959 段
    [tok] #848 入 2,445（新缓存 857 / 读缓存 1,586） 出 687 = 3,132 | 累计 2,185,749 tok $15.403
  已翻 760/959 段
    [tok] #849 入 2,793（新缓存 1,205 / 读缓存 1,586） 出 1,326 = 4,119 | 累计 2,189,868 tok $15.450
  已翻 761/959 段
    [tok] #850 入 2,320（新缓存 732 / 读缓存 1,586） 出 505 = 2,825 | 累计 2,192,693 tok $15.473
  已翻 762/959 段
    [tok] #851 入 1,994（新缓存 406 / 读缓存 1,586） 出 133 = 2,127 | 累计 2,194,820 tok $15.482
  已翻 763/959 段
    [tok] #852 入 2,010（新缓存 422 / 读缓存 1,586） 出 142 = 2,152 | 累计 2,196,972 tok $15.492
  已翻 764/959 段
    [tok] #853 入 1,952（新缓存 364 / 读缓存 1,586） 出 158 = 2,110 | 累计 2,199,082 tok $15.501
  已翻 765/959 段
    [tok] #854 入 2,219（新缓存 631 / 读缓存 1,586） 出 609 = 2,828 | 累计 2,201,910 tok $15.525
  已翻 766/959 段
    [tok] #855 入 2,186（新缓存 598 / 读缓存 1,586） 出 364 = 2,550 | 累计 2,204,460 tok $15.542
  已翻 767/959 段
    [tok] #856 入 2,293（新缓存 705 / 读缓存 1,586） 出 457 = 2,750 | 累计 2,207,210 tok $15.563
  已翻 768/959 段
    [tok] #857 入 1,898（新缓存 310 / 读缓存 1,586） 出 39 = 1,937 | 累计 2,209,147 tok $15.569
  已翻 769/959 段
    [tok] #858 入 2,140（新缓存 552 / 读缓存 1,586） 出 330 = 2,470 | 累计 2,211,617 tok $15.584
  已翻 770/959 段
    [tok] #859 入 2,322（新缓存 734 / 读缓存 1,586） 出 511 = 2,833 | 累计 2,214,450 tok $15.607
  已翻 771/959 段
    [tok] #860 入 2,189（新缓存 601 / 读缓存 1,586） 出 374 = 2,563 | 累计 2,217,013 tok $15.624
  已翻 772/959 段
    [tok] #861 入 2,156（新缓存 568 / 读缓存 1,586） 出 384 = 2,540 | 累计 2,219,553 tok $15.642
  已翻 773/959 段
    [tok] #862 入 2,037（新缓存 449 / 读缓存 1,586） 出 197 = 2,234 | 累计 2,221,787 tok $15.653
  已翻 774/959 段
    [tok] #863 入 2,197（新缓存 609 / 读缓存 1,586） 出 523 = 2,720 | 累计 2,224,507 tok $15.674
  已翻 775/959 段
    [tok] #864 入 2,070（新缓存 482 / 读缓存 1,586） 出 244 = 2,314 | 累计 2,226,821 tok $15.687
  已翻 776/959 段
    [tok] #865 入 2,866（新缓存 1,278 / 读缓存 1,586） 出 1,028 = 3,894 | 累计 2,230,715 tok $15.728
  已翻 777/959 段
    [tok] #866 入 2,212（新缓存 624 / 读缓存 1,586） 出 494 = 2,706 | 累计 2,233,421 tok $15.749
    [tok] #867 入 2,160（新缓存 572 / 读缓存 1,586） 出 527 = 2,687 | 累计 2,236,108 tok $15.770
  已翻 778/959 段
    [tok] #868 入 2,338（新缓存 750 / 读缓存 1,586） 出 506 = 2,844 | 累计 2,238,952 tok $15.792
  已翻 779/959 段
    [tok] #869 入 2,554（新缓存 966 / 读缓存 1,586） 出 824 = 3,378 | 累计 2,242,330 tok $15.825
  已翻 780/959 段
    [tok] #870 入 2,335（新缓存 747 / 读缓存 1,586） 出 523 = 2,858 | 累计 2,245,188 tok $15.848
  已翻 781/959 段
    [tok] #871 入 2,142（新缓存 554 / 读缓存 1,586） 出 574 = 2,716 | 累计 2,247,904 tok $15.870
  已翻 782/959 段
    [tok] #872 入 2,278（新缓存 690 / 读缓存 1,586） 出 925 = 3,203 | 累计 2,251,107 tok $15.902
  已翻 783/959 段
    [tok] #873 入 0（新缓存 0 / 读缓存 0） 出 0 = 0 | 累计 2,251,107 tok $15.925
  已翻 784/959 段
    [tok] #874 入 2,307（新缓存 719 / 读缓存 1,586） 出 489 = 2,796 | 累计 2,253,903 tok $15.947
  已翻 785/959 段
    [tok] #875 入 2,471（新缓存 883 / 读缓存 1,586） 出 645 = 3,116 | 累计 2,257,019 tok $15.974
  已翻 786/959 段
    [tok] #876 入 2,347（新缓存 759 / 读缓存 1,586） 出 520 = 2,867 | 累计 2,259,886 tok $15.997
  已翻 787/959 段
    [tok] #877 入 2,081（新缓存 493 / 读缓存 1,586） 出 271 = 2,352 | 累计 2,262,238 tok $16.011
  已翻 788/959 段
    [tok] #878 入 1,965（新缓存 377 / 读缓存 1,586） 出 127 = 2,092 | 累计 2,264,330 tok $16.019
  已翻 789/959 段
    [tok] #879 入 2,123（新缓存 535 / 读缓存 1,586） 出 296 = 2,419 | 累计 2,266,749 tok $16.034
    [tok] #880 入 2,071（新缓存 483 / 读缓存 1,586） 出 320 = 2,391 | 累计 2,269,140 tok $16.049
  已翻 790/959 段
    [tok] #881 入 2,663（新缓存 1,075 / 读缓存 1,586） 出 811 = 3,474 | 累计 2,272,614 tok $16.083
  已翻 791/959 段
    [tok] #882 入 2,274（新缓存 686 / 读缓存 1,586） 出 396 = 2,670 | 累计 2,275,284 tok $16.101
  已翻 792/959 段
    [tok] #883 入 2,356（新缓存 768 / 读缓存 1,586） 出 592 = 2,948 | 累计 2,278,232 tok $16.126
  已翻 793/959 段
    [tok] #884 入 1,949（新缓存 361 / 读缓存 1,586） 出 222 = 2,171 | 累计 2,280,403 tok $16.137
  已翻 794/959 段
    [tok] #885 入 1,999（新缓存 411 / 读缓存 1,586） 出 193 = 2,192 | 累计 2,282,595 tok $16.148
  已翻 795/959 段
    [tok] #886 入 2,006（新缓存 418 / 读缓存 1,586） 出 222 = 2,228 | 累计 2,284,823 tok $16.160
  已翻 796/959 段
    [tok] #887 入 1,916（新缓存 328 / 读缓存 1,586） 出 92 = 2,008 | 累计 2,286,831 tok $16.167
  已翻 797/959 段
    [tok] #888 入 1,947（新缓存 359 / 读缓存 1,586） 出 159 = 2,106 | 累计 2,288,937 tok $16.177
  已翻 798/959 段
    [tok] #889 入 1,959（新缓存 371 / 读缓存 1,586） 出 163 = 2,122 | 累计 2,291,059 tok $16.187
  已翻 799/959 段
    [tok] #890 入 1,951（新缓存 363 / 读缓存 1,586） 出 151 = 2,102 | 累计 2,293,161 tok $16.196
  已翻 800/959 段
    [tok] #891 入 1,882（新缓存 294 / 读缓存 1,586） 出 36 = 1,918 | 累计 2,295,079 tok $16.202
  已翻 801/959 段
    [tok] #892 入 1,909（新缓存 321 / 读缓存 1,586） 出 60 = 1,969 | 累计 2,297,048 tok $16.208
  已翻 802/959 段
    [tok] #893 入 2,509（新缓存 921 / 读缓存 1,586） 出 795 = 3,304 | 累计 2,300,352 tok $16.240
  已翻 803/959 段
    [tok] #894 入 1,987（新缓存 399 / 读缓存 1,586） 出 162 = 2,149 | 累计 2,302,501 tok $16.250
  已翻 804/959 段
    [tok] #895 入 2,025（新缓存 437 / 读缓存 1,586） 出 210 = 2,235 | 累计 2,304,736 tok $16.261
    [tok] #896 入 1,973（新缓存 385 / 读缓存 1,586） 出 200 = 2,173 | 累计 2,306,909 tok $16.272
  已翻 805/959 段
    [tok] #897 入 1,922（新缓存 334 / 读缓存 1,586） 出 71 = 1,993 | 累计 2,308,902 tok $16.279
  已翻 806/959 段
    [tok] #898 入 2,121（新缓存 533 / 读缓存 1,586） 出 400 = 2,521 | 累计 2,311,423 tok $16.296
  已翻 807/959 段
    [tok] #899 入 2,150（新缓存 562 / 读缓存 1,586） 出 335 = 2,485 | 累计 2,313,908 tok $16.312
  已翻 808/959 段
    [tok] #900 入 2,371（新缓存 783 / 读缓存 1,586） 出 589 = 2,960 | 累计 2,316,868 tok $16.337
    [tok] #901 入 2,319（新缓存 731 / 读缓存 1,586） 出 923 = 3,242 | 累计 2,320,110 tok $16.370
  已翻 809/959 段
    [tok] #902 入 2,027（新缓存 439 / 读缓存 1,586） 出 225 = 2,252 | 累计 2,322,362 tok $16.382
    [tok] #903 入 1,975（新缓存 387 / 读缓存 1,586） 出 258 = 2,233 | 累计 2,324,595 tok $16.394
  已翻 810/959 段
    [tok] #904 入 1,961（新缓存 373 / 读缓存 1,586） 出 107 = 2,068 | 累计 2,326,663 tok $16.402
  已翻 811/959 段
    [tok] #905 入 2,046（新缓存 458 / 读缓存 1,586） 出 241 = 2,287 | 累计 2,328,950 tok $16.415
  已翻 812/959 段
    [tok] #906 入 2,084（新缓存 496 / 读缓存 1,586） 出 436 = 2,520 | 累计 2,331,470 tok $16.433
    [tok] #907 入 2,032（新缓存 444 / 读缓存 1,586） 出 255 = 2,287 | 累计 2,333,757 tok $16.445
  已翻 813/959 段
    [tok] #908 入 2,108（新缓存 520 / 读缓存 1,586） 出 305 = 2,413 | 累计 2,336,170 tok $16.460
  已翻 814/959 段
    [tok] #909 入 2,006（新缓存 418 / 读缓存 1,586） 出 259 = 2,265 | 累计 2,338,435 tok $16.473
  已翻 815/959 段
    [tok] #910 入 2,389（新缓存 801 / 读缓存 1,586） 出 539 = 2,928 | 累计 2,341,363 tok $16.497
  已翻 816/959 段
    [tok] #911 入 2,152（新缓存 564 / 读缓存 1,586） 出 314 = 2,466 | 累计 2,343,829 tok $16.512
  已翻 817/959 段
    [tok] #912 入 2,377（新缓存 789 / 读缓存 1,586） 出 881 = 3,258 | 累计 2,347,087 tok $16.544
  已翻 818/959 段
    [tok] #913 入 2,194（新缓存 606 / 读缓存 1,586） 出 519 = 2,713 | 累计 2,349,800 tok $16.566
  已翻 819/959 段
    [tok] #914 入 1,879（新缓存 291 / 读缓存 1,586） 出 57 = 1,936 | 累计 2,351,736 tok $16.572
  已翻 820/959 段
    [tok] #915 入 1,943（新缓存 355 / 读缓存 1,586） 出 372 = 2,315 | 累计 2,354,051 tok $16.587
    [tok] #916 入 1,891（新缓存 303 / 读缓存 1,586） 出 360 = 2,251 | 累计 2,356,302 tok $16.600
  已翻 821/959 段
    [tok] #917 入 2,015（新缓存 427 / 读缓存 1,586） 出 323 = 2,338 | 累计 2,358,640 tok $16.615
    [tok] #918 入 1,963（新缓存 375 / 读缓存 1,586） 出 808 = 2,771 | 累计 2,361,411 tok $16.641
  已翻 822/959 段
    [tok] #919 入 1,936（新缓存 348 / 读缓存 1,586） 出 101 = 2,037 | 累计 2,363,448 tok $16.648
  已翻 823/959 段
    [tok] #920 入 1,879（新缓存 291 / 读缓存 1,586） 出 181 = 2,060 | 累计 2,365,508 tok $16.658
  已翻 824/959 段
    [tok] #921 入 2,093（新缓存 505 / 读缓存 1,586） 出 529 = 2,622 | 累计 2,368,130 tok $16.678
  已翻 825/959 段
    [tok] #922 入 1,940（新缓存 352 / 读缓存 1,586） 出 88 = 2,028 | 累计 2,370,158 tok $16.686
  已翻 826/959 段
    [tok] #923 入 1,994（新缓存 406 / 读缓存 1,586） 出 119 = 2,113 | 累计 2,372,271 tok $16.695
  已翻 827/959 段
    [tok] #924 入 2,012（新缓存 424 / 读缓存 1,586） 出 191 = 2,203 | 累计 2,374,474 tok $16.706
  已翻 828/959 段
    [tok] #925 入 2,324（新缓存 736 / 读缓存 1,586） 出 605 = 2,929 | 累计 2,377,403 tok $16.730
  已翻 829/959 段
    [tok] #926 入 1,937（新缓存 349 / 读缓存 1,586） 出 85 = 2,022 | 累计 2,379,425 tok $16.738
  已翻 830/959 段
    [tok] #927 入 2,479（新缓存 891 / 读缓存 1,586） 出 809 = 3,288 | 累计 2,382,713 tok $16.769
  已翻 831/959 段
    [tok] #928 入 2,277（新缓存 689 / 读缓存 1,586） 出 515 = 2,792 | 累计 2,385,505 tok $16.791
    [tok] #929 入 2,225（新缓存 637 / 读缓存 1,586） 出 581 = 2,806 | 累计 2,388,311 tok $16.814
  已翻 832/959 段
    [tok] #930 入 2,579（新缓存 991 / 读缓存 1,586） 出 963 = 3,542 | 累计 2,391,853 tok $16.851
  已翻 833/959 段
    [tok] #931 入 2,069（新缓存 481 / 读缓存 1,586） 出 258 = 2,327 | 累计 2,394,180 tok $16.864
  已翻 834/959 段
    [tok] #932 入 2,143（新缓存 555 / 读缓存 1,586） 出 580 = 2,723 | 累计 2,396,903 tok $16.886
  已翻 835/959 段
    [tok] #933 入 2,483（新缓存 895 / 读缓存 1,586） 出 1,366 = 3,849 | 累计 2,400,752 tok $16.931
  已翻 836/959 段
    [tok] #934 入 2,223（新缓存 635 / 读缓存 1,586） 出 690 = 2,913 | 累计 2,403,665 tok $16.957
  已翻 837/959 段
    [tok] #935 入 2,144（新缓存 556 / 读缓存 1,586） 出 364 = 2,508 | 累计 2,406,173 tok $16.974
  已翻 838/959 段
    [tok] #936 入 1,969（新缓存 381 / 读缓存 1,586） 出 257 = 2,226 | 累计 2,408,399 tok $16.986
  已翻 839/959 段
    [tok] #937 入 2,444（新缓存 856 / 读缓存 1,586） 出 588 = 3,032 | 累计 2,411,431 tok $17.012
  已翻 840/959 段
    [tok] #938 入 2,545（新缓存 957 / 读缓存 1,586） 出 821 = 3,366 | 累计 2,414,797 tok $17.044
  已翻 841/959 段
    [tok] #939 入 2,011（新缓存 423 / 读缓存 1,586） 出 209 = 2,220 | 累计 2,417,017 tok $17.056
  已翻 842/959 段
    [tok] #940 入 1,996（新缓存 408 / 读缓存 1,586） 出 165 = 2,161 | 累计 2,419,178 tok $17.066
    [tok] #941 入 1,944（新缓存 356 / 读缓存 1,586） 出 227 = 2,171 | 累计 2,421,349 tok $17.077
  已翻 843/959 段
    [tok] #942 入 2,059（新缓存 471 / 读缓存 1,586） 出 240 = 2,299 | 累计 2,423,648 tok $17.090
    [tok] #943 入 2,007（新缓存 419 / 读缓存 1,586） 出 263 = 2,270 | 累计 2,425,918 tok $17.102
  已翻 844/959 段
    [tok] #944 入 1,904（新缓存 316 / 读缓存 1,586） 出 55 = 1,959 | 累计 2,427,877 tok $17.109
  已翻 845/959 段
    [tok] #945 入 1,901（新缓存 313 / 读缓存 1,586） 出 38 = 1,939 | 累计 2,429,816 tok $17.115
    [tok] #946 入 1,849（新缓存 261 / 读缓存 1,586） 出 54 = 1,903 | 累计 2,431,719 tok $17.120
  已翻 846/959 段
    [tok] #947 入 2,063（新缓存 475 / 读缓存 1,586） 出 509 = 2,572 | 累计 2,434,291 tok $17.140
  已翻 847/959 段
    [tok] #948 入 2,076（新缓存 488 / 读缓存 1,586） 出 247 = 2,323 | 累计 2,436,614 tok $17.153
  已翻 848/959 段
    [tok] #949 入 1,908（新缓存 320 / 读缓存 1,586） 出 58 = 1,966 | 累计 2,438,580 tok $17.159
  已翻 849/959 段
    [tok] #950 入 2,163（新缓存 575 / 读缓存 1,586） 出 427 = 2,590 | 累计 2,441,170 tok $17.178
  已翻 850/959 段
    [tok] #951 入 2,048（新缓存 460 / 读缓存 1,586） 出 312 = 2,360 | 累计 2,443,530 tok $17.192
  已翻 851/959 段
    [tok] #952 入 1,954（新缓存 366 / 读缓存 1,586） 出 144 = 2,098 | 累计 2,445,628 tok $17.202
  已翻 852/959 段
    [tok] #953 入 1,890（新缓存 302 / 读缓存 1,586） 出 49 = 1,939 | 累计 2,447,567 tok $17.208
  已翻 853/959 段
    [tok] #954 入 1,905（新缓存 317 / 读缓存 1,586） 出 51 = 1,956 | 累计 2,449,523 tok $17.214
    [tok] #955 入 1,853（新缓存 265 / 读缓存 1,586） 出 249 = 2,102 | 累计 2,451,625 tok $17.225
  已翻 854/959 段
    [tok] #956 入 2,013（新缓存 425 / 读缓存 1,586） 出 273 = 2,286 | 累计 2,453,911 tok $17.238
  已翻 855/959 段
    [tok] #957 入 1,938（新缓存 350 / 读缓存 1,586） 出 87 = 2,025 | 累计 2,455,936 tok $17.245
  已翻 856/959 段
    [tok] #958 入 2,105（新缓存 517 / 读缓存 1,586） 出 277 = 2,382 | 累计 2,458,318 tok $17.259
    [tok] #959 入 2,053（新缓存 465 / 读缓存 1,586） 出 248 = 2,301 | 累计 2,460,619 tok $17.272
  已翻 857/959 段
    [tok] #960 入 1,984（新缓存 396 / 读缓存 1,586） 出 322 = 2,306 | 累计 2,462,925 tok $17.286
    [tok] #961 入 1,932（新缓存 344 / 读缓存 1,586） 出 233 = 2,165 | 累计 2,465,090 tok $17.297
  已翻 858/959 段
    [tok] #962 入 1,932（新缓存 344 / 读缓存 1,586） 出 311 = 2,243 | 累计 2,467,333 tok $17.310
    [tok] #963 入 1,880（新缓存 292 / 读缓存 1,586） 出 97 = 1,977 | 累计 2,469,310 tok $17.318
  已翻 859/959 段
    [tok] #964 入 2,027（新缓存 439 / 读缓存 1,586） 出 271 = 2,298 | 累计 2,471,608 tok $17.331
    [tok] #965 入 1,975（新缓存 387 / 读缓存 1,586） 出 198 = 2,173 | 累计 2,473,781 tok $17.341
  已翻 860/959 段
    [tok] #966 入 2,034（新缓存 446 / 读缓存 1,586） 出 434 = 2,468 | 累计 2,476,249 tok $17.359
  已翻 861/959 段
    [tok] #967 入 1,949（新缓存 361 / 读缓存 1,586） 出 109 = 2,058 | 累计 2,478,307 tok $17.367
  已翻 862/959 段
    [tok] #968 入 2,174（新缓存 586 / 读缓存 1,586） 出 434 = 2,608 | 累计 2,480,915 tok $17.386
  已翻 863/959 段
    [tok] #969 入 2,138（新缓存 550 / 读缓存 1,586） 出 391 = 2,529 | 累计 2,483,444 tok $17.403
  已翻 864/959 段
    [tok] #970 入 1,975（新缓存 387 / 读缓存 1,586） 出 361 = 2,336 | 累计 2,485,780 tok $17.418
  已翻 865/959 段
    [tok] #971 入 2,181（新缓存 593 / 读缓存 1,586） 出 345 = 2,526 | 累计 2,488,306 tok $17.435
  已翻 866/959 段
    [tok] #972 入 1,935（新缓存 347 / 读缓存 1,586） 出 70 = 2,005 | 累计 2,490,311 tok $17.442
  已翻 867/959 段
    [tok] #973 入 1,939（新缓存 351 / 读缓存 1,586） 出 109 = 2,048 | 累计 2,492,359 tok $17.450
  已翻 868/959 段
    [tok] #974 入 2,158（新缓存 570 / 读缓存 1,586） 出 361 = 2,519 | 累计 2,494,878 tok $17.467
  已翻 869/959 段
    [tok] #975 入 1,940（新缓存 352 / 读缓存 1,586） 出 106 = 2,046 | 累计 2,496,924 tok $17.475
  已翻 870/959 段
    [tok] #976 入 1,995（新缓存 407 / 读缓存 1,586） 出 144 = 2,139 | 累计 2,499,063 tok $17.484
  已翻 871/959 段
    [tok] #977 入 1,965（新缓存 377 / 读缓存 1,586） 出 187 = 2,152 | 累计 2,501,215 tok $17.495
  已翻 872/959 段
    [tok] #978 入 2,010（新缓存 422 / 读缓存 1,586） 出 151 = 2,161 | 累计 2,503,376 tok $17.505
  已翻 873/959 段
    [tok] #979 入 2,208（新缓存 620 / 读缓存 1,586） 出 1,009 = 3,217 | 累计 2,506,593 tok $17.538
  已翻 874/959 段
    [tok] #980 入 1,884（新缓存 296 / 读缓存 1,586） 出 38 = 1,922 | 累计 2,508,515 tok $17.544
  已翻 875/959 段
    [tok] #981 入 1,942（新缓存 354 / 读缓存 1,586） 出 72 = 2,014 | 累计 2,510,529 tok $17.551
  已翻 876/959 段
    [tok] #982 入 1,948（新缓存 360 / 读缓存 1,586） 出 113 = 2,061 | 累计 2,512,590 tok $17.560
  已翻 877/959 段
    [tok] #983 入 1,895（新缓存 307 / 读缓存 1,586） 出 50 = 1,945 | 累计 2,514,535 tok $17.566
  已翻 878/959 段
    [tok] #984 入 2,564（新缓存 976 / 读缓存 1,586） 出 735 = 3,299 | 累计 2,517,834 tok $17.596
  已翻 879/959 段
    [tok] #985 入 1,960（新缓存 372 / 读缓存 1,586） 出 251 = 2,211 | 累计 2,520,045 tok $17.608
  已翻 880/959 段
    [tok] #986 入 1,959（新缓存 371 / 读缓存 1,586） 出 97 = 2,056 | 累计 2,522,101 tok $17.616
  已翻 881/959 段
    [tok] #987 入 2,454（新缓存 866 / 读缓存 1,586） 出 608 = 3,062 | 累计 2,525,163 tok $17.642
  已翻 882/959 段
    [tok] #988 入 2,362（新缓存 774 / 读缓存 1,586） 出 711 = 3,073 | 累计 2,528,236 tok $17.670
    [tok] #989 入 2,310（新缓存 722 / 读缓存 1,586） 出 547 = 2,857 | 累计 2,531,093 tok $17.693
  已翻 883/959 段
    [tok] #990 入 2,236（新缓存 648 / 读缓存 1,586） 出 557 = 2,793 | 累计 2,533,886 tok $17.716
  已翻 884/959 段
    [tok] #991 入 2,090（新缓存 502 / 读缓存 1,586） 出 267 = 2,357 | 累计 2,536,243 tok $17.730
  已翻 885/959 段
    [tok] #992 入 1,945（新缓存 357 / 读缓存 1,586） 出 91 = 2,036 | 累计 2,538,279 tok $17.737
  已翻 886/959 段
    [tok] #993 入 2,198（新缓存 610 / 读缓存 1,586） 出 380 = 2,578 | 累计 2,540,857 tok $17.755
  已翻 887/959 段
    [tok] #994 入 2,024（新缓存 436 / 读缓存 1,586） 出 196 = 2,220 | 累计 2,543,077 tok $17.766
  已翻 888/959 段
    [tok] #995 入 1,891（新缓存 303 / 读缓存 1,586） 出 40 = 1,931 | 累计 2,545,008 tok $17.772
  已翻 889/959 段
    [tok] #996 入 1,997（新缓存 409 / 读缓存 1,586） 出 186 = 2,183 | 累计 2,547,191 tok $17.783
  已翻 890/959 段
    [tok] #997 入 2,121（新缓存 533 / 读缓存 1,586） 出 526 = 2,647 | 累计 2,549,838 tok $17.803
  已翻 891/959 段
    [tok] #998 入 2,381（新缓存 793 / 读缓存 1,586） 出 451 = 2,832 | 累计 2,552,670 tok $17.825
  已翻 892/959 段
    [tok] #999 入 2,240（新缓存 652 / 读缓存 1,586） 出 407 = 2,647 | 累计 2,555,317 tok $17.844
  已翻 893/959 段
    [tok] #1000 入 2,246（新缓存 658 / 读缓存 1,586） 出 458 = 2,704 | 累计 2,558,021 tok $17.864
  已翻 894/959 段
    [tok] #1001 入 2,041（新缓存 453 / 读缓存 1,586） 出 269 = 2,310 | 累计 2,560,331 tok $17.877
    [retry 1] TimeoutExpired(120s) | wait 5s
    [retry 2] TimeoutExpired(120s) | wait 15s
    [tok] #1002 入 1,989（新缓存 401 / 读缓存 1,586） 出 265 = 2,254 | 累计 2,562,585 tok $17.890
  已翻 895/959 段
    [tok] #1003 入 2,019（新缓存 431 / 读缓存 1,586） 出 190 = 2,209 | 累计 2,564,794 tok $17.901
  已翻 896/959 段
    [tok] #1004 入 2,034（新缓存 446 / 读缓存 1,586） 出 236 = 2,270 | 累计 2,567,064 tok $17.913
  已翻 897/959 段
    [tok] #1005 入 1,988（新缓存 400 / 读缓存 1,586） 出 392 = 2,380 | 累计 2,569,444 tok $17.929
  已翻 898/959 段
    [tok] #1006 入 1,932（新缓存 344 / 读缓存 1,586） 出 85 = 2,017 | 累计 2,571,461 tok $17.936
  已翻 899/959 段
    [tok] #1007 入 2,470（新缓存 882 / 读缓存 1,586） 出 1,436 = 3,906 | 累计 2,575,367 tok $17.983
    [tok] #1008 入 2,418（新缓存 830 / 读缓存 1,586） 出 1,699 = 4,117 | 累计 2,579,484 tok $18.036
  已翻 900/959 段
    [tok] #1009 入 1,908（新缓存 320 / 读缓存 1,586） 出 119 = 2,027 | 累计 2,581,511 tok $18.044
  已翻 901/959 段
    [tok] #1010 入 2,022（新缓存 434 / 读缓存 1,586） 出 175 = 2,197 | 累计 2,583,708 tok $18.055
  已翻 902/959 段
    [tok] #1011 入 1,941（新缓存 353 / 读缓存 1,586） 出 90 = 2,031 | 累计 2,585,739 tok $18.063
  已翻 903/959 段
    [tok] #1012 入 1,954（新缓存 366 / 读缓存 1,586） 出 77 = 2,031 | 累计 2,587,770 tok $18.070
  已翻 904/959 段
    [tok] #1013 入 1,952（新缓存 364 / 读缓存 1,586） 出 110 = 2,062 | 累计 2,589,832 tok $18.079
  已翻 905/959 段
    [tok] #1014 入 2,315（新缓存 727 / 读缓存 1,586） 出 784 = 3,099 | 累计 2,592,931 tok $18.108
  已翻 906/959 段
    [tok] #1015 入 1,935（新缓存 347 / 读缓存 1,586） 出 91 = 2,026 | 累计 2,594,957 tok $18.115
  已翻 907/959 段
    [tok] #1016 入 2,635（新缓存 1,047 / 读缓存 1,586） 出 962 = 3,597 | 累计 2,598,554 tok $18.152
  已翻 908/959 段
    [tok] #1017 入 2,160（新缓存 572 / 读缓存 1,586） 出 457 = 2,617 | 累计 2,601,171 tok $18.172
  已翻 909/959 段
    [tok] #1018 入 2,006（新缓存 418 / 读缓存 1,586） 出 361 = 2,367 | 累计 2,603,538 tok $18.187
    [tok] #1019 入 1,954（新缓存 366 / 读缓存 1,586） 出 645 = 2,599 | 累计 2,606,137 tok $18.208
  已翻 910/959 段
    [tok] #1020 入 1,886（新缓存 298 / 读缓存 1,586） 出 43 = 1,929 | 累计 2,608,066 tok $18.214
    [tok] #1021 入 1,834（新缓存 246 / 读缓存 1,586） 出 33 = 1,867 | 累计 2,609,933 tok $18.219
  已翻 911/959 段
    [tok] #1022 入 2,010（新缓存 422 / 读缓存 1,586） 出 221 = 2,231 | 累计 2,612,164 tok $18.231
  已翻 912/959 段
    [tok] #1023 入 2,350（新缓存 762 / 读缓存 1,586） 出 585 = 2,935 | 累计 2,615,099 tok $18.256
  已翻 913/959 段
    [tok] #1024 入 1,971（新缓存 383 / 读缓存 1,586） 出 200 = 2,171 | 累计 2,617,270 tok $18.266
  已翻 914/959 段
    [tok] #1025 入 2,251（新缓存 663 / 读缓存 1,586） 出 404 = 2,655 | 累计 2,619,925 tok $18.285
  已翻 915/959 段
    [tok] #1026 入 1,876（新缓存 288 / 读缓存 1,586） 出 29 = 1,905 | 累计 2,621,830 tok $18.291
  已翻 916/959 段
    [tok] #1027 入 2,142（新缓存 554 / 读缓存 1,586） 出 424 = 2,566 | 累计 2,624,396 tok $18.309
    [tok] #1028 入 2,090（新缓存 502 / 读缓存 1,586） 出 437 = 2,527 | 累计 2,626,923 tok $18.327
  已翻 917/959 段
    [tok] #1029 入 2,177（新缓存 589 / 读缓存 1,586） 出 474 = 2,651 | 累计 2,629,574 tok $18.347
    [tok] #1030 入 2,125（新缓存 537 / 读缓存 1,586） 出 365 = 2,490 | 累计 2,632,064 tok $18.363
  已翻 918/959 段
    [tok] #1031 入 2,394（新缓存 806 / 读缓存 1,586） 出 776 = 3,170 | 累计 2,635,234 tok $18.393
  已翻 919/959 段
    [tok] #1032 入 2,008（新缓存 420 / 读缓存 1,586） 出 216 = 2,224 | 累计 2,637,458 tok $18.404
  已翻 920/959 段
    [tok] #1033 入 1,926（新缓存 338 / 读缓存 1,586） 出 269 = 2,195 | 累计 2,639,653 tok $18.416
  已翻 921/959 段
    [tok] #1034 入 1,914（新缓存 326 / 读缓存 1,586） 出 58 = 1,972 | 累计 2,641,625 tok $18.423
  已翻 922/959 段
    [tok] #1035 入 2,016（新缓存 428 / 读缓存 1,586） 出 284 = 2,300 | 累计 2,643,925 tok $18.436
  已翻 923/959 段
    [tok] #1036 入 1,905（新缓存 317 / 读缓存 1,586） 出 62 = 1,967 | 累计 2,645,892 tok $18.443
  已翻 924/959 段
    [tok] #1037 入 2,015（新缓存 427 / 读缓存 1,586） 出 213 = 2,228 | 累计 2,648,120 tok $18.454
  已翻 925/959 段
    [tok] #1038 入 1,933（新缓存 345 / 读缓存 1,586） 出 108 = 2,041 | 累计 2,650,161 tok $18.462
  已翻 926/959 段
    [tok] #1039 入 1,979（新缓存 391 / 读缓存 1,586） 出 144 = 2,123 | 累计 2,652,284 tok $18.472
  已翻 927/959 段
    [tok] #1040 入 1,961（新缓存 373 / 读缓存 1,586） 出 120 = 2,081 | 累计 2,654,365 tok $18.481
  已翻 928/959 段
    [tok] #1041 入 2,198（新缓存 610 / 读缓存 1,586） 出 389 = 2,587 | 累计 2,656,952 tok $18.499
  已翻 929/959 段
    [tok] #1042 入 2,193（新缓存 605 / 读缓存 1,586） 出 337 = 2,530 | 累计 2,659,482 tok $18.515
  已翻 930/959 段
    [tok] #1043 入 2,025（新缓存 437 / 读缓存 1,586） 出 194 = 2,219 | 累计 2,661,701 tok $18.526
  已翻 931/959 段
    [tok] #1044 入 2,071（新缓存 483 / 读缓存 1,586） 出 330 = 2,401 | 累计 2,664,102 tok $18.541
  已翻 932/959 段
    [tok] #1045 入 2,217（新缓存 629 / 读缓存 1,586） 出 503 = 2,720 | 累计 2,666,822 tok $18.562
  已翻 933/959 段
    [tok] #1046 入 1,961（新缓存 373 / 读缓存 1,586） 出 174 = 2,135 | 累计 2,668,957 tok $18.572
  已翻 934/959 段
    [tok] #1047 入 2,114（新缓存 526 / 读缓存 1,586） 出 340 = 2,454 | 累计 2,671,411 tok $18.588
  已翻 935/959 段
    [tok] #1048 入 2,243（新缓存 655 / 读缓存 1,586） 出 469 = 2,712 | 累计 2,674,123 tok $18.609
  已翻 936/959 段
    [tok] #1049 入 1,948（新缓存 360 / 读缓存 1,586） 出 105 = 2,053 | 累计 2,676,176 tok $18.617
  已翻 937/959 段
    [tok] #1050 入 1,910（新缓存 322 / 读缓存 1,586） 出 261 = 2,171 | 累计 2,678,347 tok $18.628
    [tok] #1051 入 1,858（新缓存 270 / 读缓存 1,586） 出 145 = 2,003 | 累计 2,680,350 tok $18.637
  已翻 938/959 段
    [tok] #1052 入 1,934（新缓存 346 / 读缓存 1,586） 出 102 = 2,036 | 累计 2,682,386 tok $18.644
  已翻 939/959 段
    [tok] #1053 入 1,906（新缓存 318 / 读缓存 1,586） 出 50 = 1,956 | 累计 2,684,342 tok $18.651
  已翻 940/959 段
    [tok] #1054 入 1,931（新缓存 343 / 读缓存 1,586） 出 81 = 2,012 | 累计 2,686,354 tok $18.658
  已翻 941/959 段
    [tok] #1055 入 1,935（新缓存 347 / 读缓存 1,586） 出 81 = 2,016 | 累计 2,688,370 tok $18.666
  已翻 942/959 段
    [tok] #1056 入 1,931（新缓存 343 / 读缓存 1,586） 出 81 = 2,012 | 累计 2,690,382 tok $18.673
  已翻 943/959 段
    [tok] #1057 入 1,877（新缓存 289 / 读缓存 1,586） 出 30 = 1,907 | 累计 2,692,289 tok $18.678
  已翻 944/959 段
    [tok] #1058 入 1,993（新缓存 405 / 读缓存 1,586） 出 147 = 2,140 | 累计 2,694,429 tok $18.688
  已翻 945/959 段
    [tok] #1059 入 1,948（新缓存 360 / 读缓存 1,586） 出 115 = 2,063 | 累计 2,696,492 tok $18.696
  已翻 946/959 段
    [tok] #1060 入 1,981（新缓存 393 / 读缓存 1,586） 出 213 = 2,194 | 累计 2,698,686 tok $18.708
  已翻 947/959 段
    [tok] #1061 入 2,047（新缓存 459 / 读缓存 1,586） 出 243 = 2,290 | 累计 2,700,976 tok $18.720
  已翻 948/959 段
    [tok] #1062 入 2,475（新缓存 887 / 读缓存 1,586） 出 678 = 3,153 | 累计 2,704,129 tok $18.748
  已翻 949/959 段
    [tok] #1063 入 2,070（新缓存 482 / 读缓存 1,586） 出 388 = 2,458 | 累计 2,706,587 tok $18.765
  已翻 950/959 段
    [tok] #1064 入 1,961（新缓存 373 / 读缓存 1,586） 出 145 = 2,106 | 累计 2,708,693 tok $18.774
  已翻 951/959 段
    [tok] #1065 入 2,339（新缓存 751 / 读缓存 1,586） 出 815 = 3,154 | 累计 2,711,847 tok $18.804
  已翻 952/959 段
    [tok] #1066 入 1,915（新缓存 327 / 读缓存 1,586） 出 102 = 2,017 | 累计 2,713,864 tok $18.812
  已翻 953/959 段
    [tok] #1067 入 1,943（新缓存 355 / 读缓存 1,586） 出 102 = 2,045 | 累计 2,715,909 tok $18.820
  已翻 954/959 段
    [tok] #1068 入 1,928（新缓存 340 / 读缓存 1,586） 出 81 = 2,009 | 累计 2,717,918 tok $18.827
  已翻 955/959 段
    [tok] #1069 入 1,912（新缓存 324 / 读缓存 1,586） 出 59 = 1,971 | 累计 2,719,889 tok $18.834
  已翻 956/959 段
    [tok] #1070 入 1,909（新缓存 321 / 读缓存 1,586） 出 60 = 1,969 | 累计 2,721,858 tok $18.841
  已翻 957/959 段
    [tok] #1071 入 1,896（新缓存 308 / 读缓存 1,586） 出 39 = 1,935 | 累计 2,723,793 tok $18.847
  已翻 958/959 段
    [tok] #1072 入 1,901（新缓存 313 / 读缓存 1,586） 出 42 = 1,943 | 累计 2,725,736 tok $18.853
  已翻 959/959 段
✓ 中文 raw → /Users/yanpeifa/Documents/whcjb.github.io/owen_raw/hebrews/zh_chapters/7.md  (chmod 444)
  缓存命中 964 / 964
✓ 中文页 → /Users/yanpeifa/Documents/whcjb.github.io/owen/hebrews/7/zh/index.md
✓ 英文页回填 zh_url → owen/hebrews/7/index.md
✓ 回填上一篇 next → 导论6/zh

──────── claude CLI 用量汇总 ────────
  调用      1072 次（另有 3 次失败重试）
  输入      2,299,254（未缓存 2,142 / 新建缓存 593,409 / 读缓存 1,703,703）
  输出      426,482
  合计      2,725,736 tok
  均次      2,542 tok
  费用      $18.8527
  用时      337m28s
────────────────────────────────────
════════ [2/3] owen/hebrews/8/index.md  2026-09-03 17:02:24 ════════
owen/hebrews/8/index.md: 820 个可译单元
    [tok] #1 入 1,870（新缓存 282 / 读缓存 1,586） 出 11 = 1,881 | 累计 1,881 tok $0.005
    [tok] #2 入 1,818（新缓存 230 / 读缓存 1,586） 出 11 = 1,829 | 累计 3,710 tok $0.008
  已翻 1/819 段
    [tok] #3 入 2,074（新缓存 486 / 读缓存 1,586） 出 252 = 2,326 | 累计 6,036 tok $0.021
  已翻 2/819 段
    [tok] #4 入 1,891（新缓存 303 / 读缓存 1,586） 出 37 = 1,928 | 累计 7,964 tok $0.027
  已翻 3/819 段
    [tok] #5 入 2,085（新缓存 497 / 读缓存 1,586） 出 234 = 2,319 | 累计 10,283 tok $0.040
  已翻 4/819 段
    [tok] #6 入 1,987（新缓存 399 / 读缓存 1,586） 出 185 = 2,172 | 累计 12,455 tok $0.051
  已翻 5/819 段
    [tok] #7 入 2,124（新缓存 536 / 读缓存 1,586） 出 798 = 2,922 | 累计 15,377 tok $0.078
    [tok] #8 入 2,072（新缓存 484 / 读缓存 1,586） 出 535 = 2,607 | 累计 17,984 tok $0.098
  已翻 6/819 段
    [tok] #9 入 1,942（新缓存 354 / 读缓存 1,586） 出 138 = 2,080 | 累计 20,064 tok $0.107
  已翻 7/819 段
    [tok] #10 入 1,981（新缓存 393 / 读缓存 1,586） 出 264 = 2,245 | 累计 22,309 tok $0.120
  已翻 8/819 段
    [tok] #11 入 1,917（新缓存 329 / 读缓存 1,586） 出 61 = 1,978 | 累计 24,287 tok $0.125
  已翻 9/819 段
    [tok] #12 入 1,956（新缓存 368 / 读缓存 1,586） 出 162 = 2,118 | 累计 26,405 tok $0.135
  已翻 10/819 段
    [tok] #13 入 1,930（新缓存 342 / 读缓存 1,586） 出 212 = 2,142 | 累计 28,547 tok $0.146
  已翻 11/819 段
    [tok] #14 入 1,940（新缓存 352 / 读缓存 1,586） 出 99 = 2,039 | 累计 30,586 tok $0.153
  已翻 12/819 段
    [tok] #15 入 2,231（新缓存 643 / 读缓存 1,586） 出 1,030 = 3,261 | 累计 33,847 tok $0.188
  已翻 13/819 段
    [tok] #16 入 1,994（新缓存 406 / 读缓存 1,586） 出 136 = 2,130 | 累计 35,977 tok $0.197
  已翻 14/819 段
    [tok] #17 入 2,669（新缓存 1,081 / 读缓存 1,586） 出 1,355 = 4,024 | 累计 40,001 tok $0.244
  已翻 15/819 段
    [tok] #18 入 1,933（新缓存 345 / 读缓存 1,586） 出 91 = 2,024 | 累计 42,025 tok $0.252
    [tok] #19 入 1,881（新缓存 293 / 读缓存 1,586） 出 144 = 2,025 | 累计 44,050 tok $0.260
  已翻 16/819 段
    [tok] #20 入 2,031（新缓存 443 / 读缓存 1,586） 出 224 = 2,255 | 累计 46,305 tok $0.272
  已翻 17/819 段
    [tok] #21 入 1,981（新缓存 393 / 读缓存 1,586） 出 109 = 2,090 | 累计 48,395 tok $0.281
  已翻 18/819 段
    [tok] #22 入 1,976（新缓存 388 / 读缓存 1,586） 出 160 = 2,136 | 累计 50,531 tok $0.291
  已翻 19/819 段
    [tok] #23 入 1,907（新缓存 319 / 读缓存 1,586） 出 79 = 1,986 | 累计 52,517 tok $0.298
  已翻 20/819 段
    [tok] #24 入 2,131（新缓存 543 / 读缓存 1,586） 出 287 = 2,418 | 累计 54,935 tok $0.313
  已翻 21/819 段
    [tok] #25 入 2,058（新缓存 470 / 读缓存 1,586） 出 212 = 2,270 | 累计 57,205 tok $0.325
  已翻 22/819 段
    [tok] #26 入 1,882（新缓存 294 / 读缓存 1,586） 出 32 = 1,914 | 累计 59,119 tok $0.330
  已翻 23/819 段
    [tok] #27 入 1,965（新缓存 377 / 读缓存 1,586） 出 123 = 2,088 | 累计 61,207 tok $0.339
  已翻 24/819 段
    [tok] #28 入 2,120（新缓存 532 / 读缓存 1,586） 出 313 = 2,433 | 累计 63,640 tok $0.354
  已翻 25/819 段
    [tok] #29 入 2,642（新缓存 1,054 / 读缓存 1,586） 出 861 = 3,503 | 累计 67,143 tok $0.389
  已翻 26/819 段
    [tok] #30 入 2,255（新缓存 667 / 读缓存 1,586） 出 485 = 2,740 | 累计 69,883 tok $0.410
  已翻 27/819 段
    [tok] #31 入 1,914（新缓存 326 / 读缓存 1,586） 出 59 = 1,973 | 累计 71,856 tok $0.416
  已翻 28/819 段
    [tok] #32 入 2,086（新缓存 498 / 读缓存 1,586） 出 353 = 2,439 | 累计 74,295 tok $0.432
  已翻 29/819 段
    [tok] #33 入 1,959（新缓存 371 / 读缓存 1,586） 出 251 = 2,210 | 累计 76,505 tok $0.444
  已翻 30/819 段
    [tok] #34 入 2,606（新缓存 1,018 / 读缓存 1,586） 出 769 = 3,375 | 累计 79,880 tok $0.476
  已翻 31/819 段
    [tok] #35 入 2,138（新缓存 550 / 读缓存 1,586） 出 259 = 2,397 | 累计 82,277 tok $0.490
  已翻 32/819 段
    [tok] #36 入 2,060（新缓存 472 / 读缓存 1,586） 出 339 = 2,399 | 累计 84,676 tok $0.505
  已翻 33/819 段
    [tok] #37 入 1,933（新缓存 345 / 读缓存 1,586） 出 89 = 2,022 | 累计 86,698 tok $0.513
  已翻 34/819 段
    [tok] #38 入 1,992（新缓存 404 / 读缓存 1,586） 出 205 = 2,197 | 累计 88,895 tok $0.524
  已翻 35/819 段
    [tok] #39 入 2,206（新缓存 618 / 读缓存 1,586） 出 426 = 2,632 | 累计 91,527 tok $0.543
  已翻 36/819 段
    [tok] #40 入 2,151（新缓存 563 / 读缓存 1,586） 出 396 = 2,547 | 累计 94,074 tok $0.560
  已翻 37/819 段
    [tok] #41 入 1,965（新缓存 377 / 读缓存 1,586） 出 153 = 2,118 | 累计 96,192 tok $0.570
  已翻 38/819 段
    [tok] #42 入 2,477（新缓存 889 / 读缓存 1,586） 出 935 = 3,412 | 累计 99,604 tok $0.604
  已翻 39/819 段
    [tok] #43 入 2,413（新缓存 825 / 读缓存 1,586） 出 520 = 2,933 | 累计 102,537 tok $0.628
  已翻 40/819 段
    [tok] #44 入 2,115（新缓存 527 / 读缓存 1,586） 出 284 = 2,399 | 累计 104,936 tok $0.642
  已翻 41/819 段
    [tok] #45 入 2,217（新缓存 629 / 读缓存 1,586） 出 373 = 2,590 | 累计 107,526 tok $0.660
  已翻 42/819 段
    [tok] #46 入 2,083（新缓存 495 / 读缓存 1,586） 出 280 = 2,363 | 累计 109,889 tok $0.674
  已翻 43/819 段
    [tok] #47 入 2,023（新缓存 435 / 读缓存 1,586） 出 251 = 2,274 | 累计 112,163 tok $0.687
  已翻 44/819 段
    [tok] #48 入 2,088（新缓存 500 / 读缓存 1,586） 出 271 = 2,359 | 累计 114,522 tok $0.700
  已翻 45/819 段
    [tok] #49 入 1,964（新缓存 376 / 读缓存 1,586） 出 158 = 2,122 | 累计 116,644 tok $0.710
  已翻 46/819 段
    [tok] #50 入 1,981（新缓存 393 / 读缓存 1,586） 出 380 = 2,361 | 累计 119,005 tok $0.725
    [tok] #51 入 1,929（新缓存 341 / 读缓存 1,586） 出 349 = 2,278 | 累计 121,283 tok $0.739
  已翻 47/819 段
    [tok] #52 入 1,910（新缓存 322 / 读缓存 1,586） 出 63 = 1,973 | 累计 123,256 tok $0.746
  已翻 48/819 段
    [tok] #53 入 1,959（新缓存 371 / 读缓存 1,586） 出 225 = 2,184 | 累计 125,440 tok $0.757
  已翻 49/819 段
    [tok] #54 入 2,236（新缓存 648 / 读缓存 1,586） 出 709 = 2,945 | 累计 128,385 tok $0.784
  已翻 50/819 段
    [tok] #55 入 1,903（新缓存 315 / 读缓存 1,586） 出 169 = 2,072 | 累计 130,457 tok $0.793
    [tok] #56 入 1,851（新缓存 263 / 读缓存 1,586） 出 45 = 1,896 | 累计 132,353 tok $0.798
  已翻 51/819 段
    [tok] #57 入 1,976（新缓存 388 / 读缓存 1,586） 出 128 = 2,104 | 累计 134,457 tok $0.808
  已翻 52/819 段
    [tok] #58 入 1,939（新缓存 351 / 读缓存 1,586） 出 72 = 2,011 | 累计 136,468 tok $0.815
  已翻 53/819 段
    [tok] #59 入 2,166（新缓存 578 / 读缓存 1,586） 出 322 = 2,488 | 累计 138,956 tok $0.831
  已翻 54/819 段
    [tok] #60 入 2,263（新缓存 675 / 读缓存 1,586） 出 424 = 2,687 | 累计 141,643 tok $0.850
  已翻 55/819 段
    [tok] #61 入 2,390（新缓存 802 / 读缓存 1,586） 出 529 = 2,919 | 累计 144,562 tok $0.874
  已翻 56/819 段
    [tok] #62 入 1,951（新缓存 363 / 读缓存 1,586） 出 122 = 2,073 | 累计 146,635 tok $0.882
  已翻 57/819 段
    [tok] #63 入 2,083（新缓存 495 / 读缓存 1,586） 出 225 = 2,308 | 累计 148,943 tok $0.895
  已翻 58/819 段
    [tok] #64 入 2,013（新缓存 425 / 读缓存 1,586） 出 630 = 2,643 | 累计 151,586 tok $0.917
    [tok] #65 入 1,961（新缓存 373 / 读缓存 1,586） 出 355 = 2,316 | 累计 153,902 tok $0.931
  已翻 59/819 段
    [tok] #66 入 2,227（新缓存 639 / 读缓存 1,586） 出 449 = 2,676 | 累计 156,578 tok $0.951
  已翻 60/819 段
    [tok] #67 入 2,195（新缓存 607 / 读缓存 1,586） 出 351 = 2,546 | 累计 159,124 tok $0.968
  已翻 61/819 段
    [tok] #68 入 2,281（新缓存 693 / 读缓存 1,586） 出 491 = 2,772 | 累计 161,896 tok $0.989
  已翻 62/819 段
    [tok] #69 入 2,010（新缓存 422 / 读缓存 1,586） 出 246 = 2,256 | 累计 164,152 tok $1.002
  已翻 63/819 段
    [tok] #70 入 2,107（新缓存 519 / 读缓存 1,586） 出 444 = 2,551 | 累计 166,703 tok $1.020
  已翻 64/819 段
    [tok] #71 入 1,928（新缓存 340 / 读缓存 1,586） 出 187 = 2,115 | 累计 168,818 tok $1.030
  已翻 65/819 段
    [tok] #72 入 2,231（新缓存 643 / 读缓存 1,586） 出 401 = 2,632 | 累计 171,450 tok $1.048
  已翻 66/819 段
    [tok] #73 入 2,202（新缓存 614 / 读缓存 1,586） 出 337 = 2,539 | 累计 173,989 tok $1.065
    [tok] #74 入 2,150（新缓存 562 / 读缓存 1,586） 出 398 = 2,548 | 累计 176,537 tok $1.083
  已翻 67/819 段
    [tok] #75 入 2,309（新缓存 721 / 读缓存 1,586） 出 551 = 2,860 | 累计 179,397 tok $1.106
  已翻 68/819 段
    [tok] #76 入 1,932（新缓存 344 / 读缓存 1,586） 出 112 = 2,044 | 累计 181,441 tok $1.114
  已翻 69/819 段
    [tok] #77 入 2,175（新缓存 587 / 读缓存 1,586） 出 310 = 2,485 | 累计 183,926 tok $1.130
  已翻 70/819 段
    [tok] #78 入 2,078（新缓存 490 / 读缓存 1,586） 出 273 = 2,351 | 累计 186,277 tok $1.144
  已翻 71/819 段
    [tok] #79 入 1,949（新缓存 361 / 读缓存 1,586） 出 252 = 2,201 | 累计 188,478 tok $1.155
    [tok] #80 入 1,897（新缓存 309 / 读缓存 1,586） 出 110 = 2,007 | 累计 190,485 tok $1.163
  已翻 72/819 段
    [tok] #81 入 2,124（新缓存 536 / 读缓存 1,586） 出 268 = 2,392 | 累计 192,877 tok $1.177
  已翻 73/819 段
    [tok] #82 入 0（新缓存 0 / 读缓存 0） 出 0 = 0 | 累计 192,877 tok $1.184
  已翻 74/819 段
    [tok] #83 入 1,973（新缓存 385 / 读缓存 1,586） 出 190 = 2,163 | 累计 195,040 tok $1.194
  已翻 75/819 段
    [tok] #84 入 2,107（新缓存 519 / 读缓存 1,586） 出 558 = 2,665 | 累计 197,705 tok $1.216
  已翻 76/819 段
    [tok] #85 入 2,076（新缓存 488 / 读缓存 1,586） 出 683 = 2,759 | 累计 200,464 tok $1.239
  已翻 77/819 段
    [tok] #86 入 2,112（新缓存 524 / 读缓存 1,586） 出 346 = 2,458 | 累计 202,922 tok $1.255
  已翻 78/819 段
    [tok] #87 入 2,095（新缓存 507 / 读缓存 1,586） 出 530 = 2,625 | 累计 205,547 tok $1.276
  已翻 79/819 段
    [tok] #88 入 1,978（新缓存 390 / 读缓存 1,586） 出 136 = 2,114 | 累计 207,661 tok $1.285
  已翻 80/819 段
    [tok] #89 入 2,029（新缓存 441 / 读缓存 1,586） 出 227 = 2,256 | 累计 209,917 tok $1.297
  已翻 81/819 段
    [tok] #90 入 1,959（新缓存 371 / 读缓存 1,586） 出 180 = 2,139 | 累计 212,056 tok $1.307
  已翻 82/819 段
    [tok] #91 入 1,915（新缓存 327 / 读缓存 1,586） 出 50 = 1,965 | 累计 214,021 tok $1.314
  已翻 83/819 段
    [tok] #92 入 2,014（新缓存 426 / 读缓存 1,586） 出 176 = 2,190 | 累计 216,211 tok $1.324
  已翻 84/819 段
    [tok] #93 入 1,945（新缓存 357 / 读缓存 1,586） 出 93 = 2,038 | 累计 218,249 tok $1.332
  已翻 85/819 段
    [tok] #94 入 2,290（新缓存 702 / 读缓存 1,586） 出 457 = 2,747 | 累计 220,996 tok $1.353
  已翻 86/819 段
    [tok] #95 入 2,127（新缓存 539 / 读缓存 1,586） 出 297 = 2,424 | 累计 223,420 tok $1.367
  已翻 87/819 段
    [tok] #96 入 2,593（新缓存 1,005 / 读缓存 1,586） 出 851 = 3,444 | 累计 226,864 tok $1.401
  已翻 88/819 段
    [tok] #97 入 2,135（新缓存 547 / 读缓存 1,586） 出 286 = 2,421 | 累计 229,285 tok $1.416
  已翻 89/819 段
    [tok] #98 入 2,088（新缓存 500 / 读缓存 1,586） 出 508 = 2,596 | 累计 231,881 tok $1.436
  已翻 90/819 段
    [tok] #99 入 1,975（新缓存 387 / 读缓存 1,586） 出 124 = 2,099 | 累计 233,980 tok $1.444
  已翻 91/819 段
    [tok] #100 入 1,935（新缓存 347 / 读缓存 1,586） 出 97 = 2,032 | 累计 236,012 tok $1.452
  已翻 92/819 段
    [tok] #101 入 1,940（新缓存 352 / 读缓存 1,586） 出 94 = 2,034 | 累计 238,046 tok $1.460
  已翻 93/819 段
    [tok] #102 入 1,977（新缓存 389 / 读缓存 1,586） 出 435 = 2,412 | 累计 240,458 tok $1.477
  已翻 94/819 段
    [tok] #103 入 2,039（新缓存 451 / 读缓存 1,586） 出 251 = 2,290 | 累计 242,748 tok $1.490
  已翻 95/819 段
    [tok] #104 入 1,959（新缓存 371 / 读缓存 1,586） 出 156 = 2,115 | 累计 244,863 tok $1.499
  已翻 96/819 段
    [tok] #105 入 1,964（新缓存 376 / 读缓存 1,586） 出 243 = 2,207 | 累计 247,070 tok $1.511
  已翻 97/819 段
    [tok] #106 入 2,051（新缓存 463 / 读缓存 1,586） 出 341 = 2,392 | 累计 249,462 tok $1.526
  已翻 98/819 段
    [tok] #107 入 1,971（新缓存 383 / 读缓存 1,586） 出 185 = 2,156 | 累计 251,618 tok $1.536
  已翻 99/819 段
    [tok] #108 入 1,977（新缓存 389 / 读缓存 1,586） 出 167 = 2,144 | 累计 253,762 tok $1.546
  已翻 100/819 段
    [tok] #109 入 1,929（新缓存 341 / 读缓存 1,586） 出 65 = 1,994 | 累计 255,756 tok $1.553
  已翻 101/819 段
    [tok] #110 入 2,012（新缓存 424 / 读缓存 1,586） 出 187 = 2,199 | 累计 257,955 tok $1.564
  已翻 102/819 段
    [tok] #111 入 1,994（新缓存 406 / 读缓存 1,586） 出 163 = 2,157 | 累计 260,112 tok $1.574
  已翻 103/819 段
    [tok] #112 入 1,938（新缓存 350 / 读缓存 1,586） 出 100 = 2,038 | 累计 262,150 tok $1.582
  已翻 104/819 段
    [tok] #113 入 2,248（新缓存 660 / 读缓存 1,586） 出 379 = 2,627 | 累计 264,777 tok $1.600
  已翻 105/819 段
    [tok] #114 入 1,941（新缓存 353 / 读缓存 1,586） 出 89 = 2,030 | 累计 266,807 tok $1.608
  已翻 106/819 段
    [tok] #115 入 2,016（新缓存 428 / 读缓存 1,586） 出 192 = 2,208 | 累计 269,015 tok $1.619
  已翻 107/819 段
    [tok] #116 入 1,944（新缓存 356 / 读缓存 1,586） 出 100 = 2,044 | 累计 271,059 tok $1.627
  已翻 108/819 段
    [tok] #117 入 1,906（新缓存 318 / 读缓存 1,586） 出 54 = 1,960 | 累计 273,019 tok $1.634
  已翻 109/819 段
    [tok] #118 入 2,190（新缓存 602 / 读缓存 1,586） 出 446 = 2,636 | 累计 275,655 tok $1.653
  已翻 110/819 段
    [tok] #119 入 2,444（新缓存 856 / 读缓存 1,586） 出 710 = 3,154 | 累计 278,809 tok $1.681
  已翻 111/819 段
    [tok] #120 入 2,059（新缓存 471 / 读缓存 1,586） 出 205 = 2,264 | 累计 281,073 tok $1.693
  已翻 112/819 段
    [tok] #121 入 1,988（新缓存 400 / 读缓存 1,586） 出 182 = 2,170 | 累计 283,243 tok $1.704
  已翻 113/819 段
    [tok] #122 入 1,978（新缓存 390 / 读缓存 1,586） 出 122 = 2,100 | 累计 285,343 tok $1.713
  已翻 114/819 段
    [tok] #123 入 2,084（新缓存 496 / 读缓存 1,586） 出 261 = 2,345 | 累计 287,688 tok $1.726
  已翻 115/819 段
    [tok] #124 入 2,001（新缓存 413 / 读缓存 1,586） 出 231 = 2,232 | 累计 289,920 tok $1.738
  已翻 116/819 段
    [tok] #125 入 2,229（新缓存 641 / 读缓存 1,586） 出 495 = 2,724 | 累计 292,644 tok $1.759
  已翻 117/819 段
    [tok] #126 入 2,073（新缓存 485 / 读缓存 1,586） 出 306 = 2,379 | 累计 295,023 tok $1.773
  已翻 118/819 段
    [tok] #127 入 2,500（新缓存 912 / 读缓存 1,586） 出 633 = 3,133 | 累计 298,156 tok $1.801
  已翻 119/819 段
    [tok] #128 入 2,363（新缓存 775 / 读缓存 1,586） 出 459 = 2,822 | 累计 300,978 tok $1.822
  已翻 120/819 段
    [tok] #129 入 2,119（新缓存 531 / 读缓存 1,586） 出 643 = 2,762 | 累计 303,740 tok $1.846
    [tok] #130 入 2,067（新缓存 479 / 读缓存 1,586） 出 376 = 2,443 | 累计 306,183 tok $1.862
  已翻 121/819 段
    [tok] #131 入 2,376（新缓存 788 / 读缓存 1,586） 出 505 = 2,881 | 累计 309,064 tok $1.884
    [tok] #132 入 2,324（新缓存 736 / 读缓存 1,586） 出 518 = 2,842 | 累计 311,906 tok $1.907
  已翻 122/819 段
    [tok] #133 入 2,038（新缓存 450 / 读缓存 1,586） 出 160 = 2,198 | 累计 314,104 tok $1.917
  已翻 123/819 段
    [tok] #134 入 1,915（新缓存 327 / 读缓存 1,586） 出 58 = 1,973 | 累计 316,077 tok $1.924
  已翻 124/819 段
    [tok] #135 入 1,927（新缓存 339 / 读缓存 1,586） 出 86 = 2,013 | 累计 318,090 tok $1.931
  已翻 125/819 段
    [tok] #136 入 1,964（新缓存 376 / 读缓存 1,586） 出 147 = 2,111 | 累计 320,201 tok $1.941
  已翻 126/819 段
    [tok] #137 入 2,137（新缓存 549 / 读缓存 1,586） 出 802 = 2,939 | 累计 323,140 tok $1.968
  已翻 127/819 段
    [tok] #138 入 2,178（新缓存 590 / 读缓存 1,586） 出 336 = 2,514 | 累计 325,654 tok $1.985
  已翻 128/819 段
    [tok] #139 入 2,228（新缓存 640 / 读缓存 1,586） 出 362 = 2,590 | 累计 328,244 tok $2.002
  已翻 129/819 段
    [tok] #140 入 1,907（新缓存 319 / 读缓存 1,586） 出 44 = 1,951 | 累计 330,195 tok $2.009
  已翻 130/819 段
    [tok] #141 入 1,976（新缓存 388 / 读缓存 1,586） 出 95 = 2,071 | 累计 332,266 tok $2.017
  已翻 131/819 段
    [tok] #142 入 2,129（新缓存 541 / 读缓存 1,586） 出 532 = 2,661 | 累计 334,927 tok $2.036
  已翻 132/819 段
    [tok] #143 入 1,985（新缓存 397 / 读缓存 1,586） 出 198 = 2,183 | 累计 337,110 tok $2.047
  已翻 133/819 段
    [tok] #144 入 1,987（新缓存 399 / 读缓存 1,586） 出 151 = 2,138 | 累计 339,248 tok $2.057
  已翻 134/819 段
    [tok] #145 入 1,991（新缓存 403 / 读缓存 1,586） 出 187 = 2,178 | 累计 341,426 tok $2.068
  已翻 135/819 段
    [tok] #146 入 1,957（新缓存 369 / 读缓存 1,586） 出 108 = 2,065 | 累计 343,491 tok $2.076
  已翻 136/819 段
    [tok] #147 入 2,176（新缓存 588 / 读缓存 1,586） 出 505 = 2,681 | 累计 346,172 tok $2.096
  已翻 137/819 段
    [tok] #148 入 2,350（新缓存 762 / 读缓存 1,586） 出 550 = 2,900 | 累计 349,072 tok $2.120
  已翻 138/819 段
    [tok] #149 入 1,911（新缓存 323 / 读缓存 1,586） 出 127 = 2,038 | 累计 351,110 tok $2.128
  已翻 139/819 段
    [tok] #150 入 2,165（新缓存 577 / 读缓存 1,586） 出 388 = 2,553 | 累计 353,663 tok $2.146
  已翻 140/819 段
    [tok] #151 入 1,995（新缓存 407 / 读缓存 1,586） 出 164 = 2,159 | 累计 355,822 tok $2.156
  已翻 141/819 段
    [tok] #152 入 2,237（新缓存 649 / 读缓存 1,586） 出 425 = 2,662 | 累计 358,484 tok $2.175
  已翻 142/819 段
    [tok] #153 入 2,298（新缓存 710 / 读缓存 1,586） 出 439 = 2,737 | 累计 361,221 tok $2.195
  已翻 143/819 段
    [tok] #154 入 0（新缓存 0 / 读缓存 0） 出 0 = 0 | 累计 361,221 tok $2.210
    [tok] #155 入 2,072（新缓存 484 / 读缓存 1,586） 出 289 = 2,361 | 累计 363,582 tok $2.224
  已翻 144/819 段
    [tok] #156 入 2,009（新缓存 421 / 读缓存 1,586） 出 167 = 2,176 | 累计 365,758 tok $2.235
  已翻 145/819 段
    [retry 1] TimeoutExpired(300s) | wait 5s
    [tok] #157 入 2,079（新缓存 0 / 读缓存 2,077） 出 247 = 2,326 | 累计 368,084 tok $2.243
  已翻 146/819 段
    [tok] #158 入 2,207（新缓存 619 / 读缓存 1,586） 出 379 = 2,586 | 累计 370,670 tok $2.261
  已翻 147/819 段
    [tok] #159 入 2,034（新缓存 446 / 读缓存 1,586） 出 254 = 2,288 | 累计 372,958 tok $2.274
    [tok] #160 入 1,982（新缓存 394 / 读缓存 1,586） 出 536 = 2,518 | 累计 375,476 tok $2.293
  已翻 148/819 段
    [tok] #161 入 2,394（新缓存 806 / 读缓存 1,586） 出 1,356 = 3,750 | 累计 379,226 tok $2.337
  已翻 149/819 段
    [tok] #162 入 1,950（新缓存 362 / 读缓存 1,586） 出 271 = 2,221 | 累计 381,447 tok $2.350
  已翻 150/819 段
    [tok] #163 入 2,451（新缓存 863 / 读缓存 1,586） 出 854 = 3,305 | 累计 384,752 tok $2.382
  已翻 151/819 段
    [tok] #164 入 1,950（新缓存 362 / 读缓存 1,586） 出 101 = 2,051 | 累计 386,803 tok $2.390
  已翻 152/819 段
    [tok] #165 入 2,006（新缓存 418 / 读缓存 1,586） 出 492 = 2,498 | 累计 389,301 tok $2.409
  已翻 153/819 段
    [tok] #166 入 2,085（新缓存 497 / 读缓存 1,586） 出 242 = 2,327 | 累计 391,628 tok $2.422
    [tok] #167 入 2,033（新缓存 445 / 读缓存 1,586） 出 234 = 2,267 | 累计 393,895 tok $2.434
  已翻 154/819 段
    [tok] #168 入 2,160（新缓存 572 / 读缓存 1,586） 出 292 = 2,452 | 累计 396,347 tok $2.449
  已翻 155/819 段
    [tok] #169 入 2,078（新缓存 490 / 读缓存 1,586） 出 465 = 2,543 | 累计 398,890 tok $2.467
  已翻 156/819 段
    [tok] #170 入 2,025（新缓存 437 / 读缓存 1,586） 出 201 = 2,226 | 累计 401,116 tok $2.479
  已翻 157/819 段
    [tok] #171 入 2,239（新缓存 651 / 读缓存 1,586） 出 563 = 2,802 | 累计 403,918 tok $2.502
  已翻 158/819 段
    [tok] #172 入 2,082（新缓存 494 / 读缓存 1,586） 出 432 = 2,514 | 累计 406,432 tok $2.519
  已翻 159/819 段
    [tok] #173 入 2,376（新缓存 788 / 读缓存 1,586） 出 704 = 3,080 | 累计 409,512 tok $2.547
  已翻 160/819 段
    [tok] #174 入 2,297（新缓存 709 / 读缓存 1,586） 出 767 = 3,064 | 累计 412,576 tok $2.576
    [tok] #175 入 2,245（新缓存 657 / 读缓存 1,586） 出 599 = 2,844 | 累计 415,420 tok $2.599
  已翻 161/819 段
    [tok] #176 入 2,040（新缓存 452 / 读缓存 1,586） 出 318 = 2,358 | 累计 417,778 tok $2.614
    [tok] #177 入 1,988（新缓存 400 / 读缓存 1,586） 出 360 = 2,348 | 累计 420,126 tok $2.629
  已翻 162/819 段
    [tok] #178 入 2,104（新缓存 516 / 读缓存 1,586） 出 326 = 2,430 | 累计 422,556 tok $2.644
  已翻 163/819 段
    [tok] #179 入 2,279（新缓存 691 / 读缓存 1,586） 出 472 = 2,751 | 累计 425,307 tok $2.665
  已翻 164/819 段
    [tok] #180 入 2,587（新缓存 999 / 读缓存 1,586） 出 770 = 3,357 | 累计 428,664 tok $2.696
  已翻 165/819 段
    [tok] #181 入 2,000（新缓存 412 / 读缓存 1,586） 出 178 = 2,178 | 累计 430,842 tok $2.707
  已翻 166/819 段
    [tok] #182 入 2,002（新缓存 414 / 读缓存 1,586） 出 175 = 2,177 | 累计 433,019 tok $2.717
  已翻 167/819 段
    [tok] #183 入 2,064（新缓存 476 / 读缓存 1,586） 出 371 = 2,435 | 累计 435,454 tok $2.733
    [tok] #184 入 2,012（新缓存 424 / 读缓存 1,586） 出 217 = 2,229 | 累计 437,683 tok $2.745
  已翻 168/819 段
    [tok] #185 入 2,750（新缓存 1,162 / 读缓存 1,586） 出 1,015 = 3,765 | 累计 441,448 tok $2.785
  已翻 169/819 段
    [tok] #186 入 1,969（新缓存 381 / 读缓存 1,586） 出 150 = 2,119 | 累计 443,567 tok $2.794
  已翻 170/819 段
    [tok] #187 入 2,611（新缓存 1,023 / 读缓存 1,586） 出 736 = 3,347 | 累计 446,914 tok $2.825
  已翻 171/819 段
    [tok] #188 入 2,345（新缓存 757 / 读缓存 1,586） 出 557 = 2,902 | 累计 449,816 tok $2.849
  已翻 172/819 段
    [tok] #189 入 1,897（新缓存 309 / 读缓存 1,586） 出 36 = 1,933 | 累计 451,749 tok $2.855
  已翻 173/819 段
    [tok] #190 入 2,084（新缓存 496 / 读缓存 1,586） 出 418 = 2,502 | 累计 454,251 tok $2.872
  已翻 174/819 段
    [tok] #191 入 1,998（新缓存 410 / 读缓存 1,586） 出 152 = 2,150 | 累计 456,401 tok $2.882
    [tok] #192 入 1,946（新缓存 358 / 读缓存 1,586） 出 154 = 2,100 | 累计 458,501 tok $2.891
  已翻 175/819 段
    [tok] #193 入 2,110（新缓存 522 / 读缓存 1,586） 出 320 = 2,430 | 累计 460,931 tok $2.907
  已翻 176/819 段
    [tok] #194 入 1,902（新缓存 314 / 读缓存 1,586） 出 102 = 2,004 | 累计 462,935 tok $2.914
  已翻 177/819 段
    [tok] #195 入 2,134（新缓存 546 / 读缓存 1,586） 出 379 = 2,513 | 累计 465,448 tok $2.931
  已翻 178/819 段
    [tok] #196 入 2,210（新缓存 622 / 读缓存 1,586） 出 436 = 2,646 | 累计 468,094 tok $2.950
  已翻 179/819 段
    [tok] #197 入 1,971（新缓存 383 / 读缓存 1,586） 出 124 = 2,095 | 累计 470,189 tok $2.959
  已翻 180/819 段
    [tok] #198 入 2,124（新缓存 536 / 读缓存 1,586） 出 391 = 2,515 | 累计 472,704 tok $2.976
    [tok] #199 入 2,072（新缓存 484 / 读缓存 1,586） 出 298 = 2,370 | 累计 475,074 tok $2.991
  已翻 181/819 段
    [tok] #200 入 2,482（新缓存 894 / 读缓存 1,586） 出 644 = 3,126 | 累计 478,200 tok $3.018
  已翻 182/819 段
    [tok] #201 入 1,958（新缓存 370 / 读缓存 1,586） 出 100 = 2,058 | 累计 480,258 tok $3.026
  已翻 183/819 段
    [tok] #202 入 2,210（新缓存 622 / 读缓存 1,586） 出 357 = 2,567 | 累计 482,825 tok $3.043
  已翻 184/819 段
    [tok] #203 入 2,009（新缓存 421 / 读缓存 1,586） 出 140 = 2,149 | 累计 484,974 tok $3.053
    [tok] #204 入 1,957（新缓存 369 / 读缓存 1,586） 出 152 = 2,109 | 累计 487,083 tok $3.062
  已翻 185/819 段
    [tok] #205 入 2,021（新缓存 433 / 读缓存 1,586） 出 640 = 2,661 | 累计 489,744 tok $3.085
    [tok] #206 入 1,969（新缓存 381 / 读缓存 1,586） 出 204 = 2,173 | 累计 491,917 tok $3.095
  已翻 186/819 段
    [tok] #207 入 1,946（新缓存 358 / 读缓存 1,586） 出 87 = 2,033 | 累计 493,950 tok $3.103
  已翻 187/819 段
    [tok] #208 入 1,886（新缓存 298 / 读缓存 1,586） 出 56 = 1,942 | 累计 495,892 tok $3.109
  已翻 188/819 段
    [tok] #209 入 1,946（新缓存 358 / 读缓存 1,586） 出 80 = 2,026 | 累计 497,918 tok $3.117
  已翻 189/819 段
    [tok] #210 入 1,934（新缓存 346 / 读缓存 1,586） 出 75 = 2,009 | 累计 499,927 tok $3.124
  已翻 190/819 段
    [tok] #211 入 1,907（新缓存 319 / 读缓存 1,586） 出 65 = 1,972 | 累计 501,899 tok $3.131
  已翻 191/819 段
    [tok] #212 入 2,427（新缓存 839 / 读缓存 1,586） 出 601 = 3,028 | 累计 504,927 tok $3.157
  已翻 192/819 段
    [tok] #213 入 1,994（新缓存 406 / 读缓存 1,586） 出 164 = 2,158 | 累计 507,085 tok $3.167
  已翻 193/819 段
    [tok] #214 入 1,927（新缓存 339 / 读缓存 1,586） 出 84 = 2,011 | 累计 509,096 tok $3.174
  已翻 194/819 段
    [tok] #215 入 1,908（新缓存 320 / 读缓存 1,586） 出 68 = 1,976 | 累计 511,072 tok $3.180
  已翻 195/819 段
    [tok] #216 入 2,275（新缓存 687 / 读缓存 1,586） 出 505 = 2,780 | 累计 513,852 tok $3.201
  已翻 196/819 段
    [tok] #217 入 2,017（新缓存 429 / 读缓存 1,586） 出 193 = 2,210 | 累计 516,062 tok $3.212
    [tok] #218 入 1,965（新缓存 377 / 读缓存 1,586） 出 194 = 2,159 | 累计 518,221 tok $3.223
  已翻 197/819 段
    [tok] #219 入 1,910（新缓存 322 / 读缓存 1,586） 出 62 = 1,972 | 累计 520,193 tok $3.230
  已翻 198/819 段
    [tok] #220 入 1,920（新缓存 332 / 读缓存 1,586） 出 71 = 1,991 | 累计 522,184 tok $3.237
  已翻 199/819 段
    [tok] #221 入 2,010（新缓存 422 / 读缓存 1,586） 出 364 = 2,374 | 累计 524,558 tok $3.252
  已翻 200/819 段
    [tok] #222 入 1,938（新缓存 350 / 读缓存 1,586） 出 91 = 2,029 | 累计 526,587 tok $3.260
  已翻 201/819 段
    [tok] #223 入 1,946（新缓存 358 / 读缓存 1,586） 出 101 = 2,047 | 累计 528,634 tok $3.268
  已翻 202/819 段
    [tok] #224 入 1,985（新缓存 397 / 读缓存 1,586） 出 142 = 2,127 | 累计 530,761 tok $3.277
    [tok] #225 入 1,933（新缓存 345 / 读缓存 1,586） 出 182 = 2,115 | 累计 532,876 tok $3.287
  已翻 203/819 段
    [tok] #226 入 1,971（新缓存 383 / 读缓存 1,586） 出 165 = 2,136 | 累计 535,012 tok $3.297
  已翻 204/819 段
    [tok] #227 入 1,903（新缓存 315 / 读缓存 1,586） 出 50 = 1,953 | 累计 536,965 tok $3.303
  已翻 205/819 段
    [tok] #228 入 1,911（新缓存 323 / 读缓存 1,586） 出 110 = 2,021 | 累计 538,986 tok $3.311
  已翻 206/819 段
    [tok] #229 入 2,218（新缓存 630 / 读缓存 1,586） 出 397 = 2,615 | 累计 541,601 tok $3.329
  已翻 207/819 段
    [tok] #230 入 2,102（新缓存 514 / 读缓存 1,586） 出 236 = 2,338 | 累计 543,939 tok $3.342
  已翻 208/819 段
    [tok] #231 入 2,005（新缓存 417 / 读缓存 1,586） 出 152 = 2,157 | 累计 546,096 tok $3.352
  已翻 209/819 段
    [tok] #232 入 2,017（新缓存 429 / 读缓存 1,586） 出 131 = 2,148 | 累计 548,244 tok $3.362
  已翻 210/819 段
    [tok] #233 入 2,050（新缓存 462 / 读缓存 1,586） 出 163 = 2,213 | 累计 550,457 tok $3.372
  已翻 211/819 段
    [tok] #234 入 2,262（新缓存 674 / 读缓存 1,586） 出 351 = 2,613 | 累计 553,070 tok $3.390
  已翻 212/819 段
    [tok] #235 入 2,060（新缓存 472 / 读缓存 1,586） 出 217 = 2,277 | 累计 555,347 tok $3.402
  已翻 213/819 段
    [tok] #236 入 2,066（新缓存 478 / 读缓存 1,586） 出 182 = 2,248 | 累计 557,595 tok $3.414
  已翻 214/819 段
    [tok] #237 入 2,004（新缓存 416 / 读缓存 1,586） 出 397 = 2,401 | 累计 559,996 tok $3.430
    [tok] #238 入 1,952（新缓存 364 / 读缓存 1,586） 出 490 = 2,442 | 累计 562,438 tok $3.447
  已翻 215/819 段
    [tok] #239 入 2,019（新缓存 431 / 读缓存 1,586） 出 173 = 2,192 | 累计 564,630 tok $3.458
  已翻 216/819 段
    [tok] #240 入 2,173（新缓存 585 / 读缓存 1,586） 出 356 = 2,529 | 累计 567,159 tok $3.475
  已翻 217/819 段
    [tok] #241 入 2,131（新缓存 543 / 读缓存 1,586） 出 292 = 2,423 | 累计 569,582 tok $3.490
  已翻 218/819 段
    [tok] #242 入 2,064（新缓存 476 / 读缓存 1,586） 出 213 = 2,277 | 累计 571,859 tok $3.502
  已翻 219/819 段
    [tok] #243 入 2,206（新缓存 618 / 读缓存 1,586） 出 444 = 2,650 | 累计 574,509 tok $3.521
  已翻 220/819 段
    [tok] #244 入 2,027（新缓存 439 / 读缓存 1,586） 出 206 = 2,233 | 累计 576,742 tok $3.532
  已翻 221/819 段
    [tok] #245 入 2,321（新缓存 733 / 读缓存 1,586） 出 466 = 2,787 | 累计 579,529 tok $3.554
  已翻 222/819 段
    [tok] #246 入 2,079（新缓存 491 / 读缓存 1,586） 出 308 = 2,387 | 累计 581,916 tok $3.568
  已翻 223/819 段
    [tok] #247 入 2,018（新缓存 430 / 读缓存 1,586） 出 213 = 2,231 | 累计 584,147 tok $3.580
  已翻 224/819 段
    [tok] #248 入 2,019（新缓存 431 / 读缓存 1,586） 出 154 = 2,173 | 累计 586,320 tok $3.590
  已翻 225/819 段
    [tok] #249 入 2,166（新缓存 578 / 读缓存 1,586） 出 742 = 2,908 | 累计 589,228 tok $3.616
  已翻 226/819 段
    [tok] #250 入 2,191（新缓存 603 / 读缓存 1,586） 出 335 = 2,526 | 累计 591,754 tok $3.633
  已翻 227/819 段
    [tok] #251 入 1,996（新缓存 408 / 读缓存 1,586） 出 212 = 2,208 | 累计 593,962 tok $3.644
  已翻 228/819 段
    [tok] #252 入 2,102（新缓存 514 / 读缓存 1,586） 出 384 = 2,486 | 累计 596,448 tok $3.661
  已翻 229/819 段
    [tok] #253 入 2,354（新缓存 766 / 读缓存 1,586） 出 522 = 2,876 | 累计 599,324 tok $3.684
  已翻 230/819 段
    [tok] #254 入 2,023（新缓存 435 / 读缓存 1,586） 出 192 = 2,215 | 累计 601,539 tok $3.695
  已翻 231/819 段
    [tok] #255 入 1,968（新缓存 380 / 读缓存 1,586） 出 349 = 2,317 | 累计 603,856 tok $3.710
    [tok] #256 入 1,916（新缓存 328 / 读缓存 1,586） 出 120 = 2,036 | 累计 605,892 tok $3.718
  已翻 232/819 段
    [tok] #257 入 2,046（新缓存 458 / 读缓存 1,586） 出 390 = 2,436 | 累计 608,328 tok $3.734
    [tok] #258 入 1,994（新缓存 406 / 读缓存 1,586） 出 201 = 2,195 | 累计 610,523 tok $3.745
  已翻 233/819 段
    [tok] #259 入 2,172（新缓存 584 / 读缓存 1,586） 出 466 = 2,638 | 累计 613,161 tok $3.765
  已翻 234/819 段
    [tok] #260 入 2,317（新缓存 729 / 读缓存 1,586） 出 425 = 2,742 | 累计 615,903 tok $3.785
  已翻 235/819 段
    [tok] #261 入 1,973（新缓存 385 / 读缓存 1,586） 出 117 = 2,090 | 累计 617,993 tok $3.793
  已翻 236/819 段
    [tok] #262 入 2,434（新缓存 846 / 读缓存 1,586） 出 560 = 2,994 | 累计 620,987 tok $3.818
  已翻 237/819 段
    [tok] #263 入 1,888（新缓存 300 / 读缓存 1,586） 出 80 = 1,968 | 累计 622,955 tok $3.825
  已翻 238/819 段
    [tok] #264 入 2,310（新缓存 722 / 读缓存 1,586） 出 506 = 2,816 | 累计 625,771 tok $3.847
  已翻 239/819 段
    [tok] #265 入 1,977（新缓存 389 / 读缓存 1,586） 出 149 = 2,126 | 累计 627,897 tok $3.857
  已翻 240/819 段
    [tok] #266 入 1,929（新缓存 341 / 读缓存 1,586） 出 99 = 2,028 | 累计 629,925 tok $3.864
  已翻 241/819 段
    [tok] #267 入 1,998（新缓存 410 / 读缓存 1,586） 出 371 = 2,369 | 累计 632,294 tok $3.880
  已翻 242/819 段
    [tok] #268 入 1,914（新缓存 326 / 读缓存 1,586） 出 59 = 1,973 | 累计 634,267 tok $3.886
  已翻 243/819 段
    [tok] #269 入 1,898（新缓存 310 / 读缓存 1,586） 出 54 = 1,952 | 累计 636,219 tok $3.893
  已翻 244/819 段
    [tok] #270 入 2,080（新缓存 492 / 读缓存 1,586） 出 256 = 2,336 | 累计 638,555 tok $3.906
  已翻 245/819 段
    [tok] #271 入 1,927（新缓存 339 / 读缓存 1,586） 出 100 = 2,027 | 累计 640,582 tok $3.914
  已翻 246/819 段
    [tok] #272 入 1,904（新缓存 316 / 读缓存 1,586） 出 134 = 2,038 | 累计 642,620 tok $3.922
  已翻 247/819 段
    [tok] #273 入 2,009（新缓存 421 / 读缓存 1,586） 出 279 = 2,288 | 累计 644,908 tok $3.935
  已翻 248/819 段
    [tok] #274 入 2,706（新缓存 1,118 / 读缓存 1,586） 出 821 = 3,527 | 累计 648,435 tok $3.970
  已翻 249/819 段
    [tok] #275 入 2,158（新缓存 570 / 读缓存 1,586） 出 246 = 2,404 | 累计 650,839 tok $3.983
  已翻 250/819 段
    [tok] #276 入 2,010（新缓存 422 / 读缓存 1,586） 出 165 = 2,175 | 累计 653,014 tok $3.994
  已翻 251/819 段
    [tok] #277 入 1,963（新缓存 375 / 读缓存 1,586） 出 179 = 2,142 | 累计 655,156 tok $4.004
  已翻 252/819 段
    [tok] #278 入 2,087（新缓存 499 / 读缓存 1,586） 出 396 = 2,483 | 累计 657,639 tok $4.021
    [tok] #279 入 2,035（新缓存 447 / 读缓存 1,586） 出 369 = 2,404 | 累计 660,043 tok $4.036
  已翻 253/819 段
    [tok] #280 入 2,019（新缓存 431 / 读缓存 1,586） 出 183 = 2,202 | 累计 662,245 tok $4.047
  已翻 254/819 段
    [tok] #281 入 1,945（新缓存 357 / 读缓存 1,586） 出 245 = 2,190 | 累计 664,435 tok $4.059
  已翻 255/819 段
    [tok] #282 入 1,939（新缓存 351 / 读缓存 1,586） 出 90 = 2,029 | 累计 666,464 tok $4.067
  已翻 256/819 段
    [tok] #283 入 1,903（新缓存 315 / 读缓存 1,586） 出 58 = 1,961 | 累计 668,425 tok $4.073
  已翻 257/819 段
    [tok] #284 入 2,247（新缓存 659 / 读缓存 1,586） 出 512 = 2,759 | 累计 671,184 tok $4.095
  已翻 258/819 段
    [tok] #285 入 2,505（新缓存 917 / 读缓存 1,586） 出 682 = 3,187 | 累计 674,371 tok $4.123
  已翻 259/819 段
    [tok] #286 入 2,226（新缓存 638 / 读缓存 1,586） 出 691 = 2,917 | 累计 677,288 tok $4.149
  已翻 260/819 段
    [tok] #287 入 1,911（新缓存 323 / 读缓存 1,586） 出 63 = 1,974 | 累计 679,262 tok $4.156
  已翻 261/819 段
    [tok] #288 入 1,923（新缓存 335 / 读缓存 1,586） 出 82 = 2,005 | 累计 681,267 tok $4.163
  已翻 262/819 段
    [tok] #289 入 1,950（新缓存 362 / 读缓存 1,586） 出 94 = 2,044 | 累计 683,311 tok $4.171
  已翻 263/819 段
    [tok] #290 入 2,114（新缓存 526 / 读缓存 1,586） 出 233 = 2,347 | 累计 685,658 tok $4.184
  已翻 264/819 段
    [tok] #291 入 2,093（新缓存 505 / 读缓存 1,586） 出 362 = 2,455 | 累计 688,113 tok $4.200
    [tok] #292 入 2,041（新缓存 453 / 读缓存 1,586） 出 220 = 2,261 | 累计 690,374 tok $4.212
  已翻 265/819 段
    [tok] #293 入 1,913（新缓存 325 / 读缓存 1,586） 出 66 = 1,979 | 累计 692,353 tok $4.219
  已翻 266/819 段
    [tok] #294 入 2,075（新缓存 487 / 读缓存 1,586） 出 248 = 2,323 | 累计 694,676 tok $4.232
  已翻 267/819 段
    [tok] #295 入 1,968（新缓存 380 / 读缓存 1,586） 出 156 = 2,124 | 累计 696,800 tok $4.241
    [tok] #296 入 1,916（新缓存 328 / 读缓存 1,586） 出 123 = 2,039 | 累计 698,839 tok $4.250
  已翻 268/819 段
    [tok] #297 入 1,929（新缓存 341 / 读缓存 1,586） 出 88 = 2,017 | 累计 700,856 tok $4.257
  已翻 269/819 段
    [tok] #298 入 2,241（新缓存 653 / 读缓存 1,586） 出 550 = 2,791 | 累计 703,647 tok $4.280
  已翻 270/819 段
    [tok] #299 入 2,614（新缓存 1,026 / 读缓存 1,586） 出 777 = 3,391 | 累计 707,038 tok $4.312
  已翻 271/819 段
    [tok] #300 入 2,000（新缓存 412 / 读缓存 1,586） 出 175 = 2,175 | 累计 709,213 tok $4.322
  已翻 272/819 段
    [tok] #301 入 2,072（新缓存 484 / 读缓存 1,586） 出 419 = 2,491 | 累计 711,704 tok $4.339
  已翻 273/819 段
    [tok] #302 入 2,808（新缓存 1,220 / 读缓存 1,586） 出 1,069 = 3,877 | 累计 715,581 tok $4.381
  已翻 274/819 段
    [tok] #303 入 2,397（新缓存 809 / 读缓存 1,586） 出 568 = 2,965 | 累计 718,546 tok $4.405
  已翻 275/819 段
    [tok] #304 入 2,011（新缓存 423 / 读缓存 1,586） 出 156 = 2,167 | 累计 720,713 tok $4.415
  已翻 276/819 段
    [tok] #305 入 1,908（新缓存 320 / 读缓存 1,586） 出 92 = 2,000 | 累计 722,713 tok $4.423
  已翻 277/819 段
    [tok] #306 入 2,096（新缓存 508 / 读缓存 1,586） 出 253 = 2,349 | 累计 725,062 tok $4.436
  已翻 278/819 段
    [tok] #307 入 2,228（新缓存 640 / 读缓存 1,586） 出 388 = 2,616 | 累计 727,678 tok $4.455
  已翻 279/819 段
    [tok] #308 入 1,891（新缓存 303 / 读缓存 1,586） 出 41 = 1,932 | 累计 729,610 tok $4.460
  已翻 280/819 段
    [tok] #309 入 2,192（新缓存 604 / 读缓存 1,586） 出 388 = 2,580 | 累计 732,190 tok $4.478
  已翻 281/819 段
    [tok] #310 入 2,117（新缓存 529 / 读缓存 1,586） 出 288 = 2,405 | 累计 734,595 tok $4.493
    [tok] #311 入 2,065（新缓存 477 / 读缓存 1,586） 出 543 = 2,608 | 累计 737,203 tok $4.513
  已翻 282/819 段
    [tok] #312 入 2,442（新缓存 854 / 读缓存 1,586） 出 591 = 3,033 | 累计 740,236 tok $4.539
  已翻 283/819 段
    [tok] #313 入 1,980（新缓存 392 / 读缓存 1,586） 出 171 = 2,151 | 累计 742,387 tok $4.549
  已翻 284/819 段
    [tok] #314 入 2,016（新缓存 428 / 读缓存 1,586） 出 177 = 2,193 | 累计 744,580 tok $4.560
  已翻 285/819 段
    [tok] #315 入 2,043（新缓存 455 / 读缓存 1,586） 出 193 = 2,236 | 累计 746,816 tok $4.571
  已翻 286/819 段
    [tok] #316 入 2,040（新缓存 452 / 读缓存 1,586） 出 193 = 2,233 | 累计 749,049 tok $4.582
  已翻 287/819 段
    [tok] #317 入 1,960（新缓存 372 / 读缓存 1,586） 出 150 = 2,110 | 累计 751,159 tok $4.592
  已翻 288/819 段
    [tok] #318 入 1,959（新缓存 371 / 读缓存 1,586） 出 155 = 2,114 | 累计 753,273 tok $4.601
  已翻 289/819 段
    [tok] #319 入 1,924（新缓存 336 / 读缓存 1,586） 出 76 = 2,000 | 累计 755,273 tok $4.608
  已翻 290/819 段
    [tok] #320 入 1,969（新缓存 381 / 读缓存 1,586） 出 216 = 2,185 | 累计 757,458 tok $4.619
  已翻 291/819 段
    [tok] #321 入 2,079（新缓存 491 / 读缓存 1,586） 出 260 = 2,339 | 累计 759,797 tok $4.633
  已翻 292/819 段
    [tok] #322 入 2,025（新缓存 437 / 读缓存 1,586） 出 191 = 2,216 | 累计 762,013 tok $4.644
  已翻 293/819 段
    [tok] #323 入 1,984（新缓存 396 / 读缓存 1,586） 出 130 = 2,114 | 累计 764,127 tok $4.653
  已翻 294/819 段
    [tok] #324 入 1,910（新缓存 322 / 读缓存 1,586） 出 68 = 1,978 | 累计 766,105 tok $4.660
  已翻 295/819 段
    [tok] #325 入 1,907（新缓存 319 / 读缓存 1,586） 出 53 = 1,960 | 累计 768,065 tok $4.666
  已翻 296/819 段
    [tok] #326 入 1,934（新缓存 346 / 读缓存 1,586） 出 96 = 2,030 | 累计 770,095 tok $4.674
  已翻 297/819 段
    [tok] #327 入 2,048（新缓存 460 / 读缓存 1,586） 出 235 = 2,283 | 累计 772,378 tok $4.686
  已翻 298/819 段
    [tok] #328 入 2,726（新缓存 1,138 / 读缓存 1,586） 出 1,220 = 3,946 | 累计 776,324 tok $4.731
  已翻 299/819 段
    [tok] #329 入 2,257（新缓存 669 / 读缓存 1,586） 出 429 = 2,686 | 累计 779,010 tok $4.750
    [tok] #330 入 2,205（新缓存 617 / 读缓存 1,586） 出 436 = 2,641 | 累计 781,651 tok $4.770
  已翻 300/819 段
    [tok] #331 入 2,113（新缓存 525 / 读缓存 1,586） 出 314 = 2,427 | 累计 784,078 tok $4.785
  已翻 301/819 段
    [tok] #332 入 2,045（新缓存 457 / 读缓存 1,586） 出 324 = 2,369 | 累计 786,447 tok $4.799
  已翻 302/819 段
    [tok] #333 入 1,950（新缓存 362 / 读缓存 1,586） 出 101 = 2,051 | 累计 788,498 tok $4.807
  已翻 303/819 段
    [tok] #334 入 1,944（新缓存 356 / 读缓存 1,586） 出 146 = 2,090 | 累计 790,588 tok $4.817
  已翻 304/819 段
    [tok] #335 入 1,926（新缓存 338 / 读缓存 1,586） 出 76 = 2,002 | 累计 792,590 tok $4.824
  已翻 305/819 段
    [tok] #336 入 1,909（新缓存 321 / 读缓存 1,586） 出 58 = 1,967 | 累计 794,557 tok $4.830
  已翻 306/819 段
    [tok] #337 入 1,944（新缓存 356 / 读缓存 1,586） 出 90 = 2,034 | 累计 796,591 tok $4.838
  已翻 307/819 段
    [tok] #338 入 1,900（新缓存 312 / 读缓存 1,586） 出 48 = 1,948 | 累计 798,539 tok $4.844
  已翻 308/819 段
    [tok] #339 入 1,940（新缓存 352 / 读缓存 1,586） 出 79 = 2,019 | 累计 800,558 tok $4.852
  已翻 309/819 段
    [tok] #340 入 2,383（新缓存 795 / 读缓存 1,586） 出 904 = 3,287 | 累计 803,845 tok $4.884
  已翻 310/819 段
    [tok] #341 入 2,021（新缓存 433 / 读缓存 1,586） 出 165 = 2,186 | 累计 806,031 tok $4.895
  已翻 311/819 段
    [tok] #342 入 2,278（新缓存 690 / 读缓存 1,586） 出 451 = 2,729 | 累计 808,760 tok $4.915
  已翻 312/819 段
    [tok] #343 入 1,996（新缓存 408 / 读缓存 1,586） 出 377 = 2,373 | 累计 811,133 tok $4.931
    [tok] #344 入 1,944（新缓存 356 / 读缓存 1,586） 出 161 = 2,105 | 累计 813,238 tok $4.940
  已翻 313/819 段
    [tok] #345 入 1,934（新缓存 346 / 读缓存 1,586） 出 87 = 2,021 | 累计 815,259 tok $4.947
  已翻 314/819 段
    [tok] #346 入 1,983（新缓存 395 / 读缓存 1,586） 出 152 = 2,135 | 累计 817,394 tok $4.957
  已翻 315/819 段
    [tok] #347 入 1,999（新缓存 411 / 读缓存 1,586） 出 141 = 2,140 | 累计 819,534 tok $4.967
  已翻 316/819 段
    [tok] #348 入 2,204（新缓存 616 / 读缓存 1,586） 出 382 = 2,586 | 累计 822,120 tok $4.985
  已翻 317/819 段
    [tok] #349 入 2,229（新缓存 641 / 读缓存 1,586） 出 548 = 2,777 | 累计 824,897 tok $5.007
  已翻 318/819 段
    [tok] #350 入 2,220（新缓存 632 / 读缓存 1,586） 出 478 = 2,698 | 累计 827,595 tok $5.027
  已翻 319/819 段
    [tok] #351 入 1,964（新缓存 376 / 读缓存 1,586） 出 113 = 2,077 | 累计 829,672 tok $5.036
  已翻 320/819 段
    [tok] #352 入 2,086（新缓存 498 / 读缓存 1,586） 出 248 = 2,334 | 累计 832,006 tok $5.049
  已翻 321/819 段
    [tok] #353 入 2,046（新缓存 458 / 读缓存 1,586） 出 290 = 2,336 | 累计 834,342 tok $5.063
  已翻 322/819 段
    [tok] #354 入 2,049（新缓存 461 / 读缓存 1,586） 出 237 = 2,286 | 累计 836,628 tok $5.075
    [tok] #355 入 1,997（新缓存 409 / 读缓存 1,586） 出 226 = 2,223 | 累计 838,851 tok $5.087
  已翻 323/819 段
    [tok] #356 入 2,081（新缓存 493 / 读缓存 1,586） 出 395 = 2,476 | 累计 841,327 tok $5.104
  已翻 324/819 段
    [tok] #357 入 1,965（新缓存 377 / 读缓存 1,586） 出 270 = 2,235 | 累计 843,562 tok $5.116
  已翻 325/819 段
    [tok] #358 入 1,943（新缓存 355 / 读缓存 1,586） 出 80 = 2,023 | 累计 845,585 tok $5.124
  已翻 326/819 段
    [tok] #359 入 1,967（新缓存 379 / 读缓存 1,586） 出 110 = 2,077 | 累计 847,662 tok $5.132
  已翻 327/819 段
    [tok] #360 入 1,939（新缓存 351 / 读缓存 1,586） 出 87 = 2,026 | 累计 849,688 tok $5.140
  已翻 328/819 段
    [tok] #361 入 2,116（新缓存 528 / 读缓存 1,586） 出 366 = 2,482 | 累计 852,170 tok $5.156
    [tok] #362 入 2,064（新缓存 476 / 读缓存 1,586） 出 285 = 2,349 | 累计 854,519 tok $5.170
  已翻 329/819 段
    [tok] #363 入 2,209（新缓存 621 / 读缓存 1,586） 出 551 = 2,760 | 累计 857,279 tok $5.192
    [tok] #364 入 2,157（新缓存 569 / 读缓存 1,586） 出 394 = 2,551 | 累计 859,830 tok $5.210
  已翻 330/819 段
    [tok] #365 入 2,019（新缓存 431 / 读缓存 1,586） 出 163 = 2,182 | 累计 862,012 tok $5.220
    [tok] #366 入 1,967（新缓存 379 / 读缓存 1,586） 出 535 = 2,502 | 累计 864,514 tok $5.239
  已翻 331/819 段
    [tok] #367 入 2,054（新缓存 466 / 读缓存 1,586） 出 213 = 2,267 | 累计 866,781 tok $5.251
  已翻 332/819 段
    [tok] #368 入 1,956（新缓存 368 / 读缓存 1,586） 出 113 = 2,069 | 累计 868,850 tok $5.260
  已翻 333/819 段
    [tok] #369 入 2,389（新缓存 801 / 读缓存 1,586） 出 528 = 2,917 | 累计 871,767 tok $5.283
    [tok] #370 入 2,337（新缓存 749 / 读缓存 1,586） 出 551 = 2,888 | 累计 874,655 tok $5.306
  已翻 334/819 段
    [tok] #371 入 2,204（新缓存 616 / 读缓存 1,586） 出 977 = 3,181 | 累计 877,836 tok $5.339
  已翻 335/819 段
    [tok] #372 入 2,047（新缓存 459 / 读缓存 1,586） 出 230 = 2,277 | 累计 880,113 tok $5.351
    [tok] #373 入 1,995（新缓存 407 / 读缓存 1,586） 出 169 = 2,164 | 累计 882,277 tok $5.362
  已翻 336/819 段
    [tok] #374 入 2,095（新缓存 507 / 读缓存 1,586） 出 272 = 2,367 | 累计 884,644 tok $5.376
  已翻 337/819 段
    [tok] #375 入 2,014（新缓存 426 / 读缓存 1,586） 出 435 = 2,449 | 累计 887,093 tok $5.393
  已翻 338/819 段
    [tok] #376 入 1,992（新缓存 404 / 读缓存 1,586） 出 149 = 2,141 | 累计 889,234 tok $5.402
  已翻 339/819 段
    [tok] #377 入 1,974（新缓存 386 / 读缓存 1,586） 出 197 = 2,171 | 累计 891,405 tok $5.413
  已翻 340/819 段
    [tok] #378 入 2,141（新缓存 553 / 读缓存 1,586） 出 293 = 2,434 | 累计 893,839 tok $5.428
  已翻 341/819 段
    [tok] #379 入 1,967（新缓存 379 / 读缓存 1,586） 出 107 = 2,074 | 累计 895,913 tok $5.436
  已翻 342/819 段
    [tok] #380 入 1,923（新缓存 335 / 读缓存 1,586） 出 100 = 2,023 | 累计 897,936 tok $5.444
  已翻 343/819 段
    [tok] #381 入 2,146（新缓存 558 / 读缓存 1,586） 出 660 = 2,806 | 累计 900,742 tok $5.468
  已翻 344/819 段
    [tok] #382 入 2,009（新缓存 421 / 读缓存 1,586） 出 157 = 2,166 | 累计 902,908 tok $5.478
  已翻 345/819 段
    [tok] #383 入 1,897（新缓存 309 / 读缓存 1,586） 出 45 = 1,942 | 累计 904,850 tok $5.484
    [tok] #384 入 1,845（新缓存 257 / 读缓存 1,586） 出 41 = 1,886 | 累计 906,736 tok $5.490
  已翻 346/819 段
    [tok] #385 入 2,007（新缓存 419 / 读缓存 1,586） 出 224 = 2,231 | 累计 908,967 tok $5.502
  已翻 347/819 段
    [tok] #386 入 1,976（新缓存 388 / 读缓存 1,586） 出 156 = 2,132 | 累计 911,099 tok $5.511
  已翻 348/819 段
    [tok] #387 入 2,322（新缓存 734 / 读缓存 1,586） 出 467 = 2,789 | 累计 913,888 tok $5.533
  已翻 349/819 段
    [tok] #388 入 2,103（新缓存 515 / 读缓存 1,586） 出 283 = 2,386 | 累计 916,274 tok $5.547
  已翻 350/819 段
    [tok] #389 入 1,887（新缓存 299 / 读缓存 1,586） 出 41 = 1,928 | 累计 918,202 tok $5.553
  已翻 351/819 段
    [tok] #390 入 2,319（新缓存 731 / 读缓存 1,586） 出 455 = 2,774 | 累计 920,976 tok $5.574
  已翻 352/819 段
    [tok] #391 入 2,269（新缓存 681 / 读缓存 1,586） 出 442 = 2,711 | 累计 923,687 tok $5.594
  已翻 353/819 段
    [tok] #392 入 2,153（新缓存 565 / 读缓存 1,586） 出 584 = 2,737 | 累计 926,424 tok $5.616
  已翻 354/819 段
    [tok] #393 入 2,073（新缓存 485 / 读缓存 1,586） 出 657 = 2,730 | 累计 929,154 tok $5.639
  已翻 355/819 段
    [tok] #394 入 1,999（新缓存 411 / 读缓存 1,586） 出 397 = 2,396 | 累计 931,550 tok $5.655
  已翻 356/819 段
    [tok] #395 入 1,918（新缓存 330 / 读缓存 1,586） 出 72 = 1,990 | 累计 933,540 tok $5.662
  已翻 357/819 段
    [tok] #396 入 2,198（新缓存 610 / 读缓存 1,586） 出 373 = 2,571 | 累计 936,111 tok $5.680
  已翻 358/819 段
    [tok] #397 入 2,137（新缓存 549 / 读缓存 1,586） 出 571 = 2,708 | 累计 938,819 tok $5.702
  已翻 359/819 段
    [tok] #398 入 2,161（新缓存 573 / 读缓存 1,586） 出 825 = 2,986 | 累计 941,805 tok $5.730
  已翻 360/819 段
    [tok] #399 入 1,922（新缓存 334 / 读缓存 1,586） 出 129 = 2,051 | 累计 943,856 tok $5.738
  已翻 361/819 段
    [tok] #400 入 1,977（新缓存 389 / 读缓存 1,586） 出 141 = 2,118 | 累计 945,974 tok $5.748
  已翻 362/819 段
    [tok] #401 入 1,999（新缓存 411 / 读缓存 1,586） 出 310 = 2,309 | 累计 948,283 tok $5.762
    [tok] #402 入 1,947（新缓存 359 / 读缓存 1,586） 出 151 = 2,098 | 累计 950,381 tok $5.771
  已翻 363/819 段
    [tok] #403 入 1,912（新缓存 324 / 读缓存 1,586） 出 66 = 1,978 | 累计 952,359 tok $5.778
  已翻 364/819 段
    [tok] #404 入 1,945（新缓存 357 / 读缓存 1,586） 出 78 = 2,023 | 累计 954,382 tok $5.785
  已翻 365/819 段
    [tok] #405 入 2,017（新缓存 429 / 读缓存 1,586） 出 197 = 2,214 | 累计 956,596 tok $5.796
  已翻 366/819 段
    [tok] #406 入 2,234（新缓存 646 / 读缓存 1,586） 出 397 = 2,631 | 累计 959,227 tok $5.815
    [tok] #407 入 2,182（新缓存 594 / 读缓存 1,586） 出 363 = 2,545 | 累计 961,772 tok $5.832
  已翻 367/819 段
    [tok] #408 入 1,918（新缓存 330 / 读缓存 1,586） 出 60 = 1,978 | 累计 963,750 tok $5.838
  已翻 368/819 段
    [tok] #409 入 2,246（新缓存 658 / 读缓存 1,586） 出 460 = 2,706 | 累计 966,456 tok $5.859
  已翻 369/819 段
    [tok] #410 入 2,416（新缓存 828 / 读缓存 1,586） 出 895 = 3,311 | 累计 969,767 tok $5.892
    [tok] #411 入 2,364（新缓存 776 / 读缓存 1,586） 出 866 = 3,230 | 累计 972,997 tok $5.923
  已翻 370/819 段
    [tok] #412 入 1,909（新缓存 321 / 读缓存 1,586） 出 89 = 1,998 | 累计 974,995 tok $5.931
  已翻 371/819 段
    [tok] #413 入 1,998（新缓存 410 / 读缓存 1,586） 出 142 = 2,140 | 累计 977,135 tok $5.940
  已翻 372/819 段
    [tok] #414 入 2,074（新缓存 486 / 读缓存 1,586） 出 448 = 2,522 | 累计 979,657 tok $5.958
  已翻 373/819 段
    [tok] #415 入 2,120（新缓存 532 / 读缓存 1,586） 出 275 = 2,395 | 累计 982,052 tok $5.972
  已翻 374/819 段
    [tok] #416 入 1,988（新缓存 400 / 读缓存 1,586） 出 130 = 2,118 | 累计 984,170 tok $5.982
  已翻 375/819 段
    [tok] #417 入 2,217（新缓存 629 / 读缓存 1,586） 出 382 = 2,599 | 累计 986,769 tok $6.000
  已翻 376/819 段
    [tok] #418 入 1,904（新缓存 316 / 读缓存 1,586） 出 74 = 1,978 | 累计 988,747 tok $6.007
  已翻 377/819 段
    [tok] #419 入 2,164（新缓存 576 / 读缓存 1,586） 出 331 = 2,495 | 累计 991,242 tok $6.023
  已翻 378/819 段
    [tok] #420 入 2,034（新缓存 446 / 读缓存 1,586） 出 184 = 2,218 | 累计 993,460 tok $6.034
  已翻 379/819 段
    [tok] #421 入 2,340（新缓存 752 / 读缓存 1,586） 出 476 = 2,816 | 累计 996,276 tok $6.055
  已翻 380/819 段
    [tok] #422 入 1,974（新缓存 386 / 读缓存 1,586） 出 141 = 2,115 | 累计 998,391 tok $6.065
  已翻 381/819 段
    [tok] #423 入 1,924（新缓存 336 / 读缓存 1,586） 出 61 = 1,985 | 累计 1,000,376 tok $6.071
  已翻 382/819 段
    [tok] #424 入 2,113（新缓存 525 / 读缓存 1,586） 出 242 = 2,355 | 累计 1,002,731 tok $6.085
  已翻 383/819 段
    [tok] #425 入 1,939（新缓存 351 / 读缓存 1,586） 出 113 = 2,052 | 累计 1,004,783 tok $6.093
  已翻 384/819 段
    [tok] #426 入 1,915（新缓存 327 / 读缓存 1,586） 出 62 = 1,977 | 累计 1,006,760 tok $6.100
  已翻 385/819 段
    [tok] #427 入 1,892（新缓存 304 / 读缓存 1,586） 出 41 = 1,933 | 累计 1,008,693 tok $6.106
  已翻 386/819 段
    [tok] #428 入 1,908（新缓存 320 / 读缓存 1,586） 出 66 = 1,974 | 累计 1,010,667 tok $6.112
  已翻 387/819 段
    [tok] #429 入 1,909（新缓存 321 / 读缓存 1,586） 出 58 = 1,967 | 累计 1,012,634 tok $6.119
  已翻 388/819 段
    [tok] #430 入 2,121（新缓存 533 / 读缓存 1,586） 出 386 = 2,507 | 累计 1,015,141 tok $6.136
    [tok] #431 入 2,069（新缓存 481 / 读缓存 1,586） 出 242 = 2,311 | 累计 1,017,452 tok $6.149
  已翻 389/819 段
    [tok] #432 入 1,988（新缓存 400 / 读缓存 1,586） 出 346 = 2,334 | 累计 1,019,786 tok $6.163
    [tok] #433 入 1,936（新缓存 348 / 读缓存 1,586） 出 145 = 2,081 | 累计 1,021,867 tok $6.172
  已翻 390/819 段
    [tok] #434 入 1,941（新缓存 353 / 读缓存 1,586） 出 94 = 2,035 | 累计 1,023,902 tok $6.180
  已翻 391/819 段
    [tok] #435 入 1,956（新缓存 368 / 读缓存 1,586） 出 180 = 2,136 | 累计 1,026,038 tok $6.190
  已翻 392/819 段
    [tok] #436 入 1,995（新缓存 407 / 读缓存 1,586） 出 172 = 2,167 | 累计 1,028,205 tok $6.201
  已翻 393/819 段
    [tok] #437 入 2,189（新缓存 601 / 读缓存 1,586） 出 403 = 2,592 | 累计 1,030,797 tok $6.219
  已翻 394/819 段
    [tok] #438 入 1,929（新缓存 341 / 读缓存 1,586） 出 91 = 2,020 | 累计 1,032,817 tok $6.226
  已翻 395/819 段
    [tok] #439 入 1,927（新缓存 339 / 读缓存 1,586） 出 86 = 2,013 | 累计 1,034,830 tok $6.234
  已翻 396/819 段
    [tok] #440 入 2,148（新缓存 560 / 读缓存 1,586） 出 744 = 2,892 | 累计 1,037,722 tok $6.260
  已翻 397/819 段
    [tok] #441 入 1,995（新缓存 407 / 读缓存 1,586） 出 156 = 2,151 | 累计 1,039,873 tok $6.270
    [tok] #442 入 1,943（新缓存 355 / 读缓存 1,586） 出 173 = 2,116 | 累计 1,041,989 tok $6.280
  已翻 398/819 段
    [tok] #443 入 2,006（新缓存 418 / 读缓存 1,586） 出 413 = 2,419 | 累计 1,044,408 tok $6.296
    [tok] #444 入 1,954（新缓存 366 / 读缓存 1,586） 出 185 = 2,139 | 累计 1,046,547 tok $6.306
  已翻 399/819 段
    [tok] #445 入 1,951（新缓存 363 / 读缓存 1,586） 出 427 = 2,378 | 累计 1,048,925 tok $6.323
  已翻 400/819 段
    [tok] #446 入 1,945（新缓存 357 / 读缓存 1,586） 出 100 = 2,045 | 累计 1,050,970 tok $6.331
  已翻 401/819 段
    [tok] #447 入 1,898（新缓存 310 / 读缓存 1,586） 出 138 = 2,036 | 累计 1,053,006 tok $6.339
  已翻 402/819 段
    [tok] #448 入 1,922（新缓存 334 / 读缓存 1,586） 出 71 = 1,993 | 累计 1,054,999 tok $6.346
  已翻 403/819 段
    [tok] #449 入 1,903（新缓存 315 / 读缓存 1,586） 出 111 = 2,014 | 累计 1,057,013 tok $6.354
  已翻 404/819 段
    [tok] #450 入 2,343（新缓存 755 / 读缓存 1,586） 出 521 = 2,864 | 累计 1,059,877 tok $6.377
  已翻 405/819 段
    [tok] #451 入 2,137（新缓存 549 / 读缓存 1,586） 出 326 = 2,463 | 累计 1,062,340 tok $6.392
  已翻 406/819 段
    [tok] #452 入 2,295（新缓存 707 / 读缓存 1,586） 出 429 = 2,724 | 累计 1,065,064 tok $6.412
  已翻 407/819 段
    [tok] #453 入 1,993（新缓存 405 / 读缓存 1,586） 出 143 = 2,136 | 累计 1,067,200 tok $6.422
  已翻 408/819 段
    [tok] #454 入 2,103（新缓存 515 / 读缓存 1,586） 出 262 = 2,365 | 累计 1,069,565 tok $6.435
  已翻 409/819 段
    [tok] #455 入 2,604（新缓存 1,016 / 读缓存 1,586） 出 775 = 3,379 | 累计 1,072,944 tok $6.467
  已翻 410/819 段
    [tok] #456 入 2,241（新缓存 653 / 读缓存 1,586） 出 405 = 2,646 | 累计 1,075,590 tok $6.486
  已翻 411/819 段
    [tok] #457 入 2,192（新缓存 604 / 读缓存 1,586） 出 644 = 2,836 | 累计 1,078,426 tok $6.510
  已翻 412/819 段
    [tok] #458 入 2,631（新缓存 1,043 / 读缓存 1,586） 出 839 = 3,470 | 累计 1,081,896 tok $6.544
  已翻 413/819 段
    [tok] #459 入 1,955（新缓存 367 / 读缓存 1,586） 出 93 = 2,048 | 累计 1,083,944 tok $6.552
  已翻 414/819 段
    [tok] #460 入 1,907（新缓存 319 / 读缓存 1,586） 出 49 = 1,956 | 累计 1,085,900 tok $6.558
  已翻 415/819 段
    [tok] #461 入 2,152（新缓存 564 / 读缓存 1,586） 出 308 = 2,460 | 累计 1,088,360 tok $6.574
    [tok] #462 入 2,100（新缓存 512 / 读缓存 1,586） 出 327 = 2,427 | 累计 1,090,787 tok $6.589
  已翻 416/819 段
    [tok] #463 入 1,968（新缓存 380 / 读缓存 1,586） 出 189 = 2,157 | 累计 1,092,944 tok $6.600
  已翻 417/819 段
    [tok] #464 入 2,015（新缓存 427 / 读缓存 1,586） 出 176 = 2,191 | 累计 1,095,135 tok $6.610
  已翻 418/819 段
    [tok] #465 入 1,944（新缓存 356 / 读缓存 1,586） 出 89 = 2,033 | 累计 1,097,168 tok $6.618
  已翻 419/819 段
    [tok] #466 入 1,944（新缓存 356 / 读缓存 1,586） 出 92 = 2,036 | 累计 1,099,204 tok $6.626
  已翻 420/819 段
    [tok] #467 入 2,045（新缓存 457 / 读缓存 1,586） 出 211 = 2,256 | 累计 1,101,460 tok $6.637
  已翻 421/819 段
    [tok] #468 入 1,984（新缓存 396 / 读缓存 1,586） 出 217 = 2,201 | 累计 1,103,661 tok $6.649
  已翻 422/819 段
    [tok] #469 入 2,118（新缓存 530 / 读缓存 1,586） 出 594 = 2,712 | 累计 1,106,373 tok $6.671
  已翻 423/819 段
    [tok] #470 入 2,006（新缓存 418 / 读缓存 1,586） 出 181 = 2,187 | 累计 1,108,560 tok $6.682
  已翻 424/819 段
    [tok] #471 入 1,955（新缓存 367 / 读缓存 1,586） 出 227 = 2,182 | 累计 1,110,742 tok $6.693
  已翻 425/819 段
    [tok] #472 入 2,024（新缓存 436 / 读缓存 1,586） 出 184 = 2,208 | 累计 1,112,950 tok $6.704
  已翻 426/819 段
    [tok] #473 入 1,925（新缓存 337 / 读缓存 1,586） 出 69 = 1,994 | 累计 1,114,944 tok $6.711
  已翻 427/819 段
    [tok] #474 入 2,037（新缓存 449 / 读缓存 1,586） 出 215 = 2,252 | 累计 1,117,196 tok $6.723
  已翻 428/819 段
    [tok] #475 入 1,934（新缓存 346 / 读缓存 1,586） 出 83 = 2,017 | 累计 1,119,213 tok $6.730
  已翻 429/819 段
    [tok] #476 入 1,931（新缓存 343 / 读缓存 1,586） 出 104 = 2,035 | 累计 1,121,248 tok $6.738
  已翻 430/819 段
    [tok] #477 入 1,888（新缓存 300 / 读缓存 1,586） 出 37 = 1,925 | 累计 1,123,173 tok $6.744
  已翻 431/819 段
    [tok] #478 入 2,114（新缓存 526 / 读缓存 1,586） 出 322 = 2,436 | 累计 1,125,609 tok $6.759
  已翻 432/819 段
    [tok] #479 入 2,159（新缓存 571 / 读缓存 1,586） 出 316 = 2,475 | 累计 1,128,084 tok $6.775
  已翻 433/819 段
    [tok] #480 入 2,091（新缓存 503 / 读缓存 1,586） 出 294 = 2,385 | 累计 1,130,469 tok $6.789
    [tok] #481 入 2,039（新缓存 451 / 读缓存 1,586） 出 209 = 2,248 | 累计 1,132,717 tok $6.801
  已翻 434/819 段
    [tok] #482 入 2,247（新缓存 659 / 读缓存 1,586） 出 389 = 2,636 | 累计 1,135,353 tok $6.819
  已翻 435/819 段
    [tok] #483 入 2,344（新缓存 756 / 读缓存 1,586） 出 510 = 2,854 | 累计 1,138,207 tok $6.842
  已翻 436/819 段
    [tok] #484 入 2,001（新缓存 413 / 读缓存 1,586） 出 177 = 2,178 | 累计 1,140,385 tok $6.852
  已翻 437/819 段
    [tok] #485 入 1,972（新缓存 384 / 读缓存 1,586） 出 117 = 2,089 | 累计 1,142,474 tok $6.861
  已翻 438/819 段
    [tok] #486 入 2,028（新缓存 440 / 读缓存 1,586） 出 174 = 2,202 | 累计 1,144,676 tok $6.872
  已翻 439/819 段
    [tok] #487 入 1,995（新缓存 407 / 读缓存 1,586） 出 199 = 2,194 | 累计 1,146,870 tok $6.883
  已翻 440/819 段
    [tok] #488 入 2,906（新缓存 1,318 / 读缓存 1,586） 出 1,126 = 4,032 | 累计 1,150,902 tok $6.927
  已翻 441/819 段
    [tok] #489 入 1,958（新缓存 370 / 读缓存 1,586） 出 108 = 2,066 | 累计 1,152,968 tok $6.935
  已翻 442/819 段
    [tok] #490 入 2,437（新缓存 849 / 读缓存 1,586） 出 744 = 3,181 | 累计 1,156,149 tok $6.965
  已翻 443/819 段
    [tok] #491 入 1,938（新缓存 350 / 读缓存 1,586） 出 83 = 2,021 | 累计 1,158,170 tok $6.972
  已翻 444/819 段
    [tok] #492 入 1,937（新缓存 349 / 读缓存 1,586） 出 80 = 2,017 | 累计 1,160,187 tok $6.979
  已翻 445/819 段
    [tok] #493 入 1,997（新缓存 409 / 读缓存 1,586） 出 313 = 2,310 | 累计 1,162,497 tok $6.993
  已翻 446/819 段
    [tok] #494 入 1,926（新缓存 338 / 读缓存 1,586） 出 132 = 2,058 | 累计 1,164,555 tok $7.002
    [tok] #495 入 1,874（新缓存 286 / 读缓存 1,586） 出 484 = 2,358 | 累计 1,166,913 tok $7.019
  已翻 447/819 段
    [tok] #496 入 1,965（新缓存 377 / 读缓存 1,586） 出 113 = 2,078 | 累计 1,168,991 tok $7.027
    [tok] #497 入 1,913（新缓存 325 / 读缓存 1,586） 出 114 = 2,027 | 累计 1,171,018 tok $7.035
  已翻 448/819 段
    [tok] #498 入 2,043（新缓存 455 / 读缓存 1,586） 出 311 = 2,354 | 累计 1,173,372 tok $7.049
  已翻 449/819 段
    [tok] #499 入 1,922（新缓存 334 / 读缓存 1,586） 出 60 = 1,982 | 累计 1,175,354 tok $7.056
  已翻 450/819 段
    [tok] #500 入 1,940（新缓存 352 / 读缓存 1,586） 出 77 = 2,017 | 累计 1,177,371 tok $7.064
  已翻 451/819 段
    [tok] #501 入 2,072（新缓存 484 / 读缓存 1,586） 出 180 = 2,252 | 累计 1,179,623 tok $7.075
  已翻 452/819 段
    [tok] #502 入 2,001（新缓存 413 / 读缓存 1,586） 出 207 = 2,208 | 累计 1,181,831 tok $7.086
  已翻 453/819 段
    [tok] #503 入 2,200（新缓存 612 / 读缓存 1,586） 出 433 = 2,633 | 累计 1,184,464 tok $7.105
  已翻 454/819 段
    [tok] #504 入 2,026（新缓存 438 / 读缓存 1,586） 出 150 = 2,176 | 累计 1,186,640 tok $7.115
  已翻 455/819 段
    [tok] #505 入 1,884（新缓存 296 / 读缓存 1,586） 出 33 = 1,917 | 累计 1,188,557 tok $7.121
  已翻 456/819 段
    [tok] #506 入 2,097（新缓存 509 / 读缓存 1,586） 出 436 = 2,533 | 累计 1,191,090 tok $7.139
    [tok] #507 入 2,045（新缓存 457 / 读缓存 1,586） 出 485 = 2,530 | 累计 1,193,620 tok $7.158
  已翻 457/819 段
    [tok] #508 入 2,013（新缓存 425 / 读缓存 1,586） 出 236 = 2,249 | 累计 1,195,869 tok $7.170
  已翻 458/819 段
    [tok] #509 入 1,954（新缓存 366 / 读缓存 1,586） 出 102 = 2,056 | 累计 1,197,925 tok $7.178
  已翻 459/819 段
    [tok] #510 入 1,954（新缓存 366 / 读缓存 1,586） 出 130 = 2,084 | 累计 1,200,009 tok $7.187
  已翻 460/819 段
    [tok] #511 入 1,946（新缓存 358 / 读缓存 1,586） 出 119 = 2,065 | 累计 1,202,074 tok $7.195
  已翻 461/819 段
    [tok] #512 入 2,293（新缓存 705 / 读缓存 1,586） 出 720 = 3,013 | 累计 1,205,087 tok $7.222
  已翻 462/819 段
    [tok] #513 入 2,298（新缓存 710 / 读缓存 1,586） 出 506 = 2,804 | 累计 1,207,891 tok $7.244
  已翻 463/819 段
    [tok] #514 入 2,162（新缓存 574 / 读缓存 1,586） 出 337 = 2,499 | 累计 1,210,390 tok $7.261
  已翻 464/819 段
    [tok] #515 入 2,067（新缓存 479 / 读缓存 1,586） 出 214 = 2,281 | 累计 1,212,671 tok $7.273
  已翻 465/819 段
    [tok] #516 入 1,962（新缓存 374 / 读缓存 1,586） 出 153 = 2,115 | 累计 1,214,786 tok $7.282
  已翻 466/819 段
    [tok] #517 入 1,966（新缓存 378 / 读缓存 1,586） 出 132 = 2,098 | 累计 1,216,884 tok $7.291
  已翻 467/819 段
    [tok] #518 入 2,159（新缓存 571 / 读缓存 1,586） 出 262 = 2,421 | 累计 1,219,305 tok $7.306
  已翻 468/819 段
    [tok] #519 入 2,020（新缓存 432 / 读缓存 1,586） 出 208 = 2,228 | 累计 1,221,533 tok $7.317
  已翻 469/819 段
    [tok] #520 入 2,066（新缓存 478 / 读缓存 1,586） 出 164 = 2,230 | 累计 1,223,763 tok $7.328
  已翻 470/819 段
    [tok] #521 入 2,170（新缓存 582 / 读缓存 1,586） 出 373 = 2,543 | 累计 1,226,306 tok $7.345
  已翻 471/819 段
    [tok] #522 入 2,007（新缓存 419 / 读缓存 1,586） 出 190 = 2,197 | 累计 1,228,503 tok $7.356
  已翻 472/819 段
    [tok] #523 入 1,942（新缓存 354 / 读缓存 1,586） 出 85 = 2,027 | 累计 1,230,530 tok $7.364
  已翻 473/819 段
    [tok] #524 入 2,398（新缓存 810 / 读缓存 1,586） 出 714 = 3,112 | 累计 1,233,642 tok $7.392
    [tok] #525 入 2,346（新缓存 758 / 读缓存 1,586） 出 889 = 3,235 | 累计 1,236,877 tok $7.424
  已翻 474/819 段
    [tok] #526 入 1,944（新缓存 356 / 读缓存 1,586） 出 104 = 2,048 | 累计 1,238,925 tok $7.432
  已翻 475/819 段
    [tok] #527 入 2,097（新缓存 509 / 读缓存 1,586） 出 235 = 2,332 | 累计 1,241,257 tok $7.445
  已翻 476/819 段
    [tok] #528 入 2,104（新缓存 516 / 读缓存 1,586） 出 255 = 2,359 | 累计 1,243,616 tok $7.459
  已翻 477/819 段
    [tok] #529 入 2,171（新缓存 583 / 读缓存 1,586） 出 472 = 2,643 | 累计 1,246,259 tok $7.478
    [tok] #530 入 2,119（新缓存 531 / 读缓存 1,586） 出 316 = 2,435 | 累计 1,248,694 tok $7.494
  已翻 478/819 段
    [tok] #531 入 1,972（新缓存 384 / 读缓存 1,586） 出 127 = 2,099 | 累计 1,250,793 tok $7.502
  已翻 479/819 段
    [tok] #532 入 2,144（新缓存 556 / 读缓存 1,586） 出 776 = 2,920 | 累计 1,253,713 tok $7.529
    [tok] #533 入 2,092（新缓存 504 / 读缓存 1,586） 出 811 = 2,903 | 累计 1,256,616 tok $7.557
  已翻 480/819 段
    [tok] #534 入 1,883（新缓存 295 / 读缓存 1,586） 出 27 = 1,910 | 累计 1,258,526 tok $7.562
  已翻 481/819 段
    [tok] #535 入 1,987（新缓存 399 / 读缓存 1,586） 出 155 = 2,142 | 累计 1,260,668 tok $7.572
  已翻 482/819 段
    [tok] #536 入 1,904（新缓存 316 / 读缓存 1,586） 出 56 = 1,960 | 累计 1,262,628 tok $7.578
  已翻 483/819 段
    [tok] #537 入 1,918（新缓存 330 / 读缓存 1,586） 出 74 = 1,992 | 累计 1,264,620 tok $7.586
  已翻 484/819 段
    [tok] #538 入 1,956（新缓存 368 / 读缓存 1,586） 出 117 = 2,073 | 累计 1,266,693 tok $7.594
  已翻 485/819 段
    [tok] #539 入 2,134（新缓存 546 / 读缓存 1,586） 出 287 = 2,421 | 累计 1,269,114 tok $7.609
  已翻 486/819 段
    [tok] #540 入 1,890（新缓存 302 / 读缓存 1,586） 出 41 = 1,931 | 累计 1,271,045 tok $7.615
  已翻 487/819 段
    [tok] #541 入 1,953（新缓存 365 / 读缓存 1,586） 出 633 = 2,586 | 累计 1,273,631 tok $7.636
    [tok] #542 入 1,901（新缓存 313 / 读缓存 1,586） 出 389 = 2,290 | 累计 1,275,921 tok $7.651
  已翻 488/819 段
    [tok] #543 入 1,934（新缓存 346 / 读缓存 1,586） 出 84 = 2,018 | 累计 1,277,939 tok $7.658
  已翻 489/819 段
    [tok] #544 入 1,983（新缓存 395 / 读缓存 1,586） 出 606 = 2,589 | 累计 1,280,528 tok $7.679
  已翻 490/819 段
    [tok] #545 入 2,062（新缓存 474 / 读缓存 1,586） 出 220 = 2,282 | 累计 1,282,810 tok $7.691
  已翻 491/819 段
    [tok] #546 入 2,096（新缓存 508 / 读缓存 1,586） 出 435 = 2,531 | 累计 1,285,341 tok $7.709
  已翻 492/819 段
    [tok] #547 入 2,198（新缓存 610 / 读缓存 1,586） 出 376 = 2,574 | 累计 1,287,915 tok $7.727
  已翻 493/819 段
    [tok] #548 入 1,951（新缓存 363 / 读缓存 1,586） 出 115 = 2,066 | 累计 1,289,981 tok $7.735
  已翻 494/819 段
    [tok] #549 入 2,003（新缓存 415 / 读缓存 1,586） 出 151 = 2,154 | 累计 1,292,135 tok $7.745
  已翻 495/819 段
    [tok] #550 入 1,890（新缓存 302 / 读缓存 1,586） 出 68 = 1,958 | 累计 1,294,093 tok $7.752
  已翻 496/819 段
    [tok] #551 入 2,142（新缓存 554 / 读缓存 1,586） 出 411 = 2,553 | 累计 1,296,646 tok $7.770
  已翻 497/819 段
    [tok] #552 入 2,264（新缓存 676 / 读缓存 1,586） 出 886 = 3,150 | 累计 1,299,796 tok $7.801
    [tok] #553 入 2,212（新缓存 624 / 读缓存 1,586） 出 616 = 2,828 | 累计 1,302,624 tok $7.825
  已翻 498/819 段
    [tok] #554 入 1,979（新缓存 391 / 读缓存 1,586） 出 146 = 2,125 | 累计 1,304,749 tok $7.834
  已翻 499/819 段
    [tok] #555 入 1,946（新缓存 358 / 读缓存 1,586） 出 111 = 2,057 | 累计 1,306,806 tok $7.842
  已翻 500/819 段
    [tok] #556 入 1,932（新缓存 344 / 读缓存 1,586） 出 100 = 2,032 | 累计 1,308,838 tok $7.850
  已翻 501/819 段
    [tok] #557 入 1,892（新缓存 304 / 读缓存 1,586） 出 47 = 1,939 | 累计 1,310,777 tok $7.856
  已翻 502/819 段
    [tok] #558 入 2,006（新缓存 418 / 读缓存 1,586） 出 141 = 2,147 | 累计 1,312,924 tok $7.866
  已翻 503/819 段
    [tok] #559 入 2,063（新缓存 475 / 读缓存 1,586） 出 256 = 2,319 | 累计 1,315,243 tok $7.879
  已翻 504/819 段
    [tok] #560 入 2,245（新缓存 657 / 读缓存 1,586） 出 442 = 2,687 | 累计 1,317,930 tok $7.899
  已翻 505/819 段
    [tok] #561 入 2,022（新缓存 434 / 读缓存 1,586） 出 189 = 2,211 | 累计 1,320,141 tok $7.910
  已翻 506/819 段
    [tok] #562 入 1,932（新缓存 344 / 读缓存 1,586） 出 201 = 2,133 | 累计 1,322,274 tok $7.920
  已翻 507/819 段
    [tok] #563 入 2,090（新缓存 502 / 读缓存 1,586） 出 393 = 2,483 | 累计 1,324,757 tok $7.937
  已翻 508/819 段
    [tok] #564 入 1,911（新缓存 323 / 读缓存 1,586） 出 66 = 1,977 | 累计 1,326,734 tok $7.944
  已翻 509/819 段
    [tok] #565 入 1,946（新缓存 358 / 读缓存 1,586） 出 83 = 2,029 | 累计 1,328,763 tok $7.951
  已翻 510/819 段
    [tok] #566 入 1,953（新缓存 365 / 读缓存 1,586） 出 127 = 2,080 | 累计 1,330,843 tok $7.960
  已翻 511/819 段
    [tok] #567 入 2,119（新缓存 531 / 读缓存 1,586） 出 301 = 2,420 | 累计 1,333,263 tok $7.975
  已翻 512/819 段
    [tok] #568 入 1,994（新缓存 406 / 读缓存 1,586） 出 153 = 2,147 | 累计 1,335,410 tok $7.985
  已翻 513/819 段
    [tok] #569 入 1,883（新缓存 295 / 读缓存 1,586） 出 50 = 1,933 | 累计 1,337,343 tok $7.991
  已翻 514/819 段
    [tok] #570 入 2,668（新缓存 1,080 / 读缓存 1,586） 出 787 = 3,455 | 累计 1,340,798 tok $8.024
  已翻 515/819 段
    [tok] #571 入 1,891（新缓存 303 / 读缓存 1,586） 出 43 = 1,934 | 累计 1,342,732 tok $8.030
  已翻 516/819 段
    [tok] #572 入 1,927（新缓存 339 / 读缓存 1,586） 出 95 = 2,022 | 累计 1,344,754 tok $8.037
  已翻 517/819 段
    [tok] #573 入 1,892（新缓存 304 / 读缓存 1,586） 出 39 = 1,931 | 累计 1,346,685 tok $8.043
  已翻 518/819 段
    [tok] #574 入 1,905（新缓存 317 / 读缓存 1,586） 出 208 = 2,113 | 累计 1,348,798 tok $8.054
  已翻 519/819 段
    [tok] #575 入 2,225（新缓存 637 / 读缓存 1,586） 出 560 = 2,785 | 累计 1,351,583 tok $8.076
  已翻 520/819 段
    [tok] #576 入 2,056（新缓存 468 / 读缓存 1,586） 出 262 = 2,318 | 累计 1,353,901 tok $8.089
  已翻 521/819 段
    [tok] #577 入 2,104（新缓存 516 / 读缓存 1,586） 出 596 = 2,700 | 累计 1,356,601 tok $8.111
  已翻 522/819 段
    [tok] #578 入 2,095（新缓存 507 / 读缓存 1,586） 出 500 = 2,595 | 累计 1,359,196 tok $8.131
  已翻 523/819 段
    [tok] #579 入 2,100（新缓存 512 / 读缓存 1,586） 出 256 = 2,356 | 累计 1,361,552 tok $8.145
  已翻 524/819 段
    [tok] #580 入 2,237（新缓存 649 / 读缓存 1,586） 出 672 = 2,909 | 累计 1,364,461 tok $8.170
  已翻 525/819 段
    [tok] #581 入 2,074（新缓存 486 / 读缓存 1,586） 出 463 = 2,537 | 累计 1,366,998 tok $8.188
  已翻 526/819 段
    [tok] #582 入 1,917（新缓存 329 / 读缓存 1,586） 出 58 = 1,975 | 累计 1,368,973 tok $8.195
  已翻 527/819 段
    [tok] #583 入 2,211（新缓存 623 / 读缓存 1,586） 出 542 = 2,753 | 累计 1,371,726 tok $8.217
    [tok] #584 入 2,159（新缓存 571 / 读缓存 1,586） 出 571 = 2,730 | 累计 1,374,456 tok $8.239
  已翻 528/819 段
    [tok] #585 入 2,039（新缓存 451 / 读缓存 1,586） 出 602 = 2,641 | 累计 1,377,097 tok $8.261
  已翻 529/819 段
    [tok] #586 入 2,081（新缓存 493 / 读缓存 1,586） 出 273 = 2,354 | 累计 1,379,451 tok $8.274
  已翻 530/819 段
    [tok] #587 入 2,235（新缓存 647 / 读缓存 1,586） 出 545 = 2,780 | 累计 1,382,231 tok $8.297
  已翻 531/819 段
    [tok] #588 入 2,034（新缓存 446 / 读缓存 1,586） 出 251 = 2,285 | 累计 1,384,516 tok $8.309
  已翻 532/819 段
    [tok] #589 入 1,937（新缓存 349 / 读缓存 1,586） 出 77 = 2,014 | 累计 1,386,530 tok $8.317
  已翻 533/819 段
    [tok] #590 入 2,220（新缓存 632 / 读缓存 1,586） 出 356 = 2,576 | 累计 1,389,106 tok $8.334
  已翻 534/819 段
    [tok] #591 入 1,956（新缓存 368 / 读缓存 1,586） 出 108 = 2,064 | 累计 1,391,170 tok $8.342
  已翻 535/819 段
    [tok] #592 入 1,874（新缓存 286 / 读缓存 1,586） 出 22 = 1,896 | 累计 1,393,066 tok $8.348
  已翻 536/819 段
    [tok] #593 入 1,927（新缓存 339 / 读缓存 1,586） 出 83 = 2,010 | 累计 1,395,076 tok $8.355
  已翻 537/819 段
    [tok] #594 入 2,048（新缓存 460 / 读缓存 1,586） 出 224 = 2,272 | 累计 1,397,348 tok $8.367
  已翻 538/819 段
    [tok] #595 入 1,994（新缓存 406 / 读缓存 1,586） 出 149 = 2,143 | 累计 1,399,491 tok $8.377
  已翻 539/819 段
    [tok] #596 入 2,451（新缓存 863 / 读缓存 1,586） 出 828 = 3,279 | 累计 1,402,770 tok $8.409
  已翻 540/819 段
    [tok] #597 入 2,049（新缓存 461 / 读缓存 1,586） 出 336 = 2,385 | 累计 1,405,155 tok $8.424
  已翻 541/819 段
    [tok] #598 入 2,258（新缓存 670 / 读缓存 1,586） 出 666 = 2,924 | 累计 1,408,079 tok $8.449
  已翻 542/819 段
    [tok] #599 入 2,079（新缓存 491 / 读缓存 1,586） 出 244 = 2,323 | 累计 1,410,402 tok $8.462
  已翻 543/819 段
    [tok] #600 入 2,048（新缓存 460 / 读缓存 1,586） 出 197 = 2,245 | 累计 1,412,647 tok $8.474
  已翻 544/819 段
    [tok] #601 入 2,013（新缓存 425 / 读缓存 1,586） 出 182 = 2,195 | 累计 1,414,842 tok $8.484
  已翻 545/819 段
    [tok] #602 入 1,925（新缓存 337 / 读缓存 1,586） 出 86 = 2,011 | 累计 1,416,853 tok $8.492
  已翻 546/819 段
    [tok] #603 入 2,108（新缓存 520 / 读缓存 1,586） 出 306 = 2,414 | 累计 1,419,267 tok $8.507
  已翻 547/819 段
    [tok] #604 入 2,018（新缓存 430 / 读缓存 1,586） 出 179 = 2,197 | 累计 1,421,464 tok $8.517
  已翻 548/819 段
    [tok] #605 入 1,902（新缓存 314 / 读缓存 1,586） 出 48 = 1,950 | 累计 1,423,414 tok $8.524
  已翻 549/819 段
    [tok] #606 入 2,288（新缓存 700 / 读缓存 1,586） 出 473 = 2,761 | 累计 1,426,175 tok $8.545
  已翻 550/819 段
    [tok] #607 入 2,042（新缓存 454 / 读缓存 1,586） 出 417 = 2,459 | 累计 1,428,634 tok $8.562
  已翻 551/819 段
    [tok] #608 入 2,197（新缓存 609 / 读缓存 1,586） 出 411 = 2,608 | 累计 1,431,242 tok $8.580
  已翻 552/819 段
    [tok] #609 入 2,261（新缓存 673 / 读缓存 1,586） 出 408 = 2,669 | 累计 1,433,911 tok $8.599
  已翻 553/819 段
    [tok] #610 入 2,111（新缓存 523 / 读缓存 1,586） 出 312 = 2,423 | 累计 1,436,334 tok $8.614
  已翻 554/819 段
    [tok] #611 入 2,014（新缓存 426 / 读缓存 1,586） 出 254 = 2,268 | 累计 1,438,602 tok $8.627
    [tok] #612 入 1,962（新缓存 374 / 读缓存 1,586） 出 235 = 2,197 | 累计 1,440,799 tok $8.638
  已翻 555/819 段
    [tok] #613 入 2,196（新缓存 608 / 读缓存 1,586） 出 391 = 2,587 | 累计 1,443,386 tok $8.656
  已翻 556/819 段
    [tok] #614 入 1,974（新缓存 386 / 读缓存 1,586） 出 169 = 2,143 | 累计 1,445,529 tok $8.666
  已翻 557/819 段
    [tok] #615 入 2,014（新缓存 426 / 读缓存 1,586） 出 349 = 2,363 | 累计 1,447,892 tok $8.681
  已翻 558/819 段
    [tok] #616 入 2,199（新缓存 611 / 读缓存 1,586） 出 349 = 2,548 | 累计 1,450,440 tok $8.698
  已翻 559/819 段
    [tok] #617 入 1,896（新缓存 308 / 读缓存 1,586） 出 46 = 1,942 | 累计 1,452,382 tok $8.704
    [tok] #618 入 1,844（新缓存 256 / 读缓存 1,586） 出 183 = 2,027 | 累计 1,454,409 tok $8.713
  已翻 560/819 段
    [tok] #619 入 1,915（新缓存 327 / 读缓存 1,586） 出 62 = 1,977 | 累计 1,456,386 tok $8.720
  已翻 561/819 段
    [tok] #620 入 1,944（新缓存 356 / 读缓存 1,586） 出 117 = 2,061 | 累计 1,458,447 tok $8.728
  已翻 562/819 段
    [tok] #621 入 2,304（新缓存 716 / 读缓存 1,586） 出 554 = 2,858 | 累计 1,461,305 tok $8.752
  已翻 563/819 段
    [tok] #622 入 2,144（新缓存 556 / 读缓存 1,586） 出 332 = 2,476 | 累计 1,463,781 tok $8.768
  已翻 564/819 段
    [tok] #623 入 2,104（新缓存 516 / 读缓存 1,586） 出 552 = 2,656 | 累计 1,466,437 tok $8.788
  已翻 565/819 段
    [tok] #624 入 2,173（新缓存 585 / 读缓存 1,586） 出 548 = 2,721 | 累计 1,469,158 tok $8.810
  已翻 566/819 段
    [tok] #625 入 2,230（新缓存 642 / 读缓存 1,586） 出 367 = 2,597 | 累计 1,471,755 tok $8.828
  已翻 567/819 段
    [tok] #626 入 2,088（新缓存 500 / 读缓存 1,586） 出 383 = 2,471 | 累计 1,474,226 tok $8.844
  已翻 568/819 段
    [tok] #627 入 2,012（新缓存 424 / 读缓存 1,586） 出 184 = 2,196 | 累计 1,476,422 tok $8.855
  已翻 569/819 段
    [tok] #628 入 2,208（新缓存 620 / 读缓存 1,586） 出 457 = 2,665 | 累计 1,479,087 tok $8.875
  已翻 570/819 段
    [tok] #629 入 1,979（新缓存 391 / 读缓存 1,586） 出 141 = 2,120 | 累计 1,481,207 tok $8.884
  已翻 571/819 段
    [tok] #630 入 2,120（新缓存 532 / 读缓存 1,586） 出 320 = 2,440 | 累计 1,483,647 tok $8.900
    [tok] #631 入 2,068（新缓存 480 / 读缓存 1,586） 出 286 = 2,354 | 累计 1,486,001 tok $8.914
  已翻 572/819 段
    [tok] #632 入 2,175（新缓存 587 / 读缓存 1,586） 出 456 = 2,631 | 累计 1,488,632 tok $8.933
    [tok] #633 入 2,123（新缓存 535 / 读缓存 1,586） 出 413 = 2,536 | 累计 1,491,168 tok $8.951
  已翻 573/819 段
    [tok] #634 入 2,107（新缓存 519 / 读缓存 1,586） 出 242 = 2,349 | 累计 1,493,517 tok $8.964
  已翻 574/819 段
    [tok] #635 入 2,058（新缓存 470 / 读缓存 1,586） 出 211 = 2,269 | 累计 1,495,786 tok $8.976
  已翻 575/819 段
    [tok] #636 入 2,317（新缓存 729 / 读缓存 1,586） 出 442 = 2,759 | 累计 1,498,545 tok $8.996
    [tok] #637 入 2,265（新缓存 677 / 读缓存 1,586） 出 432 = 2,697 | 累计 1,501,242 tok $9.016
  已翻 576/819 段
    [tok] #638 入 2,128（新缓存 540 / 读缓存 1,586） 出 409 = 2,537 | 累计 1,503,779 tok $9.034
  已翻 577/819 段
    [tok] #639 入 1,957（新缓存 369 / 读缓存 1,586） 出 171 = 2,128 | 累计 1,505,907 tok $9.044
  已翻 578/819 段
    [tok] #640 入 2,034（新缓存 446 / 读缓存 1,586） 出 171 = 2,205 | 累计 1,508,112 tok $9.054
  已翻 579/819 段
    [tok] #641 入 2,065（新缓存 477 / 读缓存 1,586） 出 215 = 2,280 | 累计 1,510,392 tok $9.067
    [tok] #642 入 2,013（新缓存 425 / 读缓存 1,586） 出 380 = 2,393 | 累计 1,512,785 tok $9.082
  已翻 580/819 段
    [tok] #643 入 2,093（新缓存 505 / 读缓存 1,586） 出 266 = 2,359 | 累计 1,515,144 tok $9.096
  已翻 581/819 段
    [tok] #644 入 2,220（新缓存 632 / 读缓存 1,586） 出 413 = 2,633 | 累计 1,517,777 tok $9.115
  已翻 582/819 段
    [tok] #645 入 1,997（新缓存 409 / 读缓存 1,586） 出 163 = 2,160 | 累计 1,519,937 tok $9.125
  已翻 583/819 段
    [tok] #646 入 1,941（新缓存 353 / 读缓存 1,586） 出 85 = 2,026 | 累计 1,521,963 tok $9.132
  已翻 584/819 段
    [tok] #647 入 1,914（新缓存 326 / 读缓存 1,586） 出 63 = 1,977 | 累计 1,523,940 tok $9.139
  已翻 585/819 段
    [tok] #648 入 1,962（新缓存 374 / 读缓存 1,586） 出 145 = 2,107 | 累计 1,526,047 tok $9.148
    [tok] #649 入 1,910（新缓存 322 / 读缓存 1,586） 出 138 = 2,048 | 累计 1,528,095 tok $9.157
  已翻 586/819 段
    [tok] #650 入 2,343（新缓存 755 / 读缓存 1,586） 出 811 = 3,154 | 累计 1,531,249 tok $9.187
    [tok] #651 入 2,291（新缓存 703 / 读缓存 1,586） 出 988 = 3,279 | 累计 1,534,528 tok $9.221
  已翻 587/819 段
    [tok] #652 入 2,229（新缓存 641 / 读缓存 1,586） 出 613 = 2,842 | 累计 1,537,370 tok $9.245
  已翻 588/819 段
    [tok] #653 入 1,984（新缓存 396 / 读缓存 1,586） 出 164 = 2,148 | 累计 1,539,518 tok $9.255
  已翻 589/819 段
    [tok] #654 入 2,239（新缓存 651 / 读缓存 1,586） 出 562 = 2,801 | 累计 1,542,319 tok $9.278
    [tok] #655 入 2,187（新缓存 599 / 读缓存 1,586） 出 363 = 2,550 | 累计 1,544,869 tok $9.295
  已翻 590/819 段
    [tok] #656 入 1,939（新缓存 351 / 读缓存 1,586） 出 80 = 2,019 | 累计 1,546,888 tok $9.302
  已翻 591/819 段
    [tok] #657 入 2,113（新缓存 525 / 读缓存 1,586） 出 377 = 2,490 | 累计 1,549,378 tok $9.319
  已翻 592/819 段
    [tok] #658 入 2,210（新缓存 622 / 读缓存 1,586） 出 537 = 2,747 | 累计 1,552,125 tok $9.341
  已翻 593/819 段
    [tok] #659 入 2,167（新缓存 579 / 读缓存 1,586） 出 344 = 2,511 | 累计 1,554,636 tok $9.357
  已翻 594/819 段
    [tok] #660 入 2,144（新缓存 556 / 读缓存 1,586） 出 290 = 2,434 | 累计 1,557,070 tok $9.372
  已翻 595/819 段
    [tok] #661 入 2,018（新缓存 430 / 读缓存 1,586） 出 158 = 2,176 | 累计 1,559,246 tok $9.382
  已翻 596/819 段
    [tok] #662 入 1,942（新缓存 354 / 读缓存 1,586） 出 82 = 2,024 | 累计 1,561,270 tok $9.390
  已翻 597/819 段
    [tok] #663 入 2,132（新缓存 544 / 读缓存 1,586） 出 437 = 2,569 | 累计 1,563,839 tok $9.408
  已翻 598/819 段
    [tok] #664 入 1,956（新缓存 368 / 读缓存 1,586） 出 129 = 2,085 | 累计 1,565,924 tok $9.417
  已翻 599/819 段
    [tok] #665 入 2,023（新缓存 435 / 读缓存 1,586） 出 236 = 2,259 | 累计 1,568,183 tok $9.429
  已翻 600/819 段
    [tok] #666 入 1,961（新缓存 373 / 读缓存 1,586） 出 112 = 2,073 | 累计 1,570,256 tok $9.438
  已翻 601/819 段
    [tok] #667 入 2,168（新缓存 580 / 读缓存 1,586） 出 348 = 2,516 | 累计 1,572,772 tok $9.454
  已翻 602/819 段
    [tok] #668 入 1,917（新缓存 329 / 读缓存 1,586） 出 65 = 1,982 | 累计 1,574,754 tok $9.461
  已翻 603/819 段
    [tok] #669 入 1,936（新缓存 348 / 读缓存 1,586） 出 84 = 2,020 | 累计 1,576,774 tok $9.469
  已翻 604/819 段
    [tok] #670 入 1,919（新缓存 331 / 读缓存 1,586） 出 76 = 1,995 | 累计 1,578,769 tok $9.476
  已翻 605/819 段
    [tok] #671 入 2,025（新缓存 437 / 读缓存 1,586） 出 184 = 2,209 | 累计 1,580,978 tok $9.487
  已翻 606/819 段
    [tok] #672 入 2,090（新缓存 502 / 读缓存 1,586） 出 282 = 2,372 | 累计 1,583,350 tok $9.501
  已翻 607/819 段
    [tok] #673 入 2,114（新缓存 526 / 读缓存 1,586） 出 341 = 2,455 | 累计 1,585,805 tok $9.516
  已翻 608/819 段
    [tok] #674 入 1,988（新缓存 400 / 读缓存 1,586） 出 235 = 2,223 | 累计 1,588,028 tok $9.528
  已翻 609/819 段
    [tok] #675 入 2,041（新缓存 453 / 读缓存 1,586） 出 196 = 2,237 | 累计 1,590,265 tok $9.540
    [tok] #676 入 1,989（新缓存 401 / 读缓存 1,586） 出 185 = 2,174 | 累计 1,592,439 tok $9.550
  已翻 610/819 段
    [tok] #677 入 1,943（新缓存 355 / 读缓存 1,586） 出 97 = 2,040 | 累计 1,594,479 tok $9.558
  已翻 611/819 段
    [tok] #678 入 1,969（新缓存 381 / 读缓存 1,586） 出 137 = 2,106 | 累计 1,596,585 tok $9.567
    [tok] #679 入 1,917（新缓存 329 / 读缓存 1,586） 出 440 = 2,357 | 累计 1,598,942 tok $9.583
  已翻 612/819 段
    [tok] #680 入 1,960（新缓存 372 / 读缓存 1,586） 出 147 = 2,107 | 累计 1,601,049 tok $9.593
  已翻 613/819 段
    [tok] #681 入 1,913（新缓存 325 / 读缓存 1,586） 出 64 = 1,977 | 累计 1,603,026 tok $9.599
  已翻 614/819 段
    [tok] #682 入 2,080（新缓存 492 / 读缓存 1,586） 出 207 = 2,287 | 累计 1,605,313 tok $9.612
  已翻 615/819 段
    [tok] #683 入 2,016（新缓存 428 / 读缓存 1,586） 出 160 = 2,176 | 累计 1,607,489 tok $9.622
  已翻 616/819 段
    [tok] #684 入 2,175（新缓存 587 / 读缓存 1,586） 出 613 = 2,788 | 累计 1,610,277 tok $9.645
  已翻 617/819 段
    [tok] #685 入 1,954（新缓存 366 / 读缓存 1,586） 出 230 = 2,184 | 累计 1,612,461 tok $9.656
  已翻 618/819 段
    [tok] #686 入 2,035（新缓存 447 / 读缓存 1,586） 出 175 = 2,210 | 累计 1,614,671 tok $9.667
  已翻 619/819 段
    [tok] #687 入 2,051（新缓存 463 / 读缓存 1,586） 出 281 = 2,332 | 累计 1,617,003 tok $9.681
  已翻 620/819 段
    [tok] #688 入 1,991（新缓存 403 / 读缓存 1,586） 出 134 = 2,125 | 累计 1,619,128 tok $9.690
  已翻 621/819 段
    [tok] #689 入 2,055（新缓存 467 / 读缓存 1,586） 出 342 = 2,397 | 累计 1,621,525 tok $9.705
  已翻 622/819 段
    [tok] #690 入 2,090（新缓存 502 / 读缓存 1,586） 出 306 = 2,396 | 累计 1,623,921 tok $9.720
  已翻 623/819 段
    [tok] #691 入 2,015（新缓存 427 / 读缓存 1,586） 出 194 = 2,209 | 累计 1,626,130 tok $9.731
  已翻 624/819 段
    [tok] #692 入 2,127（新缓存 539 / 读缓存 1,586） 出 402 = 2,529 | 累计 1,628,659 tok $9.749
  已翻 625/819 段
    [tok] #693 入 2,114（新缓存 526 / 读缓存 1,586） 出 368 = 2,482 | 累计 1,631,141 tok $9.765
  已翻 626/819 段
    [tok] #694 入 2,315（新缓存 727 / 读缓存 1,586） 出 921 = 3,236 | 累计 1,634,377 tok $9.798
  已翻 627/819 段
    [tok] #695 入 2,300（新缓存 712 / 读缓存 1,586） 出 436 = 2,736 | 累计 1,637,113 tok $9.818
  已翻 628/819 段
    [tok] #696 入 2,316（新缓存 728 / 读缓存 1,586） 出 481 = 2,797 | 累计 1,639,910 tok $9.839
  已翻 629/819 段
    [tok] #697 入 2,113（新缓存 525 / 读缓存 1,586） 出 307 = 2,420 | 累计 1,642,330 tok $9.854
  已翻 630/819 段
    [tok] #698 入 1,923（新缓存 335 / 读缓存 1,586） 出 71 = 1,994 | 累计 1,644,324 tok $9.861
  已翻 631/819 段
    [tok] #699 入 2,031（新缓存 443 / 读缓存 1,586） 出 213 = 2,244 | 累计 1,646,568 tok $9.873
  已翻 632/819 段
    [tok] #700 入 2,044（新缓存 456 / 读缓存 1,586） 出 397 = 2,441 | 累计 1,649,009 tok $9.890
  已翻 633/819 段
    [tok] #701 入 1,931（新缓存 343 / 读缓存 1,586） 出 85 = 2,016 | 累计 1,651,025 tok $9.897
  已翻 634/819 段
    [tok] #702 入 1,918（新缓存 330 / 读缓存 1,586） 出 75 = 1,993 | 累计 1,653,018 tok $9.904
  已翻 635/819 段
    [tok] #703 入 1,949（新缓存 361 / 读缓存 1,586） 出 105 = 2,054 | 累计 1,655,072 tok $9.912
  已翻 636/819 段
    [tok] #704 入 1,966（新缓存 378 / 读缓存 1,586） 出 138 = 2,104 | 累计 1,657,176 tok $9.921
  已翻 637/819 段
    [tok] #705 入 2,217（新缓存 629 / 读缓存 1,586） 出 1,345 = 3,562 | 累计 1,660,738 tok $9.963
    [tok] #706 入 2,165（新缓存 577 / 读缓存 1,586） 出 1,251 = 3,416 | 累计 1,664,154 tok $10.002
  已翻 638/819 段
    [tok] #707 入 1,969（新缓存 381 / 读缓存 1,586） 出 452 = 2,421 | 累计 1,666,575 tok $10.019
    [tok] #708 入 1,917（新缓存 329 / 读缓存 1,586） 出 378 = 2,295 | 累计 1,668,870 tok $10.034
  已翻 639/819 段
    [tok] #709 入 2,107（新缓存 519 / 读缓存 1,586） 出 257 = 2,364 | 累计 1,671,234 tok $10.048
    [tok] #710 入 2,055（新缓存 467 / 读缓存 1,586） 出 264 = 2,319 | 累计 1,673,553 tok $10.061
  已翻 640/819 段
    [tok] #711 入 1,932（新缓存 344 / 读缓存 1,586） 出 241 = 2,173 | 累计 1,675,726 tok $10.072
  已翻 641/819 段
    [tok] #712 入 2,132（新缓存 544 / 读缓存 1,586） 出 313 = 2,445 | 累计 1,678,171 tok $10.088
    [tok] #713 入 2,080（新缓存 492 / 读缓存 1,586） 出 342 = 2,422 | 累计 1,680,593 tok $10.103
  已翻 642/819 段
    [tok] #714 入 2,091（新缓存 503 / 读缓存 1,586） 出 260 = 2,351 | 累计 1,682,944 tok $10.117
  已翻 643/819 段
    [tok] #715 入 2,013（新缓存 425 / 读缓存 1,586） 出 148 = 2,161 | 累计 1,685,105 tok $10.127
    [tok] #716 入 1,961（新缓存 373 / 读缓存 1,586） 出 156 = 2,117 | 累计 1,687,222 tok $10.136
  已翻 644/819 段
    [tok] #717 入 1,989（新缓存 401 / 读缓存 1,586） 出 180 = 2,169 | 累计 1,689,391 tok $10.147
  已翻 645/819 段
    [tok] #718 入 1,975（新缓存 387 / 读缓存 1,586） 出 279 = 2,254 | 累计 1,691,645 tok $10.159
    [tok] #719 入 1,923（新缓存 335 / 读缓存 1,586） 出 226 = 2,149 | 累计 1,693,794 tok $10.170
  已翻 646/819 段
    [tok] #720 入 1,940（新缓存 352 / 读缓存 1,586） 出 85 = 2,025 | 累计 1,695,819 tok $10.178
  已翻 647/819 段
    [tok] #721 入 2,064（新缓存 476 / 读缓存 1,586） 出 242 = 2,306 | 累计 1,698,125 tok $10.191
  已翻 648/819 段
    [tok] #722 入 1,978（新缓存 390 / 读缓存 1,586） 出 134 = 2,112 | 累计 1,700,237 tok $10.200
  已翻 649/819 段
    [tok] #723 入 1,999（新缓存 411 / 读缓存 1,586） 出 177 = 2,176 | 累计 1,702,413 tok $10.210
  已翻 650/819 段
    [tok] #724 入 2,409（新缓存 821 / 读缓存 1,586） 出 725 = 3,134 | 累计 1,705,547 tok $10.239
    [tok] #725 入 2,357（新缓存 769 / 读缓存 1,586） 出 609 = 2,966 | 累计 1,708,513 tok $10.264
  已翻 651/819 段
    [tok] #726 入 1,967（新缓存 379 / 读缓存 1,586） 出 106 = 2,073 | 累计 1,710,586 tok $10.272
  已翻 652/819 段
    [tok] #727 入 1,973（新缓存 385 / 读缓存 1,586） 出 380 = 2,353 | 累计 1,712,939 tok $10.288
    [tok] #728 入 1,921（新缓存 333 / 读缓存 1,586） 出 133 = 2,054 | 累计 1,714,993 tok $10.296
  已翻 653/819 段
    [tok] #729 入 2,027（新缓存 439 / 读缓存 1,586） 出 249 = 2,276 | 累计 1,717,269 tok $10.309
  已翻 654/819 段
    [tok] #730 入 2,145（新缓存 557 / 读缓存 1,586） 出 299 = 2,444 | 累计 1,719,713 tok $10.324
  已翻 655/819 段
    [tok] #731 入 1,951（新缓存 363 / 读缓存 1,586） 出 155 = 2,106 | 累计 1,721,819 tok $10.333
    [tok] #732 入 1,899（新缓存 311 / 读缓存 1,586） 出 99 = 1,998 | 累计 1,723,817 tok $10.341
  已翻 656/819 段
    [tok] #733 入 1,996（新缓存 408 / 读缓存 1,586） 出 190 = 2,186 | 累计 1,726,003 tok $10.351
    [tok] #734 入 1,944（新缓存 356 / 读缓存 1,586） 出 146 = 2,090 | 累计 1,728,093 tok $10.360
  已翻 657/819 段
    [tok] #735 入 1,958（新缓存 370 / 读缓存 1,586） 出 222 = 2,180 | 累计 1,730,273 tok $10.372
  已翻 658/819 段
    [tok] #736 入 2,080（新缓存 492 / 读缓存 1,586） 出 284 = 2,364 | 累计 1,732,637 tok $10.386
  已翻 659/819 段
    [tok] #737 入 2,070（新缓存 482 / 读缓存 1,586） 出 218 = 2,288 | 累计 1,734,925 tok $10.398
    [tok] #738 入 2,018（新缓存 430 / 读缓存 1,586） 出 220 = 2,238 | 累计 1,737,163 tok $10.410
  已翻 660/819 段
    [tok] #739 入 2,102（新缓存 514 / 读缓存 1,586） 出 539 = 2,641 | 累计 1,739,804 tok $10.430
  已翻 661/819 段
    [tok] #740 入 2,507（新缓存 919 / 读缓存 1,586） 出 735 = 3,242 | 累计 1,743,046 tok $10.460
  已翻 662/819 段
    [tok] #741 入 2,260（新缓存 672 / 读缓存 1,586） 出 545 = 2,805 | 累计 1,745,851 tok $10.483
    [tok] #742 入 2,208（新缓存 620 / 读缓存 1,586） 出 580 = 2,788 | 累计 1,748,639 tok $10.506
  已翻 663/819 段
    [tok] #743 入 1,949（新缓存 361 / 读缓存 1,586） 出 112 = 2,061 | 累计 1,750,700 tok $10.514
  已翻 664/819 段
    [tok] #744 入 2,150（新缓存 562 / 读缓存 1,586） 出 409 = 2,559 | 累计 1,753,259 tok $10.532
    [tok] #745 入 2,098（新缓存 510 / 读缓存 1,586） 出 437 = 2,535 | 累计 1,755,794 tok $10.550
  已翻 665/819 段
    [tok] #746 入 2,236（新缓存 648 / 读缓存 1,586） 出 400 = 2,636 | 累计 1,758,430 tok $10.568
  已翻 666/819 段
    [tok] #747 入 1,914（新缓存 326 / 读缓存 1,586） 出 58 = 1,972 | 累计 1,760,402 tok $10.575
  已翻 667/819 段
    [tok] #748 入 1,956（新缓存 368 / 读缓存 1,586） 出 125 = 2,081 | 累计 1,762,483 tok $10.584
  已翻 668/819 段
    [tok] #749 入 2,653（新缓存 1,065 / 读缓存 1,586） 出 1,162 = 3,815 | 累计 1,766,298 tok $10.626
  已翻 669/819 段
    [tok] #750 入 1,976（新缓存 388 / 读缓存 1,586） 出 125 = 2,101 | 累计 1,768,399 tok $10.635
    [tok] #751 入 1,924（新缓存 336 / 读缓存 1,586） 出 238 = 2,162 | 累计 1,770,561 tok $10.646
  已翻 670/819 段
    [tok] #752 入 1,949（新缓存 361 / 读缓存 1,586） 出 152 = 2,101 | 累计 1,772,662 tok $10.655
  已翻 671/819 段
    [tok] #753 入 1,931（新缓存 343 / 读缓存 1,586） 出 84 = 2,015 | 累计 1,774,677 tok $10.663
  已翻 672/819 段
    [tok] #754 入 2,237（新缓存 649 / 读缓存 1,586） 出 599 = 2,836 | 累计 1,777,513 tok $10.686
  已翻 673/819 段
    [tok] #755 入 1,964（新缓存 376 / 读缓存 1,586） 出 119 = 2,083 | 累计 1,779,596 tok $10.695
  已翻 674/819 段
    [tok] #756 入 2,081（新缓存 493 / 读缓存 1,586） 出 239 = 2,320 | 累计 1,781,916 tok $10.708
  已翻 675/819 段
    [tok] #757 入 1,913（新缓存 325 / 读缓存 1,586） 出 62 = 1,975 | 累计 1,783,891 tok $10.715
  已翻 676/819 段
    [tok] #758 入 1,887（新缓存 299 / 读缓存 1,586） 出 31 = 1,918 | 累计 1,785,809 tok $10.720
  已翻 677/819 段
    [tok] #759 入 2,066（新缓存 478 / 读缓存 1,586） 出 254 = 2,320 | 累计 1,788,129 tok $10.733
  已翻 678/819 段
    [tok] #760 入 2,341（新缓存 753 / 读缓存 1,586） 出 457 = 2,798 | 累计 1,790,927 tok $10.755
  已翻 679/819 段
    [tok] #761 入 2,117（新缓存 529 / 读缓存 1,586） 出 266 = 2,383 | 累计 1,793,310 tok $10.769
  已翻 680/819 段
    [tok] #762 入 2,043（新缓存 455 / 读缓存 1,586） 出 345 = 2,388 | 累计 1,795,698 tok $10.784
  已翻 681/819 段
    [tok] #763 入 2,038（新缓存 450 / 读缓存 1,586） 出 320 = 2,358 | 累计 1,798,056 tok $10.798
  已翻 682/819 段
    [tok] #764 入 2,126（新缓存 538 / 读缓存 1,586） 出 683 = 2,809 | 累计 1,800,865 tok $10.823
  已翻 683/819 段
    [tok] #765 入 2,182（新缓存 594 / 读缓存 1,586） 出 351 = 2,533 | 累计 1,803,398 tok $10.840
  已翻 684/819 段
    [tok] #766 入 2,009（新缓存 421 / 读缓存 1,586） 出 234 = 2,243 | 累计 1,805,641 tok $10.852
  已翻 685/819 段
    [tok] #767 入 1,962（新缓存 374 / 读缓存 1,586） 出 170 = 2,132 | 累计 1,807,773 tok $10.861
  已翻 686/819 段
    [tok] #768 入 1,899（新缓存 311 / 读缓存 1,586） 出 85 = 1,984 | 累计 1,809,757 tok $10.869
  已翻 687/819 段
    [tok] #769 入 1,928（新缓存 340 / 读缓存 1,586） 出 83 = 2,011 | 累计 1,811,768 tok $10.876
  已翻 688/819 段
    [tok] #770 入 1,913（新缓存 325 / 读缓存 1,586） 出 50 = 1,963 | 累计 1,813,731 tok $10.882
  已翻 689/819 段
    [tok] #771 入 1,982（新缓存 394 / 读缓存 1,586） 出 275 = 2,257 | 累计 1,815,988 tok $10.895
  已翻 690/819 段
    [tok] #772 入 2,307（新缓存 719 / 读缓存 1,586） 出 497 = 2,804 | 累计 1,818,792 tok $10.917
  已翻 691/819 段
    [tok] #773 入 2,041（新缓存 453 / 读缓存 1,586） 出 225 = 2,266 | 累计 1,821,058 tok $10.929
  已翻 692/819 段
    [tok] #774 入 1,986（新缓存 398 / 读缓存 1,586） 出 168 = 2,154 | 累计 1,823,212 tok $10.939
  已翻 693/819 段
    [tok] #775 入 1,952（新缓存 364 / 读缓存 1,586） 出 174 = 2,126 | 累计 1,825,338 tok $10.949
  已翻 694/819 段
    [tok] #776 入 1,868（新缓存 280 / 读缓存 1,586） 出 17 = 1,885 | 累计 1,827,223 tok $10.954
  已翻 695/819 段
    [tok] #777 入 1,904（新缓存 316 / 读缓存 1,586） 出 59 = 1,963 | 累计 1,829,186 tok $10.961
  已翻 696/819 段
    [tok] #778 入 1,935（新缓存 347 / 读缓存 1,586） 出 89 = 2,024 | 累计 1,831,210 tok $10.968
  已翻 697/819 段
    [tok] #779 入 1,936（新缓存 348 / 读缓存 1,586） 出 73 = 2,009 | 累计 1,833,219 tok $10.975
  已翻 698/819 段
    [tok] #780 入 1,902（新缓存 314 / 读缓存 1,586） 出 68 = 1,970 | 累计 1,835,189 tok $10.982
  已翻 699/819 段
    [tok] #781 入 1,959（新缓存 371 / 读缓存 1,586） 出 111 = 2,070 | 累计 1,837,259 tok $10.991
  已翻 700/819 段
    [tok] #782 入 1,993（新缓存 405 / 读缓存 1,586） 出 250 = 2,243 | 累计 1,839,502 tok $11.003
    [tok] #783 入 1,941（新缓存 353 / 读缓存 1,586） 出 117 = 2,058 | 累计 1,841,560 tok $11.011
  已翻 701/819 段
    [tok] #784 入 2,115（新缓存 527 / 读缓存 1,586） 出 290 = 2,405 | 累计 1,843,965 tok $11.026
  已翻 702/819 段
    [tok] #785 入 1,928（新缓存 340 / 读缓存 1,586） 出 90 = 2,018 | 累计 1,845,983 tok $11.033
  已翻 703/819 段
    [tok] #786 入 1,927（新缓存 339 / 读缓存 1,586） 出 84 = 2,011 | 累计 1,847,994 tok $11.041
  已翻 704/819 段
    [tok] #787 入 1,916（新缓存 328 / 读缓存 1,586） 出 69 = 1,985 | 累计 1,849,979 tok $11.048
  已翻 705/819 段
    [tok] #788 入 1,968（新缓存 380 / 读缓存 1,586） 出 121 = 2,089 | 累计 1,852,068 tok $11.056
  已翻 706/819 段
    [tok] #789 入 1,873（新缓存 285 / 读缓存 1,586） 出 27 = 1,900 | 累计 1,853,968 tok $11.062
  已翻 707/819 段
    [tok] #790 入 1,988（新缓存 400 / 读缓存 1,586） 出 154 = 2,142 | 累计 1,856,110 tok $11.071
  已翻 708/819 段
    [tok] #791 入 1,987（新缓存 399 / 读缓存 1,586） 出 185 = 2,172 | 累计 1,858,282 tok $11.082
  已翻 709/819 段
    [tok] #792 入 2,090（新缓存 502 / 读缓存 1,586） 出 247 = 2,337 | 累计 1,860,619 tok $11.095
  已翻 710/819 段
    [tok] #793 入 2,110（新缓存 522 / 读缓存 1,586） 出 413 = 2,523 | 累计 1,863,142 tok $11.113
  已翻 711/819 段
    [tok] #794 入 1,882（新缓存 294 / 读缓存 1,586） 出 30 = 1,912 | 累计 1,865,054 tok $11.118
  已翻 712/819 段
    [tok] #795 入 2,082（新缓存 494 / 读缓存 1,586） 出 422 = 2,504 | 累计 1,867,558 tok $11.136
  已翻 713/819 段
    [tok] #796 入 2,650（新缓存 1,062 / 读缓存 1,586） 出 852 = 3,502 | 累计 1,871,060 tok $11.170
  已翻 714/819 段
    [tok] #797 入 2,056（新缓存 468 / 读缓存 1,586） 出 228 = 2,284 | 累计 1,873,344 tok $11.183
  已翻 715/819 段
    [tok] #798 入 3,167（新缓存 1,579 / 读缓存 1,586） 出 1,325 = 4,492 | 累计 1,877,836 tok $11.234
  已翻 716/819 段
    [tok] #799 入 1,961（新缓存 373 / 读缓存 1,586） 出 239 = 2,200 | 累计 1,880,036 tok $11.246
  已翻 717/819 段
    [tok] #800 入 2,107（新缓存 519 / 读缓存 1,586） 出 215 = 2,322 | 累计 1,882,358 tok $11.259
  已翻 718/819 段
    [tok] #801 入 2,116（新缓存 528 / 读缓存 1,586） 出 482 = 2,598 | 累计 1,884,956 tok $11.278
  已翻 719/819 段
    [tok] #802 入 2,767（新缓存 1,179 / 读缓存 1,586） 出 962 = 3,729 | 累计 1,888,685 tok $11.316
  已翻 720/819 段
    [tok] #803 入 1,888（新缓存 300 / 读缓存 1,586） 出 133 = 2,021 | 累计 1,890,706 tok $11.325
  已翻 721/819 段
    [tok] #804 入 1,929（新缓存 341 / 读缓存 1,586） 出 82 = 2,011 | 累计 1,892,717 tok $11.332
  已翻 722/819 段
    [tok] #805 入 2,249（新缓存 661 / 读缓存 1,586） 出 392 = 2,641 | 累计 1,895,358 tok $11.350
  已翻 723/819 段
    [tok] #806 入 1,992（新缓存 404 / 读缓存 1,586） 出 155 = 2,147 | 累计 1,897,505 tok $11.360
  已翻 724/819 段
    [tok] #807 入 2,785（新缓存 1,197 / 读缓存 1,586） 出 988 = 3,773 | 累计 1,901,278 tok $11.399
  已翻 725/819 段
    [tok] #808 入 1,968（新缓存 380 / 读缓存 1,586） 出 124 = 2,092 | 累计 1,903,370 tok $11.408
  已翻 726/819 段
    [tok] #809 入 2,023（新缓存 435 / 读缓存 1,586） 出 174 = 2,197 | 累计 1,905,567 tok $11.419
  已翻 727/819 段
    [tok] #810 入 2,043（新缓存 455 / 读缓存 1,586） 出 286 = 2,329 | 累计 1,907,896 tok $11.433
  已翻 728/819 段
    [tok] #811 入 2,033（新缓存 445 / 读缓存 1,586） 出 234 = 2,267 | 累计 1,910,163 tok $11.445
    [tok] #812 入 1,981（新缓存 393 / 读缓存 1,586） 出 251 = 2,232 | 累计 1,912,395 tok $11.457
  已翻 729/819 段
    [tok] #813 入 1,919（新缓存 331 / 读缓存 1,586） 出 60 = 1,979 | 累计 1,914,374 tok $11.464
  已翻 730/819 段
    [tok] #814 入 1,885（新缓存 297 / 读缓存 1,586） 出 37 = 1,922 | 累计 1,916,296 tok $11.469
    [tok] #815 入 1,833（新缓存 245 / 读缓存 1,586） 出 31 = 1,864 | 累计 1,918,160 tok $11.474
  已翻 731/819 段
    [tok] #816 入 2,026（新缓存 438 / 读缓存 1,586） 出 171 = 2,197 | 累计 1,920,357 tok $11.485
  已翻 732/819 段
    [tok] #817 入 2,369（新缓存 781 / 读缓存 1,586） 出 657 = 3,026 | 累计 1,923,383 tok $11.512
    [tok] #818 入 2,317（新缓存 729 / 读缓存 1,586） 出 526 = 2,843 | 累计 1,926,226 tok $11.534
  已翻 733/819 段
    [tok] #819 入 2,047（新缓存 459 / 读缓存 1,586） 出 193 = 2,240 | 累计 1,928,466 tok $11.546
  已翻 734/819 段
    [tok] #820 入 2,058（新缓存 470 / 读缓存 1,586） 出 205 = 2,263 | 累计 1,930,729 tok $11.557
  已翻 735/819 段
    [tok] #821 入 1,924（新缓存 336 / 读缓存 1,586） 出 65 = 1,989 | 累计 1,932,718 tok $11.564
  已翻 736/819 段
    [tok] #822 入 1,916（新缓存 328 / 读缓存 1,586） 出 97 = 2,013 | 累计 1,934,731 tok $11.572
  已翻 737/819 段
    [tok] #823 入 2,061（新缓存 473 / 读缓存 1,586） 出 572 = 2,633 | 累计 1,937,364 tok $11.593
  已翻 738/819 段
    [tok] #824 入 1,937（新缓存 349 / 读缓存 1,586） 出 79 = 2,016 | 累计 1,939,380 tok $11.600
  已翻 739/819 段
    [tok] #825 入 2,403（新缓存 815 / 读缓存 1,586） 出 581 = 2,984 | 累计 1,942,364 tok $11.625
  已翻 740/819 段
    [tok] #826 入 2,139（新缓存 551 / 读缓存 1,586） 出 288 = 2,427 | 累计 1,944,791 tok $11.640
  已翻 741/819 段
    [tok] #827 入 2,046（新缓存 458 / 读缓存 1,586） 出 190 = 2,236 | 累计 1,947,027 tok $11.651
    [tok] #828 入 1,994（新缓存 406 / 读缓存 1,586） 出 326 = 2,320 | 累计 1,949,347 tok $11.665
  已翻 742/819 段
    [tok] #829 入 1,902（新缓存 314 / 读缓存 1,586） 出 42 = 1,944 | 累计 1,951,291 tok $11.671
  已翻 743/819 段
    [tok] #830 入 2,108（新缓存 520 / 读缓存 1,586） 出 423 = 2,531 | 累计 1,953,822 tok $11.689
  已翻 744/819 段
    [tok] #831 入 2,254（新缓存 666 / 读缓存 1,586） 出 468 = 2,722 | 累计 1,956,544 tok $11.710
    [tok] #832 入 2,202（新缓存 614 / 读缓存 1,586） 出 482 = 2,684 | 累计 1,959,228 tok $11.730
  已翻 745/819 段
    [tok] #833 入 1,999（新缓存 411 / 读缓存 1,586） 出 142 = 2,141 | 累计 1,961,369 tok $11.740
  已翻 746/819 段
    [tok] #834 入 1,974（新缓存 386 / 读缓存 1,586） 出 136 = 2,110 | 累计 1,963,479 tok $11.749
  已翻 747/819 段
    [tok] #835 入 1,948（新缓存 360 / 读缓存 1,586） 出 112 = 2,060 | 累计 1,965,539 tok $11.757
  已翻 748/819 段
    [tok] #836 入 1,923（新缓存 335 / 读缓存 1,586） 出 79 = 2,002 | 累计 1,967,541 tok $11.764
  已翻 749/819 段
    [tok] #837 入 1,902（新缓存 314 / 读缓存 1,586） 出 213 = 2,115 | 累计 1,969,656 tok $11.775
  已翻 750/819 段
    [tok] #838 入 2,101（新缓存 513 / 读缓存 1,586） 出 258 = 2,359 | 累计 1,972,015 tok $11.788
    [tok] #839 入 2,049（新缓存 461 / 读缓存 1,586） 出 359 = 2,408 | 累计 1,974,423 tok $11.804
  已翻 751/819 段
    [tok] #840 入 2,148（新缓存 560 / 读缓存 1,586） 出 383 = 2,531 | 累计 1,976,954 tok $11.821
    [tok] #841 入 2,096（新缓存 508 / 读缓存 1,586） 出 462 = 2,558 | 累计 1,979,512 tok $11.840
  已翻 752/819 段
    [tok] #842 入 2,235（新缓存 647 / 读缓存 1,586） 出 431 = 2,666 | 累计 1,982,178 tok $11.859
  已翻 753/819 段
    [tok] #843 入 1,896（新缓存 308 / 读缓存 1,586） 出 97 = 1,993 | 累计 1,984,171 tok $11.866
  已翻 754/819 段
    [tok] #844 入 2,309（新缓存 721 / 读缓存 1,586） 出 514 = 2,823 | 累计 1,986,994 tok $11.889
  已翻 755/819 段
    [tok] #845 入 2,115（新缓存 527 / 读缓存 1,586） 出 275 = 2,390 | 累计 1,989,384 tok $11.903
  已翻 756/819 段
    [tok] #846 入 2,141（新缓存 553 / 读缓存 1,586） 出 278 = 2,419 | 累计 1,991,803 tok $11.917
  已翻 757/819 段
    [tok] #847 入 1,949（新缓存 361 / 读缓存 1,586） 出 100 = 2,049 | 累计 1,993,852 tok $11.925
  已翻 758/819 段
    [tok] #848 入 1,956（新缓存 368 / 读缓存 1,586） 出 243 = 2,199 | 累计 1,996,051 tok $11.937
  已翻 759/819 段
    [tok] #849 入 2,358（新缓存 770 / 读缓存 1,586） 出 668 = 3,026 | 累计 1,999,077 tok $11.964
  已翻 760/819 段
    [tok] #850 入 2,048（新缓存 460 / 读缓存 1,586） 出 366 = 2,414 | 累计 2,001,491 tok $11.980
    [tok] #851 入 1,996（新缓存 408 / 读缓存 1,586） 出 509 = 2,505 | 累计 2,003,996 tok $11.998
  已翻 761/819 段
    [tok] #852 入 1,941（新缓存 353 / 读缓存 1,586） 出 100 = 2,041 | 累计 2,006,037 tok $12.006
  已翻 762/819 段
    [tok] #853 入 2,379（新缓存 791 / 读缓存 1,586） 出 539 = 2,918 | 累计 2,008,955 tok $12.030
  已翻 763/819 段
    [tok] #854 入 2,203（新缓存 615 / 读缓存 1,586） 出 449 = 2,652 | 累计 2,011,607 tok $12.049
  已翻 764/819 段
    [tok] #855 入 2,075（新缓存 487 / 读缓存 1,586） 出 485 = 2,560 | 累计 2,014,167 tok $12.068
  已翻 765/819 段
    [tok] #856 入 1,951（新缓存 363 / 读缓存 1,586） 出 260 = 2,211 | 累计 2,016,378 tok $12.080
  已翻 766/819 段
    [tok] #857 入 1,904（新缓存 316 / 读缓存 1,586） 出 47 = 1,951 | 累计 2,018,329 tok $12.087
  已翻 767/819 段
    [tok] #858 入 1,914（新缓存 326 / 读缓存 1,586） 出 67 = 1,981 | 累计 2,020,310 tok $12.093
  已翻 768/819 段
    [tok] #859 入 1,918（新缓存 330 / 读缓存 1,586） 出 82 = 2,000 | 累计 2,022,310 tok $12.101
  已翻 769/819 段
    [tok] #860 入 1,923（新缓存 335 / 读缓存 1,586） 出 73 = 1,996 | 累计 2,024,306 tok $12.108
  已翻 770/819 段
    [tok] #861 入 2,035（新缓存 447 / 读缓存 1,586） 出 206 = 2,241 | 累计 2,026,547 tok $12.119
    [tok] #862 入 1,983（新缓存 395 / 读缓存 1,586） 出 200 = 2,183 | 累计 2,028,730 tok $12.130
  已翻 771/819 段
    [tok] #863 入 1,973（新缓存 385 / 读缓存 1,586） 出 128 = 2,101 | 累计 2,030,831 tok $12.139
  已翻 772/819 段
    [tok] #864 入 2,069（新缓存 481 / 读缓存 1,586） 出 205 = 2,274 | 累计 2,033,105 tok $12.151
  已翻 773/819 段
    [tok] #865 入 2,098（新缓存 510 / 读缓存 1,586） 出 339 = 2,437 | 累计 2,035,542 tok $12.167
  已翻 774/819 段
    [tok] #866 入 1,948（新缓存 360 / 读缓存 1,586） 出 264 = 2,212 | 累计 2,037,754 tok $12.179
  已翻 775/819 段
    [tok] #867 入 2,469（新缓存 881 / 读缓存 1,586） 出 629 = 3,098 | 累计 2,040,852 tok $12.206
  已翻 776/819 段
    [tok] #868 入 1,913（新缓存 325 / 读缓存 1,586） 出 276 = 2,189 | 累计 2,043,041 tok $12.218
  已翻 777/819 段
    [tok] #869 入 1,907（新缓存 319 / 读缓存 1,586） 出 62 = 1,969 | 累计 2,045,010 tok $12.224
  已翻 778/819 段
    [tok] #870 入 1,907（新缓存 319 / 读缓存 1,586） 出 64 = 1,971 | 累计 2,046,981 tok $12.231
  已翻 779/819 段
    [tok] #871 入 2,224（新缓存 636 / 读缓存 1,586） 出 356 = 2,580 | 累计 2,049,561 tok $12.248
  已翻 780/819 段
    [tok] #872 入 2,083（新缓存 495 / 读缓存 1,586） 出 362 = 2,445 | 累计 2,052,006 tok $12.265
  已翻 781/819 段
    [tok] #873 入 2,016（新缓存 428 / 读缓存 1,586） 出 312 = 2,328 | 累计 2,054,334 tok $12.279
  已翻 782/819 段
    [tok] #874 入 2,024（新缓存 436 / 读缓存 1,586） 出 275 = 2,299 | 累计 2,056,633 tok $12.292
  已翻 783/819 段
    [tok] #875 入 2,082（新缓存 494 / 读缓存 1,586） 出 369 = 2,451 | 累计 2,059,084 tok $12.308
    [tok] #876 入 2,030（新缓存 442 / 读缓存 1,586） 出 257 = 2,287 | 累计 2,061,371 tok $12.321
  已翻 784/819 段
    [tok] #877 入 1,912（新缓存 324 / 读缓存 1,586） 出 289 = 2,201 | 累计 2,063,572 tok $12.333
  已翻 785/819 段
    [tok] #878 入 1,958（新缓存 370 / 读缓存 1,586） 出 110 = 2,068 | 累计 2,065,640 tok $12.341
  已翻 786/819 段
    [tok] #879 入 2,067（新缓存 479 / 读缓存 1,586） 出 246 = 2,313 | 累计 2,067,953 tok $12.354
  已翻 787/819 段
    [tok] #880 入 2,003（新缓存 415 / 读缓存 1,586） 出 171 = 2,174 | 累计 2,070,127 tok $12.365
  已翻 788/819 段
    [tok] #881 入 1,898（新缓存 310 / 读缓存 1,586） 出 41 = 1,939 | 累计 2,072,066 tok $12.371
  已翻 789/819 段
    [tok] #882 入 1,972（新缓存 384 / 读缓存 1,586） 出 323 = 2,295 | 累计 2,074,361 tok $12.385
  已翻 790/819 段
    [tok] #883 入 1,996（新缓存 408 / 读缓存 1,586） 出 260 = 2,256 | 累计 2,076,617 tok $12.397
  已翻 791/819 段
    [tok] #884 入 1,966（新缓存 378 / 读缓存 1,586） 出 170 = 2,136 | 累计 2,078,753 tok $12.407
  已翻 792/819 段
    [tok] #885 入 2,211（新缓存 623 / 读缓存 1,586） 出 659 = 2,870 | 累计 2,081,623 tok $12.432
    [tok] #886 入 2,159（新缓存 571 / 读缓存 1,586） 出 470 = 2,629 | 累计 2,084,252 tok $12.452
  已翻 793/819 段
    [tok] #887 入 2,088（新缓存 500 / 读缓存 1,586） 出 263 = 2,351 | 累计 2,086,603 tok $12.465
  已翻 794/819 段
    [tok] #888 入 2,322（新缓存 734 / 读缓存 1,586） 出 586 = 2,908 | 累计 2,089,511 tok $12.489
    [tok] #889 入 2,270（新缓存 682 / 读缓存 1,586） 出 480 = 2,750 | 累计 2,092,261 tok $12.510
  已翻 795/819 段
    [tok] #890 入 1,877（新缓存 289 / 读缓存 1,586） 出 38 = 1,915 | 累计 2,094,176 tok $12.516
  已翻 796/819 段
    [tok] #891 入 2,127（新缓存 539 / 读缓存 1,586） 出 252 = 2,379 | 累计 2,096,555 tok $12.530
  已翻 797/819 段
    [tok] #892 入 1,926（新缓存 338 / 读缓存 1,586） 出 78 = 2,004 | 累计 2,098,559 tok $12.537
  已翻 798/819 段
    [tok] #893 入 2,238（新缓存 650 / 读缓存 1,586） 出 471 = 2,709 | 累计 2,101,268 tok $12.557
  已翻 799/819 段
    [tok] #894 入 2,188（新缓存 600 / 读缓存 1,586） 出 391 = 2,579 | 累计 2,103,847 tok $12.575
  已翻 800/819 段
    [tok] #895 入 2,029（新缓存 441 / 读缓存 1,586） 出 174 = 2,203 | 累计 2,106,050 tok $12.586
  已翻 801/819 段
    [tok] #896 入 2,099（新缓存 511 / 读缓存 1,586） 出 255 = 2,354 | 累计 2,108,404 tok $12.599
  已翻 802/819 段
    [tok] #897 入 2,058（新缓存 470 / 读缓存 1,586） 出 543 = 2,601 | 累计 2,111,005 tok $12.620
  已翻 803/819 段
    [tok] #898 入 1,997（新缓存 409 / 读缓存 1,586） 出 123 = 2,120 | 累计 2,113,125 tok $12.629
  已翻 804/819 段
    [tok] #899 入 2,036（新缓存 448 / 读缓存 1,586） 出 257 = 2,293 | 累计 2,115,418 tok $12.642
  已翻 805/819 段
    [tok] #900 入 2,280（新缓存 692 / 读缓存 1,586） 出 397 = 2,677 | 累计 2,118,095 tok $12.661
    [tok] #901 入 2,228（新缓存 640 / 读缓存 1,586） 出 406 = 2,634 | 累计 2,120,729 tok $12.679
  已翻 806/819 段
    [tok] #902 入 2,072（新缓存 484 / 读缓存 1,586） 出 271 = 2,343 | 累计 2,123,072 tok $12.693
  已翻 807/819 段
    [tok] #903 入 1,977（新缓存 389 / 读缓存 1,586） 出 99 = 2,076 | 累计 2,125,148 tok $12.701
  已翻 808/819 段
    [tok] #904 入 2,027（新缓存 439 / 读缓存 1,586） 出 222 = 2,249 | 累计 2,127,397 tok $12.713
  已翻 809/819 段
    [tok] #905 入 1,907（新缓存 319 / 读缓存 1,586） 出 63 = 1,970 | 累计 2,129,367 tok $12.720
  已翻 810/819 段
    [tok] #906 入 1,918（新缓存 330 / 读缓存 1,586） 出 92 = 2,010 | 累计 2,131,377 tok $12.727
  已翻 811/819 段
    [tok] #907 入 2,194（新缓存 606 / 读缓存 1,586） 出 429 = 2,623 | 累计 2,134,000 tok $12.746
  已翻 812/819 段
    [tok] #908 入 1,994（新缓存 406 / 读缓存 1,586） 出 364 = 2,358 | 累计 2,136,358 tok $12.761
    [tok] #909 入 1,942（新缓存 354 / 读缓存 1,586） 出 173 = 2,115 | 累计 2,138,473 tok $12.771
  已翻 813/819 段
    [tok] #910 入 1,973（新缓存 385 / 读缓存 1,586） 出 247 = 2,220 | 累计 2,140,693 tok $12.783
  已翻 814/819 段
    [tok] #911 入 2,016（新缓存 428 / 读缓存 1,586） 出 528 = 2,544 | 累计 2,143,237 tok $12.802
    [tok] #912 入 1,964（新缓存 376 / 读缓存 1,586） 出 151 = 2,115 | 累计 2,145,352 tok $12.812
  已翻 815/819 段
    [tok] #913 入 1,996（新缓存 408 / 读缓存 1,586） 出 250 = 2,246 | 累计 2,147,598 tok $12.824
  已翻 816/819 段
    [tok] #914 入 2,148（新缓存 560 / 读缓存 1,586） 出 911 = 3,059 | 累计 2,150,657 tok $12.855
    [tok] #915 入 2,096（新缓存 508 / 读缓存 1,586） 出 1,195 = 3,291 | 累计 2,153,948 tok $12.892
  已翻 817/819 段
    [tok] #916 入 2,480（新缓存 892 / 读缓存 1,586） 出 1,030 = 3,510 | 累计 2,157,458 tok $12.929
  已翻 818/819 段
    [tok] #917 入 2,103（新缓存 515 / 读缓存 1,586） 出 313 = 2,416 | 累计 2,159,874 tok $12.944
  已翻 819/819 段
✓ 中文 raw → /Users/yanpeifa/Documents/whcjb.github.io/owen_raw/hebrews/zh_chapters/8.md  (chmod 444)
  缓存命中 820 / 820
✓ 中文页 → /Users/yanpeifa/Documents/whcjb.github.io/owen/hebrews/8/zh/index.md
✓ 英文页回填 zh_url → owen/hebrews/8/index.md
✓ 回填上一篇 next → 导论7/zh

──────── claude CLI 用量汇总 ────────
  调用      917 次
  输入      1,891,086（未缓存 1,830 / 新建缓存 437,575 / 读缓存 1,451,681）
  输出      268,788
  合计      2,159,874 tok
  均次      2,355 tok
  费用      $12.9436
  用时      187m54s
────────────────────────────────────
════════ [3/3] owen/hebrews/9/index.md  2026-09-03 20:10:19 ════════
owen/hebrews/9/index.md: 1062 个可译单元
    [tok] #1 入 1,870（新缓存 282 / 读缓存 1,586） 出 11 = 1,881 | 累计 1,881 tok $0.005
    [tok] #2 入 1,818（新缓存 230 / 读缓存 1,586） 出 11 = 1,829 | 累计 3,710 tok $0.008
  已翻 1/1060 段
    [tok] #3 入 1,902（新缓存 314 / 读缓存 1,586） 出 96 = 1,998 | 累计 5,708 tok $0.016
  已翻 2/1060 段
    [tok] #4 入 2,116（新缓存 528 / 读缓存 1,586） 出 390 = 2,506 | 累计 8,214 tok $0.033
  已翻 3/1060 段
    [tok] #5 入 1,869（新缓存 281 / 读缓存 1,586） 出 18 = 1,887 | 累计 10,101 tok $0.038
  已翻 4/1060 段
    [tok] #6 入 2,593（新缓存 1,005 / 读缓存 1,586） 出 739 = 3,332 | 累计 13,433 tok $0.069
  已翻 5/1060 段
    [tok] #7 入 2,005（新缓存 417 / 读缓存 1,586） 出 132 = 2,137 | 累计 15,570 tok $0.078
  已翻 6/1060 段
    [tok] #8 入 1,944（新缓存 356 / 读缓存 1,586） 出 87 = 2,031 | 累计 17,601 tok $0.086
  已翻 7/1060 段
    [tok] #9 入 2,346（新缓存 758 / 读缓存 1,586） 出 651 = 2,997 | 累计 20,598 tok $0.112
  已翻 8/1060 段
    [tok] #10 入 1,978（新缓存 390 / 读缓存 1,586） 出 144 = 2,122 | 累计 22,720 tok $0.122
  已翻 9/1060 段
    [tok] #11 入 1,877（新缓存 289 / 读缓存 1,586） 出 29 = 1,906 | 累计 24,626 tok $0.127
  已翻 10/1060 段
    [tok] #12 入 2,442（新缓存 854 / 读缓存 1,586） 出 805 = 3,247 | 累计 27,873 tok $0.158
  已翻 11/1060 段
    [tok] #13 入 2,359（新缓存 771 / 读缓存 1,586） 出 618 = 2,977 | 累计 30,850 tok $0.183
    [tok] #14 入 2,307（新缓存 719 / 读缓存 1,586） 出 913 = 3,220 | 累计 34,070 tok $0.216
  已翻 12/1060 段
    [tok] #15 入 2,199（新缓存 611 / 读缓存 1,586） 出 470 = 2,669 | 累计 36,739 tok $0.235
  已翻 13/1060 段
    [tok] #16 入 2,308（新缓存 720 / 读缓存 1,586） 出 495 = 2,803 | 累计 39,542 tok $0.257
  已翻 14/1060 段
    [tok] #17 入 2,118（新缓存 530 / 读缓存 1,586） 出 302 = 2,420 | 累计 41,962 tok $0.272
  已翻 15/1060 段
    [tok] #18 入 2,067（新缓存 479 / 读缓存 1,586） 出 221 = 2,288 | 累计 44,250 tok $0.284
  已翻 16/1060 段
    [tok] #19 入 1,958（新缓存 370 / 读缓存 1,586） 出 107 = 2,065 | 累计 46,315 tok $0.293
  已翻 17/1060 段
    [tok] #20 入 2,078（新缓存 490 / 读缓存 1,586） 出 349 = 2,427 | 累计 48,742 tok $0.308
  已翻 18/1060 段
    [tok] #21 入 2,041（新缓存 453 / 读缓存 1,586） 出 208 = 2,249 | 累计 50,991 tok $0.320
    [tok] #22 入 1,989（新缓存 401 / 读缓存 1,586） 出 216 = 2,205 | 累计 53,196 tok $0.331
  已翻 19/1060 段
    [tok] #23 入 2,113（新缓存 525 / 读缓存 1,586） 出 375 = 2,488 | 累计 55,684 tok $0.348
  已翻 20/1060 段
    [tok] #24 入 2,041（新缓存 453 / 读缓存 1,586） 出 392 = 2,433 | 累计 58,117 tok $0.364
  已翻 21/1060 段
    [tok] #25 入 2,526（新缓存 938 / 读缓存 1,586） 出 880 = 3,406 | 累计 61,523 tok $0.398
  已翻 22/1060 段
    [tok] #26 入 2,037（新缓存 449 / 读缓存 1,586） 出 186 = 2,223 | 累计 63,746 tok $0.409
  已翻 23/1060 段
    [tok] #27 入 2,051（新缓存 463 / 读缓存 1,586） 出 236 = 2,287 | 累计 66,033 tok $0.422
  已翻 24/1060 段
    [tok] #28 入 2,088（新缓存 500 / 读缓存 1,586） 出 246 = 2,334 | 累计 68,367 tok $0.435
  已翻 25/1060 段
    [tok] #29 入 2,372（新缓存 784 / 读缓存 1,586） 出 613 = 2,985 | 累计 71,352 tok $0.460
  已翻 26/1060 段
    [tok] #30 入 2,305（新缓存 717 / 读缓存 1,586） 出 509 = 2,814 | 累计 74,166 tok $0.482
  已翻 27/1060 段
    [tok] #31 入 1,958（新缓存 370 / 读缓存 1,586） 出 110 = 2,068 | 累计 76,234 tok $0.491
  已翻 28/1060 段
    [tok] #32 入 1,938（新缓存 350 / 读缓存 1,586） 出 96 = 2,034 | 累计 78,268 tok $0.499
  已翻 29/1060 段
    [tok] #33 入 1,926（新缓存 338 / 读缓存 1,586） 出 76 = 2,002 | 累计 80,270 tok $0.506
  已翻 30/1060 段
    [tok] #34 入 1,905（新缓存 317 / 读缓存 1,586） 出 53 = 1,958 | 累计 82,228 tok $0.512
  已翻 31/1060 段
    [tok] #35 入 1,957（新缓存 369 / 读缓存 1,586） 出 99 = 2,056 | 累计 84,284 tok $0.520
  已翻 32/1060 段
    [tok] #36 入 1,980（新缓存 392 / 读缓存 1,586） 出 163 = 2,143 | 累计 86,427 tok $0.530
    [tok] #37 入 1,928（新缓存 340 / 读缓存 1,586） 出 160 = 2,088 | 累计 88,515 tok $0.539
  已翻 33/1060 段
    [tok] #38 入 2,346（新缓存 758 / 读缓存 1,586） 出 668 = 3,014 | 累计 91,529 tok $0.566
  已翻 34/1060 段
    [tok] #39 入 1,920（新缓存 332 / 读缓存 1,586） 出 265 = 2,185 | 累计 93,714 tok $0.578
    [tok] #40 入 1,868（新缓存 280 / 读缓存 1,586） 出 51 = 1,919 | 累计 95,633 tok $0.584
  已翻 35/1060 段
    [tok] #41 入 2,050（新缓存 462 / 读缓存 1,586） 出 381 = 2,431 | 累计 98,064 tok $0.600
  已翻 36/1060 段
    [tok] #42 入 2,102（新缓存 514 / 读缓存 1,586） 出 275 = 2,377 | 累计 100,441 tok $0.614
  已翻 37/1060 段
    [tok] #43 入 2,444（新缓存 856 / 读缓存 1,586） 出 617 = 3,061 | 累计 103,502 tok $0.640
  已翻 38/1060 段
    [tok] #44 入 2,438（新缓存 850 / 读缓存 1,586） 出 610 = 3,048 | 累计 106,550 tok $0.666
  已翻 39/1060 段
    [tok] #45 入 1,898（新缓存 310 / 读缓存 1,586） 出 147 = 2,045 | 累计 108,595 tok $0.675
  已翻 40/1060 段
    [tok] #46 入 2,645（新缓存 1,057 / 读缓存 1,586） 出 808 = 3,453 | 累计 112,048 tok $0.708
  已翻 41/1060 段
    [tok] #47 入 2,100（新缓存 512 / 读缓存 1,586） 出 307 = 2,407 | 累计 114,455 tok $0.723
  已翻 42/1060 段
    [tok] #48 入 2,176（新缓存 588 / 读缓存 1,586） 出 479 = 2,655 | 累计 117,110 tok $0.743
  已翻 43/1060 段
    [tok] #49 入 2,207（新缓存 619 / 读缓存 1,586） 出 373 = 2,580 | 累计 119,690 tok $0.761
  已翻 44/1060 段
    [tok] #50 入 2,426（新缓存 838 / 读缓存 1,586） 出 550 = 2,976 | 累计 122,666 tok $0.785
  已翻 45/1060 段
    [tok] #51 入 1,989（新缓存 401 / 读缓存 1,586） 出 127 = 2,116 | 累计 124,782 tok $0.794
  已翻 46/1060 段
    [tok] #52 入 2,064（新缓存 476 / 读缓存 1,586） 出 327 = 2,391 | 累计 127,173 tok $0.809
  已翻 47/1060 段
    [tok] #53 入 1,968（新缓存 380 / 读缓存 1,586） 出 136 = 2,104 | 累计 129,277 tok $0.818
  已翻 48/1060 段
    [tok] #54 入 1,952（新缓存 364 / 读缓存 1,586） 出 108 = 2,060 | 累计 131,337 tok $0.826
  已翻 49/1060 段
    [tok] #55 入 1,945（新缓存 357 / 读缓存 1,586） 出 96 = 2,041 | 累计 133,378 tok $0.834
    [tok] #56 入 1,893（新缓存 305 / 读缓存 1,586） 出 96 = 1,989 | 累计 135,367 tok $0.842
  已翻 50/1060 段
    [tok] #57 入 2,037（新缓存 449 / 读缓存 1,586） 出 217 = 2,254 | 累计 137,621 tok $0.854
  已翻 51/1060 段
    [tok] #58 入 1,952（新缓存 364 / 读缓存 1,586） 出 117 = 2,069 | 累计 139,690 tok $0.862
  已翻 52/1060 段
    [tok] #59 入 1,960（新缓存 372 / 读缓存 1,586） 出 132 = 2,092 | 累计 141,782 tok $0.871
  已翻 53/1060 段
    [tok] #60 入 2,211（新缓存 623 / 读缓存 1,586） 出 443 = 2,654 | 累计 144,436 tok $0.890
  已翻 54/1060 段
    [tok] #61 入 2,178（新缓存 590 / 读缓存 1,586） 出 472 = 2,650 | 累计 147,086 tok $0.910
  已翻 55/1060 段
    [tok] #62 入 2,284（新缓存 696 / 读缓存 1,586） 出 432 = 2,716 | 累计 149,802 tok $0.930
  已翻 56/1060 段
    [tok] #63 入 2,070（新缓存 482 / 读缓存 1,586） 出 215 = 2,285 | 累计 152,087 tok $0.942
  已翻 57/1060 段
    [tok] #64 入 2,062（新缓存 474 / 读缓存 1,586） 出 300 = 2,362 | 累计 154,449 tok $0.957
  已翻 58/1060 段
    [tok] #65 入 2,369（新缓存 781 / 读缓存 1,586） 出 763 = 3,132 | 累计 157,581 tok $0.986
  已翻 59/1060 段
    [tok] #66 入 1,930（新缓存 342 / 读缓存 1,586） 出 81 = 2,011 | 累计 159,592 tok $0.993
  已翻 60/1060 段
    [tok] #67 入 1,928（新缓存 340 / 读缓存 1,586） 出 83 = 2,011 | 累计 161,603 tok $1.000
  已翻 61/1060 段
    [tok] #68 入 2,169（新缓存 581 / 读缓存 1,586） 出 368 = 2,537 | 累计 164,140 tok $1.017
    [tok] #69 入 2,117（新缓存 529 / 读缓存 1,586） 出 507 = 2,624 | 累计 166,764 tok $1.037
  已翻 62/1060 段
    [tok] #70 入 2,186（新缓存 598 / 读缓存 1,586） 出 441 = 2,627 | 累计 169,391 tok $1.057
  已翻 63/1060 段
    [tok] #71 入 2,179（新缓存 591 / 读缓存 1,586） 出 501 = 2,680 | 累计 172,071 tok $1.077
  已翻 64/1060 段
    [tok] #72 入 1,919（新缓存 331 / 读缓存 1,586） 出 95 = 2,014 | 累计 174,085 tok $1.085
  已翻 65/1060 段
    [tok] #73 入 2,006（新缓存 418 / 读缓存 1,586） 出 186 = 2,192 | 累计 176,277 tok $1.096
  已翻 66/1060 段
    [tok] #74 入 2,153（新缓存 565 / 读缓存 1,586） 出 545 = 2,698 | 累计 178,975 tok $1.117
  已翻 67/1060 段
    [tok] #75 入 2,014（新缓存 426 / 读缓存 1,586） 出 403 = 2,417 | 累计 181,392 tok $1.133
  已翻 68/1060 段
    [tok] #76 入 2,210（新缓存 622 / 读缓存 1,586） 出 465 = 2,675 | 累计 184,067 tok $1.153
  已翻 69/1060 段
    [tok] #77 入 2,381（新缓存 793 / 读缓存 1,586） 出 534 = 2,915 | 累计 186,982 tok $1.177
  已翻 70/1060 段
    [tok] #78 入 2,084（新缓存 496 / 读缓存 1,586） 出 337 = 2,421 | 累计 189,403 tok $1.192
  已翻 71/1060 段
    [tok] #79 入 2,481（新缓存 893 / 读缓存 1,586） 出 716 = 3,197 | 累计 192,600 tok $1.221
  已翻 72/1060 段
    [tok] #80 入 1,896（新缓存 308 / 读缓存 1,586） 出 44 = 1,940 | 累计 194,540 tok $1.227
  已翻 73/1060 段
    [tok] #81 入 2,353（新缓存 765 / 读缓存 1,586） 出 534 = 2,887 | 累计 197,427 tok $1.250
  已翻 74/1060 段
    [tok] #82 入 1,922（新缓存 334 / 读缓存 1,586） 出 85 = 2,007 | 累计 199,434 tok $1.258
  已翻 75/1060 段
    [tok] #83 入 1,904（新缓存 316 / 读缓存 1,586） 出 50 = 1,954 | 累计 201,388 tok $1.264
  已翻 76/1060 段
    [tok] #84 入 2,095（新缓存 507 / 读缓存 1,586） 出 469 = 2,564 | 累计 203,952 tok $1.283
  已翻 77/1060 段
    [tok] #85 入 2,060（新缓存 472 / 读缓存 1,586） 出 252 = 2,312 | 累计 206,264 tok $1.296
  已翻 78/1060 段
    [tok] #86 入 2,457（新缓存 869 / 读缓存 1,586） 出 901 = 3,358 | 累计 209,622 tok $1.329
    [tok] #87 入 2,405（新缓存 817 / 读缓存 1,586） 出 616 = 3,021 | 累计 212,643 tok $1.355
  已翻 79/1060 段
    [tok] #88 入 2,087（新缓存 499 / 读缓存 1,586） 出 428 = 2,515 | 累计 215,158 tok $1.373
  已翻 80/1060 段
    [tok] #89 入 2,225（新缓存 637 / 读缓存 1,586） 出 362 = 2,587 | 累计 217,745 tok $1.391
  已翻 81/1060 段
    [tok] #90 入 2,279（新缓存 691 / 读缓存 1,586） 出 755 = 3,034 | 累计 220,779 tok $1.419
  已翻 82/1060 段
    [tok] #91 入 2,045（新缓存 457 / 读缓存 1,586） 出 200 = 2,245 | 累计 223,024 tok $1.430
  已翻 83/1060 段
    [tok] #92 入 2,052（新缓存 464 / 读缓存 1,586） 出 262 = 2,314 | 累计 225,338 tok $1.443
  已翻 84/1060 段
    [tok] #93 入 2,461（新缓存 873 / 读缓存 1,586） 出 658 = 3,119 | 累计 228,457 tok $1.471
  已翻 85/1060 段
    [tok] #94 入 1,992（新缓存 404 / 读缓存 1,586） 出 266 = 2,258 | 累计 230,715 tok $1.483
  已翻 86/1060 段
    [tok] #95 入 1,925（新缓存 337 / 读缓存 1,586） 出 284 = 2,209 | 累计 232,924 tok $1.496
    [tok] #96 入 1,873（新缓存 285 / 读缓存 1,586） 出 122 = 1,995 | 累计 234,919 tok $1.503
  已翻 87/1060 段
    [tok] #97 入 2,207（新缓存 619 / 读缓存 1,586） 出 458 = 2,665 | 累计 237,584 tok $1.523
  已翻 88/1060 段
    [tok] #98 入 2,003（新缓存 415 / 读缓存 1,586） 出 438 = 2,441 | 累计 240,025 tok $1.540
    [tok] #99 入 1,951（新缓存 363 / 读缓存 1,586） 出 188 = 2,139 | 累计 242,164 tok $1.550
  已翻 89/1060 段
    [tok] #100 入 2,058（新缓存 470 / 读缓存 1,586） 出 201 = 2,259 | 累计 244,423 tok $1.562
  已翻 90/1060 段
    [tok] #101 入 2,175（新缓存 587 / 读缓存 1,586） 出 666 = 2,841 | 累计 247,264 tok $1.587
  已翻 91/1060 段
    [tok] #102 入 2,313（新缓存 725 / 读缓存 1,586） 出 613 = 2,926 | 累计 250,190 tok $1.612
  已翻 92/1060 段
    [tok] #103 入 2,298（新缓存 710 / 读缓存 1,586） 出 710 = 3,008 | 累计 253,198 tok $1.639
  已翻 93/1060 段
    [tok] #104 入 2,018（新缓存 430 / 读缓存 1,586） 出 176 = 2,194 | 累计 255,392 tok $1.649
    [tok] #105 入 1,966（新缓存 378 / 读缓存 1,586） 出 211 = 2,177 | 累计 257,569 tok $1.660
  已翻 94/1060 段
    [tok] #106 入 2,002（新缓存 414 / 读缓存 1,586） 出 192 = 2,194 | 累计 259,763 tok $1.671
  已翻 95/1060 段
    [tok] #107 入 1,899（新缓存 311 / 读缓存 1,586） 出 51 = 1,950 | 累计 261,713 tok $1.677
  已翻 96/1060 段
    [tok] #108 入 2,312（新缓存 724 / 读缓存 1,586） 出 580 = 2,892 | 累计 264,605 tok $1.701
  已翻 97/1060 段
    [tok] #109 入 1,909（新缓存 321 / 读缓存 1,586） 出 67 = 1,976 | 累计 266,581 tok $1.708
  已翻 98/1060 段
    [tok] #110 入 2,305（新缓存 717 / 读缓存 1,586） 出 816 = 3,121 | 累计 269,702 tok $1.738
  已翻 99/1060 段
    [tok] #111 入 1,929（新缓存 341 / 读缓存 1,586） 出 85 = 2,014 | 累计 271,716 tok $1.745
  已翻 100/1060 段
    [tok] #112 入 2,756（新缓存 1,168 / 读缓存 1,586） 出 1,020 = 3,776 | 累计 275,492 tok $1.785
  已翻 101/1060 段
    [tok] #113 入 1,915（新缓存 327 / 读缓存 1,586） 出 84 = 1,999 | 累计 277,491 tok $1.792
  已翻 102/1060 段
    [tok] #114 入 1,990（新缓存 402 / 读缓存 1,586） 出 313 = 2,303 | 累计 279,794 tok $1.806
  已翻 103/1060 段
    [tok] #115 入 1,979（新缓存 391 / 读缓存 1,586） 出 124 = 2,103 | 累计 281,897 tok $1.815
  已翻 104/1060 段
    [tok] #116 入 2,191（新缓存 603 / 读缓存 1,586） 出 547 = 2,738 | 累计 284,635 tok $1.837
  已翻 105/1060 段
    [tok] #117 入 1,990（新缓存 402 / 读缓存 1,586） 出 146 = 2,136 | 累计 286,771 tok $1.846
  已翻 106/1060 段
    [tok] #118 入 1,984（新缓存 396 / 读缓存 1,586） 出 316 = 2,300 | 累计 289,071 tok $1.860
  已翻 107/1060 段
    [tok] #119 入 2,380（新缓存 792 / 读缓存 1,586） 出 575 = 2,955 | 累计 292,026 tok $1.885
  已翻 108/1060 段
    [tok] #120 入 2,168（新缓存 580 / 读缓存 1,586） 出 342 = 2,510 | 累计 294,536 tok $1.901
  已翻 109/1060 段
    [tok] #121 入 2,319（新缓存 731 / 读缓存 1,586） 出 637 = 2,956 | 累计 297,492 tok $1.927
  已翻 110/1060 段
    [tok] #122 入 3,467（新缓存 1,879 / 读缓存 1,586） 出 1,576 = 5,043 | 累计 302,535 tok $1.988
  已翻 111/1060 段
    [tok] #123 入 2,368（新缓存 780 / 读缓存 1,586） 出 725 = 3,093 | 累计 305,628 tok $2.016
  已翻 112/1060 段
    [tok] #124 入 2,154（新缓存 566 / 读缓存 1,586） 出 313 = 2,467 | 累计 308,095 tok $2.032
  已翻 113/1060 段
    [tok] #125 入 2,292（新缓存 704 / 读缓存 1,586） 出 581 = 2,873 | 累计 310,968 tok $2.055
  已翻 114/1060 段
    [tok] #126 入 2,035（新缓存 447 / 读缓存 1,586） 出 340 = 2,375 | 累计 313,343 tok $2.070
    [tok] #127 入 1,983（新缓存 395 / 读缓存 1,586） 出 185 = 2,168 | 累计 315,511 tok $2.081
  已翻 115/1060 段
    [tok] #128 入 1,978（新缓存 390 / 读缓存 1,586） 出 323 = 2,301 | 累计 317,812 tok $2.095
  已翻 116/1060 段
    [tok] #129 入 2,071（新缓存 483 / 读缓存 1,586） 出 290 = 2,361 | 累计 320,173 tok $2.109
  已翻 117/1060 段
    [tok] #130 入 1,930（新缓存 342 / 读缓存 1,586） 出 87 = 2,017 | 累计 322,190 tok $2.116
  已翻 118/1060 段
    [tok] #131 入 2,105（新缓存 517 / 读缓存 1,586） 出 283 = 2,388 | 累计 324,578 tok $2.131
  已翻 119/1060 段
    [tok] #132 入 1,955（新缓存 367 / 读缓存 1,586） 出 110 = 2,065 | 累计 326,643 tok $2.139
  已翻 120/1060 段
    [tok] #133 入 2,294（新缓存 706 / 读缓存 1,586） 出 676 = 2,970 | 累计 329,613 tok $2.165
  已翻 121/1060 段
    [tok] #134 入 2,027（新缓存 439 / 读缓存 1,586） 出 424 = 2,451 | 累计 332,064 tok $2.182
  已翻 122/1060 段
    [tok] #135 入 1,960（新缓存 372 / 读缓存 1,586） 出 213 = 2,173 | 累计 334,237 tok $2.193
  已翻 123/1060 段
    [tok] #136 入 1,973（新缓存 385 / 读缓存 1,586） 出 211 = 2,184 | 累计 336,421 tok $2.204
  已翻 124/1060 段
    [tok] #137 入 2,022（新缓存 434 / 读缓存 1,586） 出 176 = 2,198 | 累计 338,619 tok $2.215
  已翻 125/1060 段
    [tok] #138 入 2,189（新缓存 601 / 读缓存 1,586） 出 329 = 2,518 | 累计 341,137 tok $2.231
  已翻 126/1060 段
    [tok] #139 入 2,038（新缓存 450 / 读缓存 1,586） 出 214 = 2,252 | 累计 343,389 tok $2.243
  已翻 127/1060 段
    [tok] #140 入 2,184（新缓存 596 / 读缓存 1,586） 出 374 = 2,558 | 累计 345,947 tok $2.260
  已翻 128/1060 段
    [tok] #141 入 1,982（新缓存 394 / 读缓存 1,586） 出 152 = 2,134 | 累计 348,081 tok $2.270
  已翻 129/1060 段
    [tok] #142 入 1,987（新缓存 399 / 读缓存 1,586） 出 298 = 2,285 | 累计 350,366 tok $2.283
    [tok] #143 入 1,935（新缓存 347 / 读缓存 1,586） 出 156 = 2,091 | 累计 352,457 tok $2.293
  已翻 130/1060 段
    [tok] #144 入 1,969（新缓存 381 / 读缓存 1,586） 出 183 = 2,152 | 累计 354,609 tok $2.303
  已翻 131/1060 段
    [tok] #145 入 2,159（新缓存 571 / 读缓存 1,586） 出 423 = 2,582 | 累计 357,191 tok $2.321
    [tok] #146 入 2,107（新缓存 519 / 读缓存 1,586） 出 561 = 2,668 | 累计 359,859 tok $2.343
  已翻 132/1060 段
    [tok] #147 入 2,105（新缓存 517 / 读缓存 1,586） 出 284 = 2,389 | 累计 362,248 tok $2.357
    [tok] #148 入 2,053（新缓存 465 / 读缓存 1,586） 出 492 = 2,545 | 累计 364,793 tok $2.376
  已翻 133/1060 段
    [tok] #149 入 1,998（新缓存 410 / 读缓存 1,586） 出 161 = 2,159 | 累计 366,952 tok $2.386
  已翻 134/1060 段
    [tok] #150 入 2,187（新缓存 599 / 读缓存 1,586） 出 490 = 2,677 | 累计 369,629 tok $2.406
  已翻 135/1060 段
    [tok] #151 入 1,996（新缓存 408 / 读缓存 1,586） 出 142 = 2,138 | 累计 371,767 tok $2.416
  已翻 136/1060 段
    [tok] #152 入 2,020（新缓存 432 / 读缓存 1,586） 出 284 = 2,304 | 累计 374,071 tok $2.429
  已翻 137/1060 段
    [tok] #153 入 2,366（新缓存 778 / 读缓存 1,586） 出 561 = 2,927 | 累计 376,998 tok $2.453
  已翻 138/1060 段
    [tok] #154 入 2,129（新缓存 541 / 读缓存 1,586） 出 394 = 2,523 | 累计 379,521 tok $2.470
    [tok] #155 入 2,077（新缓存 489 / 读缓存 1,586） 出 373 = 2,450 | 累计 381,971 tok $2.487
  已翻 139/1060 段
    [tok] #156 入 1,965（新缓存 377 / 读缓存 1,586） 出 115 = 2,080 | 累计 384,051 tok $2.495
  已翻 140/1060 段
    [tok] #157 入 2,096（新缓存 508 / 读缓存 1,586） 出 645 = 2,741 | 累计 386,792 tok $2.519
  已翻 141/1060 段
    [tok] #158 入 2,003（新缓存 415 / 读缓存 1,586） 出 186 = 2,189 | 累计 388,981 tok $2.529
  已翻 142/1060 段
    [tok] #159 入 1,969（新缓存 381 / 读缓存 1,586） 出 133 = 2,102 | 累计 391,083 tok $2.538
  已翻 143/1060 段
    [tok] #160 入 1,941（新缓存 353 / 读缓存 1,586） 出 96 = 2,037 | 累计 393,120 tok $2.546
  已翻 144/1060 段
    [tok] #161 入 2,166（新缓存 578 / 读缓存 1,586） 出 479 = 2,645 | 累计 395,765 tok $2.566
  已翻 145/1060 段
    [tok] #162 入 2,392（新缓存 804 / 读缓存 1,586） 出 572 = 2,964 | 累计 398,729 tok $2.591
  已翻 146/1060 段
    [tok] #163 入 2,335（新缓存 747 / 读缓存 1,586） 出 501 = 2,836 | 累计 401,565 tok $2.613
  已翻 147/1060 段
    [tok] #164 入 2,266（新缓存 678 / 读缓存 1,586） 出 639 = 2,905 | 累计 404,470 tok $2.638
  已翻 148/1060 段
    [tok] #165 入 2,037（新缓存 449 / 读缓存 1,586） 出 453 = 2,490 | 累计 406,960 tok $2.655
  已翻 149/1060 段
    [tok] #166 入 2,089（新缓存 501 / 读缓存 1,586） 出 273 = 2,362 | 累计 409,322 tok $2.669
  已翻 150/1060 段
    [tok] #167 入 2,064（新缓存 476 / 读缓存 1,586） 出 238 = 2,302 | 累计 411,624 tok $2.682
  已翻 151/1060 段
    [tok] #168 入 2,178（新缓存 590 / 读缓存 1,586） 出 360 = 2,538 | 累计 414,162 tok $2.699
    [tok] #169 入 2,126（新缓存 538 / 读缓存 1,586） 出 352 = 2,478 | 累计 416,640 tok $2.715
  已翻 152/1060 段
    [tok] #170 入 2,008（新缓存 420 / 读缓存 1,586） 出 171 = 2,179 | 累计 418,819 tok $2.726
    [tok] #171 入 1,956（新缓存 368 / 读缓存 1,586） 出 176 = 2,132 | 累计 420,951 tok $2.736
  已翻 153/1060 段
    [tok] #172 入 2,007（新缓存 419 / 读缓存 1,586） 出 217 = 2,224 | 累计 423,175 tok $2.747
  已翻 154/1060 段
    [tok] #173 入 0（新缓存 0 / 读缓存 0） 出 0 = 0 | 累计 423,175 tok $2.758
  已翻 155/1060 段
    [tok] #174 入 2,193（新缓存 605 / 读缓存 1,586） 出 503 = 2,696 | 累计 425,871 tok $2.779
    [tok] #175 入 2,141（新缓存 553 / 读缓存 1,586） 出 1,083 = 3,224 | 累计 429,095 tok $2.813
  已翻 156/1060 段
    [tok] #176 入 1,989（新缓存 401 / 读缓存 1,586） 出 298 = 2,287 | 累计 431,382 tok $2.827
  已翻 157/1060 段
    [tok] #177 入 1,973（新缓存 385 / 读缓存 1,586） 出 176 = 2,149 | 累计 433,531 tok $2.837
  已翻 158/1060 段
    [tok] #178 入 2,120（新缓存 532 / 读缓存 1,586） 出 524 = 2,644 | 累计 436,175 tok $2.857
  已翻 159/1060 段
    [tok] #179 入 2,144（新缓存 556 / 读缓存 1,586） 出 374 = 2,518 | 累计 438,693 tok $2.874
  已翻 160/1060 段
    [tok] #180 入 1,928（新缓存 340 / 读缓存 1,586） 出 100 = 2,028 | 累计 440,721 tok $2.882
  已翻 161/1060 段
    [tok] #181 入 2,092（新缓存 504 / 读缓存 1,586） 出 515 = 2,607 | 累计 443,328 tok $2.902
  已翻 162/1060 段
    [tok] #182 入 1,951（新缓存 363 / 读缓存 1,586） 出 413 = 2,364 | 累计 445,692 tok $2.918
  已翻 163/1060 段
    [tok] #183 入 1,892（新缓存 304 / 读缓存 1,586） 出 44 = 1,936 | 累计 447,628 tok $2.924
    [tok] #184 入 1,840（新缓存 252 / 读缓存 1,586） 出 36 = 1,876 | 累计 449,504 tok $2.929
  已翻 164/1060 段
    [tok] #185 入 1,949（新缓存 361 / 读缓存 1,586） 出 96 = 2,045 | 累计 451,549 tok $2.937
  已翻 165/1060 段
    [tok] #186 入 1,941（新缓存 353 / 读缓存 1,586） 出 88 = 2,029 | 累计 453,578 tok $2.945
  已翻 166/1060 段
    [tok] #187 入 1,938（新缓存 350 / 读缓存 1,586） 出 88 = 2,026 | 累计 455,604 tok $2.952
  已翻 167/1060 段
    [tok] #188 入 2,294（新缓存 706 / 读缓存 1,586） 出 535 = 2,829 | 累计 458,433 tok $2.975
  已翻 168/1060 段
    [tok] #189 入 1,959（新缓存 371 / 读缓存 1,586） 出 130 = 2,089 | 累计 460,522 tok $2.984
  已翻 169/1060 段
    [tok] #190 入 1,950（新缓存 362 / 读缓存 1,586） 出 94 = 2,044 | 累计 462,566 tok $2.992
  已翻 170/1060 段
    [tok] #191 入 2,198（新缓存 610 / 读缓存 1,586） 出 503 = 2,701 | 累计 465,267 tok $3.013
  已翻 171/1060 段
    [tok] #192 入 2,423（新缓存 835 / 读缓存 1,586） 出 871 = 3,294 | 累计 468,561 tok $3.045
  已翻 172/1060 段
    [tok] #193 入 2,011（新缓存 423 / 读缓存 1,586） 出 147 = 2,158 | 累计 470,719 tok $3.055
  已翻 173/1060 段
    [tok] #194 入 2,030（新缓存 442 / 读缓存 1,586） 出 198 = 2,228 | 累计 472,947 tok $3.066
  已翻 174/1060 段
    [tok] #195 入 2,133（新缓存 545 / 读缓存 1,586） 出 316 = 2,449 | 累计 475,396 tok $3.082
  已翻 175/1060 段
    [tok] #196 入 2,314（新缓存 726 / 读缓存 1,586） 出 606 = 2,920 | 累计 478,316 tok $3.106
  已翻 176/1060 段
    [tok] #197 入 2,333（新缓存 745 / 读缓存 1,586） 出 546 = 2,879 | 累计 481,195 tok $3.129
  已翻 177/1060 段
    [tok] #198 入 2,127（新缓存 539 / 读缓存 1,586） 出 399 = 2,526 | 累计 483,721 tok $3.147
  已翻 178/1060 段
    [tok] #199 入 2,519（新缓存 931 / 读缓存 1,586） 出 658 = 3,177 | 累计 486,898 tok $3.175
  已翻 179/1060 段
    [tok] #200 入 1,915（新缓存 327 / 读缓存 1,586） 出 67 = 1,982 | 累计 488,880 tok $3.182
  已翻 180/1060 段
    [tok] #201 入 2,065（新缓存 477 / 读缓存 1,586） 出 222 = 2,287 | 累计 491,167 tok $3.194
  已翻 181/1060 段
    [tok] #202 入 1,918（新缓存 330 / 读缓存 1,586） 出 62 = 1,980 | 累计 493,147 tok $3.201
  已翻 182/1060 段
    [tok] #203 入 1,918（新缓存 330 / 读缓存 1,586） 出 404 = 2,322 | 累计 495,469 tok $3.216
    [tok] #204 入 1,866（新缓存 278 / 读缓存 1,586） 出 55 = 1,921 | 累计 497,390 tok $3.222
  已翻 183/1060 段
    [tok] #205 入 2,182（新缓存 594 / 读缓存 1,586） 出 345 = 2,527 | 累计 499,917 tok $3.239
  已翻 184/1060 段
    [tok] #206 入 1,921（新缓存 333 / 读缓存 1,586） 出 73 = 1,994 | 累计 501,911 tok $3.246
  已翻 185/1060 段
    [tok] #207 入 2,259（新缓存 671 / 读缓存 1,586） 出 800 = 3,059 | 累计 504,970 tok $3.275
  已翻 186/1060 段
    [tok] #208 入 2,040（新缓存 452 / 读缓存 1,586） 出 225 = 2,265 | 累计 507,235 tok $3.287
  已翻 187/1060 段
    [tok] #209 入 2,079（新缓存 491 / 读缓存 1,586） 出 352 = 2,431 | 累计 509,666 tok $3.303
  已翻 188/1060 段
    [tok] #210 入 2,278（新缓存 690 / 读缓存 1,586） 出 484 = 2,762 | 累计 512,428 tok $3.324
  已翻 189/1060 段
    [tok] #211 入 2,276（新缓存 688 / 读缓存 1,586） 出 784 = 3,060 | 累计 515,488 tok $3.352
  已翻 190/1060 段
    [tok] #212 入 2,202（新缓存 614 / 读缓存 1,586） 出 360 = 2,562 | 累计 518,050 tok $3.370
    [tok] #213 入 2,150（新缓存 562 / 读缓存 1,586） 出 337 = 2,487 | 累计 520,537 tok $3.386
  已翻 191/1060 段
    [tok] #214 入 1,960（新缓存 372 / 读缓存 1,586） 出 120 = 2,080 | 累计 522,617 tok $3.394
  已翻 192/1060 段
    [tok] #215 入 2,207（新缓存 619 / 读缓存 1,586） 出 697 = 2,904 | 累计 525,521 tok $3.420
  已翻 193/1060 段
    [tok] #216 入 2,296（新缓存 708 / 读缓存 1,586） 出 448 = 2,744 | 累计 528,265 tok $3.441
  已翻 194/1060 段
    [tok] #217 入 2,191（新缓存 603 / 读缓存 1,586） 出 383 = 2,574 | 累计 530,839 tok $3.458
  已翻 195/1060 段
    [tok] #218 入 2,072（新缓存 484 / 读缓存 1,586） 出 343 = 2,415 | 累计 533,254 tok $3.474
  已翻 196/1060 段
    [tok] #219 入 2,132（新缓存 544 / 读缓存 1,586） 出 323 = 2,455 | 累计 535,709 tok $3.489
  已翻 197/1060 段
    [tok] #220 入 2,013（新缓存 425 / 读缓存 1,586） 出 376 = 2,389 | 累计 538,098 tok $3.505
  已翻 198/1060 段
    [tok] #221 入 2,575（新缓存 987 / 读缓存 1,586） 出 1,198 = 3,773 | 累计 541,871 tok $3.547
  已翻 199/1060 段
    [tok] #222 入 1,895（新缓存 307 / 读缓存 1,586） 出 39 = 1,934 | 累计 543,805 tok $3.553
  已翻 200/1060 段
    [tok] #223 入 1,905（新缓存 317 / 读缓存 1,586） 出 196 = 2,101 | 累计 545,906 tok $3.563
  已翻 201/1060 段
    [tok] #224 入 1,900（新缓存 312 / 读缓存 1,586） 出 266 = 2,166 | 累计 548,072 tok $3.575
  已翻 202/1060 段
    [tok] #225 入 1,924（新缓存 336 / 读缓存 1,586） 出 78 = 2,002 | 累计 550,074 tok $3.582
  已翻 203/1060 段
    [tok] #226 入 1,911（新缓存 323 / 读缓存 1,586） 出 80 = 1,991 | 累计 552,065 tok $3.589
  已翻 204/1060 段
    [tok] #227 入 1,923（新缓存 335 / 读缓存 1,586） 出 63 = 1,986 | 累计 554,051 tok $3.596
  已翻 205/1060 段
    [tok] #228 入 1,971（新缓存 383 / 读缓存 1,586） 出 158 = 2,129 | 累计 556,180 tok $3.606
  已翻 206/1060 段
    [tok] #229 入 2,110（新缓存 522 / 读缓存 1,586） 出 807 = 2,917 | 累计 559,097 tok $3.633
    [tok] #230 入 2,058（新缓存 470 / 读缓存 1,586） 出 459 = 2,517 | 累计 561,614 tok $3.651
  已翻 207/1060 段
    [tok] #231 入 2,020（新缓存 432 / 读缓存 1,586） 出 261 = 2,281 | 累计 563,895 tok $3.664
  已翻 208/1060 段
    [tok] #232 入 2,021（新缓存 433 / 读缓存 1,586） 出 234 = 2,255 | 累计 566,150 tok $3.676
  已翻 209/1060 段
    [tok] #233 入 1,985（新缓存 397 / 读缓存 1,586） 出 203 = 2,188 | 累计 568,338 tok $3.687
  已翻 210/1060 段
    [tok] #234 入 1,959（新缓存 371 / 读缓存 1,586） 出 173 = 2,132 | 累计 570,470 tok $3.697
    [tok] #235 入 1,907（新缓存 319 / 读缓存 1,586） 出 89 = 1,996 | 累计 572,466 tok $3.704
  已翻 211/1060 段
    [tok] #236 入 2,093（新缓存 505 / 读缓存 1,586） 出 225 = 2,318 | 累计 574,784 tok $3.717
  已翻 212/1060 段
    [tok] #237 入 2,405（新缓存 817 / 读缓存 1,586） 出 482 = 2,887 | 累计 577,671 tok $3.739
  已翻 213/1060 段
    [tok] #238 入 2,243（新缓存 655 / 读缓存 1,586） 出 558 = 2,801 | 累计 580,472 tok $3.762
  已翻 214/1060 段
    [tok] #239 入 2,415（新缓存 827 / 读缓存 1,586） 出 657 = 3,072 | 累计 583,544 tok $3.789
  已翻 215/1060 段
    [tok] #240 入 2,274（新缓存 686 / 读缓存 1,586） 出 435 = 2,709 | 累计 586,253 tok $3.809
  已翻 216/1060 段
    [tok] #241 入 2,396（新缓存 808 / 读缓存 1,586） 出 642 = 3,038 | 累计 589,291 tok $3.835
  已翻 217/1060 段
    [tok] #242 入 2,252（新缓存 664 / 读缓存 1,586） 出 508 = 2,760 | 累计 592,051 tok $3.857
  已翻 218/1060 段
    [tok] #243 入 1,994（新缓存 406 / 读缓存 1,586） 出 156 = 2,150 | 累计 594,201 tok $3.867
  已翻 219/1060 段
    [tok] #244 入 2,597（新缓存 1,009 / 读缓存 1,586） 出 1,158 = 3,755 | 累计 597,956 tok $3.908
  已翻 220/1060 段
    [tok] #245 入 2,121（新缓存 533 / 读缓存 1,586） 出 679 = 2,800 | 累计 600,756 tok $3.933
  已翻 221/1060 段
    [tok] #246 入 2,067（新缓存 479 / 读缓存 1,586） 出 364 = 2,431 | 累计 603,187 tok $3.948
  已翻 222/1060 段
    [tok] #247 入 2,057（新缓存 469 / 读缓存 1,586） 出 197 = 2,254 | 累计 605,441 tok $3.960
  已翻 223/1060 段
    [tok] #248 入 2,058（新缓存 470 / 读缓存 1,586） 出 346 = 2,404 | 累计 607,845 tok $3.975
  已翻 224/1060 段
    [tok] #249 入 2,405（新缓存 817 / 读缓存 1,586） 出 634 = 3,039 | 累计 610,884 tok $4.002
  已翻 225/1060 段
    [tok] #250 入 2,360（新缓存 772 / 读缓存 1,586） 出 529 = 2,889 | 累计 613,773 tok $4.025
  已翻 226/1060 段
    [tok] #251 入 2,086（新缓存 498 / 读缓存 1,586） 出 257 = 2,343 | 累计 616,116 tok $4.038
  已翻 227/1060 段
    [tok] #252 入 2,039（新缓存 451 / 读缓存 1,586） 出 197 = 2,236 | 累计 618,352 tok $4.050
  已翻 228/1060 段
    [tok] #253 入 1,969（新缓存 381 / 读缓存 1,586） 出 262 = 2,231 | 累计 620,583 tok $4.062
  已翻 229/1060 段
    [tok] #254 入 2,020（新缓存 432 / 读缓存 1,586） 出 181 = 2,201 | 累计 622,784 tok $4.073
  已翻 230/1060 段
    [tok] #255 入 1,909（新缓存 321 / 读缓存 1,586） 出 90 = 1,999 | 累计 624,783 tok $4.080
  已翻 231/1060 段
    [tok] #256 入 2,004（新缓存 416 / 读缓存 1,586） 出 248 = 2,252 | 累计 627,035 tok $4.092
  已翻 232/1060 段
    [tok] #257 入 2,022（新缓存 434 / 读缓存 1,586） 出 208 = 2,230 | 累计 629,265 tok $4.104
  已翻 233/1060 段
    [tok] #258 入 2,013（新缓存 425 / 读缓存 1,586） 出 190 = 2,203 | 累计 631,468 tok $4.115
  已翻 234/1060 段
    [tok] #259 入 1,894（新缓存 306 / 读缓存 1,586） 出 52 = 1,946 | 累计 633,414 tok $4.121
  已翻 235/1060 段
    [tok] #260 入 1,896（新缓存 308 / 读缓存 1,586） 出 193 = 2,089 | 累计 635,503 tok $4.131
  已翻 236/1060 段
    [tok] #261 入 2,179（新缓存 591 / 读缓存 1,586） 出 347 = 2,526 | 累计 638,029 tok $4.148
  已翻 237/1060 段
    [tok] #262 入 2,234（新缓存 646 / 读缓存 1,586） 出 475 = 2,709 | 累计 640,738 tok $4.168
  已翻 238/1060 段
    [tok] #263 入 2,075（新缓存 487 / 读缓存 1,586） 出 232 = 2,307 | 累计 643,045 tok $4.181
  已翻 239/1060 段
    [tok] #264 入 2,010（新缓存 422 / 读缓存 1,586） 出 402 = 2,412 | 累计 645,457 tok $4.197
    [tok] #265 入 1,958（新缓存 370 / 读缓存 1,586） 出 190 = 2,148 | 累计 647,605 tok $4.207
  已翻 240/1060 段
    [tok] #266 入 1,918（新缓存 330 / 读缓存 1,586） 出 67 = 1,985 | 累计 649,590 tok $4.214
  已翻 241/1060 段
    [tok] #267 入 1,971（新缓存 383 / 读缓存 1,586） 出 208 = 2,179 | 累计 651,769 tok $4.225
    [tok] #268 入 1,919（新缓存 331 / 读缓存 1,586） 出 117 = 2,036 | 累计 653,805 tok $4.233
  已翻 242/1060 段
    [tok] #269 入 1,920（新缓存 332 / 读缓存 1,586） 出 74 = 1,994 | 累计 655,799 tok $4.240
  已翻 243/1060 段
    [tok] #270 入 1,946（新缓存 358 / 读缓存 1,586） 出 101 = 2,047 | 累计 657,846 tok $4.248
  已翻 244/1060 段
    [tok] #271 入 1,914（新缓存 326 / 读缓存 1,586） 出 60 = 1,974 | 累计 659,820 tok $4.255
  已翻 245/1060 段
    [tok] #272 入 1,896（新缓存 308 / 读缓存 1,586） 出 41 = 1,937 | 累计 661,757 tok $4.261
  已翻 246/1060 段
    [tok] #273 入 2,076（新缓存 488 / 读缓存 1,586） 出 512 = 2,588 | 累计 664,345 tok $4.281
    [tok] #274 入 2,024（新缓存 436 / 读缓存 1,586） 出 697 = 2,721 | 累计 667,066 tok $4.304
  已翻 247/1060 段
    [tok] #275 入 2,006（新缓存 418 / 读缓存 1,586） 出 261 = 2,267 | 累计 669,333 tok $4.317
  已翻 248/1060 段
    [tok] #276 入 2,091（新缓存 503 / 读缓存 1,586） 出 313 = 2,404 | 累计 671,737 tok $4.332
  已翻 249/1060 段
    [tok] #277 入 2,020（新缓存 432 / 读缓存 1,586） 出 290 = 2,310 | 累计 674,047 tok $4.346
  已翻 250/1060 段
    [tok] #278 入 2,019（新缓存 431 / 读缓存 1,586） 出 219 = 2,238 | 累计 676,285 tok $4.357
  已翻 251/1060 段
    [tok] #279 入 2,030（新缓存 442 / 读缓存 1,586） 出 426 = 2,456 | 累计 678,741 tok $4.374
  已翻 252/1060 段
    [tok] #280 入 1,905（新缓存 317 / 读缓存 1,586） 出 441 = 2,346 | 累计 681,087 tok $4.390
  已翻 253/1060 段
    [tok] #281 入 1,978（新缓存 390 / 读缓存 1,586） 出 205 = 2,183 | 累计 683,270 tok $4.401
    [tok] #282 入 1,926（新缓存 338 / 读缓存 1,586） 出 275 = 2,201 | 累计 685,471 tok $4.413
  已翻 254/1060 段
    [tok] #283 入 2,045（新缓存 457 / 读缓存 1,586） 出 317 = 2,362 | 累计 687,833 tok $4.428
  已翻 255/1060 段
    [tok] #284 入 1,926（新缓存 338 / 读缓存 1,586） 出 124 = 2,050 | 累计 689,883 tok $4.436
  已翻 256/1060 段
    [tok] #285 入 1,969（新缓存 381 / 读缓存 1,586） 出 500 = 2,469 | 累计 692,352 tok $4.455
  已翻 257/1060 段
    [tok] #286 入 1,896（新缓存 308 / 读缓存 1,586） 出 44 = 1,940 | 累计 694,292 tok $4.461
  已翻 258/1060 段
    [tok] #287 入 2,026（新缓存 438 / 读缓存 1,586） 出 186 = 2,212 | 累计 696,504 tok $4.472
  已翻 259/1060 段
    [tok] #288 入 2,518（新缓存 930 / 读缓存 1,586） 出 732 = 3,250 | 累计 699,754 tok $4.502
  已翻 260/1060 段
    [tok] #289 入 2,114（新缓存 526 / 读缓存 1,586） 出 674 = 2,788 | 累计 702,542 tok $4.526
  已翻 261/1060 段
    [tok] #290 入 2,082（新缓存 494 / 读缓存 1,586） 出 282 = 2,364 | 累计 704,906 tok $4.540
  已翻 262/1060 段
    [tok] #291 入 2,124（新缓存 536 / 读缓存 1,586） 出 470 = 2,594 | 累计 707,500 tok $4.559
  已翻 263/1060 段
    [tok] #292 入 2,291（新缓存 703 / 读缓存 1,586） 出 510 = 2,801 | 累计 710,301 tok $4.581
  已翻 264/1060 段
    [tok] #293 入 2,215（新缓存 627 / 读缓存 1,586） 出 435 = 2,650 | 累计 712,951 tok $4.600
  已翻 265/1060 段
    [tok] #294 入 2,691（新缓存 1,103 / 读缓存 1,586） 出 989 = 3,680 | 累计 716,631 tok $4.638
  已翻 266/1060 段
    [tok] #295 入 2,140（新缓存 552 / 读缓存 1,586） 出 542 = 2,682 | 累计 719,313 tok $4.660
  已翻 267/1060 段
    [tok] #296 入 2,069（新缓存 481 / 读缓存 1,586） 出 240 = 2,309 | 累计 721,622 tok $4.672
  已翻 268/1060 段
    [tok] #297 入 2,007（新缓存 419 / 读缓存 1,586） 出 183 = 2,190 | 累计 723,812 tok $4.683
  已翻 269/1060 段
    [tok] #298 入 2,148（新缓存 560 / 读缓存 1,586） 出 340 = 2,488 | 累计 726,300 tok $4.699
  已翻 270/1060 段
    [tok] #299 入 1,971（新缓存 383 / 读缓存 1,586） 出 242 = 2,213 | 累计 728,513 tok $4.711
  已翻 271/1060 段
    [tok] #300 入 2,193（新缓存 605 / 读缓存 1,586） 出 860 = 3,053 | 累计 731,566 tok $4.741
  已翻 272/1060 段
    [tok] #301 入 2,771（新缓存 1,183 / 读缓存 1,586） 出 998 = 3,769 | 累计 735,335 tok $4.780
  已翻 273/1060 段
    [tok] #302 入 2,176（新缓存 588 / 读缓存 1,586） 出 496 = 2,672 | 累计 738,007 tok $4.800
  已翻 274/1060 段
    [tok] #303 入 2,087（新缓存 499 / 读缓存 1,586） 出 310 = 2,397 | 累计 740,404 tok $4.815
  已翻 275/1060 段
    [tok] #304 入 2,371（新缓存 783 / 读缓存 1,586） 出 565 = 2,936 | 累计 743,340 tok $4.839
  已翻 276/1060 段
    [tok] #305 入 2,188（新缓存 600 / 读缓存 1,586） 出 411 = 2,599 | 累计 745,939 tok $4.858
  已翻 277/1060 段
    [tok] #306 入 1,962（新缓存 374 / 读缓存 1,586） 出 161 = 2,123 | 累计 748,062 tok $4.867
  已翻 278/1060 段
    [tok] #307 入 2,024（新缓存 436 / 读缓存 1,586） 出 247 = 2,271 | 累计 750,333 tok $4.880
  已翻 279/1060 段
    [tok] #308 入 1,982（新缓存 394 / 读缓存 1,586） 出 127 = 2,109 | 累计 752,442 tok $4.889
  已翻 280/1060 段
    [tok] #309 入 1,933（新缓存 345 / 读缓存 1,586） 出 99 = 2,032 | 累计 754,474 tok $4.897
  已翻 281/1060 段
    [tok] #310 入 1,917（新缓存 329 / 读缓存 1,586） 出 69 = 1,986 | 累计 756,460 tok $4.904
  已翻 282/1060 段
    [tok] #311 入 1,981（新缓存 393 / 读缓存 1,586） 出 119 = 2,100 | 累计 758,560 tok $4.913
  已翻 283/1060 段
    [tok] #312 入 2,027（新缓存 439 / 读缓存 1,586） 出 189 = 2,216 | 累计 760,776 tok $4.924
  已翻 284/1060 段
    [tok] #313 入 2,041（新缓存 453 / 读缓存 1,586） 出 235 = 2,276 | 累计 763,052 tok $4.936
  已翻 285/1060 段
    [tok] #314 入 2,186（新缓存 598 / 读缓存 1,586） 出 344 = 2,530 | 累计 765,582 tok $4.953
    [tok] #315 入 2,134（新缓存 546 / 读缓存 1,586） 出 585 = 2,719 | 累计 768,301 tok $4.975
  已翻 286/1060 段
    [tok] #316 入 1,997（新缓存 409 / 读缓存 1,586） 出 232 = 2,229 | 累计 770,530 tok $4.987
  已翻 287/1060 段
    [tok] #317 入 1,906（新缓存 318 / 读缓存 1,586） 出 54 = 1,960 | 累计 772,490 tok $4.993
  已翻 288/1060 段
    [tok] #318 入 2,401（新缓存 813 / 读缓存 1,586） 出 560 = 2,961 | 累计 775,451 tok $5.017
  已翻 289/1060 段
    [tok] #319 入 2,263（新缓存 675 / 读缓存 1,586） 出 701 = 2,964 | 累计 778,415 tok $5.044
  已翻 290/1060 段
    [tok] #320 入 2,049（新缓存 461 / 读缓存 1,586） 出 459 = 2,508 | 累计 780,923 tok $5.062
  已翻 291/1060 段
    [tok] #321 入 2,006（新缓存 418 / 读缓存 1,586） 出 311 = 2,317 | 累计 783,240 tok $5.076
    [tok] #322 入 1,954（新缓存 366 / 读缓存 1,586） 出 152 = 2,106 | 累计 785,346 tok $5.085
  已翻 292/1060 段
    [tok] #323 入 2,561（新缓存 973 / 读缓存 1,586） 出 1,004 = 3,565 | 累计 788,911 tok $5.122
  已翻 293/1060 段
    [tok] #324 入 2,117（新缓存 529 / 读缓存 1,586） 出 322 = 2,439 | 累计 791,350 tok $5.138
  已翻 294/1060 段
    [tok] #325 入 2,124（新缓存 536 / 读缓存 1,586） 出 480 = 2,604 | 累计 793,954 tok $5.157
    [tok] #326 入 2,072（新缓存 484 / 读缓存 1,586） 出 471 = 2,543 | 累计 796,497 tok $5.176
  已翻 295/1060 段
    [tok] #327 入 1,983（新缓存 395 / 读缓存 1,586） 出 154 = 2,137 | 累计 798,634 tok $5.186
  已翻 296/1060 段
    [tok] #328 入 2,166（新缓存 578 / 读缓存 1,586） 出 347 = 2,513 | 累计 801,147 tok $5.202
  已翻 297/1060 段
    [tok] #329 入 2,246（新缓存 658 / 读缓存 1,586） 出 517 = 2,763 | 累计 803,910 tok $5.224
  已翻 298/1060 段
    [tok] #330 入 2,143（新缓存 555 / 读缓存 1,586） 出 337 = 2,480 | 累计 806,390 tok $5.240
  已翻 299/1060 段
    [tok] #331 入 2,148（新缓存 560 / 读缓存 1,586） 出 436 = 2,584 | 累计 808,974 tok $5.258
    [tok] #332 入 2,096（新缓存 508 / 读缓存 1,586） 出 343 = 2,439 | 累计 811,413 tok $5.274
  已翻 300/1060 段
    [tok] #333 入 2,140（新缓存 552 / 读缓存 1,586） 出 353 = 2,493 | 累计 813,906 tok $5.290
  已翻 301/1060 段
    [tok] #334 入 2,217（新缓存 629 / 读缓存 1,586） 出 528 = 2,745 | 累计 816,651 tok $5.312
  已翻 302/1060 段
    [tok] #335 入 1,989（新缓存 401 / 读缓存 1,586） 出 150 = 2,139 | 累计 818,790 tok $5.322
    [tok] #336 入 1,937（新缓存 349 / 读缓存 1,586） 出 269 = 2,206 | 累计 820,996 tok $5.334
  已翻 303/1060 段
    [tok] #337 入 2,077（新缓存 489 / 读缓存 1,586） 出 250 = 2,327 | 累计 823,323 tok $5.347
  已翻 304/1060 段
    [tok] #338 入 2,041（新缓存 453 / 读缓存 1,586） 出 201 = 2,242 | 累计 825,565 tok $5.359
  已翻 305/1060 段
    [tok] #339 入 1,991（新缓存 403 / 读缓存 1,586） 出 129 = 2,120 | 累计 827,685 tok $5.368
  已翻 306/1060 段
    [tok] #340 入 1,928（新缓存 340 / 读缓存 1,586） 出 77 = 2,005 | 累计 829,690 tok $5.375
  已翻 307/1060 段
    [tok] #341 入 1,915（新缓存 327 / 读缓存 1,586） 出 62 = 1,977 | 累计 831,667 tok $5.382
  已翻 308/1060 段
    [tok] #342 入 2,184（新缓存 596 / 读缓存 1,586） 出 351 = 2,535 | 累计 834,202 tok $5.398
  已翻 309/1060 段
    [tok] #343 入 2,118（新缓存 530 / 读缓存 1,586） 出 312 = 2,430 | 累计 836,632 tok $5.414
  已翻 310/1060 段
    [tok] #344 入 1,922（新缓存 334 / 读缓存 1,586） 出 86 = 2,008 | 累计 838,640 tok $5.421
  已翻 311/1060 段
    [tok] #345 入 2,000（新缓存 412 / 读缓存 1,586） 出 200 = 2,200 | 累计 840,840 tok $5.432
  已翻 312/1060 段
    [tok] #346 入 1,951（新缓存 363 / 读缓存 1,586） 出 108 = 2,059 | 累计 842,899 tok $5.440
  已翻 313/1060 段
    [tok] #347 入 1,971（新缓存 383 / 读缓存 1,586） 出 185 = 2,156 | 累计 845,055 tok $5.451
  已翻 314/1060 段
    [tok] #348 入 2,016（新缓存 428 / 读缓存 1,586） 出 241 = 2,257 | 累计 847,312 tok $5.463
  已翻 315/1060 段
    [tok] #349 入 1,987（新缓存 399 / 读缓存 1,586） 出 285 = 2,272 | 累计 849,584 tok $5.476
  已翻 316/1060 段
    [tok] #350 入 1,917（新缓存 329 / 读缓存 1,586） 出 76 = 1,993 | 累计 851,577 tok $5.483
  已翻 317/1060 段
    [tok] #351 入 2,015（新缓存 427 / 读缓存 1,586） 出 215 = 2,230 | 累计 853,807 tok $5.495
    [tok] #352 入 1,963（新缓存 375 / 读缓存 1,586） 出 184 = 2,147 | 累计 855,954 tok $5.505
  已翻 318/1060 段
    [tok] #353 入 1,962（新缓存 374 / 读缓存 1,586） 出 115 = 2,077 | 累计 858,031 tok $5.514
    [tok] #354 入 1,910（新缓存 322 / 读缓存 1,586） 出 111 = 2,021 | 累计 860,052 tok $5.521
  已翻 319/1060 段
    [tok] #355 入 2,189（新缓存 601 / 读缓存 1,586） 出 319 = 2,508 | 累计 862,560 tok $5.538
  已翻 320/1060 段
    [tok] #356 入 2,655（新缓存 1,067 / 读缓存 1,586） 出 803 = 3,458 | 累计 866,018 tok $5.571
  已翻 321/1060 段
    [tok] #357 入 2,462（新缓存 874 / 读缓存 1,586） 出 1,031 = 3,493 | 累计 869,511 tok $5.608
  已翻 322/1060 段
    [tok] #358 入 1,999（新缓存 411 / 读缓存 1,586） 出 497 = 2,496 | 累计 872,007 tok $5.626
    [tok] #359 入 1,947（新缓存 359 / 读缓存 1,586） 出 197 = 2,144 | 累计 874,151 tok $5.636
  已翻 323/1060 段
    [tok] #360 入 2,101（新缓存 513 / 读缓存 1,586） 出 268 = 2,369 | 累计 876,520 tok $5.650
  已翻 324/1060 段
    [tok] #361 入 2,225（新缓存 637 / 读缓存 1,586） 出 494 = 2,719 | 累计 879,239 tok $5.671
  已翻 325/1060 段
    [tok] #362 入 2,196（新缓存 608 / 读缓存 1,586） 出 351 = 2,547 | 累计 881,786 tok $5.688
  已翻 326/1060 段
    [tok] #363 入 2,036（新缓存 448 / 读缓存 1,586） 出 533 = 2,569 | 累计 884,355 tok $5.708
  已翻 327/1060 段
    [tok] #364 入 2,062（新缓存 474 / 读缓存 1,586） 出 280 = 2,342 | 累计 886,697 tok $5.722
  已翻 328/1060 段
    [tok] #365 入 2,130（新缓存 542 / 读缓存 1,586） 出 286 = 2,416 | 累计 889,113 tok $5.736
  已翻 329/1060 段
    [tok] #366 入 2,232（新缓存 644 / 读缓存 1,586） 出 490 = 2,722 | 累计 891,835 tok $5.757
  已翻 330/1060 段
    [tok] #367 入 1,953（新缓存 365 / 读缓存 1,586） 出 91 = 2,044 | 累计 893,879 tok $5.765
  已翻 331/1060 段
    [tok] #368 入 1,941（新缓存 0 / 读缓存 1,939） 出 101 = 2,042 | 累计 895,921 tok $5.770
  已翻 332/1060 段
    [tok] #369 入 1,919（新缓存 0 / 读缓存 1,917） 出 76 = 1,995 | 累计 897,916 tok $5.774
  已翻 333/1060 段
    [tok] #370 入 1,990（新缓存 402 / 读缓存 1,586） 出 231 = 2,221 | 累计 900,137 tok $5.785
  已翻 334/1060 段
    [tok] #371 入 2,283（新缓存 695 / 读缓存 1,586） 出 589 = 2,872 | 累计 903,009 tok $5.809
  已翻 335/1060 段
    [tok] #372 入 1,995（新缓存 407 / 读缓存 1,586） 出 168 = 2,163 | 累计 905,172 tok $5.819
  已翻 336/1060 段
    [tok] #373 入 2,063（新缓存 475 / 读缓存 1,586） 出 262 = 2,325 | 累计 907,497 tok $5.833
  已翻 337/1060 段
    [tok] #374 入 2,057（新缓存 469 / 读缓存 1,586） 出 309 = 2,366 | 累计 909,863 tok $5.847
  已翻 338/1060 段
    [tok] #375 入 2,102（新缓存 514 / 读缓存 1,586） 出 290 = 2,392 | 累计 912,255 tok $5.861
  已翻 339/1060 段
    [tok] #376 入 0（新缓存 0 / 读缓存 0） 出 0 = 0 | 累计 912,255 tok $5.879
  已翻 340/1060 段
    [tok] #377 入 0（新缓存 0 / 读缓存 0） 出 0 = 0 | 累计 912,255 tok $5.912
  已翻 341/1060 段
    [tok] #378 入 2,151（新缓存 563 / 读缓存 1,586） 出 325 = 2,476 | 累计 914,731 tok $5.928
  已翻 342/1060 段
    [tok] #379 入 1,906（新缓存 318 / 读缓存 1,586） 出 301 = 2,207 | 累计 916,938 tok $5.941
    [tok] #380 入 0（新缓存 0 / 读缓存 0） 出 0 = 0 | 累计 916,938 tok $5.955
  已翻 343/1060 段
    [tok] #381 入 1,878（新缓存 290 / 读缓存 1,586） 出 35 = 1,913 | 累计 918,851 tok $5.961
  已翻 344/1060 段
    [tok] #382 入 0（新缓存 0 / 读缓存 0） 出 0 = 0 | 累计 918,851 tok $5.974
  已翻 345/1060 段
    [tok] #383 入 2,067（新缓存 479 / 读缓存 1,586） 出 443 = 2,510 | 累计 921,361 tok $5.992
  已翻 346/1060 段
    [retry 1] rc=1 stderr='' subtype='success' stop_reason='stop_sequence' result='API Error: 500 Internal server error. This is a ser | wait 5s
    [tok] #384 入 2,661（新缓存 1,073 / 读缓存 1,586） 出 1,099 = 3,760 | 累计 925,121 tok $6.033
    [tok] #385 入 2,609（新缓存 1,021 / 读缓存 1,586） 出 1,018 = 3,627 | 累计 928,748 tok $6.071
  已翻 347/1060 段
    [tok] #386 入 0（新缓存 0 / 读缓存 0） 出 0 = 0 | 累计 928,748 tok $6.083
  已翻 348/1060 段
    [tok] #387 入 1,986（新缓存 398 / 读缓存 1,586） 出 126 = 2,112 | 累计 930,860 tok $6.092
  已翻 349/1060 段
    [tok] #388 入 2,522（新缓存 934 / 读缓存 1,586） 出 1,311 = 3,833 | 累计 934,693 tok $6.136
  已翻 350/1060 段
    [tok] #389 入 2,748（新缓存 1,160 / 读缓存 1,586） 出 984 = 3,732 | 累计 938,425 tok $6.175
  已翻 351/1060 段
    [tok] #390 入 2,038（新缓存 450 / 读缓存 1,586） 出 340 = 2,378 | 累计 940,803 tok $6.190
  已翻 352/1060 段
    [tok] #391 入 0（新缓存 0 / 读缓存 0） 出 0 = 0 | 累计 940,803 tok $6.209
  已翻 353/1060 段
    [tok] #392 入 2,183（新缓存 595 / 读缓存 1,586） 出 492 = 2,675 | 累计 943,478 tok $6.230
  已翻 354/1060 段
    [tok] #393 入 2,126（新缓存 538 / 读缓存 1,586） 出 518 = 2,644 | 累计 946,122 tok $6.250
  已翻 355/1060 段
    [tok] #394 入 1,938（新缓存 350 / 读缓存 1,586） 出 85 = 2,023 | 累计 948,145 tok $6.257
  已翻 356/1060 段
    [retry 1] rc=1 stderr='' subtype='success' stop_reason='stop_sequence' result='API Error: 529 Overloaded. This is a server-side is | wait 5s
    [retry 2] rc=1 stderr='' subtype='success' stop_reason='stop_sequence' result='API Error: 529 Overloaded. This is a server-side is | wait 15s
    [retry 3] rc=1 stderr='' subtype='success' stop_reason='stop_sequence' result='API Error: 529 Overloaded. This is a server-side is | wait 45s
    [tok] #395 入 2,115（新缓存 527 / 读缓存 1,586） 出 410 = 2,525 | 累计 950,670 tok $6.275
    [tok] #396 入 2,063（新缓存 475 / 读缓存 1,586） 出 277 = 2,340 | 累计 953,010 tok $6.289
  已翻 357/1060 段
    [tok] #397 入 1,981（新缓存 393 / 读缓存 1,586） 出 743 = 2,724 | 累计 955,734 tok $6.313
    [tok] #398 入 1,929（新缓存 341 / 读缓存 1,586） 出 344 = 2,273 | 累计 958,007 tok $6.327
  已翻 358/1060 段
    [tok] #399 入 2,316（新缓存 728 / 读缓存 1,586） 出 775 = 3,091 | 累计 961,098 tok $6.356
  已翻 359/1060 段
    [tok] #400 入 1,914（新缓存 326 / 读缓存 1,586） 出 58 = 1,972 | 累计 963,070 tok $6.362
  已翻 360/1060 段
    [tok] #401 入 2,015（新缓存 427 / 读缓存 1,586） 出 346 = 2,361 | 累计 965,431 tok $6.377
  已翻 361/1060 段
    [tok] #402 入 2,074（新缓存 486 / 读缓存 1,586） 出 309 = 2,383 | 累计 967,814 tok $6.392
  已翻 362/1060 段
    [tok] #403 入 2,279（新缓存 691 / 读缓存 1,586） 出 546 = 2,825 | 累计 970,639 tok $6.415
  已翻 363/1060 段
    [tok] #404 入 2,405（新缓存 817 / 读缓存 1,586） 出 856 = 3,261 | 累计 973,900 tok $6.446
  已翻 364/1060 段
    [tok] #405 入 1,988（新缓存 400 / 读缓存 1,586） 出 133 = 2,121 | 累计 976,021 tok $6.456
    [tok] #406 入 1,936（新缓存 348 / 读缓存 1,586） 出 133 = 2,069 | 累计 978,090 tok $6.464
  已翻 365/1060 段
    [tok] #407 入 2,351（新缓存 763 / 读缓存 1,586） 出 1,411 = 3,762 | 累计 981,852 tok $6.509
  已翻 366/1060 段
    [tok] #408 入 3,289（新缓存 1,701 / 读缓存 1,586） 出 1,552 = 4,841 | 累计 986,693 tok $6.568
  已翻 367/1060 段
    [tok] #409 入 2,183（新缓存 595 / 读缓存 1,586） 出 1,079 = 3,262 | 累计 989,955 tok $6.603
    [tok] #410 入 2,131（新缓存 543 / 读缓存 1,586） 出 902 = 3,033 | 累计 992,988 tok $6.633
  已翻 368/1060 段
    [tok] #411 入 2,067（新缓存 479 / 读缓存 1,586） 出 301 = 2,368 | 累计 995,356 tok $6.647
  已翻 369/1060 段
    [tok] #412 入 2,424（新缓存 836 / 读缓存 1,586） 出 614 = 3,038 | 累计 998,394 tok $6.673
  已翻 370/1060 段
    [tok] #413 入 2,036（新缓存 448 / 读缓存 1,586） 出 487 = 2,523 | 累计 1,000,917 tok $6.692
    [tok] #414 入 1,984（新缓存 396 / 读缓存 1,586） 出 563 = 2,547 | 累计 1,003,464 tok $6.712
  已翻 371/1060 段
    [tok] #415 入 2,021（新缓存 433 / 读缓存 1,586） 出 294 = 2,315 | 累计 1,005,779 tok $6.726
    [tok] #416 入 1,969（新缓存 381 / 读缓存 1,586） 出 164 = 2,133 | 累计 1,007,912 tok $6.735
  已翻 372/1060 段
    [tok] #417 入 1,981（新缓存 393 / 读缓存 1,586） 出 139 = 2,120 | 累计 1,010,032 tok $6.745
  已翻 373/1060 段
    [tok] #418 入 2,018（新缓存 430 / 读缓存 1,586） 出 172 = 2,190 | 累计 1,012,222 tok $6.755
  已翻 374/1060 段
    [tok] #419 入 2,244（新缓存 656 / 读缓存 1,586） 出 496 = 2,740 | 累计 1,014,962 tok $6.776
  已翻 375/1060 段
    [tok] #420 入 1,885（新缓存 297 / 读缓存 1,586） 出 153 = 2,038 | 累计 1,017,000 tok $6.785
  已翻 376/1060 段
    [tok] #421 入 2,077（新缓存 489 / 读缓存 1,586） 出 203 = 2,280 | 累计 1,019,280 tok $6.797
  已翻 377/1060 段
    [tok] #422 入 1,984（新缓存 396 / 读缓存 1,586） 出 188 = 2,172 | 累计 1,021,452 tok $6.808
  已翻 378/1060 段
    [tok] #423 入 2,011（新缓存 423 / 读缓存 1,586） 出 129 = 2,140 | 累计 1,023,592 tok $6.817
  已翻 379/1060 段
    [tok] #424 入 2,060（新缓存 472 / 读缓存 1,586） 出 186 = 2,246 | 累计 1,025,838 tok $6.828
    [tok] #425 入 2,008（新缓存 420 / 读缓存 1,586） 出 206 = 2,214 | 累计 1,028,052 tok $6.840
  已翻 380/1060 段
    [tok] #426 入 2,118（新缓存 530 / 读缓存 1,586） 出 833 = 2,951 | 累计 1,031,003 tok $6.868
  已翻 381/1060 段
    [tok] #427 入 2,159（新缓存 571 / 读缓存 1,586） 出 355 = 2,514 | 累计 1,033,517 tok $6.885
  已翻 382/1060 段
    [tok] #428 入 2,059（新缓存 471 / 读缓存 1,586） 出 418 = 2,477 | 累计 1,035,994 tok $6.902
    [tok] #429 入 2,007（新缓存 419 / 读缓存 1,586） 出 246 = 2,253 | 累计 1,038,247 tok $6.914
  已翻 383/1060 段
    [tok] #430 入 1,878（新缓存 290 / 读缓存 1,586） 出 28 = 1,906 | 累计 1,040,153 tok $6.919
  已翻 384/1060 段
    [tok] #431 入 2,065（新缓存 477 / 读缓存 1,586） 出 264 = 2,329 | 累计 1,042,482 tok $6.933
  已翻 385/1060 段
    [tok] #432 入 2,032（新缓存 444 / 读缓存 1,586） 出 172 = 2,204 | 累计 1,044,686 tok $6.944
  已翻 386/1060 段
    [tok] #433 入 2,052（新缓存 464 / 读缓存 1,586） 出 314 = 2,366 | 累计 1,047,052 tok $6.958
    [tok] #434 入 2,000（新缓存 412 / 读缓存 1,586） 出 454 = 2,454 | 累计 1,049,506 tok $6.976
  已翻 387/1060 段
    [tok] #435 入 1,926（新缓存 338 / 读缓存 1,586） 出 87 = 2,013 | 累计 1,051,519 tok $6.983
  已翻 388/1060 段
    [tok] #436 入 2,098（新缓存 510 / 读缓存 1,586） 出 316 = 2,414 | 累计 1,053,933 tok $6.998
  已翻 389/1060 段
    [tok] #437 入 2,379（新缓存 791 / 读缓存 1,586） 出 515 = 2,894 | 累计 1,056,827 tok $7.021
  已翻 390/1060 段
    [tok] #438 入 1,983（新缓存 395 / 读缓存 1,586） 出 174 = 2,157 | 累计 1,058,984 tok $7.031
  已翻 391/1060 段
    [tok] #439 入 2,090（新缓存 502 / 读缓存 1,586） 出 266 = 2,356 | 累计 1,061,340 tok $7.045
  已翻 392/1060 段
    [tok] #440 入 1,964（新缓存 376 / 读缓存 1,586） 出 142 = 2,106 | 累计 1,063,446 tok $7.054
  已翻 393/1060 段
    [tok] #441 入 2,037（新缓存 449 / 读缓存 1,586） 出 217 = 2,254 | 累计 1,065,700 tok $7.066
  已翻 394/1060 段
    [tok] #442 入 2,030（新缓存 442 / 读缓存 1,586） 出 158 = 2,188 | 累计 1,067,888 tok $7.076
  已翻 395/1060 段
    [tok] #443 入 2,220（新缓存 632 / 读缓存 1,586） 出 986 = 3,206 | 累计 1,071,094 tok $7.110
    [tok] #444 入 2,168（新缓存 580 / 读缓存 1,586） 出 524 = 2,692 | 累计 1,073,786 tok $7.131
  已翻 396/1060 段
    [tok] #445 入 1,950（新缓存 362 / 读缓存 1,586） 出 82 = 2,032 | 累计 1,075,818 tok $7.138
  已翻 397/1060 段
    [tok] #446 入 2,576（新缓存 988 / 读缓存 1,586） 出 869 = 3,445 | 累计 1,079,263 tok $7.172
    [tok] #447 入 2,524（新缓存 936 / 读缓存 1,586） 出 931 = 3,455 | 累计 1,082,718 tok $7.207
  已翻 398/1060 段
    [tok] #448 入 2,293（新缓存 705 / 读缓存 1,586） 出 442 = 2,735 | 累计 1,085,453 tok $7.227
  已翻 399/1060 段
    [tok] #449 入 2,028（新缓存 440 / 读缓存 1,586） 出 199 = 2,227 | 累计 1,087,680 tok $7.239
  已翻 400/1060 段
    [tok] #450 入 2,353（新缓存 765 / 读缓存 1,586） 出 593 = 2,946 | 累计 1,090,626 tok $7.264
  已翻 401/1060 段
    [tok] #451 入 2,130（新缓存 542 / 读缓存 1,586） 出 538 = 2,668 | 累计 1,093,294 tok $7.284
  已翻 402/1060 段
    [tok] #452 入 2,140（新缓存 552 / 读缓存 1,586） 出 392 = 2,532 | 累计 1,095,826 tok $7.302
  已翻 403/1060 段
    [tok] #453 入 1,974（新缓存 386 / 读缓存 1,586） 出 130 = 2,104 | 累计 1,097,930 tok $7.311
    [tok] #454 入 1,922（新缓存 334 / 读缓存 1,586） 出 201 = 2,123 | 累计 1,100,053 tok $7.321
  已翻 404/1060 段
    [tok] #455 入 2,322（新缓存 734 / 读缓存 1,586） 出 484 = 2,806 | 累计 1,102,859 tok $7.343
  已翻 405/1060 段
    [tok] #456 入 2,055（新缓存 467 / 读缓存 1,586） 出 511 = 2,566 | 累计 1,105,425 tok $7.362
  已翻 406/1060 段
    [tok] #457 入 2,047（新缓存 459 / 读缓存 1,586） 出 216 = 2,263 | 累计 1,107,688 tok $7.374
  已翻 407/1060 段
    [tok] #458 入 1,953（新缓存 365 / 读缓存 1,586） 出 107 = 2,060 | 累计 1,109,748 tok $7.382
  已翻 408/1060 段
    [tok] #459 入 1,907（新缓存 319 / 读缓存 1,586） 出 58 = 1,965 | 累计 1,111,713 tok $7.389
  已翻 409/1060 段
    [tok] #460 入 1,911（新缓存 323 / 读缓存 1,586） 出 57 = 1,968 | 累计 1,113,681 tok $7.395
  已翻 410/1060 段
    [tok] #461 入 2,126（新缓存 538 / 读缓存 1,586） 出 350 = 2,476 | 累计 1,116,157 tok $7.412
  已翻 411/1060 段
    [tok] #462 入 2,160（新缓存 572 / 读缓存 1,586） 出 700 = 2,860 | 累计 1,119,017 tok $7.437
    [tok] #463 入 2,108（新缓存 520 / 读缓存 1,586） 出 418 = 2,526 | 累计 1,121,543 tok $7.455
  已翻 412/1060 段
    [tok] #464 入 2,005（新缓存 417 / 读缓存 1,586） 出 175 = 2,180 | 累计 1,123,723 tok $7.465
  已翻 413/1060 段
    [tok] #465 入 1,969（新缓存 381 / 读缓存 1,586） 出 146 = 2,115 | 累计 1,125,838 tok $7.475
  已翻 414/1060 段
    [tok] #466 入 1,936（新缓存 348 / 读缓存 1,586） 出 96 = 2,032 | 累计 1,127,870 tok $7.482
  已翻 415/1060 段
    [tok] #467 入 1,979（新缓存 391 / 读缓存 1,586） 出 132 = 2,111 | 累计 1,129,981 tok $7.492
  已翻 416/1060 段
    [tok] #468 入 2,050（新缓存 462 / 读缓存 1,586） 出 546 = 2,596 | 累计 1,132,577 tok $7.512
    [tok] #469 入 1,998（新缓存 410 / 读缓存 1,586） 出 449 = 2,447 | 累计 1,135,024 tok $7.529
  已翻 417/1060 段
    [tok] #470 入 2,121（新缓存 533 / 读缓存 1,586） 出 360 = 2,481 | 累计 1,137,505 tok $7.545
  已翻 418/1060 段
    [tok] #471 入 2,057（新缓存 469 / 读缓存 1,586） 出 210 = 2,267 | 累计 1,139,772 tok $7.557
  已翻 419/1060 段
    [tok] #472 入 2,276（新缓存 688 / 读缓存 1,586） 出 398 = 2,674 | 累计 1,142,446 tok $7.576
  已翻 420/1060 段
    [tok] #473 入 1,952（新缓存 364 / 读缓存 1,586） 出 154 = 2,106 | 累计 1,144,552 tok $7.586
  已翻 421/1060 段
    [tok] #474 入 2,022（新缓存 434 / 读缓存 1,586） 出 333 = 2,355 | 累计 1,146,907 tok $7.600
    [tok] #475 入 1,970（新缓存 382 / 读缓存 1,586） 出 244 = 2,214 | 累计 1,149,121 tok $7.612
  已翻 422/1060 段
    [tok] #476 入 2,342（新缓存 754 / 读缓存 1,586） 出 533 = 2,875 | 累计 1,151,996 tok $7.635
  已翻 423/1060 段
    [tok] #477 入 2,071（新缓存 483 / 读缓存 1,586） 出 529 = 2,600 | 累计 1,154,596 tok $7.655
  已翻 424/1060 段
    [tok] #478 入 2,005（新缓存 417 / 读缓存 1,586） 出 166 = 2,171 | 累计 1,156,767 tok $7.666
  已翻 425/1060 段
    [tok] #479 入 1,965（新缓存 377 / 读缓存 1,586） 出 125 = 2,090 | 累计 1,158,857 tok $7.674
  已翻 426/1060 段
    [tok] #480 入 2,109（新缓存 521 / 读缓存 1,586） 出 389 = 2,498 | 累计 1,161,355 tok $7.691
  已翻 427/1060 段
    [tok] #481 入 2,009（新缓存 421 / 读缓存 1,586） 出 219 = 2,228 | 累计 1,163,583 tok $7.703
  已翻 428/1060 段
    [tok] #482 入 1,923（新缓存 335 / 读缓存 1,586） 出 148 = 2,071 | 累计 1,165,654 tok $7.712
  已翻 429/1060 段
    [tok] #483 入 1,918（新缓存 330 / 读缓存 1,586） 出 87 = 2,005 | 累计 1,167,659 tok $7.719
  已翻 430/1060 段
    [tok] #484 入 1,934（新缓存 346 / 读缓存 1,586） 出 73 = 2,007 | 累计 1,169,666 tok $7.727
  已翻 431/1060 段
    [tok] #485 入 1,930（新缓存 342 / 读缓存 1,586） 出 83 = 2,013 | 累计 1,171,679 tok $7.734
  已翻 432/1060 段
    [tok] #486 入 1,990（新缓存 402 / 读缓存 1,586） 出 237 = 2,227 | 累计 1,173,906 tok $7.746
  已翻 433/1060 段
    [tok] #487 入 1,973（新缓存 385 / 读缓存 1,586） 出 152 = 2,125 | 累计 1,176,031 tok $7.755
    [tok] #488 入 1,921（新缓存 333 / 读缓存 1,586） 出 148 = 2,069 | 累计 1,178,100 tok $7.764
  已翻 434/1060 段
    [tok] #489 入 2,326（新缓存 738 / 读缓存 1,586） 出 524 = 2,850 | 累计 1,180,950 tok $7.787
  已翻 435/1060 段
    [tok] #490 入 1,988（新缓存 400 / 读缓存 1,586） 出 214 = 2,202 | 累计 1,183,152 tok $7.798
    [tok] #491 入 1,936（新缓存 348 / 读缓存 1,586） 出 199 = 2,135 | 累计 1,185,287 tok $7.809
  已翻 436/1060 段
    [tok] #492 入 2,323（新缓存 735 / 读缓存 1,586） 出 568 = 2,891 | 累计 1,188,178 tok $7.832
  已翻 437/1060 段
    [tok] #493 入 2,063（新缓存 475 / 读缓存 1,586） 出 272 = 2,335 | 累计 1,190,513 tok $7.846
  已翻 438/1060 段
    [tok] #494 入 2,262（新缓存 674 / 读缓存 1,586） 出 521 = 2,783 | 累计 1,193,296 tok $7.868
  已翻 439/1060 段
    [tok] #495 入 1,957（新缓存 369 / 读缓存 1,586） 出 114 = 2,071 | 累计 1,195,367 tok $7.876
  已翻 440/1060 段
    [tok] #496 入 2,167（新缓存 579 / 读缓存 1,586） 出 351 = 2,518 | 累计 1,197,885 tok $7.893
  已翻 441/1060 段
    [tok] #497 入 2,076（新缓存 488 / 读缓存 1,586） 出 240 = 2,316 | 累计 1,200,201 tok $7.906
    [tok] #498 入 2,024（新缓存 436 / 读缓存 1,586） 出 302 = 2,326 | 累计 1,202,527 tok $7.920
  已翻 442/1060 段
    [tok] #499 入 2,031（新缓存 443 / 读缓存 1,586） 出 436 = 2,467 | 累计 1,204,994 tok $7.937
    [tok] #500 入 1,979（新缓存 391 / 读缓存 1,586） 出 205 = 2,184 | 累计 1,207,178 tok $7.948
  已翻 443/1060 段
    [tok] #501 入 2,155（新缓存 567 / 读缓存 1,586） 出 541 = 2,696 | 累计 1,209,874 tok $7.969
  已翻 444/1060 段
    [tok] #502 入 2,099（新缓存 511 / 读缓存 1,586） 出 474 = 2,573 | 累计 1,212,447 tok $7.988
  已翻 445/1060 段
    [tok] #503 入 1,926（新缓存 338 / 读缓存 1,586） 出 114 = 2,040 | 累计 1,214,487 tok $7.997
  已翻 446/1060 段
    [tok] #504 入 1,962（新缓存 374 / 读缓存 1,586） 出 227 = 2,189 | 累计 1,216,676 tok $8.008
  已翻 447/1060 段
    [tok] #505 入 2,161（新缓存 573 / 读缓存 1,586） 出 261 = 2,422 | 累计 1,219,098 tok $8.022
  已翻 448/1060 段
    [tok] #506 入 2,155（新缓存 567 / 读缓存 1,586） 出 351 = 2,506 | 累计 1,221,604 tok $8.039
  已翻 449/1060 段
    [tok] #507 入 1,893（新缓存 305 / 读缓存 1,586） 出 120 = 2,013 | 累计 1,223,617 tok $8.047
  已翻 450/1060 段
    [tok] #508 入 2,120（新缓存 532 / 读缓存 1,586） 出 769 = 2,889 | 累计 1,226,506 tok $8.073
  已翻 451/1060 段
    [tok] #509 入 2,388（新缓存 800 / 读缓存 1,586） 出 494 = 2,882 | 累计 1,229,388 tok $8.096
  已翻 452/1060 段
    [tok] #510 入 2,165（新缓存 577 / 读缓存 1,586） 出 422 = 2,587 | 累计 1,231,975 tok $8.114
  已翻 453/1060 段
    [tok] #511 入 1,876（新缓存 288 / 读缓存 1,586） 出 24 = 1,900 | 累计 1,233,875 tok $8.118
  已翻 454/1060 段
    [tok] #512 入 2,177（新缓存 589 / 读缓存 1,586） 出 353 = 2,530 | 累计 1,236,405 tok $8.135
  已翻 455/1060 段
    [tok] #513 入 1,951（新缓存 363 / 读缓存 1,586） 出 116 = 2,067 | 累计 1,238,472 tok $8.144
  已翻 456/1060 段
    [tok] #514 入 2,470（新缓存 882 / 读缓存 1,586） 出 809 = 3,279 | 累计 1,241,751 tok $8.175
  已翻 457/1060 段
    [tok] #515 入 2,094（新缓存 506 / 读缓存 1,586） 出 275 = 2,369 | 累计 1,244,120 tok $8.189
  已翻 458/1060 段
    [tok] #516 入 2,062（新缓存 474 / 读缓存 1,586） 出 534 = 2,596 | 累计 1,246,716 tok $8.209
    [tok] #517 入 2,010（新缓存 422 / 读缓存 1,586） 出 215 = 2,225 | 累计 1,248,941 tok $8.221
  已翻 459/1060 段
    [tok] #518 入 1,947（新缓存 359 / 读缓存 1,586） 出 87 = 2,034 | 累计 1,250,975 tok $8.228
  已翻 460/1060 段
    [tok] #519 入 2,363（新缓存 775 / 读缓存 1,586） 出 508 = 2,871 | 累计 1,253,846 tok $8.251
  已翻 461/1060 段
    [tok] #520 入 2,117（新缓存 529 / 读缓存 1,586） 出 444 = 2,561 | 累计 1,256,407 tok $8.269
  已翻 462/1060 段
    [tok] #521 入 1,923（新缓存 335 / 读缓存 1,586） 出 81 = 2,004 | 累计 1,258,411 tok $8.277
  已翻 463/1060 段
    [tok] #522 入 1,878（新缓存 290 / 读缓存 1,586） 出 28 = 1,906 | 累计 1,260,317 tok $8.282
  已翻 464/1060 段
    [tok] #523 入 1,997（新缓存 409 / 读缓存 1,586） 出 228 = 2,225 | 累计 1,262,542 tok $8.294
  已翻 465/1060 段
    [tok] #524 入 1,965（新缓存 377 / 读缓存 1,586） 出 112 = 2,077 | 累计 1,264,619 tok $8.302
  已翻 466/1060 段
    [tok] #525 入 1,933（新缓存 345 / 读缓存 1,586） 出 97 = 2,030 | 累计 1,266,649 tok $8.310
  已翻 467/1060 段
    [tok] #526 入 1,953（新缓存 365 / 读缓存 1,586） 出 100 = 2,053 | 累计 1,268,702 tok $8.318
  已翻 468/1060 段
    [tok] #527 入 1,939（新缓存 351 / 读缓存 1,586） 出 84 = 2,023 | 累计 1,270,725 tok $8.326
  已翻 469/1060 段
    [tok] #528 入 2,212（新缓存 624 / 读缓存 1,586） 出 411 = 2,623 | 累计 1,273,348 tok $8.344
  已翻 470/1060 段
    [tok] #529 入 2,001（新缓存 413 / 读缓存 1,586） 出 302 = 2,303 | 累计 1,275,651 tok $8.358
  已翻 471/1060 段
    [tok] #530 入 2,086（新缓存 498 / 读缓存 1,586） 出 476 = 2,562 | 累计 1,278,213 tok $8.377
  已翻 472/1060 段
    [tok] #531 入 1,920（新缓存 332 / 读缓存 1,586） 出 52 = 1,972 | 累计 1,280,185 tok $8.383
  已翻 473/1060 段
    [tok] #532 入 1,987（新缓存 399 / 读缓存 1,586） 出 126 = 2,113 | 累计 1,282,298 tok $8.392
  已翻 474/1060 段
    [tok] #533 入 1,985（新缓存 397 / 读缓存 1,586） 出 255 = 2,240 | 累计 1,284,538 tok $8.405
    [tok] #534 入 1,933（新缓存 345 / 读缓存 1,586） 出 206 = 2,139 | 累计 1,286,677 tok $8.415
  已翻 475/1060 段
    [tok] #535 入 1,898（新缓存 310 / 读缓存 1,586） 出 48 = 1,946 | 累计 1,288,623 tok $8.421
  已翻 476/1060 段
    [tok] #536 入 2,044（新缓存 456 / 读缓存 1,586） 出 168 = 2,212 | 累计 1,290,835 tok $8.432
  已翻 477/1060 段
    [tok] #537 入 2,015（新缓存 427 / 读缓存 1,586） 出 212 = 2,227 | 累计 1,293,062 tok $8.444
  已翻 478/1060 段
    [tok] #538 入 1,991（新缓存 403 / 读缓存 1,586） 出 135 = 2,126 | 累计 1,295,188 tok $8.453
  已翻 479/1060 段
    [tok] #539 入 1,988（新缓存 400 / 读缓存 1,586） 出 145 = 2,133 | 累计 1,297,321 tok $8.462
  已翻 480/1060 段
    [tok] #540 入 2,068（新缓存 480 / 读缓存 1,586） 出 312 = 2,380 | 累计 1,299,701 tok $8.477
  已翻 481/1060 段
    [tok] #541 入 1,958（新缓存 370 / 读缓存 1,586） 出 180 = 2,138 | 累计 1,301,839 tok $8.487
  已翻 482/1060 段
    [tok] #542 入 1,948（新缓存 360 / 读缓存 1,586） 出 98 = 2,046 | 累计 1,303,885 tok $8.495
  已翻 483/1060 段
    [tok] #543 入 2,105（新缓存 517 / 读缓存 1,586） 出 281 = 2,386 | 累计 1,306,271 tok $8.509
  已翻 484/1060 段
    [tok] #544 入 1,879（新缓存 291 / 读缓存 1,586） 出 50 = 1,929 | 累计 1,308,200 tok $8.515
  已翻 485/1060 段
    [tok] #545 入 1,929（新缓存 341 / 读缓存 1,586） 出 75 = 2,004 | 累计 1,310,204 tok $8.523
  已翻 486/1060 段
    [tok] #546 入 2,014（新缓存 426 / 读缓存 1,586） 出 179 = 2,193 | 累计 1,312,397 tok $8.533
  已翻 487/1060 段
    [tok] #547 入 1,935（新缓存 347 / 读缓存 1,586） 出 88 = 2,023 | 累计 1,314,420 tok $8.541
  已翻 488/1060 段
    [tok] #548 入 1,879（新缓存 291 / 读缓存 1,586） 出 28 = 1,907 | 累计 1,316,327 tok $8.546
  已翻 489/1060 段
    [tok] #549 入 1,892（新缓存 304 / 读缓存 1,586） 出 45 = 1,937 | 累计 1,318,264 tok $8.552
  已翻 490/1060 段
    [tok] #550 入 1,889（新缓存 301 / 读缓存 1,586） 出 41 = 1,930 | 累计 1,320,194 tok $8.558
  已翻 491/1060 段
    [tok] #551 入 1,908（新缓存 320 / 读缓存 1,586） 出 61 = 1,969 | 累计 1,322,163 tok $8.565
  已翻 492/1060 段
    [tok] #552 入 1,915（新缓存 327 / 读缓存 1,586） 出 68 = 1,983 | 累计 1,324,146 tok $8.572
  已翻 493/1060 段
    [tok] #553 入 1,893（新缓存 305 / 读缓存 1,586） 出 49 = 1,942 | 累计 1,326,088 tok $8.578
  已翻 494/1060 段
    [tok] #554 入 2,118（新缓存 530 / 读缓存 1,586） 出 486 = 2,604 | 累计 1,328,692 tok $8.597
  已翻 495/1060 段
    [tok] #555 入 2,080（新缓存 492 / 读缓存 1,586） 出 250 = 2,330 | 累计 1,331,022 tok $8.611
  已翻 496/1060 段
    [tok] #556 入 1,950（新缓存 362 / 读缓存 1,586） 出 108 = 2,058 | 累计 1,333,080 tok $8.619
  已翻 497/1060 段
    [tok] #557 入 1,986（新缓存 398 / 读缓存 1,586） 出 152 = 2,138 | 累计 1,335,218 tok $8.628
    [tok] #558 入 1,934（新缓存 346 / 读缓存 1,586） 出 160 = 2,094 | 累计 1,337,312 tok $8.638
  已翻 498/1060 段
    [tok] #559 入 1,997（新缓存 409 / 读缓存 1,586） 出 128 = 2,125 | 累计 1,339,437 tok $8.647
  已翻 499/1060 段
    [tok] #560 入 1,932（新缓存 344 / 读缓存 1,586） 出 83 = 2,015 | 累计 1,341,452 tok $8.654
  已翻 500/1060 段
    [tok] #561 入 2,242（新缓存 654 / 读缓存 1,586） 出 431 = 2,673 | 累计 1,344,125 tok $8.674
  已翻 501/1060 段
    [tok] #562 入 2,070（新缓存 482 / 读缓存 1,586） 出 229 = 2,299 | 累计 1,346,424 tok $8.686
    [tok] #563 入 2,018（新缓存 430 / 读缓存 1,586） 出 237 = 2,255 | 累计 1,348,679 tok $8.699
  已翻 502/1060 段
    [tok] #564 入 2,388（新缓存 800 / 读缓存 1,586） 出 585 = 2,973 | 累计 1,351,652 tok $8.723
  已翻 503/1060 段
    [tok] #565 入 2,060（新缓存 472 / 读缓存 1,586） 出 398 = 2,458 | 累计 1,354,110 tok $8.740
  已翻 504/1060 段
    [tok] #566 入 2,033（新缓存 445 / 读缓存 1,586） 出 172 = 2,205 | 累计 1,356,315 tok $8.751
  已翻 505/1060 段
    [tok] #567 入 2,061（新缓存 473 / 读缓存 1,586） 出 539 = 2,600 | 累计 1,358,915 tok $8.771
  已翻 506/1060 段
    [tok] #568 入 2,039（新缓存 451 / 读缓存 1,586） 出 249 = 2,288 | 累计 1,361,203 tok $8.784
  已翻 507/1060 段
    [tok] #569 入 2,308（新缓存 720 / 读缓存 1,586） 出 493 = 2,801 | 累计 1,364,004 tok $8.805
  已翻 508/1060 段
    [tok] #570 入 2,090（新缓存 502 / 读缓存 1,586） 出 229 = 2,319 | 累计 1,366,323 tok $8.818
  已翻 509/1060 段
    [tok] #571 入 2,073（新缓存 485 / 读缓存 1,586） 出 328 = 2,401 | 累计 1,368,724 tok $8.833
  已翻 510/1060 段
    [tok] #572 入 2,051（新缓存 463 / 读缓存 1,586） 出 213 = 2,264 | 累计 1,370,988 tok $8.845
  已翻 511/1060 段
    [tok] #573 入 2,021（新缓存 433 / 读缓存 1,586） 出 185 = 2,206 | 累计 1,373,194 tok $8.856
  已翻 512/1060 段
    [tok] #574 入 2,479（新缓存 891 / 读缓存 1,586） 出 996 = 3,475 | 累计 1,376,669 tok $8.892
  已翻 513/1060 段
    [tok] #575 入 1,943（新缓存 355 / 读缓存 1,586） 出 84 = 2,027 | 累计 1,378,696 tok $8.900
  已翻 514/1060 段
    [tok] #576 入 2,031（新缓存 443 / 读缓存 1,586） 出 222 = 2,253 | 累计 1,380,949 tok $8.912
  已翻 515/1060 段
    [tok] #577 入 2,023（新缓存 435 / 读缓存 1,586） 出 336 = 2,359 | 累计 1,383,308 tok $8.926
  已翻 516/1060 段
    [tok] #578 入 2,101（新缓存 513 / 读缓存 1,586） 出 217 = 2,318 | 累计 1,385,626 tok $8.939
  已翻 517/1060 段
    [tok] #579 入 1,949（新缓存 361 / 读缓存 1,586） 出 89 = 2,038 | 累计 1,387,664 tok $8.947
  已翻 518/1060 段
    [tok] #580 入 1,947（新缓存 359 / 读缓存 1,586） 出 98 = 2,045 | 累计 1,389,709 tok $8.955
  已翻 519/1060 段
    [tok] #581 入 1,939（新缓存 351 / 读缓存 1,586） 出 94 = 2,033 | 累计 1,391,742 tok $8.962
  已翻 520/1060 段
    [tok] #582 入 1,972（新缓存 384 / 读缓存 1,586） 出 131 = 2,103 | 累计 1,393,845 tok $8.972
  已翻 521/1060 段
    [tok] #583 入 1,990（新缓存 402 / 读缓存 1,586） 出 199 = 2,189 | 累计 1,396,034 tok $8.982
    [tok] #584 入 1,938（新缓存 350 / 读缓存 1,586） 出 130 = 2,068 | 累计 1,398,102 tok $8.991
  已翻 522/1060 段
    [tok] #585 入 2,130（新缓存 542 / 读缓存 1,586） 出 471 = 2,601 | 累计 1,400,703 tok $9.010
  已翻 523/1060 段
    [tok] #586 入 1,900（新缓存 312 / 读缓存 1,586） 出 81 = 1,981 | 累计 1,402,684 tok $9.017
  已翻 524/1060 段
    [tok] #587 入 1,881（新缓存 293 / 读缓存 1,586） 出 36 = 1,917 | 累计 1,404,601 tok $9.023
  已翻 525/1060 段
    [tok] #588 入 1,888（新缓存 300 / 读缓存 1,586） 出 46 = 1,934 | 累计 1,406,535 tok $9.029
  已翻 526/1060 段
    [tok] #589 入 2,221（新缓存 633 / 读缓存 1,586） 出 384 = 2,605 | 累计 1,409,140 tok $9.047
  已翻 527/1060 段
    [tok] #590 入 1,939（新缓存 351 / 读缓存 1,586） 出 102 = 2,041 | 累计 1,411,181 tok $9.055
  已翻 528/1060 段
    [tok] #591 入 1,972（新缓存 384 / 读缓存 1,586） 出 250 = 2,222 | 累计 1,413,403 tok $9.067
  已翻 529/1060 段
    [tok] #592 入 1,933（新缓存 345 / 读缓存 1,586） 出 203 = 2,136 | 累计 1,415,539 tok $9.077
  已翻 530/1060 段
    [tok] #593 入 2,177（新缓存 589 / 读缓存 1,586） 出 662 = 2,839 | 累计 1,418,378 tok $9.102
  已翻 531/1060 段
    [tok] #594 入 2,216（新缓存 628 / 读缓存 1,586） 出 357 = 2,573 | 累计 1,420,951 tok $9.119
  已翻 532/1060 段
    [tok] #595 入 1,913（新缓存 325 / 读缓存 1,586） 出 61 = 1,974 | 累计 1,422,925 tok $9.126
  已翻 533/1060 段
    [tok] #596 入 1,939（新缓存 351 / 读缓存 1,586） 出 86 = 2,025 | 累计 1,424,950 tok $9.133
  已翻 534/1060 段
    [tok] #597 入 1,939（新缓存 351 / 读缓存 1,586） 出 65 = 2,004 | 累计 1,426,954 tok $9.140
  已翻 535/1060 段
    [tok] #598 入 1,980（新缓存 392 / 读缓存 1,586） 出 208 = 2,188 | 累计 1,429,142 tok $9.152
  已翻 536/1060 段
    [tok] #599 入 1,990（新缓存 402 / 读缓存 1,586） 出 175 = 2,165 | 累计 1,431,307 tok $9.162
  已翻 537/1060 段
    [tok] #600 入 2,089（新缓存 501 / 读缓存 1,586） 出 504 = 2,593 | 累计 1,433,900 tok $9.181
    [tok] #601 入 2,037（新缓存 449 / 读缓存 1,586） 出 608 = 2,645 | 累计 1,436,545 tok $9.203
  已翻 538/1060 段
    [tok] #602 入 1,992（新缓存 404 / 读缓存 1,586） 出 139 = 2,131 | 累计 1,438,676 tok $9.213
  已翻 539/1060 段
    [tok] #603 入 2,017（新缓存 429 / 读缓存 1,586） 出 141 = 2,158 | 累计 1,440,834 tok $9.222
  已翻 540/1060 段
    [tok] #604 入 1,911（新缓存 323 / 读缓存 1,586） 出 75 = 1,986 | 累计 1,442,820 tok $9.229
  已翻 541/1060 段
    [tok] #605 入 1,910（新缓存 322 / 读缓存 1,586） 出 67 = 1,977 | 累计 1,444,797 tok $9.236
  已翻 542/1060 段
    [tok] #606 入 1,973（新缓存 385 / 读缓存 1,586） 出 135 = 2,108 | 累计 1,446,905 tok $9.245
  已翻 543/1060 段
    [tok] #607 入 1,893（新缓存 305 / 读缓存 1,586） 出 49 = 1,942 | 累计 1,448,847 tok $9.251
  已翻 544/1060 段
    [tok] #608 入 1,899（新缓存 311 / 读缓存 1,586） 出 48 = 1,947 | 累计 1,450,794 tok $9.258
  已翻 545/1060 段
    [tok] #609 入 2,192（新缓存 604 / 读缓存 1,586） 出 501 = 2,693 | 累计 1,453,487 tok $9.278
  已翻 546/1060 段
    [tok] #610 入 1,981（新缓存 393 / 读缓存 1,586） 出 303 = 2,284 | 累计 1,455,771 tok $9.292
  已翻 547/1060 段
    [tok] #611 入 1,969（新缓存 381 / 读缓存 1,586） 出 114 = 2,083 | 累计 1,457,854 tok $9.300
  已翻 548/1060 段
    [tok] #612 入 0（新缓存 0 / 读缓存 0） 出 0 = 0 | 累计 1,457,854 tok $9.306
  已翻 549/1060 段
    [tok] #613 入 2,015（新缓存 427 / 读缓存 1,586） 出 211 = 2,226 | 累计 1,460,080 tok $9.318
  已翻 550/1060 段
    [tok] #614 入 1,915（新缓存 327 / 读缓存 1,586） 出 88 = 2,003 | 累计 1,462,083 tok $9.325
  已翻 551/1060 段
    [tok] #615 入 0（新缓存 0 / 读缓存 0） 出 0 = 0 | 累计 1,462,083 tok $9.333
  已翻 552/1060 段
    [tok] #616 入 1,914（新缓存 326 / 读缓存 1,586） 出 68 = 1,982 | 累计 1,464,065 tok $9.340
  已翻 553/1060 段
    [tok] #617 入 1,921（新缓存 333 / 读缓存 1,586） 出 84 = 2,005 | 累计 1,466,070 tok $9.347
  已翻 554/1060 段
    [tok] #618 入 1,928（新缓存 340 / 读缓存 1,586） 出 91 = 2,019 | 累计 1,468,089 tok $9.355
  已翻 555/1060 段
    [tok] #619 入 1,949（新缓存 361 / 读缓存 1,586） 出 100 = 2,049 | 累计 1,470,138 tok $9.363
  已翻 556/1060 段
    [tok] #620 入 0（新缓存 0 / 读缓存 0） 出 0 = 0 | 累计 1,470,138 tok $9.379
  已翻 557/1060 段
    [tok] #621 入 1,945（新缓存 357 / 读缓存 1,586） 出 75 = 2,020 | 累计 1,472,158 tok $9.386
  已翻 558/1060 段
    [tok] #622 入 1,938（新缓存 350 / 读缓存 1,586） 出 152 = 2,090 | 累计 1,474,248 tok $9.395
  已翻 559/1060 段
    [tok] #623 入 1,920（新缓存 332 / 读缓存 1,586） 出 84 = 2,004 | 累计 1,476,252 tok $9.403
  已翻 560/1060 段
    [tok] #624 入 1,882（新缓存 294 / 读缓存 1,586） 出 35 = 1,917 | 累计 1,478,169 tok $9.408
  已翻 561/1060 段
    [tok] #625 入 1,905（新缓存 317 / 读缓存 1,586） 出 65 = 1,970 | 累计 1,480,139 tok $9.415
  已翻 562/1060 段
    [tok] #626 入 2,150（新缓存 562 / 读缓存 1,586） 出 578 = 2,728 | 累计 1,482,867 tok $9.437
  已翻 563/1060 段
    [tok] #627 入 2,185（新缓存 597 / 读缓存 1,586） 出 767 = 2,952 | 累计 1,485,819 tok $9.464
  已翻 564/1060 段
    [tok] #628 入 1,986（新缓存 398 / 读缓存 1,586） 出 226 = 2,212 | 累计 1,488,031 tok $9.476
  已翻 565/1060 段
    [tok] #629 入 1,974（新缓存 386 / 读缓存 1,586） 出 260 = 2,234 | 累计 1,490,265 tok $9.488
  已翻 566/1060 段
    [tok] #630 入 2,631（新缓存 1,043 / 读缓存 1,586） 出 867 = 3,498 | 累计 1,493,763 tok $9.523
  已翻 567/1060 段
    [tok] #631 入 1,924（新缓存 336 / 读缓存 1,586） 出 122 = 2,046 | 累计 1,495,809 tok $9.531
  已翻 568/1060 段
    [tok] #632 入 1,882（新缓存 294 / 读缓存 1,586） 出 34 = 1,916 | 累计 1,497,725 tok $9.537
  已翻 569/1060 段
    [tok] #633 入 1,918（新缓存 330 / 读缓存 1,586） 出 83 = 2,001 | 累计 1,499,726 tok $9.544
  已翻 570/1060 段
    [tok] #634 入 1,896（新缓存 308 / 读缓存 1,586） 出 43 = 1,939 | 累计 1,501,665 tok $9.550
  已翻 571/1060 段
    [tok] #635 入 1,925（新缓存 337 / 读缓存 1,586） 出 74 = 1,999 | 累计 1,503,664 tok $9.557
  已翻 572/1060 段
    [tok] #636 入 2,000（新缓存 412 / 读缓存 1,586） 出 135 = 2,135 | 累计 1,505,799 tok $9.567
  已翻 573/1060 段
    [tok] #637 入 1,883（新缓存 295 / 读缓存 1,586） 出 32 = 1,915 | 累计 1,507,714 tok $9.572
  已翻 574/1060 段
    [tok] #638 入 2,090（新缓存 502 / 读缓存 1,586） 出 239 = 2,329 | 累计 1,510,043 tok $9.585
  已翻 575/1060 段
    [tok] #639 入 2,075（新缓存 487 / 读缓存 1,586） 出 322 = 2,397 | 累计 1,512,440 tok $9.600
  已翻 576/1060 段
    [tok] #640 入 1,967（新缓存 379 / 读缓存 1,586） 出 121 = 2,088 | 累计 1,514,528 tok $9.609
  已翻 577/1060 段
    [tok] #641 入 1,894（新缓存 306 / 读缓存 1,586） 出 44 = 1,938 | 累计 1,516,466 tok $9.615
  已翻 578/1060 段
    [tok] #642 入 1,917（新缓存 329 / 读缓存 1,586） 出 103 = 2,020 | 累计 1,518,486 tok $9.623
  已翻 579/1060 段
    [tok] #643 入 1,902（新缓存 314 / 读缓存 1,586） 出 49 = 1,951 | 累计 1,520,437 tok $9.629
  已翻 580/1060 段
    [tok] #644 入 1,905（新缓存 317 / 读缓存 1,586） 出 59 = 1,964 | 累计 1,522,401 tok $9.635
  已翻 581/1060 段
    [tok] #645 入 1,889（新缓存 301 / 读缓存 1,586） 出 33 = 1,922 | 累计 1,524,323 tok $9.641
  已翻 582/1060 段
    [tok] #646 入 2,044（新缓存 456 / 读缓存 1,586） 出 198 = 2,242 | 累计 1,526,565 tok $9.653
  已翻 583/1060 段
    [tok] #647 入 2,004（新缓存 416 / 读缓存 1,586） 出 195 = 2,199 | 累计 1,528,764 tok $9.664
  已翻 584/1060 段
    [tok] #648 入 1,918（新缓存 330 / 读缓存 1,586） 出 59 = 1,977 | 累计 1,530,741 tok $9.670
  已翻 585/1060 段
    [tok] #649 入 2,029（新缓存 441 / 读缓存 1,586） 出 279 = 2,308 | 累计 1,533,049 tok $9.684
  已翻 586/1060 段
    [tok] #650 入 2,093（新缓存 505 / 读缓存 1,586） 出 242 = 2,335 | 累计 1,535,384 tok $9.697
  已翻 587/1060 段
    [tok] #651 入 1,934（新缓存 346 / 读缓存 1,586） 出 79 = 2,013 | 累计 1,537,397 tok $9.704
  已翻 588/1060 段
    [tok] #652 入 1,982（新缓存 394 / 读缓存 1,586） 出 118 = 2,100 | 累计 1,539,497 tok $9.713
  已翻 589/1060 段
    [tok] #653 入 1,919（新缓存 331 / 读缓存 1,586） 出 79 = 1,998 | 累计 1,541,495 tok $9.720
  已翻 590/1060 段
    [tok] #654 入 2,069（新缓存 481 / 读缓存 1,586） 出 218 = 2,287 | 累计 1,543,782 tok $9.732
  已翻 591/1060 段
    [tok] #655 入 2,060（新缓存 472 / 读缓存 1,586） 出 271 = 2,331 | 累计 1,546,113 tok $9.746
  已翻 592/1060 段
    [tok] #656 入 1,885（新缓存 297 / 读缓存 1,586） 出 29 = 1,914 | 累计 1,548,027 tok $9.751
  已翻 593/1060 段
    [tok] #657 入 1,925（新缓存 337 / 读缓存 1,586） 出 91 = 2,016 | 累计 1,550,043 tok $9.759
  已翻 594/1060 段
    [tok] #658 入 1,898（新缓存 310 / 读缓存 1,586） 出 52 = 1,950 | 累计 1,551,993 tok $9.765
  已翻 595/1060 段
    [tok] #659 入 2,077（新缓存 489 / 读缓存 1,586） 出 248 = 2,325 | 累计 1,554,318 tok $9.778
  已翻 596/1060 段
    [tok] #660 入 1,987（新缓存 399 / 读缓存 1,586） 出 155 = 2,142 | 累计 1,556,460 tok $9.788
  已翻 597/1060 段
    [tok] #661 入 2,231（新缓存 643 / 读缓存 1,586） 出 442 = 2,673 | 累计 1,559,133 tok $9.808
  已翻 598/1060 段
    [tok] #662 入 2,122（新缓存 534 / 读缓存 1,586） 出 314 = 2,436 | 累计 1,561,569 tok $9.823
    [tok] #663 入 2,070（新缓存 482 / 读缓存 1,586） 出 1,115 = 3,185 | 累计 1,564,754 tok $9.858
  已翻 599/1060 段
    [tok] #664 入 2,369（新缓存 781 / 读缓存 1,586） 出 562 = 2,931 | 累计 1,567,685 tok $9.882
    [tok] #665 入 2,317（新缓存 729 / 读缓存 1,586） 出 562 = 2,879 | 累计 1,570,564 tok $9.905
  已翻 600/1060 段
    [tok] #666 入 2,005（新缓存 417 / 读缓存 1,586） 出 170 = 2,175 | 累计 1,572,739 tok $9.916
  已翻 601/1060 段
    [tok] #667 入 2,036（新缓存 448 / 读缓存 1,586） 出 597 = 2,633 | 累计 1,575,372 tok $9.937
  已翻 602/1060 段
    [tok] #668 入 1,937（新缓存 349 / 读缓存 1,586） 出 97 = 2,034 | 累计 1,577,406 tok $9.945
  已翻 603/1060 段
    [tok] #669 入 1,949（新缓存 361 / 读缓存 1,586） 出 102 = 2,051 | 累计 1,579,457 tok $9.953
  已翻 604/1060 段
    [tok] #670 入 1,933（新缓存 345 / 读缓存 1,586） 出 79 = 2,012 | 累计 1,581,469 tok $9.960
  已翻 605/1060 段
    [tok] #671 入 1,931（新缓存 343 / 读缓存 1,586） 出 92 = 2,023 | 累计 1,583,492 tok $9.968
  已翻 606/1060 段
    [tok] #672 入 2,025（新缓存 437 / 读缓存 1,586） 出 291 = 2,316 | 累计 1,585,808 tok $9.981
  已翻 607/1060 段
    [tok] #673 入 1,988（新缓存 400 / 读缓存 1,586） 出 136 = 2,124 | 累计 1,587,932 tok $9.991
  已翻 608/1060 段
    [tok] #674 入 1,965（新缓存 377 / 读缓存 1,586） 出 333 = 2,298 | 累计 1,590,230 tok $10.005
  已翻 609/1060 段
    [tok] #675 入 2,013（新缓存 425 / 读缓存 1,586） 出 205 = 2,218 | 累计 1,592,448 tok $10.016
  已翻 610/1060 段
    [tok] #676 入 1,974（新缓存 386 / 读缓存 1,586） 出 173 = 2,147 | 累计 1,594,595 tok $10.026
  已翻 611/1060 段
    [tok] #677 入 1,991（新缓存 403 / 读缓存 1,586） 出 332 = 2,323 | 累计 1,596,918 tok $10.041
  已翻 612/1060 段
    [tok] #678 入 1,928（新缓存 340 / 读缓存 1,586） 出 68 = 1,996 | 累计 1,598,914 tok $10.048
  已翻 613/1060 段
    [tok] #679 入 2,063（新缓存 475 / 读缓存 1,586） 出 556 = 2,619 | 累计 1,601,533 tok $10.068
  已翻 614/1060 段
    [tok] #680 入 2,318（新缓存 730 / 读缓存 1,586） 出 497 = 2,815 | 累计 1,604,348 tok $10.090
  已翻 615/1060 段
    [tok] #681 入 2,155（新缓存 567 / 读缓存 1,586） 出 315 = 2,470 | 累计 1,606,818 tok $10.106
  已翻 616/1060 段
    [tok] #682 入 2,027（新缓存 439 / 读缓存 1,586） 出 250 = 2,277 | 累计 1,609,095 tok $10.118
  已翻 617/1060 段
    [tok] #683 入 1,934（新缓存 346 / 读缓存 1,586） 出 94 = 2,028 | 累计 1,611,123 tok $10.126
  已翻 618/1060 段
    [tok] #684 入 2,063（新缓存 475 / 读缓存 1,586） 出 299 = 2,362 | 累计 1,613,485 tok $10.140
  已翻 619/1060 段
    [tok] #685 入 1,967（新缓存 379 / 读缓存 1,586） 出 159 = 2,126 | 累计 1,615,611 tok $10.150
  已翻 620/1060 段
    [tok] #686 入 1,937（新缓存 349 / 读缓存 1,586） 出 85 = 2,022 | 累计 1,617,633 tok $10.158
  已翻 621/1060 段
    [tok] #687 入 2,048（新缓存 460 / 读缓存 1,586） 出 211 = 2,259 | 累计 1,619,892 tok $10.169
  已翻 622/1060 段
    [tok] #688 入 2,066（新缓存 478 / 读缓存 1,586） 出 255 = 2,321 | 累计 1,622,213 tok $10.183
  已翻 623/1060 段
    [tok] #689 入 2,048（新缓存 460 / 读缓存 1,586） 出 211 = 2,259 | 累计 1,624,472 tok $10.194
  已翻 624/1060 段
    [tok] #690 入 1,884（新缓存 296 / 读缓存 1,586） 出 32 = 1,916 | 累计 1,626,388 tok $10.200
  已翻 625/1060 段
    [tok] #691 入 1,970（新缓存 382 / 读缓存 1,586） 出 107 = 2,077 | 累计 1,628,465 tok $10.208
  已翻 626/1060 段
    [tok] #692 入 2,050（新缓存 462 / 读缓存 1,586） 出 235 = 2,285 | 累计 1,630,750 tok $10.221
  已翻 627/1060 段
    [tok] #693 入 2,110（新缓存 522 / 读缓存 1,586） 出 226 = 2,336 | 累计 1,633,086 tok $10.234
  已翻 628/1060 段
    [tok] #694 入 1,969（新缓存 381 / 读缓存 1,586） 出 184 = 2,153 | 累计 1,635,239 tok $10.244
  已翻 629/1060 段
    [tok] #695 入 2,235（新缓存 647 / 读缓存 1,586） 出 528 = 2,763 | 累计 1,638,002 tok $10.266
  已翻 630/1060 段
    [tok] #696 入 1,924（新缓存 336 / 读缓存 1,586） 出 74 = 1,998 | 累计 1,640,000 tok $10.273
  已翻 631/1060 段
    [tok] #697 入 1,929（新缓存 341 / 读缓存 1,586） 出 160 = 2,089 | 累计 1,642,089 tok $10.282
  已翻 632/1060 段
    [tok] #698 入 2,270（新缓存 682 / 读缓存 1,586） 出 450 = 2,720 | 累计 1,644,809 tok $10.303
  已翻 633/1060 段
    [tok] #699 入 2,594（新缓存 1,006 / 读缓存 1,586） 出 785 = 3,379 | 累计 1,648,188 tok $10.335
  已翻 634/1060 段
    [tok] #700 入 1,925（新缓存 337 / 读缓存 1,586） 出 89 = 2,014 | 累计 1,650,202 tok $10.342
  已翻 635/1060 段
    [tok] #701 入 1,994（新缓存 406 / 读缓存 1,586） 出 172 = 2,166 | 累计 1,652,368 tok $10.353
  已翻 636/1060 段
    [tok] #702 入 2,243（新缓存 655 / 读缓存 1,586） 出 552 = 2,795 | 累计 1,655,163 tok $10.375
  已翻 637/1060 段
    [tok] #703 入 2,162（新缓存 574 / 读缓存 1,586） 出 421 = 2,583 | 累计 1,657,746 tok $10.393
  已翻 638/1060 段
    [tok] #704 入 1,903（新缓存 315 / 读缓存 1,586） 出 58 = 1,961 | 累计 1,659,707 tok $10.400
  已翻 639/1060 段
    [tok] #705 入 2,071（新缓存 483 / 读缓存 1,586） 出 244 = 2,315 | 累计 1,662,022 tok $10.413
  已翻 640/1060 段
    [tok] #706 入 2,110（新缓存 522 / 读缓存 1,586） 出 584 = 2,694 | 累计 1,664,716 tok $10.435
  已翻 641/1060 段
    [tok] #707 入 2,183（新缓存 595 / 读缓存 1,586） 出 398 = 2,581 | 累计 1,667,297 tok $10.453
  已翻 642/1060 段
    [tok] #708 入 2,462（新缓存 874 / 读缓存 1,586） 出 841 = 3,303 | 累计 1,670,600 tok $10.485
  已翻 643/1060 段
    [tok] #709 入 0（新缓存 0 / 读缓存 0） 出 0 = 0 | 累计 1,670,600 tok $10.493
  已翻 644/1060 段
    [tok] #710 入 0（新缓存 0 / 读缓存 0） 出 0 = 0 | 累计 1,670,600 tok $10.519
  已翻 645/1060 段
    [tok] #711 入 2,392（新缓存 804 / 读缓存 1,586） 出 717 = 3,109 | 累计 1,673,709 tok $10.547
  已翻 646/1060 段
    [tok] #712 入 2,107（新缓存 519 / 读缓存 1,586） 出 402 = 2,509 | 累计 1,676,218 tok $10.564
  已翻 647/1060 段
    [tok] #713 入 1,937（新缓存 349 / 读缓存 1,586） 出 111 = 2,048 | 累计 1,678,266 tok $10.573
  已翻 648/1060 段
    [tok] #714 入 2,088（新缓存 500 / 读缓存 1,586） 出 473 = 2,561 | 累计 1,680,827 tok $10.591
  已翻 649/1060 段
    [tok] #715 入 2,048（新缓存 460 / 读缓存 1,586） 出 1,083 = 3,131 | 累计 1,683,958 tok $10.625
  已翻 650/1060 段
    [tok] #716 入 1,945（新缓存 357 / 读缓存 1,586） 出 98 = 2,043 | 累计 1,686,001 tok $10.633
  已翻 651/1060 段
    [tok] #717 入 1,888（新缓存 300 / 读缓存 1,586） 出 31 = 1,919 | 累计 1,687,920 tok $10.639
  已翻 652/1060 段
    [tok] #718 入 1,921（新缓存 333 / 读缓存 1,586） 出 65 = 1,986 | 累计 1,689,906 tok $10.645
  已翻 653/1060 段
    [tok] #719 入 2,166（新缓存 578 / 读缓存 1,586） 出 337 = 2,503 | 累计 1,692,409 tok $10.662
  已翻 654/1060 段
    [tok] #720 入 2,024（新缓存 436 / 读缓存 1,586） 出 363 = 2,387 | 累计 1,694,796 tok $10.677
    [tok] #721 入 1,972（新缓存 384 / 读缓存 1,586） 出 320 = 2,292 | 累计 1,697,088 tok $10.691
  已翻 655/1060 段
    [tok] #722 入 1,881（新缓存 293 / 读缓存 1,586） 出 40 = 1,921 | 累计 1,699,009 tok $10.697
  已翻 656/1060 段
    [tok] #723 入 2,275（新缓存 687 / 读缓存 1,586） 出 625 = 2,900 | 累计 1,701,909 tok $10.721
  已翻 657/1060 段
    [tok] #724 入 1,891（新缓存 303 / 读缓存 1,586） 出 40 = 1,931 | 累计 1,703,840 tok $10.727
  已翻 658/1060 段
    [tok] #725 入 2,022（新缓存 434 / 读缓存 1,586） 出 219 = 2,241 | 累计 1,706,081 tok $10.739
  已翻 659/1060 段
    [tok] #726 入 2,005（新缓存 417 / 读缓存 1,586） 出 149 = 2,154 | 累计 1,708,235 tok $10.749
  已翻 660/1060 段
    [tok] #727 入 1,957（新缓存 369 / 读缓存 1,586） 出 109 = 2,066 | 累计 1,710,301 tok $10.757
  已翻 661/1060 段
    [tok] #728 入 2,087（新缓存 499 / 读缓存 1,586） 出 367 = 2,454 | 累计 1,712,755 tok $10.773
  已翻 662/1060 段
    [tok] #729 入 2,060（新缓存 472 / 读缓存 1,586） 出 217 = 2,277 | 累计 1,715,032 tok $10.785
  已翻 663/1060 段
    [tok] #730 入 1,896（新缓存 308 / 读缓存 1,586） 出 48 = 1,944 | 累计 1,716,976 tok $10.792
  已翻 664/1060 段
    [tok] #731 入 1,929（新缓存 341 / 读缓存 1,586） 出 73 = 2,002 | 累计 1,718,978 tok $10.799
  已翻 665/1060 段
    [tok] #732 入 1,946（新缓存 358 / 读缓存 1,586） 出 87 = 2,033 | 累计 1,721,011 tok $10.806
  已翻 666/1060 段
    [tok] #733 入 1,958（新缓存 370 / 读缓存 1,586） 出 392 = 2,350 | 累计 1,723,361 tok $10.822
  已翻 667/1060 段
    [tok] #734 入 2,164（新缓存 576 / 读缓存 1,586） 出 666 = 2,830 | 累计 1,726,191 tok $10.846
  已翻 668/1060 段
    [tok] #735 入 2,387（新缓存 799 / 读缓存 1,586） 出 633 = 3,020 | 累计 1,729,211 tok $10.872
  已翻 669/1060 段
    [tok] #736 入 2,007（新缓存 419 / 读缓存 1,586） 出 170 = 2,177 | 累计 1,731,388 tok $10.883
  已翻 670/1060 段
    [tok] #737 入 1,944（新缓存 356 / 读缓存 1,586） 出 96 = 2,040 | 累计 1,733,428 tok $10.891
  已翻 671/1060 段
    [tok] #738 入 1,889（新缓存 301 / 读缓存 1,586） 出 34 = 1,923 | 累计 1,735,351 tok $10.896
  已翻 672/1060 段
    [tok] #739 入 1,893（新缓存 305 / 读缓存 1,586） 出 41 = 1,934 | 累计 1,737,285 tok $10.902
  已翻 673/1060 段
    [tok] #740 入 1,879（新缓存 291 / 读缓存 1,586） 出 32 = 1,911 | 累计 1,739,196 tok $10.908
  已翻 674/1060 段
    [tok] #741 入 1,910（新缓存 322 / 读缓存 1,586） 出 93 = 2,003 | 累计 1,741,199 tok $10.915
  已翻 675/1060 段
    [tok] #742 入 1,937（新缓存 349 / 读缓存 1,586） 出 97 = 2,034 | 累计 1,743,233 tok $10.923
  已翻 676/1060 段
    [tok] #743 入 2,181（新缓存 593 / 读缓存 1,586） 出 461 = 2,642 | 累计 1,745,875 tok $10.943
  已翻 677/1060 段
    [tok] #744 入 1,999（新缓存 411 / 读缓存 1,586） 出 166 = 2,165 | 累计 1,748,040 tok $10.953
  已翻 678/1060 段
    [tok] #745 入 1,923（新缓存 335 / 读缓存 1,586） 出 69 = 1,992 | 累计 1,750,032 tok $10.960
  已翻 679/1060 段
    [tok] #746 入 1,932（新缓存 344 / 读缓存 1,586） 出 67 = 1,999 | 累计 1,752,031 tok $10.967
  已翻 680/1060 段
    [tok] #747 入 2,430（新缓存 842 / 读缓存 1,586） 出 745 = 3,175 | 累计 1,755,206 tok $10.996
  已翻 681/1060 段
    [tok] #748 入 2,614（新缓存 1,026 / 读缓存 1,586） 出 918 = 3,532 | 累计 1,758,738 tok $11.032
  已翻 682/1060 段
    [tok] #749 入 1,898（新缓存 310 / 读缓存 1,586） 出 81 = 1,979 | 累计 1,760,717 tok $11.039
  已翻 683/1060 段
    [tok] #750 入 2,026（新缓存 438 / 读缓存 1,586） 出 300 = 2,326 | 累计 1,763,043 tok $11.053
    [tok] #751 入 1,974（新缓存 386 / 读缓存 1,586） 出 340 = 2,314 | 累计 1,765,357 tok $11.067
  已翻 684/1060 段
    [tok] #752 入 1,944（新缓存 356 / 读缓存 1,586） 出 88 = 2,032 | 累计 1,767,389 tok $11.075
  已翻 685/1060 段
    [tok] #753 入 1,900（新缓存 312 / 读缓存 1,586） 出 53 = 1,953 | 累计 1,769,342 tok $11.081
  已翻 686/1060 段
    [tok] #754 入 1,941（新缓存 353 / 读缓存 1,586） 出 88 = 2,029 | 累计 1,771,371 tok $11.089
  已翻 687/1060 段
    [tok] #755 入 1,986（新缓存 398 / 读缓存 1,586） 出 188 = 2,174 | 累计 1,773,545 tok $11.099
  已翻 688/1060 段
    [tok] #756 入 2,372（新缓存 784 / 读缓存 1,586） 出 746 = 3,118 | 累计 1,776,663 tok $11.128
  已翻 689/1060 段
    [tok] #757 入 1,939（新缓存 351 / 读缓存 1,586） 出 94 = 2,033 | 累计 1,778,696 tok $11.136
  已翻 690/1060 段
    [tok] #758 入 2,395（新缓存 807 / 读缓存 1,586） 出 601 = 2,996 | 累计 1,781,692 tok $11.161
  已翻 691/1060 段
    [tok] #759 入 2,015（新缓存 427 / 读缓存 1,586） 出 205 = 2,220 | 累计 1,783,912 tok $11.172
    [tok] #760 入 1,963（新缓存 375 / 读缓存 1,586） 出 373 = 2,336 | 累计 1,786,248 tok $11.187
  已翻 692/1060 段
    [tok] #761 入 1,915（新缓存 327 / 读缓存 1,586） 出 64 = 1,979 | 累计 1,788,227 tok $11.194
  已翻 693/1060 段
    [tok] #762 入 2,192（新缓存 0 / 读缓存 2,190） 出 404 = 2,596 | 累计 1,790,823 tok $11.207
  已翻 694/1060 段
    [tok] #763 入 2,718（新缓存 1,130 / 读缓存 1,586） 出 1,259 = 3,977 | 累计 1,794,800 tok $11.252
  已翻 695/1060 段
    [tok] #764 入 2,430（新缓存 842 / 读缓存 1,586） 出 543 = 2,973 | 累计 1,797,773 tok $11.276
  已翻 696/1060 段
    [tok] #765 入 1,906（新缓存 318 / 读缓存 1,586） 出 44 = 1,950 | 累计 1,799,723 tok $11.282
  已翻 697/1060 段
    [tok] #766 入 1,901（新缓存 313 / 读缓存 1,586） 出 346 = 2,247 | 累计 1,801,970 tok $11.296
  已翻 698/1060 段
    [tok] #767 入 1,892（新缓存 304 / 读缓存 1,586） 出 41 = 1,933 | 累计 1,803,903 tok $11.302
  已翻 699/1060 段
    [tok] #768 入 1,891（新缓存 303 / 读缓存 1,586） 出 43 = 1,934 | 累计 1,805,837 tok $11.308
  已翻 700/1060 段
    [tok] #769 入 1,989（新缓存 401 / 读缓存 1,586） 出 172 = 2,161 | 累计 1,807,998 tok $11.318
  已翻 701/1060 段
    [tok] #770 入 2,185（新缓存 597 / 读缓存 1,586） 出 793 = 2,978 | 累计 1,810,976 tok $11.346
  已翻 702/1060 段
    [tok] #771 入 2,171（新缓存 583 / 读缓存 1,586） 出 449 = 2,620 | 累计 1,813,596 tok $11.365
    [tok] #772 入 2,119（新缓存 531 / 读缓存 1,586） 出 551 = 2,670 | 累计 1,816,266 tok $11.386
  已翻 703/1060 段
    [tok] #773 入 1,918（新缓存 330 / 读缓存 1,586） 出 65 = 1,983 | 累计 1,818,249 tok $11.393
  已翻 704/1060 段
    [tok] #774 入 1,870（新缓存 282 / 读缓存 1,586） 出 22 = 1,892 | 累计 1,820,141 tok $11.398
  已翻 705/1060 段
    [tok] #775 入 1,913（新缓存 325 / 读缓存 1,586） 出 129 = 2,042 | 累计 1,822,183 tok $11.407
  已翻 706/1060 段
    [tok] #776 入 1,979（新缓存 391 / 读缓存 1,586） 出 142 = 2,121 | 累计 1,824,304 tok $11.416
  已翻 707/1060 段
    [tok] #777 入 2,345（新缓存 757 / 读缓存 1,586） 出 578 = 2,923 | 累计 1,827,227 tok $11.440
  已翻 708/1060 段
    [tok] #778 入 1,909（新缓存 321 / 读缓存 1,586） 出 60 = 1,969 | 累计 1,829,196 tok $11.447
  已翻 709/1060 段
    [tok] #779 入 1,903（新缓存 315 / 读缓存 1,586） 出 99 = 2,002 | 累计 1,831,198 tok $11.455
  已翻 710/1060 段
    [tok] #780 入 2,031（新缓存 443 / 读缓存 1,586） 出 201 = 2,232 | 累计 1,833,430 tok $11.466
  已翻 711/1060 段
    [tok] #781 入 1,971（新缓存 383 / 读缓存 1,586） 出 97 = 2,068 | 累计 1,835,498 tok $11.474
  已翻 712/1060 段
    [tok] #782 入 2,128（新缓存 540 / 读缓存 1,586） 出 293 = 2,421 | 累计 1,837,919 tok $11.489
  已翻 713/1060 段
    [tok] #783 入 2,004（新缓存 416 / 读缓存 1,586） 出 286 = 2,290 | 累计 1,840,209 tok $11.502
    [tok] #784 入 1,952（新缓存 364 / 读缓存 1,586） 出 332 = 2,284 | 累计 1,842,493 tok $11.516
  已翻 714/1060 段
    [tok] #785 入 2,084（新缓存 496 / 读缓存 1,586） 出 354 = 2,438 | 累计 1,844,931 tok $11.532
    [tok] #786 入 2,032（新缓存 444 / 读缓存 1,586） 出 258 = 2,290 | 累计 1,847,221 tok $11.545
  已翻 715/1060 段
    [tok] #787 入 2,027（新缓存 439 / 读缓存 1,586） 出 200 = 2,227 | 累计 1,849,448 tok $11.556
  已翻 716/1060 段
    [tok] #788 入 2,047（新缓存 459 / 读缓存 1,586） 出 176 = 2,223 | 累计 1,851,671 tok $11.567
  已翻 717/1060 段
    [tok] #789 入 2,031（新缓存 443 / 读缓存 1,586） 出 175 = 2,206 | 累计 1,853,877 tok $11.578
  已翻 718/1060 段
    [tok] #790 入 1,988（新缓存 400 / 读缓存 1,586） 出 229 = 2,217 | 累计 1,856,094 tok $11.589
  已翻 719/1060 段
    [tok] #791 入 2,034（新缓存 446 / 读缓存 1,586） 出 307 = 2,341 | 累计 1,858,435 tok $11.604
  已翻 720/1060 段
    [tok] #792 入 2,050（新缓存 462 / 读缓存 1,586） 出 209 = 2,259 | 累计 1,860,694 tok $11.615
  已翻 721/1060 段
    [tok] #793 入 1,983（新缓存 395 / 读缓存 1,586） 出 183 = 2,166 | 累计 1,862,860 tok $11.626
  已翻 722/1060 段
    [tok] #794 入 2,009（新缓存 421 / 读缓存 1,586） 出 171 = 2,180 | 累计 1,865,040 tok $11.636
  已翻 723/1060 段
    [tok] #795 入 2,041（新缓存 453 / 读缓存 1,586） 出 180 = 2,221 | 累计 1,867,261 tok $11.647
  已翻 724/1060 段
    [tok] #796 入 1,933（新缓存 345 / 读缓存 1,586） 出 82 = 2,015 | 累计 1,869,276 tok $11.655
  已翻 725/1060 段
    [tok] #797 入 2,079（新缓存 491 / 读缓存 1,586） 出 239 = 2,318 | 累计 1,871,594 tok $11.668
  已翻 726/1060 段
    [tok] #798 入 2,000（新缓存 412 / 读缓存 1,586） 出 393 = 2,393 | 累计 1,873,987 tok $11.684
  已翻 727/1060 段
    [tok] #799 入 1,908（新缓存 320 / 读缓存 1,586） 出 70 = 1,978 | 累计 1,875,965 tok $11.690
  已翻 728/1060 段
    [tok] #800 入 2,320（新缓存 732 / 读缓存 1,586） 出 628 = 2,948 | 累计 1,878,913 tok $11.716
  已翻 729/1060 段
    [tok] #801 入 2,092（新缓存 504 / 读缓存 1,586） 出 317 = 2,409 | 累计 1,881,322 tok $11.731
    [tok] #802 入 2,040（新缓存 452 / 读缓存 1,586） 出 304 = 2,344 | 累计 1,883,666 tok $11.745
  已翻 730/1060 段
    [tok] #803 入 2,051（新缓存 463 / 读缓存 1,586） 出 343 = 2,394 | 累计 1,886,060 tok $11.760
  已翻 731/1060 段
    [tok] #804 入 1,980（新缓存 392 / 读缓存 1,586） 出 424 = 2,404 | 累计 1,888,464 tok $11.776
  已翻 732/1060 段
    [tok] #805 入 2,045（新缓存 457 / 读缓存 1,586） 出 941 = 2,986 | 累计 1,891,450 tok $11.807
  已翻 733/1060 段
    [tok] #806 入 2,097（新缓存 509 / 读缓存 1,586） 出 238 = 2,335 | 累计 1,893,785 tok $11.820
  已翻 734/1060 段
    [tok] #807 入 2,062（新缓存 474 / 读缓存 1,586） 出 523 = 2,585 | 累计 1,896,370 tok $11.839
    [tok] #808 入 2,010（新缓存 422 / 读缓存 1,586） 出 208 = 2,218 | 累计 1,898,588 tok $11.851
  已翻 735/1060 段
    [tok] #809 入 1,930（新缓存 342 / 读缓存 1,586） 出 77 = 2,007 | 累计 1,900,595 tok $11.858
  已翻 736/1060 段
    [tok] #810 入 1,967（新缓存 379 / 读缓存 1,586） 出 127 = 2,094 | 累计 1,902,689 tok $11.867
  已翻 737/1060 段
    [tok] #811 入 1,907（新缓存 319 / 读缓存 1,586） 出 59 = 1,966 | 累计 1,904,655 tok $11.873
  已翻 738/1060 段
    [tok] #812 入 1,904（新缓存 316 / 读缓存 1,586） 出 55 = 1,959 | 累计 1,906,614 tok $11.880
  已翻 739/1060 段
    [tok] #813 入 1,887（新缓存 299 / 读缓存 1,586） 出 42 = 1,929 | 累计 1,908,543 tok $11.886
  已翻 740/1060 段
    [tok] #814 入 1,902（新缓存 314 / 读缓存 1,586） 出 64 = 1,966 | 累计 1,910,509 tok $11.892
  已翻 741/1060 段
    [tok] #815 入 1,897（新缓存 309 / 读缓存 1,586） 出 72 = 1,969 | 累计 1,912,478 tok $11.899
  已翻 742/1060 段
    [tok] #816 入 1,935（新缓存 347 / 读缓存 1,586） 出 79 = 2,014 | 累计 1,914,492 tok $11.907
  已翻 743/1060 段
    [tok] #817 入 1,897（新缓存 309 / 读缓存 1,586） 出 42 = 1,939 | 累计 1,916,431 tok $11.913
  已翻 744/1060 段
    [tok] #818 入 2,134（新缓存 546 / 读缓存 1,586） 出 329 = 2,463 | 累计 1,918,894 tok $11.928
  已翻 745/1060 段
    [tok] #819 入 2,007（新缓存 419 / 读缓存 1,586） 出 140 = 2,147 | 累计 1,921,041 tok $11.938
  已翻 746/1060 段
    [tok] #820 入 2,236（新缓存 648 / 读缓存 1,586） 出 382 = 2,618 | 累计 1,923,659 tok $11.956
  已翻 747/1060 段
    [tok] #821 入 1,905（新缓存 317 / 读缓存 1,586） 出 62 = 1,967 | 累计 1,925,626 tok $11.963
  已翻 748/1060 段
    [tok] #822 入 2,163（新缓存 575 / 读缓存 1,586） 出 406 = 2,569 | 累计 1,928,195 tok $11.981
  已翻 749/1060 段
    [tok] #823 入 2,267（新缓存 679 / 读缓存 1,586） 出 421 = 2,688 | 累计 1,930,883 tok $12.000
  已翻 750/1060 段
    [tok] #824 入 2,196（新缓存 608 / 读缓存 1,586） 出 314 = 2,510 | 累计 1,933,393 tok $12.016
  已翻 751/1060 段
    [tok] #825 入 2,048（新缓存 460 / 读缓存 1,586） 出 322 = 2,370 | 累计 1,935,763 tok $12.031
    [tok] #826 入 1,996（新缓存 408 / 读缓存 1,586） 出 334 = 2,330 | 累计 1,938,093 tok $12.045
  已翻 752/1060 段
    [tok] #827 入 2,397（新缓存 809 / 读缓存 1,586） 出 494 = 2,891 | 累计 1,940,984 tok $12.068
  已翻 753/1060 段
    [tok] #828 入 2,573（新缓存 985 / 读缓存 1,586） 出 760 = 3,333 | 累计 1,944,317 tok $12.099
  已翻 754/1060 段
    [tok] #829 入 2,233（新缓存 645 / 读缓存 1,586） 出 393 = 2,626 | 累计 1,946,943 tok $12.118
  已翻 755/1060 段
    [tok] #830 入 1,976（新缓存 388 / 读缓存 1,586） 出 139 = 2,115 | 累计 1,949,058 tok $12.127
  已翻 756/1060 段
    [tok] #831 入 3,118（新缓存 1,530 / 读缓存 1,586） 出 1,184 = 4,302 | 累计 1,953,360 tok $12.175
  已翻 757/1060 段
    [tok] #832 入 1,915（新缓存 327 / 读缓存 1,586） 出 59 = 1,974 | 累计 1,955,334 tok $12.181
  已翻 758/1060 段
    [tok] #833 入 1,923（新缓存 335 / 读缓存 1,586） 出 79 = 2,002 | 累计 1,957,336 tok $12.188
  已翻 759/1060 段
    [tok] #834 入 1,930（新缓存 342 / 读缓存 1,586） 出 76 = 2,006 | 累计 1,959,342 tok $12.196
  已翻 760/1060 段
    [tok] #835 入 1,911（新缓存 323 / 读缓存 1,586） 出 48 = 1,959 | 累计 1,961,301 tok $12.202
  已翻 761/1060 段
    [tok] #836 入 1,881（新缓存 293 / 读缓存 1,586） 出 31 = 1,912 | 累计 1,963,213 tok $12.207
    [tok] #837 入 1,829（新缓存 241 / 读缓存 1,586） 出 26 = 1,855 | 累计 1,965,068 tok $12.212
  已翻 762/1060 段
    [tok] #838 入 2,013（新缓存 425 / 读缓存 1,586） 出 152 = 2,165 | 累计 1,967,233 tok $12.222
  已翻 763/1060 段
    [tok] #839 入 2,002（新缓存 414 / 读缓存 1,586） 出 151 = 2,153 | 累计 1,969,386 tok $12.232
  已翻 764/1060 段
    [tok] #840 入 2,152（新缓存 564 / 读缓存 1,586） 出 701 = 2,853 | 累计 1,972,239 tok $12.257
  已翻 765/1060 段
    [tok] #841 入 1,947（新缓存 359 / 读缓存 1,586） 出 250 = 2,197 | 累计 1,974,436 tok $12.269
    [tok] #842 入 1,895（新缓存 307 / 读缓存 1,586） 出 233 = 2,128 | 累计 1,976,564 tok $12.280
  已翻 766/1060 段
    [tok] #843 入 2,036（新缓存 448 / 读缓存 1,586） 出 350 = 2,386 | 累计 1,978,950 tok $12.295
  已翻 767/1060 段
    [tok] #844 入 1,993（新缓存 405 / 读缓存 1,586） 出 155 = 2,148 | 累计 1,981,098 tok $12.305
  已翻 768/1060 段
    [tok] #845 入 2,066（新缓存 478 / 读缓存 1,586） 出 220 = 2,286 | 累计 1,983,384 tok $12.317
  已翻 769/1060 段
    [tok] #846 入 2,050（新缓存 462 / 读缓存 1,586） 出 183 = 2,233 | 累计 1,985,617 tok $12.328
  已翻 770/1060 段
    [tok] #847 入 2,021（新缓存 433 / 读缓存 1,586） 出 198 = 2,219 | 累计 1,987,836 tok $12.340
  已翻 771/1060 段
    [tok] #848 入 2,008（新缓存 420 / 读缓存 1,586） 出 143 = 2,151 | 累计 1,989,987 tok $12.349
  已翻 772/1060 段
    [tok] #849 入 1,943（新缓存 355 / 读缓存 1,586） 出 112 = 2,055 | 累计 1,992,042 tok $12.358
  已翻 773/1060 段
    [tok] #850 入 2,105（新缓存 517 / 读缓存 1,586） 出 274 = 2,379 | 累计 1,994,421 tok $12.372
  已翻 774/1060 段
    [tok] #851 入 2,247（新缓存 659 / 读缓存 1,586） 出 433 = 2,680 | 累计 1,997,101 tok $12.391
  已翻 775/1060 段
    [tok] #852 入 2,386（新缓存 798 / 读缓存 1,586） 出 556 = 2,942 | 累计 2,000,043 tok $12.415
  已翻 776/1060 段
    [tok] #853 入 2,121（新缓存 533 / 读缓存 1,586） 出 337 = 2,458 | 累计 2,002,501 tok $12.431
  已翻 777/1060 段
    [tok] #854 入 2,275（新缓存 687 / 读缓存 1,586） 出 602 = 2,877 | 累计 2,005,378 tok $12.455
  已翻 778/1060 段
    [tok] #855 入 1,955（新缓存 367 / 读缓存 1,586） 出 110 = 2,065 | 累计 2,007,443 tok $12.464
  已翻 779/1060 段
    [tok] #856 入 2,456（新缓存 868 / 读缓存 1,586） 出 671 = 3,127 | 累计 2,010,570 tok $12.491
  已翻 780/1060 段
    [tok] #857 入 1,949（新缓存 361 / 读缓存 1,586） 出 99 = 2,048 | 累计 2,012,618 tok $12.499
  已翻 781/1060 段
    [tok] #858 入 1,907（新缓存 319 / 读缓存 1,586） 出 49 = 1,956 | 累计 2,014,574 tok $12.506
  已翻 782/1060 段
    [tok] #859 入 1,876（新缓存 288 / 读缓存 1,586） 出 29 = 1,905 | 累计 2,016,479 tok $12.511
  已翻 783/1060 段
    [tok] #860 入 1,942（新缓存 354 / 读缓存 1,586） 出 85 = 2,027 | 累计 2,018,506 tok $12.519
  已翻 784/1060 段
    [tok] #861 入 1,963（新缓存 375 / 读缓存 1,586） 出 159 = 2,122 | 累计 2,020,628 tok $12.528
  已翻 785/1060 段
    [tok] #862 入 2,150（新缓存 562 / 读缓存 1,586） 出 481 = 2,631 | 累计 2,023,259 tok $12.548
  已翻 786/1060 段
    [tok] #863 入 2,026（新缓存 438 / 读缓存 1,586） 出 195 = 2,221 | 累计 2,025,480 tok $12.559
  已翻 787/1060 段
    [tok] #864 入 1,931（新缓存 343 / 读缓存 1,586） 出 74 = 2,005 | 累计 2,027,485 tok $12.565
  已翻 788/1060 段
    [tok] #865 入 1,904（新缓存 316 / 读缓存 1,586） 出 65 = 1,969 | 累计 2,029,454 tok $12.572
  已翻 789/1060 段
    [tok] #866 入 1,932（新缓存 344 / 读缓存 1,586） 出 95 = 2,027 | 累计 2,031,481 tok $12.580
  已翻 790/1060 段
    [tok] #867 入 2,536（新缓存 948 / 读缓存 1,586） 出 792 = 3,328 | 累计 2,034,809 tok $12.611
  已翻 791/1060 段
    [tok] #868 入 2,093（新缓存 505 / 读缓存 1,586） 出 250 = 2,343 | 累计 2,037,152 tok $12.625
  已翻 792/1060 段
    [tok] #869 入 1,957（新缓存 369 / 读缓存 1,586） 出 128 = 2,085 | 累计 2,039,237 tok $12.634
  已翻 793/1060 段
    [tok] #870 入 2,183（新缓存 595 / 读缓存 1,586） 出 338 = 2,521 | 累计 2,041,758 tok $12.650
  已翻 794/1060 段
    [tok] #871 入 2,030（新缓存 442 / 读缓存 1,586） 出 196 = 2,226 | 累计 2,043,984 tok $12.661
  已翻 795/1060 段
    [tok] #872 入 1,939（新缓存 351 / 读缓存 1,586） 出 100 = 2,039 | 累计 2,046,023 tok $12.669
  已翻 796/1060 段
    [tok] #873 入 1,945（新缓存 357 / 读缓存 1,586） 出 117 = 2,062 | 累计 2,048,085 tok $12.678
  已翻 797/1060 段
    [tok] #874 入 1,985（新缓存 397 / 读缓存 1,586） 出 158 = 2,143 | 累计 2,050,228 tok $12.687
  已翻 798/1060 段
    [tok] #875 入 2,289（新缓存 701 / 读缓存 1,586） 出 500 = 2,789 | 累计 2,053,017 tok $12.709
  已翻 799/1060 段
    [tok] #876 入 1,980（新缓存 392 / 读缓存 1,586） 出 141 = 2,121 | 累计 2,055,138 tok $12.719
  已翻 800/1060 段
    [tok] #877 入 2,239（新缓存 651 / 读缓存 1,586） 出 624 = 2,863 | 累计 2,058,001 tok $12.743
    [tok] #878 入 2,187（新缓存 599 / 读缓存 1,586） 出 340 = 2,527 | 累计 2,060,528 tok $12.759
  已翻 801/1060 段
    [tok] #879 入 1,958（新缓存 370 / 读缓存 1,586） 出 122 = 2,080 | 累计 2,062,608 tok $12.768
  已翻 802/1060 段
    [tok] #880 入 2,043（新缓存 455 / 读缓存 1,586） 出 341 = 2,384 | 累计 2,064,992 tok $12.783
  已翻 803/1060 段
    [tok] #881 入 2,151（新缓存 563 / 读缓存 1,586） 出 566 = 2,717 | 累计 2,067,709 tok $12.805
  已翻 804/1060 段
    [tok] #882 入 2,105（新缓存 517 / 读缓存 1,586） 出 287 = 2,392 | 累计 2,070,101 tok $12.819
    [tok] #883 入 2,053（新缓存 465 / 读缓存 1,586） 出 274 = 2,327 | 累计 2,072,428 tok $12.833
  已翻 805/1060 段
    [tok] #884 入 2,459（新缓存 871 / 读缓存 1,586） 出 636 = 3,095 | 累计 2,075,523 tok $12.860
  已翻 806/1060 段
    [tok] #885 入 2,152（新缓存 564 / 读缓存 1,586） 出 308 = 2,460 | 累计 2,077,983 tok $12.875
  已翻 807/1060 段
    [tok] #886 入 2,160（新缓存 572 / 读缓存 1,586） 出 347 = 2,507 | 累计 2,080,490 tok $12.892
  已翻 808/1060 段
    [tok] #887 入 1,894（新缓存 306 / 读缓存 1,586） 出 49 = 1,943 | 累计 2,082,433 tok $12.898
  已翻 809/1060 段
    [tok] #888 入 1,904（新缓存 316 / 读缓存 1,586） 出 144 = 2,048 | 累计 2,084,481 tok $12.906
  已翻 810/1060 段
    [tok] #889 入 2,341（新缓存 753 / 读缓存 1,586） 出 493 = 2,834 | 累计 2,087,315 tok $12.928
    [tok] #890 入 2,289（新缓存 701 / 读缓存 1,586） 出 483 = 2,772 | 累计 2,090,087 tok $12.950
  已翻 811/1060 段
    [tok] #891 入 2,355（新缓存 767 / 读缓存 1,586） 出 804 = 3,159 | 累计 2,093,246 tok $12.980
  已翻 812/1060 段
    [tok] #892 入 2,254（新缓存 666 / 读缓存 1,586） 出 430 = 2,684 | 累计 2,095,930 tok $12.999
  已翻 813/1060 段
    [tok] #893 入 2,181（新缓存 593 / 读缓存 1,586） 出 334 = 2,515 | 累计 2,098,445 tok $13.016
  已翻 814/1060 段
    [tok] #894 入 2,144（新缓存 556 / 读缓存 1,586） 出 311 = 2,455 | 累计 2,100,900 tok $13.031
    [tok] #895 入 2,092（新缓存 504 / 读缓存 1,586） 出 327 = 2,419 | 累计 2,103,319 tok $13.046
  已翻 815/1060 段
    [tok] #896 入 1,927（新缓存 339 / 读缓存 1,586） 出 74 = 2,001 | 累计 2,105,320 tok $13.053
  已翻 816/1060 段
    [tok] #897 入 1,910（新缓存 322 / 读缓存 1,586） 出 272 = 2,182 | 累计 2,107,502 tok $13.065
  已翻 817/1060 段
    [tok] #898 入 2,134（新缓存 546 / 读缓存 1,586） 出 294 = 2,428 | 累计 2,109,930 tok $13.080
  已翻 818/1060 段
    [tok] #899 入 2,153（新缓存 565 / 读缓存 1,586） 出 405 = 2,558 | 累计 2,112,488 tok $13.098
  已翻 819/1060 段
    [tok] #900 入 2,109（新缓存 521 / 读缓存 1,586） 出 314 = 2,423 | 累计 2,114,911 tok $13.113
  已翻 820/1060 段
    [tok] #901 入 2,146（新缓存 558 / 读缓存 1,586） 出 316 = 2,462 | 累计 2,117,373 tok $13.128
  已翻 821/1060 段
    [tok] #902 入 2,033（新缓存 445 / 读缓存 1,586） 出 224 = 2,257 | 累计 2,119,630 tok $13.141
  已翻 822/1060 段
    [tok] #903 入 1,941（新缓存 353 / 读缓存 1,586） 出 100 = 2,041 | 累计 2,121,671 tok $13.148
  已翻 823/1060 段
    [tok] #904 入 1,961（新缓存 373 / 读缓存 1,586） 出 135 = 2,096 | 累计 2,123,767 tok $13.157
  已翻 824/1060 段
    [tok] #905 入 1,895（新缓存 307 / 读缓存 1,586） 出 48 = 1,943 | 累计 2,125,710 tok $13.164
    [tok] #906 入 1,843（新缓存 255 / 读缓存 1,586） 出 124 = 1,967 | 累计 2,127,677 tok $13.171
  已翻 825/1060 段
    [tok] #907 入 1,905（新缓存 317 / 读缓存 1,586） 出 90 = 1,995 | 累计 2,129,672 tok $13.178
  已翻 826/1060 段
    [tok] #908 入 1,932（新缓存 344 / 读缓存 1,586） 出 72 = 2,004 | 累计 2,131,676 tok $13.186
  已翻 827/1060 段
    [tok] #909 入 1,888（新缓存 300 / 读缓存 1,586） 出 137 = 2,025 | 累计 2,133,701 tok $13.194
  已翻 828/1060 段
    [tok] #910 入 2,144（新缓存 556 / 读缓存 1,586） 出 422 = 2,566 | 累计 2,136,267 tok $13.212
  已翻 829/1060 段
    [tok] #911 入 2,319（新缓存 731 / 读缓存 1,586） 出 552 = 2,871 | 累计 2,139,138 tok $13.235
  已翻 830/1060 段
    [tok] #912 入 2,208（新缓存 620 / 读缓存 1,586） 出 447 = 2,655 | 累计 2,141,793 tok $13.255
  已翻 831/1060 段
    [tok] #913 入 1,945（新缓存 357 / 读缓存 1,586） 出 214 = 2,159 | 累计 2,143,952 tok $13.266
  已翻 832/1060 段
    [tok] #914 入 1,953（新缓存 365 / 读缓存 1,586） 出 130 = 2,083 | 累计 2,146,035 tok $13.274
  已翻 833/1060 段
    [tok] #915 入 1,923（新缓存 335 / 读缓存 1,586） 出 87 = 2,010 | 累计 2,148,045 tok $13.282
  已翻 834/1060 段
    [tok] #916 入 2,098（新缓存 510 / 读缓存 1,586） 出 265 = 2,363 | 累计 2,150,408 tok $13.296
  已翻 835/1060 段
    [tok] #917 入 2,012（新缓存 424 / 读缓存 1,586） 出 166 = 2,178 | 累计 2,152,586 tok $13.306
  已翻 836/1060 段
    [tok] #918 入 2,113（新缓存 525 / 读缓存 1,586） 出 244 = 2,357 | 累计 2,154,943 tok $13.319
  已翻 837/1060 段
    [tok] #919 入 2,148（新缓存 560 / 读缓存 1,586） 出 377 = 2,525 | 累计 2,157,468 tok $13.336
  已翻 838/1060 段
    [tok] #920 入 2,274（新缓存 686 / 读缓存 1,586） 出 424 = 2,698 | 累计 2,160,166 tok $13.356
  已翻 839/1060 段
    [tok] #921 入 2,304（新缓存 716 / 读缓存 1,586） 出 558 = 2,862 | 累计 2,163,028 tok $13.379
  已翻 840/1060 段
    [tok] #922 入 2,142（新缓存 554 / 读缓存 1,586） 出 384 = 2,526 | 累计 2,165,554 tok $13.397
  已翻 841/1060 段
    [tok] #923 入 1,961（新缓存 373 / 读缓存 1,586） 出 109 = 2,070 | 累计 2,167,624 tok $13.405
  已翻 842/1060 段
    [tok] #924 入 2,096（新缓存 508 / 读缓存 1,586） 出 403 = 2,499 | 累计 2,170,123 tok $13.422
  已翻 843/1060 段
    [tok] #925 入 2,193（新缓存 605 / 读缓存 1,586） 出 345 = 2,538 | 累计 2,172,661 tok $13.439
  已翻 844/1060 段
    [tok] #926 入 1,886（新缓存 298 / 读缓存 1,586） 出 37 = 1,923 | 累计 2,174,584 tok $13.445
  已翻 845/1060 段
    [tok] #927 入 1,988（新缓存 400 / 读缓存 1,586） 出 414 = 2,402 | 累计 2,176,986 tok $13.461
  已翻 846/1060 段
    [tok] #928 入 1,950（新缓存 362 / 读缓存 1,586） 出 102 = 2,052 | 累计 2,179,038 tok $13.469
    [tok] #929 入 1,898（新缓存 310 / 读缓存 1,586） 出 123 = 2,021 | 累计 2,181,059 tok $13.477
  已翻 847/1060 段
    [tok] #930 入 1,916（新缓存 328 / 读缓存 1,586） 出 210 = 2,126 | 累计 2,183,185 tok $13.488
  已翻 848/1060 段
    [tok] #931 入 1,963（新缓存 375 / 读缓存 1,586） 出 151 = 2,114 | 累计 2,185,299 tok $13.497
  已翻 849/1060 段
    [tok] #932 入 2,163（新缓存 575 / 读缓存 1,586） 出 322 = 2,485 | 累计 2,187,784 tok $13.513
  已翻 850/1060 段
    [tok] #933 入 2,008（新缓存 420 / 读缓存 1,586） 出 209 = 2,217 | 累计 2,190,001 tok $13.524
  已翻 851/1060 段
    [tok] #934 入 2,072（新缓存 484 / 读缓存 1,586） 出 270 = 2,342 | 累计 2,192,343 tok $13.538
  已翻 852/1060 段
    [tok] #935 入 2,016（新缓存 428 / 读缓存 1,586） 出 236 = 2,252 | 累计 2,194,595 tok $13.550
  已翻 853/1060 段
    [tok] #936 入 2,133（新缓存 545 / 读缓存 1,586） 出 400 = 2,533 | 累计 2,197,128 tok $13.567
  已翻 854/1060 段
    [tok] #937 入 2,054（新缓存 466 / 读缓存 1,586） 出 215 = 2,269 | 累计 2,199,397 tok $13.579
  已翻 855/1060 段
    [tok] #938 入 2,402（新缓存 814 / 读缓存 1,586） 出 605 = 3,007 | 累计 2,202,404 tok $13.605
  已翻 856/1060 段
    [tok] #939 入 1,950（新缓存 362 / 读缓存 1,586） 出 97 = 2,047 | 累计 2,204,451 tok $13.613
  已翻 857/1060 段
    [tok] #940 入 1,972（新缓存 384 / 读缓存 1,586） 出 601 = 2,573 | 累计 2,207,024 tok $13.634
    [tok] #941 入 1,920（新缓存 332 / 读缓存 1,586） 出 178 = 2,098 | 累计 2,209,122 tok $13.643
  已翻 858/1060 段
    [tok] #942 入 2,272（新缓存 684 / 读缓存 1,586） 出 493 = 2,765 | 累计 2,211,887 tok $13.665
  已翻 859/1060 段
    [tok] #943 入 2,051（新缓存 463 / 读缓存 1,586） 出 221 = 2,272 | 累计 2,214,159 tok $13.677
  已翻 860/1060 段
    [tok] #944 入 2,330（新缓存 742 / 读缓存 1,586） 出 581 = 2,911 | 累计 2,217,070 tok $13.701
  已翻 861/1060 段
    [tok] #945 入 2,030（新缓存 442 / 读缓存 1,586） 出 309 = 2,339 | 累计 2,219,409 tok $13.715
    [tok] #946 入 1,978（新缓存 390 / 读缓存 1,586） 出 231 = 2,209 | 累计 2,221,618 tok $13.727
  已翻 862/1060 段
    [tok] #947 入 1,904（新缓存 316 / 读缓存 1,586） 出 233 = 2,137 | 累计 2,223,755 tok $13.738
  已翻 863/1060 段
    [tok] #948 入 2,257（新缓存 669 / 读缓存 1,586） 出 576 = 2,833 | 累计 2,226,588 tok $13.761
  已翻 864/1060 段
    [tok] #949 入 1,891（新缓存 303 / 读缓存 1,586） 出 36 = 1,927 | 累计 2,228,515 tok $13.767
    [tok] #950 入 1,839（新缓存 251 / 读缓存 1,586） 出 39 = 1,878 | 累计 2,230,393 tok $13.772
  已翻 865/1060 段
    [tok] #951 入 2,026（新缓存 438 / 读缓存 1,586） 出 222 = 2,248 | 累计 2,232,641 tok $13.784
  已翻 866/1060 段
    [tok] #952 入 1,915（新缓存 327 / 读缓存 1,586） 出 109 = 2,024 | 累计 2,234,665 tok $13.792
  已翻 867/1060 段
    [tok] #953 入 2,018（新缓存 430 / 读缓存 1,586） 出 205 = 2,223 | 累计 2,236,888 tok $13.803
  已翻 868/1060 段
    [tok] #954 入 2,252（新缓存 664 / 读缓存 1,586） 出 759 = 3,011 | 累计 2,239,899 tok $13.831
    [tok] #955 入 2,200（新缓存 612 / 读缓存 1,586） 出 374 = 2,574 | 累计 2,242,473 tok $13.848
  已翻 869/1060 段
    [tok] #956 入 2,340（新缓存 752 / 读缓存 1,586） 出 477 = 2,817 | 累计 2,245,290 tok $13.870
  已翻 870/1060 段
    [tok] #957 入 2,199（新缓存 611 / 读缓存 1,586） 出 402 = 2,601 | 累计 2,247,891 tok $13.888
  已翻 871/1060 段
    [tok] #958 入 2,172（新缓存 584 / 读缓存 1,586） 出 309 = 2,481 | 累计 2,250,372 tok $13.904
  已翻 872/1060 段
    [tok] #959 入 1,941（新缓存 353 / 读缓存 1,586） 出 87 = 2,028 | 累计 2,252,400 tok $13.912
  已翻 873/1060 段
    [tok] #960 入 2,282（新缓存 694 / 读缓存 1,586） 出 544 = 2,826 | 累计 2,255,226 tok $13.934
  已翻 874/1060 段
    [tok] #961 入 2,033（新缓存 445 / 读缓存 1,586） 出 236 = 2,269 | 累计 2,257,495 tok $13.947
  已翻 875/1060 段
    [tok] #962 入 2,053（新缓存 465 / 读缓存 1,586） 出 386 = 2,439 | 累计 2,259,934 tok $13.963
    [tok] #963 入 2,001（新缓存 413 / 读缓存 1,586） 出 474 = 2,475 | 累计 2,262,409 tok $13.981
  已翻 876/1060 段
    [tok] #964 入 2,247（新缓存 659 / 读缓存 1,586） 出 1,173 = 3,420 | 累计 2,265,829 tok $14.019
  已翻 877/1060 段
    [tok] #965 入 2,643（新缓存 1,055 / 读缓存 1,586） 出 759 = 3,402 | 累计 2,269,231 tok $14.051
  已翻 878/1060 段
    [tok] #966 入 1,880（新缓存 292 / 读缓存 1,586） 出 97 = 1,977 | 累计 2,271,208 tok $14.058
  已翻 879/1060 段
    [tok] #967 入 2,067（新缓存 479 / 读缓存 1,586） 出 253 = 2,320 | 累计 2,273,528 tok $14.071
  已翻 880/1060 段
    [tok] #968 入 1,910（新缓存 322 / 读缓存 1,586） 出 66 = 1,976 | 累计 2,275,504 tok $14.078
  已翻 881/1060 段
    [tok] #969 入 1,932（新缓存 344 / 读缓存 1,586） 出 91 = 2,023 | 累计 2,277,527 tok $14.085
  已翻 882/1060 段
    [tok] #970 入 1,929（新缓存 341 / 读缓存 1,586） 出 80 = 2,009 | 累计 2,279,536 tok $14.093
  已翻 883/1060 段
    [tok] #971 入 2,001（新缓存 413 / 读缓存 1,586） 出 220 = 2,221 | 累计 2,281,757 tok $14.104
  已翻 884/1060 段
    [tok] #972 入 2,052（新缓存 464 / 读缓存 1,586） 出 285 = 2,337 | 累计 2,284,094 tok $14.118
  已翻 885/1060 段
    [tok] #973 入 2,027（新缓存 439 / 读缓存 1,586） 出 445 = 2,472 | 累计 2,286,566 tok $14.136
  已翻 886/1060 段
    [tok] #974 入 2,297（新缓存 709 / 读缓存 1,586） 出 672 = 2,969 | 累计 2,289,535 tok $14.162
  已翻 887/1060 段
    [tok] #975 入 1,923（新缓存 335 / 读缓存 1,586） 出 65 = 1,988 | 累计 2,291,523 tok $14.169
  已翻 888/1060 段
    [tok] #976 入 1,988（新缓存 400 / 读缓存 1,586） 出 258 = 2,246 | 累计 2,293,769 tok $14.181
  已翻 889/1060 段
    [tok] #977 入 2,008（新缓存 420 / 读缓存 1,586） 出 219 = 2,227 | 累计 2,295,996 tok $14.193
    [tok] #978 入 1,956（新缓存 368 / 读缓存 1,586） 出 113 = 2,069 | 累计 2,298,065 tok $14.201
  已翻 890/1060 段
    [tok] #979 入 2,037（新缓存 449 / 读缓存 1,586） 出 195 = 2,232 | 累计 2,300,297 tok $14.212
  已翻 891/1060 段
    [tok] #980 入 2,030（新缓存 442 / 读缓存 1,586） 出 191 = 2,221 | 累计 2,302,518 tok $14.223
  已翻 892/1060 段
    [tok] #981 入 2,050（新缓存 462 / 读缓存 1,586） 出 277 = 2,327 | 累计 2,304,845 tok $14.237
  已翻 893/1060 段
    [tok] #982 入 1,891（新缓存 303 / 读缓存 1,586） 出 42 = 1,933 | 累计 2,306,778 tok $14.243
    [tok] #983 入 1,839（新缓存 251 / 读缓存 1,586） 出 36 = 1,875 | 累计 2,308,653 tok $14.248
  已翻 894/1060 段
    [tok] #984 入 2,072（新缓存 484 / 读缓存 1,586） 出 477 = 2,549 | 累计 2,311,202 tok $14.267
  已翻 895/1060 段
    [tok] #985 入 2,294（新缓存 706 / 读缓存 1,586） 出 518 = 2,812 | 累计 2,314,014 tok $14.289
  已翻 896/1060 段
    [tok] #986 入 1,989（新缓存 401 / 读缓存 1,586） 出 259 = 2,248 | 累计 2,316,262 tok $14.302
  已翻 897/1060 段
    [tok] #987 入 2,442（新缓存 854 / 读缓存 1,586） 出 596 = 3,038 | 累计 2,319,300 tok $14.327
  已翻 898/1060 段
    [tok] #988 入 2,228（新缓存 640 / 读缓存 1,586） 出 345 = 2,573 | 累计 2,321,873 tok $14.344
  已翻 899/1060 段
    [tok] #989 入 2,161（新缓存 573 / 读缓存 1,586） 出 507 = 2,668 | 累计 2,324,541 tok $14.365
  已翻 900/1060 段
    [tok] #990 入 2,107（新缓存 519 / 读缓存 1,586） 出 456 = 2,563 | 累计 2,327,104 tok $14.384
  已翻 901/1060 段
    [tok] #991 入 1,942（新缓存 354 / 读缓存 1,586） 出 91 = 2,033 | 累计 2,329,137 tok $14.391
  已翻 902/1060 段
    [tok] #992 入 2,061（新缓存 473 / 读缓存 1,586） 出 344 = 2,405 | 累计 2,331,542 tok $14.407
  已翻 903/1060 段
    [tok] #993 入 1,935（新缓存 347 / 读缓存 1,586） 出 142 = 2,077 | 累计 2,333,619 tok $14.416
  已翻 904/1060 段
    [tok] #994 入 1,970（新缓存 382 / 读缓存 1,586） 出 172 = 2,142 | 累计 2,335,761 tok $14.426
  已翻 905/1060 段
    [tok] #995 入 2,043（新缓存 455 / 读缓存 1,586） 出 234 = 2,277 | 累计 2,338,038 tok $14.438
  已翻 906/1060 段
    [tok] #996 入 2,040（新缓存 452 / 读缓存 1,586） 出 654 = 2,694 | 累计 2,340,732 tok $14.461
  已翻 907/1060 段
    [tok] #997 入 2,159（新缓存 571 / 读缓存 1,586） 出 451 = 2,610 | 累计 2,343,342 tok $14.480
  已翻 908/1060 段
    [tok] #998 入 1,978（新缓存 390 / 读缓存 1,586） 出 158 = 2,136 | 累计 2,345,478 tok $14.490
  已翻 909/1060 段
    [tok] #999 入 1,919（新缓存 331 / 读缓存 1,586） 出 67 = 1,986 | 累计 2,347,464 tok $14.497
  已翻 910/1060 段
    [tok] #1000 入 2,040（新缓存 452 / 读缓存 1,586） 出 191 = 2,231 | 累计 2,349,695 tok $14.508
    [tok] #1001 入 1,988（新缓存 400 / 读缓存 1,586） 出 205 = 2,193 | 累计 2,351,888 tok $14.519
  已翻 911/1060 段
    [tok] #1002 入 2,032（新缓存 444 / 读缓存 1,586） 出 183 = 2,215 | 累计 2,354,103 tok $14.530
  已翻 912/1060 段
    [tok] #1003 入 2,030（新缓存 442 / 读缓存 1,586） 出 220 = 2,250 | 累计 2,356,353 tok $14.542
  已翻 913/1060 段
    [tok] #1004 入 2,157（新缓存 569 / 读缓存 1,586） 出 301 = 2,458 | 累计 2,358,811 tok $14.557
  已翻 914/1060 段
    [tok] #1005 入 2,163（新缓存 575 / 读缓存 1,586） 出 361 = 2,524 | 累计 2,361,335 tok $14.574
  已翻 915/1060 段
    [tok] #1006 入 1,987（新缓存 399 / 读缓存 1,586） 出 212 = 2,199 | 累计 2,363,534 tok $14.585
  已翻 916/1060 段
    [tok] #1007 入 1,946（新缓存 358 / 读缓存 1,586） 出 112 = 2,058 | 累计 2,365,592 tok $14.593
  已翻 917/1060 段
    [tok] #1008 入 2,189（新缓存 601 / 读缓存 1,586） 出 382 = 2,571 | 累计 2,368,163 tok $14.611
  已翻 918/1060 段
    [tok] #1009 入 2,488（新缓存 900 / 读缓存 1,586） 出 1,213 = 3,701 | 累计 2,371,864 tok $14.653
  已翻 919/1060 段
    [tok] #1010 入 2,095（新缓存 507 / 读缓存 1,586） 出 574 = 2,669 | 累计 2,374,533 tok $14.674
    [tok] #1011 入 2,043（新缓存 455 / 读缓存 1,586） 出 1,005 = 3,048 | 累计 2,377,581 tok $14.706
  已翻 920/1060 段
    [tok] #1012 入 2,335（新缓存 747 / 读缓存 1,586） 出 500 = 2,835 | 累计 2,380,416 tok $14.728
  已翻 921/1060 段
    [tok] #1013 入 1,984（新缓存 396 / 读缓存 1,586） 出 134 = 2,118 | 累计 2,382,534 tok $14.737
  已翻 922/1060 段
    [tok] #1014 入 1,980（新缓存 392 / 读缓存 1,586） 出 173 = 2,153 | 累计 2,384,687 tok $14.747
  已翻 923/1060 段
    [tok] #1015 入 2,141（新缓存 553 / 读缓存 1,586） 出 361 = 2,502 | 累计 2,387,189 tok $14.764
  已翻 924/1060 段
    [tok] #1016 入 1,905（新缓存 317 / 读缓存 1,586） 出 49 = 1,954 | 累计 2,389,143 tok $14.770
  已翻 925/1060 段
    [tok] #1017 入 2,176（新缓存 588 / 读缓存 1,586） 出 383 = 2,559 | 累计 2,391,702 tok $14.788
  已翻 926/1060 段
    [tok] #1018 入 2,279（新缓存 691 / 读缓存 1,586） 出 1,436 = 3,715 | 累计 2,395,417 tok $14.833
  已翻 927/1060 段
    [tok] #1019 入 1,982（新缓存 394 / 读缓存 1,586） 出 162 = 2,144 | 累计 2,397,561 tok $14.843
    [tok] #1020 入 1,930（新缓存 342 / 读缓存 1,586） 出 172 = 2,102 | 累计 2,399,663 tok $14.852
  已翻 928/1060 段
    [tok] #1021 入 1,921（新缓存 333 / 读缓存 1,586） 出 167 = 2,088 | 累计 2,401,751 tok $14.862
  已翻 929/1060 段
    [tok] #1022 入 2,183（新缓存 595 / 读缓存 1,586） 出 504 = 2,687 | 累计 2,404,438 tok $14.882
  已翻 930/1060 段
    [tok] #1023 入 1,990（新缓存 402 / 读缓存 1,586） 出 139 = 2,129 | 累计 2,406,567 tok $14.892
  已翻 931/1060 段
    [tok] #1024 入 2,021（新缓存 433 / 读缓存 1,586） 出 199 = 2,220 | 累计 2,408,787 tok $14.903
  已翻 932/1060 段
    [tok] #1025 入 1,997（新缓存 409 / 读缓存 1,586） 出 131 = 2,128 | 累计 2,410,915 tok $14.912
  已翻 933/1060 段
    [tok] #1026 入 1,934（新缓存 346 / 读缓存 1,586） 出 92 = 2,026 | 累计 2,412,941 tok $14.920
  已翻 934/1060 段
    [tok] #1027 入 1,952（新缓存 364 / 读缓存 1,586） 出 98 = 2,050 | 累计 2,414,991 tok $14.928
  已翻 935/1060 段
    [tok] #1028 入 1,900（新缓存 312 / 读缓存 1,586） 出 54 = 1,954 | 累计 2,416,945 tok $14.934
  已翻 936/1060 段
    [tok] #1029 入 1,977（新缓存 389 / 读缓存 1,586） 出 106 = 2,083 | 累计 2,419,028 tok $14.943
  已翻 937/1060 段
    [tok] #1030 入 1,923（新缓存 335 / 读缓存 1,586） 出 67 = 1,990 | 累计 2,421,018 tok $14.950
  已翻 938/1060 段
    [tok] #1031 入 1,977（新缓存 389 / 读缓存 1,586） 出 249 = 2,226 | 累计 2,423,244 tok $14.962
  已翻 939/1060 段
    [tok] #1032 入 1,942（新缓存 354 / 读缓存 1,586） 出 85 = 2,027 | 累计 2,425,271 tok $14.969
  已翻 940/1060 段
    [tok] #1033 入 2,173（新缓存 585 / 读缓存 1,586） 出 300 = 2,473 | 累计 2,427,744 tok $14.985
  已翻 941/1060 段
    [tok] #1034 入 2,323（新缓存 735 / 读缓存 1,586） 出 512 = 2,835 | 累计 2,430,579 tok $15.007
  已翻 942/1060 段
    [tok] #1035 入 1,916（新缓存 328 / 读缓存 1,586） 出 62 = 1,978 | 累计 2,432,557 tok $15.014
  已翻 943/1060 段
    [tok] #1036 入 2,017（新缓存 429 / 读缓存 1,586） 出 292 = 2,309 | 累计 2,434,866 tok $15.027
  已翻 944/1060 段
    [tok] #1037 入 2,015（新缓存 427 / 读缓存 1,586） 出 169 = 2,184 | 累计 2,437,050 tok $15.038
  已翻 945/1060 段
    [tok] #1038 入 2,015（新缓存 427 / 读缓存 1,586） 出 185 = 2,200 | 累计 2,439,250 tok $15.049
  已翻 946/1060 段
    [tok] #1039 入 2,031（新缓存 443 / 读缓存 1,586） 出 196 = 2,227 | 累计 2,441,477 tok $15.060
  已翻 947/1060 段
    [tok] #1040 入 2,448（新缓存 860 / 读缓存 1,586） 出 623 = 3,071 | 累计 2,444,548 tok $15.086
  已翻 948/1060 段
    [tok] #1041 入 2,466（新缓存 878 / 读缓存 1,586） 出 665 = 3,131 | 累计 2,447,679 tok $15.114
  已翻 949/1060 段
    [tok] #1042 入 1,872（新缓存 284 / 读缓存 1,586） 出 26 = 1,898 | 累计 2,449,577 tok $15.119
  已翻 950/1060 段
    [tok] #1043 入 2,370（新缓存 782 / 读缓存 1,586） 出 575 = 2,945 | 累计 2,452,522 tok $15.144
  已翻 951/1060 段
    [tok] #1044 入 2,007（新缓存 419 / 读缓存 1,586） 出 221 = 2,228 | 累计 2,454,750 tok $15.156
  已翻 952/1060 段
    [tok] #1045 入 1,997（新缓存 409 / 读缓存 1,586） 出 169 = 2,166 | 累计 2,456,916 tok $15.166
  已翻 953/1060 段
    [tok] #1046 入 2,005（新缓存 417 / 读缓存 1,586） 出 149 = 2,154 | 累计 2,459,070 tok $15.176
  已翻 954/1060 段
    [tok] #1047 入 1,970（新缓存 382 / 读缓存 1,586） 出 152 = 2,122 | 累计 2,461,192 tok $15.185
  已翻 955/1060 段
    [tok] #1048 入 2,095（新缓存 507 / 读缓存 1,586） 出 282 = 2,377 | 累计 2,463,569 tok $15.199
  已翻 956/1060 段
    [tok] #1049 入 1,926（新缓存 338 / 读缓存 1,586） 出 74 = 2,000 | 累计 2,465,569 tok $15.206
  已翻 957/1060 段
    [tok] #1050 入 1,939（新缓存 351 / 读缓存 1,586） 出 98 = 2,037 | 累计 2,467,606 tok $15.214
  已翻 958/1060 段
    [tok] #1051 入 2,171（新缓存 583 / 读缓存 1,586） 出 438 = 2,609 | 累计 2,470,215 tok $15.233
  已翻 959/1060 段
    [tok] #1052 入 1,923（新缓存 335 / 读缓存 1,586） 出 105 = 2,028 | 累计 2,472,243 tok $15.241
  已翻 960/1060 段
    [tok] #1053 入 2,144（新缓存 556 / 读缓存 1,586） 出 332 = 2,476 | 累计 2,474,719 tok $15.257
  已翻 961/1060 段
    [tok] #1054 入 2,791（新缓存 1,203 / 读缓存 1,586） 出 1,200 = 3,991 | 累计 2,478,710 tok $15.302
  已翻 962/1060 段
    [tok] #1055 入 1,968（新缓存 380 / 读缓存 1,586） 出 282 = 2,250 | 累计 2,480,960 tok $15.314
  已翻 963/1060 段
    [tok] #1056 入 2,035（新缓存 447 / 读缓存 1,586） 出 199 = 2,234 | 累计 2,483,194 tok $15.326
  已翻 964/1060 段
    [tok] #1057 入 2,010（新缓存 422 / 读缓存 1,586） 出 250 = 2,260 | 累计 2,485,454 tok $15.338
  已翻 965/1060 段
    [tok] #1058 入 1,927（新缓存 339 / 读缓存 1,586） 出 75 = 2,002 | 累计 2,487,456 tok $15.344
  已翻 966/1060 段
    [tok] #1059 入 2,026（新缓存 438 / 读缓存 1,586） 出 243 = 2,269 | 累计 2,489,725 tok $15.357
  已翻 967/1060 段
    [tok] #1060 入 1,908（新缓存 320 / 读缓存 1,586） 出 52 = 1,960 | 累计 2,491,685 tok $15.363
  已翻 968/1060 段
    [tok] #1061 入 2,024（新缓存 436 / 读缓存 1,586） 出 346 = 2,370 | 累计 2,494,055 tok $15.378
  已翻 969/1060 段
    [tok] #1062 入 2,050（新缓存 462 / 读缓存 1,586） 出 228 = 2,278 | 累计 2,496,333 tok $15.390
  已翻 970/1060 段
    [tok] #1063 入 1,913（新缓存 325 / 读缓存 1,586） 出 125 = 2,038 | 累计 2,498,371 tok $15.399
  已翻 971/1060 段
    [tok] #1064 入 2,455（新缓存 867 / 读缓存 1,586） 出 841 = 3,296 | 累计 2,501,667 tok $15.431
  已翻 972/1060 段
    [tok] #1065 入 1,921（新缓存 333 / 读缓存 1,586） 出 68 = 1,989 | 累计 2,503,656 tok $15.438
  已翻 973/1060 段
    [tok] #1066 入 2,049（新缓存 461 / 读缓存 1,586） 出 294 = 2,343 | 累计 2,505,999 tok $15.452
  已翻 974/1060 段
    [tok] #1067 入 2,122（新缓存 534 / 读缓存 1,586） 出 304 = 2,426 | 累计 2,508,425 tok $15.467
  已翻 975/1060 段
    [tok] #1068 入 1,912（新缓存 324 / 读缓存 1,586） 出 66 = 1,978 | 累计 2,510,403 tok $15.473
  已翻 976/1060 段
    [tok] #1069 入 2,206（新缓存 618 / 读缓存 1,586） 出 354 = 2,560 | 累计 2,512,963 tok $15.490
  已翻 977/1060 段
    [tok] #1070 入 2,097（新缓存 509 / 读缓存 1,586） 出 458 = 2,555 | 累计 2,515,518 tok $15.509
  已翻 978/1060 段
    [tok] #1071 入 1,952（新缓存 364 / 读缓存 1,586） 出 82 = 2,034 | 累计 2,517,552 tok $15.517
  已翻 979/1060 段
    [tok] #1072 入 1,955（新缓存 367 / 读缓存 1,586） 出 112 = 2,067 | 累计 2,519,619 tok $15.525
  已翻 980/1060 段
    [tok] #1073 入 1,910（新缓存 322 / 读缓存 1,586） 出 51 = 1,961 | 累计 2,521,580 tok $15.531
  已翻 981/1060 段
    [tok] #1074 入 2,623（新缓存 1,035 / 读缓存 1,586） 出 799 = 3,422 | 累计 2,525,002 tok $15.564
  已翻 982/1060 段
    [tok] #1075 入 1,944（新缓存 356 / 读缓存 1,586） 出 98 = 2,042 | 累计 2,527,044 tok $15.572
  已翻 983/1060 段
    [tok] #1076 入 2,199（新缓存 611 / 读缓存 1,586） 出 422 = 2,621 | 累计 2,529,665 tok $15.591
  已翻 984/1060 段
    [tok] #1077 入 2,188（新缓存 600 / 读缓存 1,586） 出 373 = 2,561 | 累计 2,532,226 tok $15.608
  已翻 985/1060 段
    [tok] #1078 入 1,944（新缓存 356 / 读缓存 1,586） 出 92 = 2,036 | 累计 2,534,262 tok $15.616
  已翻 986/1060 段
    [tok] #1079 入 1,977（新缓存 389 / 读缓存 1,586） 出 112 = 2,089 | 累计 2,536,351 tok $15.625
  已翻 987/1060 段
    [tok] #1080 入 1,914（新缓存 326 / 读缓存 1,586） 出 57 = 1,971 | 累计 2,538,322 tok $15.631
  已翻 988/1060 段
    [tok] #1081 入 2,153（新缓存 565 / 读缓存 1,586） 出 283 = 2,436 | 累计 2,540,758 tok $15.646
  已翻 989/1060 段
    [tok] #1082 入 2,125（新缓存 537 / 读缓存 1,586） 出 486 = 2,611 | 累计 2,543,369 tok $15.666
  已翻 990/1060 段
    [tok] #1083 入 2,037（新缓存 449 / 读缓存 1,586） 出 274 = 2,311 | 累计 2,545,680 tok $15.679
  已翻 991/1060 段
    [tok] #1084 入 2,017（新缓存 429 / 读缓存 1,586） 出 249 = 2,266 | 累计 2,547,946 tok $15.691
  已翻 992/1060 段
    [tok] #1085 入 2,901（新缓存 1,313 / 读缓存 1,586） 出 1,173 = 4,074 | 累计 2,552,020 tok $15.736
  已翻 993/1060 段
    [tok] #1086 入 1,957（新缓存 369 / 读缓存 1,586） 出 215 = 2,172 | 累计 2,554,192 tok $15.747
  已翻 994/1060 段
    [tok] #1087 入 2,231（新缓存 643 / 读缓存 1,586） 出 542 = 2,773 | 累计 2,556,965 tok $15.770
    [tok] #1088 入 2,179（新缓存 591 / 读缓存 1,586） 出 385 = 2,564 | 累计 2,559,529 tok $15.787
  已翻 995/1060 段
    [tok] #1089 入 2,508（新缓存 920 / 读缓存 1,586） 出 661 = 3,169 | 累计 2,562,698 tok $15.815
  已翻 996/1060 段
    [tok] #1090 入 2,261（新缓存 673 / 读缓存 1,586） 出 670 = 2,931 | 累计 2,565,629 tok $15.841
  已翻 997/1060 段
    [tok] #1091 入 2,423（新缓存 835 / 读缓存 1,586） 出 567 = 2,990 | 累计 2,568,619 tok $15.866
  已翻 998/1060 段
    [tok] #1092 入 1,996（新缓存 408 / 读缓存 1,586） 出 219 = 2,215 | 累计 2,570,834 tok $15.877
  已翻 999/1060 段
    [tok] #1093 入 2,031（新缓存 443 / 读缓存 1,586） 出 202 = 2,233 | 累计 2,573,067 tok $15.889
  已翻 1000/1060 段
    [tok] #1094 入 2,570（新缓存 982 / 读缓存 1,586） 出 1,243 = 3,813 | 累计 2,576,880 tok $15.932
    [tok] #1095 入 2,518（新缓存 930 / 读缓存 1,586） 出 736 = 3,254 | 累计 2,580,134 tok $15.962
  已翻 1001/1060 段
    [tok] #1096 入 1,977（新缓存 389 / 读缓存 1,586） 出 249 = 2,226 | 累计 2,582,360 tok $15.974
  已翻 1002/1060 段
    [tok] #1097 入 2,051（新缓存 463 / 读缓存 1,586） 出 204 = 2,255 | 累计 2,584,615 tok $15.986
  已翻 1003/1060 段
    [tok] #1098 入 1,905（新缓存 317 / 读缓存 1,586） 出 52 = 1,957 | 累计 2,586,572 tok $15.992
  已翻 1004/1060 段
    [tok] #1099 入 1,932（新缓存 344 / 读缓存 1,586） 出 71 = 2,003 | 累计 2,588,575 tok $15.999
  已翻 1005/1060 段
    [tok] #1100 入 1,930（新缓存 342 / 读缓存 1,586） 出 87 = 2,017 | 累计 2,590,592 tok $16.007
  已翻 1006/1060 段
    [tok] #1101 入 2,081（新缓存 493 / 读缓存 1,586） 出 303 = 2,384 | 累计 2,592,976 tok $16.021
  已翻 1007/1060 段
    [tok] #1102 入 2,166（新缓存 578 / 读缓存 1,586） 出 327 = 2,493 | 累计 2,595,469 tok $16.037
  已翻 1008/1060 段
    [tok] #1103 入 2,368（新缓存 780 / 读缓存 1,586） 出 731 = 3,099 | 累计 2,598,568 tok $16.065
  已翻 1009/1060 段
    [tok] #1104 入 1,981（新缓存 393 / 读缓存 1,586） 出 213 = 2,194 | 累计 2,600,762 tok $16.077
  已翻 1010/1060 段
    [tok] #1105 入 1,956（新缓存 368 / 读缓存 1,586） 出 253 = 2,209 | 累计 2,602,971 tok $16.089
    [tok] #1106 入 1,904（新缓存 316 / 读缓存 1,586） 出 540 = 2,444 | 累计 2,605,415 tok $16.107
  已翻 1011/1060 段
    [tok] #1107 入 2,091（新缓存 503 / 读缓存 1,586） 出 202 = 2,293 | 累计 2,607,708 tok $16.119
  已翻 1012/1060 段
    [tok] #1108 入 2,272（新缓存 684 / 读缓存 1,586） 出 448 = 2,720 | 累计 2,610,428 tok $16.139
  已翻 1013/1060 段
    [tok] #1109 入 2,468（新缓存 880 / 读缓存 1,586） 出 825 = 3,293 | 累计 2,613,721 tok $16.171
  已翻 1014/1060 段
    [tok] #1110 入 1,938（新缓存 350 / 读缓存 1,586） 出 98 = 2,036 | 累计 2,615,757 tok $16.179
  已翻 1015/1060 段
    [tok] #1111 入 1,939（新缓存 351 / 读缓存 1,586） 出 88 = 2,027 | 累计 2,617,784 tok $16.187
  已翻 1016/1060 段
    [tok] #1112 入 2,207（新缓存 619 / 读缓存 1,586） 出 412 = 2,619 | 累计 2,620,403 tok $16.205
  已翻 1017/1060 段
    [tok] #1113 入 2,079（新缓存 491 / 读缓存 1,586） 出 228 = 2,307 | 累计 2,622,710 tok $16.218
  已翻 1018/1060 段
    [tok] #1114 入 1,984（新缓存 396 / 读缓存 1,586） 出 153 = 2,137 | 累计 2,624,847 tok $16.228
    [tok] #1115 入 1,932（新缓存 344 / 读缓存 1,586） 出 148 = 2,080 | 累计 2,626,927 tok $16.237
  已翻 1019/1060 段
    [tok] #1116 入 1,945（新缓存 357 / 读缓存 1,586） 出 102 = 2,047 | 累计 2,628,974 tok $16.245
  已翻 1020/1060 段
    [tok] #1117 入 2,035（新缓存 447 / 读缓存 1,586） 出 228 = 2,263 | 累计 2,631,237 tok $16.257
  已翻 1021/1060 段
    [tok] #1118 入 2,052（新缓存 464 / 读缓存 1,586） 出 217 = 2,269 | 累计 2,633,506 tok $16.269
  已翻 1022/1060 段
    [tok] #1119 入 2,231（新缓存 643 / 读缓存 1,586） 出 694 = 2,925 | 累计 2,636,431 tok $16.295
  已翻 1023/1060 段
    [tok] #1120 入 1,978（新缓存 390 / 读缓存 1,586） 出 168 = 2,146 | 累计 2,638,577 tok $16.305
  已翻 1024/1060 段
    [tok] #1121 入 2,021（新缓存 433 / 读缓存 1,586） 出 181 = 2,202 | 累计 2,640,779 tok $16.316
  已翻 1025/1060 段
    [tok] #1122 入 1,937（新缓存 349 / 读缓存 1,586） 出 111 = 2,048 | 累计 2,642,827 tok $16.324
  已翻 1026/1060 段
    [tok] #1123 入 2,008（新缓存 420 / 读缓存 1,586） 出 181 = 2,189 | 累计 2,645,016 tok $16.334
  已翻 1027/1060 段
    [tok] #1124 入 1,944（新缓存 356 / 读缓存 1,586） 出 105 = 2,049 | 累计 2,647,065 tok $16.343
  已翻 1028/1060 段
    [tok] #1125 入 2,321（新缓存 733 / 读缓存 1,586） 出 607 = 2,928 | 累计 2,649,993 tok $16.367
    [tok] #1126 入 2,269（新缓存 681 / 读缓存 1,586） 出 603 = 2,872 | 累计 2,652,865 tok $16.391
  已翻 1029/1060 段
    [tok] #1127 入 2,629（新缓存 1,041 / 读缓存 1,586） 出 912 = 3,541 | 累计 2,656,406 tok $16.427
  已翻 1030/1060 段
    [tok] #1128 入 2,006（新缓存 418 / 读缓存 1,586） 出 137 = 2,143 | 累计 2,658,549 tok $16.436
  已翻 1031/1060 段
    [tok] #1129 入 1,949（新缓存 361 / 读缓存 1,586） 出 135 = 2,084 | 累计 2,660,633 tok $16.445
  已翻 1032/1060 段
    [tok] #1130 入 2,585（新缓存 997 / 读缓存 1,586） 出 1,069 = 3,654 | 累计 2,664,287 tok $16.484
  已翻 1033/1060 段
    [tok] #1131 入 1,968（新缓存 380 / 读缓存 1,586） 出 183 = 2,151 | 累计 2,666,438 tok $16.495
  已翻 1034/1060 段
    [tok] #1132 入 2,208（新缓存 620 / 读缓存 1,586） 出 354 = 2,562 | 累计 2,669,000 tok $16.512
  已翻 1035/1060 段
    [tok] #1133 入 2,616（新缓存 1,028 / 读缓存 1,586） 出 792 = 3,408 | 累计 2,672,408 tok $16.544
  已翻 1036/1060 段
    [tok] #1134 入 2,190（新缓存 602 / 读缓存 1,586） 出 439 = 2,629 | 累计 2,675,037 tok $16.564
  已翻 1037/1060 段
    [tok] #1135 入 1,908（新缓存 320 / 读缓存 1,586） 出 59 = 1,967 | 累计 2,677,004 tok $16.570
  已翻 1038/1060 段
    [tok] #1136 入 2,082（新缓存 494 / 读缓存 1,586） 出 265 = 2,347 | 累计 2,679,351 tok $16.584
  已翻 1039/1060 段
    [tok] #1137 入 1,903（新缓存 315 / 读缓存 1,586） 出 44 = 1,947 | 累计 2,681,298 tok $16.590
  已翻 1040/1060 段
    [tok] #1138 入 2,185（新缓存 597 / 读缓存 1,586） 出 414 = 2,599 | 累计 2,683,897 tok $16.608
  已翻 1041/1060 段
    [tok] #1139 入 2,181（新缓存 593 / 读缓存 1,586） 出 517 = 2,698 | 累计 2,686,595 tok $16.629
    [tok] #1140 入 2,129（新缓存 541 / 读缓存 1,586） 出 356 = 2,485 | 累计 2,689,080 tok $16.645
  已翻 1042/1060 段
    [tok] #1141 入 2,199（新缓存 611 / 读缓存 1,586） 出 334 = 2,533 | 累计 2,691,613 tok $16.662
    [tok] #1142 入 2,147（新缓存 559 / 读缓存 1,586） 出 314 = 2,461 | 累计 2,694,074 tok $16.678
  已翻 1043/1060 段
    [tok] #1143 入 2,554（新缓存 966 / 读缓存 1,586） 出 935 = 3,489 | 累计 2,697,563 tok $16.713
  已翻 1044/1060 段
    [tok] #1144 入 2,287（新缓存 699 / 读缓存 1,586） 出 470 = 2,757 | 累计 2,700,320 tok $16.734
  已翻 1045/1060 段
    [tok] #1145 入 2,367（新缓存 779 / 读缓存 1,586） 出 891 = 3,258 | 累计 2,703,578 tok $16.766
  已翻 1046/1060 段
    [tok] #1146 入 2,332（新缓存 744 / 读缓存 1,586） 出 594 = 2,926 | 累计 2,706,504 tok $16.791
  已翻 1047/1060 段
    [tok] #1147 入 2,042（新缓存 454 / 读缓存 1,586） 出 274 = 2,316 | 累计 2,708,820 tok $16.804
  已翻 1048/1060 段
    [tok] #1148 入 1,940（新缓存 352 / 读缓存 1,586） 出 94 = 2,034 | 累计 2,710,854 tok $16.812
  已翻 1049/1060 段
    [tok] #1149 入 1,924（新缓存 336 / 读缓存 1,586） 出 72 = 1,996 | 累计 2,712,850 tok $16.819
  已翻 1050/1060 段
    [tok] #1150 入 1,918（新缓存 330 / 读缓存 1,586） 出 61 = 1,979 | 累计 2,714,829 tok $16.826
  已翻 1051/1060 段
    [tok] #1151 入 1,892（新缓存 304 / 读缓存 1,586） 出 46 = 1,938 | 累计 2,716,767 tok $16.832
  已翻 1052/1060 段
    [tok] #1152 入 1,929（新缓存 341 / 读缓存 1,586） 出 75 = 2,004 | 累计 2,718,771 tok $16.839
  已翻 1053/1060 段
    [tok] #1153 入 1,899（新缓存 311 / 读缓存 1,586） 出 56 = 1,955 | 累计 2,720,726 tok $16.845
  已翻 1054/1060 段
    [tok] #1154 入 1,904（新缓存 316 / 读缓存 1,586） 出 54 = 1,958 | 累计 2,722,684 tok $16.852
  已翻 1055/1060 段
    [tok] #1155 入 1,958（新缓存 370 / 读缓存 1,586） 出 118 = 2,076 | 累计 2,724,760 tok $16.860
  已翻 1056/1060 段
    [tok] #1156 入 2,089（新缓存 501 / 读缓存 1,586） 出 233 = 2,322 | 累计 2,727,082 tok $16.873
  已翻 1057/1060 段
    [tok] #1157 入 2,035（新缓存 447 / 读缓存 1,586） 出 173 = 2,208 | 累计 2,729,290 tok $16.884
  已翻 1058/1060 段
    [tok] #1158 入 2,038（新缓存 450 / 读缓存 1,586） 出 240 = 2,278 | 累计 2,731,568 tok $16.896
  已翻 1059/1060 段
    [tok] #1159 入 2,347（新缓存 759 / 读缓存 1,586） 出 843 = 3,190 | 累计 2,734,758 tok $16.927
    [tok] #1160 入 2,295（新缓存 707 / 读缓存 1,586） 出 693 = 2,988 | 累计 2,737,746 tok $16.954
  已翻 1060/1060 段
✓ 中文 raw → /Users/yanpeifa/Documents/whcjb.github.io/owen_raw/hebrews/zh_chapters/9.md  (chmod 444)
  缓存命中 1062 / 1062
✓ 中文页 → /Users/yanpeifa/Documents/whcjb.github.io/owen/hebrews/9/zh/index.md
✓ 英文页回填 zh_url → owen/hebrews/9/index.md
✓ 回填上一篇 next → 导论8/zh

──────── claude CLI 用量汇总 ────────
  调用      1160 次（另有 4 次失败重试）
  输入      2,382,201（未缓存 2,296 / 新建缓存 557,889 / 读缓存 1,822,016）
  输出      355,545
  合计      2,737,746 tok
  均次      2,360 tok
  费用      $16.9537
  用时      249m39s
────────────────────────────────────
════════ 全部完成  2026-09-04 00:19:59 ════════
